name,labels,scheme,vol_target,brake,start,ann_return,ann_vol,sharpe,max_drawdown,calmar,worst_month,dsr,sr0_ann,dsr_eff_trials,sr0_ann_eff,best_year_share,nbr_median_sharpe,G2,G3,sharpe_2x,G1,n_streams
A+C+TSMOM|minvar_lw|vt8|nobrake,A+C+TSMOM,minvar_lw,0.08,False,2006-05-08,0.08975305293823621,0.07585224310312855,0.9844849051303464,-0.11670702737668504,0.7690458317351204,-0.04656070523439915,0.3984227886785205,1.0432668339446658,0.9991912374140993,0.2645911785776892,0.11192487866613224,0.9448395205419748,True,True,0.6184348381310804,True,3
A+C+TSMOM|eqrisk|vt6|brake,A+C+TSMOM,eqrisk,0.06,True,2006-04-28,0.0779315070836839,0.06420105226933236,0.9799365547859223,-0.08812389953999877,0.8843402015852848,-0.0349157272955104,0.3920082375050882,1.0432668339446658,0.999019118853592,0.2645911785776892,0.11426795838864563,0.9135604586672557,True,True,0.6504139458091068,True,3
A+C+TSMOM|eqrisk|vt6|nobrake,A+C+TSMOM,eqrisk,0.06,False,2006-04-28,0.0779315070836839,0.06420105226933236,0.9799365547859223,-0.08812389953999877,0.8843402015852848,-0.0349157272955104,0.3920082375050882,1.0432668339446658,0.999019118853592,0.2645911785776892,0.11426795838864563,0.9224485933381692,True,True,0.6504139458091068,True,3
A+C+TSMOM|minvar_lw|vt8|brake,A+C+TSMOM,minvar_lw,0.08,True,2006-05-08,0.08779273344329108,0.07540218267546303,0.9660464446208938,-0.11670702737668504,0.7522489040863852,-0.04656070523439915,0.3678702356551221,1.0432668339446658,0.998914485020114,0.2645911785776892,0.11474393188393518,0.9416725758250625,True,True,0.5889377519304022,True,3
A+C+TSMOM|eqrisk|vt8|nobrake,A+C+TSMOM,eqrisk,0.08,False,2006-04-28,0.08942777171749383,0.0773634030751342,0.9623449556899055,-0.11628954569759842,0.7690095543931657,-0.046412598912122016,0.36367703423967435,1.0432668339446658,0.998677468349929,0.2645911785776892,0.12114725607667003,0.8973938610169025,True,True,0.6242864534498596,True,3
A+B+C+TSMOM|minvar_lw|vt6|nobrake,A+B+C+TSMOM,minvar_lw,0.06,False,2006-05-08,0.07788364336057252,0.06558607692710428,0.960758163598061,-0.09627878902282183,0.8089387512145697,-0.03583513130450011,0.35947982307876425,1.0432668339446658,0.9988022209126738,0.2645911785776892,0.1258569835350171,0.9032063327070748,True,True,0.5603158495103374,True,4
A+B+C+TSMOM|minvar_lw|vt6|brake,A+B+C+TSMOM,minvar_lw,0.06,True,2006-05-08,0.07788364336057252,0.06558607692710428,0.960758163598061,-0.09627878902282183,0.8089387512145697,-0.03583513130450011,0.35947982307876425,1.0432668339446658,0.9988022209126738,0.2645911785776892,0.1258569835350171,0.8948434255889208,True,True,0.4861002021191926,True,4
A+C+TSMOM|minvar_lw|vt10|nobrake,A+C+TSMOM,minvar_lw,0.1,False,2006-05-08,0.09557528226344858,0.08401333938611337,0.9600082366903514,-0.1450349535719283,0.6589810242952862,-0.05653491469614469,0.3584037792319795,1.0432668339446658,0.9987759749637884,0.2645911785776892,0.1234962170962695,0.9186890779079855,True,True,0.5871825442435248,True,3
A+C+TSMOM|minvar_lw|vt6|brake,A+C+TSMOM,minvar_lw,0.06,True,2006-05-08,0.07748819537780949,0.06532302837415888,0.9585879630148619,-0.08841254607944493,0.8764389084347922,-0.03501998215146129,0.3550536867308325,1.0432668339446658,0.9988420544318578,0.2645911785776892,0.1065249312376233,0.9447686208083892,True,True,0.6032394457358108,True,3
A+C+TSMOM|minvar_lw|vt6|nobrake,A+C+TSMOM,minvar_lw,0.06,False,2006-05-08,0.07748819537780949,0.06532302837415888,0.9585879630148619,-0.08841254607944493,0.8764389084347922,-0.03501998215146129,0.3550536867308325,1.0432668339446658,0.9988420544318578,0.2645911785776892,0.1065249312376233,0.9462170365595478,True,True,0.603719940278535,True,3
A+C+TSMOM|minvar_lw|vt10|brake,A+C+TSMOM,minvar_lw,0.1,True,2006-05-08,0.09440234600458575,0.0832016939541321,0.9556911315125447,-0.12514270413929296,0.7543575684564803,-0.05653491469614469,0.3514385171775539,1.0432668339446658,0.9986942559429656,0.2645911785776892,0.12526545001454897,0.9015802933653909,True,True,0.5267554421741123,True,3
A+C+TSMOM|eqrisk|vt8|brake,A+C+TSMOM,eqrisk,0.08,True,2006-04-28,0.08797281933172663,0.07694183288379967,0.9498378606206815,-0.11628954569759842,0.7564980910708246,-0.046412598912122016,0.34386295029918235,1.0432668339446658,0.9984009012639123,0.2645911785776892,0.12341646238015812,0.8819985134014336,True,True,0.5671278163571772,True,3
A+C+E+TSMOM|minvar_lw|vt8|nobrake,A+C+E+TSMOM,minvar_lw,0.08,False,2006-05-08,0.0862382114502036,0.07549947775732868,0.9458891324085733,-0.08621223228413277,1.0003013396751543,-0.04169936342414626,0.33451483299376145,1.0432668339446658,0.9986089533552781,0.2645911785776892,0.132485365459687,0.867196295673387,True,True,0.4710416670796721,True,4
A+C+E+TSMOM|minvar_lw|vt8|brake,A+C+E+TSMOM,minvar_lw,0.08,True,2006-05-08,0.0862382114502036,0.07549947775732868,0.9458891324085733,-0.08621223228413277,1.0003013396751543,-0.04169936342414626,0.33451483299376145,1.0432668339446658,0.9986089533552781,0.2645911785776892,0.132485365459687,0.8553970418087617,True,True,0.44865949500482644,True,4
A+C+PCT|minvar_lw|vt8|nobrake,A+C+PCT,minvar_lw,0.08,False,2006-05-08,0.08676854913647003,0.07624642975085517,0.9437899086753763,-0.11438329119407153,0.7585771333441682,-0.04771644207087733,0.3310907269159068,1.0432668339446658,0.998573021970124,0.2645911785776892,0.1158689192239272,0.9101363502149284,True,True,0.5696238356742017,True,3
A+B+C+PCT|minvar_lw|vt6|nobrake,A+B+C+PCT,minvar_lw,0.06,False,2006-05-08,0.07621815555478717,0.06533671018904587,0.9404808448313093,-0.10421183133767442,0.7313771821917207,-0.03992335488954246,0.3266034880877339,1.0432668339446658,0.9984343059812887,0.2645911785776892,0.1290618676075999,0.8598457166058981,True,True,0.5316801421728915,True,4
A+B+C+TSMOM|minvar_lw|vt8|nobrake,A+B+C+TSMOM,minvar_lw,0.08,False,2006-05-08,0.08781548313767717,0.07770214106848558,0.940083959775216,-0.11169546777573769,0.7862045335088548,-0.0403327983180789,0.326201408915642,1.0432668339446658,0.9984046633748604,0.2645911785776892,0.13807772075938796,0.8843455914018762,True,True,0.5276058775001635,True,4
A+B+C+TSMOM|eqrisk|vt6|brake,A+B+C+TSMOM,eqrisk,0.06,True,2006-04-20,0.07545161654591248,0.0646939151956556,0.9368374215562528,-0.09478353803380524,0.7960413602518416,-0.04268089568789435,0.3242025356237208,1.0432668339446658,0.9980124221664121,0.2645911785776892,0.1320183043009989,0.8086806235286801,True,True,0.5347754019938076,True,4
A+B+C+TSMOM|eqrisk|vt6|nobrake,A+B+C+TSMOM,eqrisk,0.06,False,2006-04-20,0.07545161654591248,0.0646939151956556,0.9368374215562528,-0.09478353803380524,0.7960413602518416,-0.04268089568789435,0.3242025356237208,1.0432668339446658,0.9980124221664121,0.2645911785776892,0.1320183043009989,0.8372213657048069,True,True,0.5590988610093297,True,4
A+B+C+PCT|minvar_lw|vt6|brake,A+B+C+PCT,minvar_lw,0.06,True,2006-05-08,0.0760382752990516,0.06532664863174856,0.938054924695357,-0.103335652203416,0.7358377643891039,-0.03992335488954246,0.322789234339648,1.0432668339446658,0.9983795551075295,0.2645911785776892,0.12941552507154622,0.8494836059776225,True,True,0.5286960134282203,True,4
A+C+PCT|minvar_lw|vt8|brake,A+C+PCT,minvar_lw,0.08,True,2006-05-08,0.0861605897950064,0.07615767373175682,0.9374560192415516,-0.11438329119407153,0.7532620271331386,-0.04771644207087733,0.321105919973664,1.0432668339446658,0.9984341516635372,0.2645911785776892,0.11678833629696941,0.8909671350336046,True,True,0.513140304944533,True,3
A+C+PCT|minvar_lw|vt6|nobrake,A+C+PCT,minvar_lw,0.06,False,2006-05-08,0.07565036707668837,0.06521731682152915,0.9338461101042337,-0.08634491448003023,0.876141548489051,-0.03589851121945764,0.31510678008998805,1.0432668339446658,0.9983829779230539,0.2645911785776892,0.10859558177568301,0.9181842333910702,True,True,0.5690458971868785,True,3
A+C+PCT|minvar_lw|vt6|brake,A+C+PCT,minvar_lw,0.06,True,2006-05-08,0.07565036707668837,0.06521731682152915,0.9338461101042337,-0.08634491448003023,0.876141548489051,-0.03589851121945764,0.31510678008998805,1.0432668339446658,0.9983829779230539,0.2645911785776892,0.10859558177568301,0.9085791504873459,True,True,0.537036229147801,True,3
A+B+C+E+TSMOM|minvar_lw|vt6|nobrake,A+B+C+E+TSMOM,minvar_lw,0.06,False,2006-05-08,0.07452664893575034,0.06419497190105271,0.931505105109832,-0.09885841224288805,0.753872606740271,-0.035832260286503326,0.31277132536284424,1.0432668339446658,0.9982049325740603,0.2645911785776892,0.1410594581294625,0.8408212058037043,True,True,0.42349260673340694,True,5
A+B+C+E+TSMOM|minvar_lw|vt6|brake,A+B+C+E+TSMOM,minvar_lw,0.06,True,2006-05-08,0.07452664893575034,0.06419497190105271,0.931505105109832,-0.09885841224288805,0.753872606740271,-0.035832260286503326,0.31277132536284424,1.0432668339446658,0.9982049325740603,0.2645911785776892,0.1410594581294625,0.8202722800440817,True,True,0.4288786132303014,True,5
A+C+E+TSMOM|minvar_lw|vt6|nobrake,A+C+E+TSMOM,minvar_lw,0.06,False,2006-05-08,0.07535975607646428,0.06510030986928107,0.931225855706315,-0.08031765128208002,0.9382714119938177,-0.03134747506701874,0.3109759660566029,1.0432668339446658,0.9983259113125831,0.2645911785776892,0.11659419136179044,0.8860998619116527,True,True,0.48114816344170286,True,4
A+C+E+TSMOM|minvar_lw|vt6|brake,A+C+E+TSMOM,minvar_lw,0.06,True,2006-05-08,0.07535975607646428,0.06510030986928107,0.931225855706315,-0.08031765128208002,0.9382714119938177,-0.03134747506701874,0.3109759660566029,1.0432668339446658,0.9983259113125831,0.2645911785776892,0.11659419136179044,0.8842351689353896,True,True,0.428423423999872,True,4
A+C+TSMOM|invvol_shrunk|vt6|brake,A+C+TSMOM,invvol_shrunk,0.06,True,2006-04-28,0.07298429371596016,0.06283653291261972,0.926576549881176,-0.08780518438923868,0.8312071117853611,-0.03281471857338436,0.30855584593367985,1.0432668339446658,0.9977173860374833,0.2645911785776892,0.12246643137956326,0.8146159383926778,True,True,0.6346310125468524,True,3
A+C+TSMOM|invvol_shrunk|vt6|nobrake,A+C+TSMOM,invvol_shrunk,0.06,False,2006-04-28,0.07298429371596016,0.06283653291261972,0.926576549881176,-0.08780518438923868,0.8312071117853611,-0.03281471857338436,0.30855584593367985,1.0432668339446658,0.9977173860374833,0.2645911785776892,0.12246643137956326,0.8366214740098452,True,True,0.6427516136277048,True,3
A+C+PCT|minvar_lw|vt10|nobrake,A+C+PCT,minvar_lw,0.1,False,2006-05-08,0.09263304098151326,0.08462810719125335,0.921826385084895,-0.14129549917757767,0.6555979597417587,-0.05764584551273766,0.2972094349770122,1.0432668339446658,0.9980215785010267,0.2645911785776892,0.12807721430356658,0.8637463364892732,True,True,0.5425509635482465,True,3
A+C+TSMOM|eqrisk|vt10|nobrake,A+C+TSMOM,eqrisk,0.1,False,2006-04-28,0.0955487988958923,0.08814292259757861,0.9183206367951623,-0.14640012220078757,0.6526551853887611,-0.0578033825465365,0.29542000666606083,1.0432668339446658,0.9975449287712294,0.2645911785776892,0.12408240108815907,0.8437252974156195,True,True,0.5733033945514341,True,3
A+C+E+TSMOM|minvar_lw|vt10|nobrake,A+C+E+TSMOM,minvar_lw,0.1,False,2006-05-08,0.09143651986358559,0.08359471377780917,0.9190575190208087,-0.10591367304495147,0.8633117635791788,-0.05114274124436802,0.293499647667668,1.0432668339446658,0.9978957689044096,0.2645911785776892,0.14005471738373307,0.8266560279153736,True,True,0.4242796046140733,True,4
A+B+C+TSMOM|minvar_lw|vt8|brake,A+B+C+TSMOM,minvar_lw,0.08,True,2006-05-08,0.08544869467347938,0.07711083390836804,0.91846760035092,-0.10714249612790883,0.797523837520726,-0.0403327983180789,0.2933367381835661,1.0432668339446658,0.9978035815539714,0.2645911785776892,0.14241430034453634,0.8444027352194579,True,True,0.4698777635472684,True,4
A+B+C+E+PCT|minvar_lw|vt6|nobrake,A+B+C+E+PCT,minvar_lw,0.06,False,2006-05-08,0.07321763015126215,0.06394546712296818,0.915802695027659,-0.10225519943704031,0.7160284323374977,-0.03590717770881102,0.2884798405618888,1.0432668339446658,0.9978136762498298,0.2645911785776892,0.14410627277096882,0.822501454822364,True,True,0.39948151033420615,True,5
A+B+C+E+PCT|minvar_lw|vt6|brake,A+B+C+E+PCT,minvar_lw,0.06,True,2006-05-08,0.07319333806173045,0.06392641644145458,0.9157004380567654,-0.1022551994370412,0.715790868969903,-0.03590717770881102,0.28832057910669845,1.0432668339446658,0.997811264101557,0.2645911785776892,0.14416503344299783,0.7995643032375974,True,True,0.4216099156785559,True,5
A+C+E+PCT|minvar_lw|vt6|brake,A+C+E+PCT,minvar_lw,0.06,True,2006-05-08,0.07399414475503097,0.0648818605091358,0.9145420816972455,-0.08242547361626062,0.897709670429284,-0.031663105100656286,0.28489200010310956,1.0432668339446658,0.9979462450010838,0.2645911785776892,0.11786443894344294,0.849255627978779,True,True,0.45486353818011194,True,4
A+C+E+PCT|minvar_lw|vt6|nobrake,A+C+E+PCT,minvar_lw,0.06,False,2006-05-08,0.07399414475503097,0.0648818605091358,0.9145420816972455,-0.08242547361626062,0.897709670429284,-0.031663105100656286,0.28489200010310956,1.0432668339446658,0.9979462450010838,0.2645911785776892,0.11786443894344294,0.8512482020593694,True,True,0.45325393730175034,True,4
A+C+E+PCT|minvar_lw|vt8|nobrake,A+C+E+PCT,minvar_lw,0.08,False,2006-05-08,0.08376990039879817,0.07575520309841637,0.9128918116707723,-0.0894822570835424,0.9361621301146766,-0.04211301748002272,0.28287690203074334,1.0432668339446658,0.9978538117435798,0.2645911785776892,0.12710950993620007,0.8519002363998485,True,True,0.4291533975537283,True,4
A+C+E+PCT|minvar_lw|vt8|brake,A+C+E+PCT,minvar_lw,0.08,True,2006-05-08,0.08376990039879817,0.07575520309841637,0.9128918116707723,-0.0894822570835424,0.9361621301146766,-0.04211301748002272,0.28287690203074334,1.0432668339446658,0.9978538117435798,0.2645911785776892,0.12710950993620007,0.8180904257885406,True,True,0.4033283151990793,True,4
A+C+E+TSMOM|minvar_lw|vt10|brake,A+C+E+TSMOM,minvar_lw,0.1,True,2006-05-08,0.0905215363154348,0.08342525216411224,0.9107067651431128,-0.10591367304495147,0.8546728077027034,-0.05114274124436802,0.2811665419085454,1.0432668339446658,0.9976283875536043,0.2645911785776892,0.14162695145149484,0.8155657022035054,True,True,0.3628236383986321,True,4
A+B+C+PCT|minvar_lw|vt8|nobrake,A+B+C+PCT,minvar_lw,0.08,False,2006-05-08,0.08498250927527984,0.07761844308055273,0.9073808887590845,-0.12538724563596215,0.6777603961571201,-0.045417476560434045,0.2760072356559863,1.0432668339446658,0.9975486281548085,0.2645911785776892,0.14383706230026727,0.8482871566743819,True,True,,False,4
A+C+TSMOM|eqrisk|vt10|brake,A+C+TSMOM,eqrisk,0.1,True,2006-04-28,0.09294869455978683,0.08714797669321551,0.9005443674533354,-0.12600353520443452,0.7376673551974724,-0.0578033825465365,0.2696053222672431,1.0432668339446658,0.9968898591335265,0.2645911785776892,0.1279781174338657,0.8267423725660255,True,True,,False,3
A+B+C+TSMOM|eqrisk|vt8|nobrake,A+B+C+TSMOM,eqrisk,0.08,False,2006-04-20,0.08625201630143553,0.0796390823582277,0.8999890150225481,-0.11318171205370908,0.7620667220558178,-0.05652740826059144,0.2688116586128372,1.0432668339446658,0.9968678245106763,0.2645911785776892,0.1413759375602823,0.8147378190359973,True,True,,False,4
A+C+PCT|minvar_lw|vt10|brake,A+C+PCT,minvar_lw,0.1,True,2006-05-08,0.08996814215294013,0.08363114661678164,0.9026162192774464,-0.12135428620959265,0.7413676513869063,-0.05764584551273766,0.2687537074820333,1.0432668339446658,0.9974209064800834,0.2645911785776892,0.1323638779320479,0.8550818064641323,True,True,,False,3
A+C+TSMOM|invvol_shrunk|vt8|nobrake,A+C+TSMOM,invvol_shrunk,0.08,False,2006-04-28,0.08535088208511099,0.07916853539638635,0.8947987070112571,-0.11788467823481241,0.7240201471738513,-0.046056787096905416,0.26205425484929856,1.0432668339446658,0.9965744982978219,0.2645911785776892,0.12873889601029853,0.8344794152238767,True,True,,False,3
A+C+PCT|eqrisk|vt6|nobrake,A+C+PCT,eqrisk,0.06,False,2006-04-28,0.07235053446351314,0.06445081378989306,0.8958206352889887,-0.10484097113785384,0.6900979042666486,-0.0365583253672902,0.2605616849922092,1.0432668339446658,0.996991064723051,0.2645911785776892,0.12544502292696086,0.8358346903505022,True,True,,False,3
A+B+C+E+TSMOM|minvar_lw|vt8|nobrake,A+B+C+E+TSMOM,minvar_lw,0.08,False,2006-05-08,0.08259606530603802,0.0762117568177931,0.8937836224994347,-0.1263878448463105,0.6535127282728499,-0.044734400838287613,0.25701984556790436,1.0432668339446658,0.996990126240575,0.2645911785776892,0.156601817715902,0.8248607641622515,True,True,,False,5
A+B+C+TSMOM|eqrisk|vt8|brake,A+B+C+TSMOM,eqrisk,0.08,True,2006-04-20,0.08438402259999811,0.07910313870221376,0.8837946289073528,-0.1125366368974211,0.7498360083118127,-0.056338659077056485,0.24646372625761093,1.0432668339446658,0.9961195856676678,0.2645911785776892,0.14494355352268834,0.7969805429862356,True,True,,False,4
A+C+E+PCT|minvar_lw|vt10|nobrake,A+C+E+PCT,minvar_lw,0.1,False,2006-05-08,0.08889431237354284,0.08414605057895058,0.8858271726699583,-0.09781708853803295,0.9087810085349168,-0.0518665792464047,0.24422350382770214,1.0432668339446658,0.9968679020709671,0.2645911785776892,0.14251810834893372,0.8127064396748027,True,True,,False,4
A+C+E+PCT|minvar_lw|vt10|brake,A+C+E+PCT,minvar_lw,0.1,True,2006-05-08,0.08889431237354284,0.08414605057895058,0.8858271726699583,-0.09781708853803295,0.9087810085349168,-0.0518665792464047,0.24422350382770214,1.0432668339446658,0.9968679020709671,0.2645911785776892,0.14251810834893372,0.801367673725661,True,True,,False,4
A+C+TSMOM|invvol_shrunk|vt8|brake,A+C+TSMOM,invvol_shrunk,0.08,True,2006-04-28,0.0838038368789662,0.0788306685656572,0.8802023978955144,-0.11371052880374644,0.7369927636481548,-0.046056787096905416,0.2419887292204571,1.0432668339446658,0.9958837340991048,0.2645911785776892,0.13143597372480006,0.8086289118798484,True,True,,False,3
A+C+PCT|eqrisk|vt8|nobrake,A+C+PCT,eqrisk,0.08,False,2006-04-28,0.08300269218842393,0.07783225146675635,0.8809802866291304,-0.13837002255229847,0.5998603646758254,-0.04857634900080876,0.2403913194913067,1.0432668339446658,0.9962953592564681,0.2645911785776892,0.13183065068179808,0.8322893232980271,True,True,,False,3
A+B+C+PCT|minvar_lw|vt8|brake,A+B+C+PCT,minvar_lw,0.08,True,2006-05-08,0.08184996693457824,0.07672968335592283,0.8793180507897628,-0.12103074204362052,0.6762741891236097,-0.045417476560434045,0.23717837695532934,1.0432668339446658,0.9963455012682413,0.2645911785776892,0.1501481523629771,0.812452492691331,True,True,,False,4
B+C+TSMOM|minvar_lw|vt6|nobrake,B+C+TSMOM,minvar_lw,0.06,False,2006-05-08,0.07309650579086968,0.06737596249563131,0.8709827196816298,-0.12043124695176843,0.6069563144201615,-0.041726477298721365,0.23145829621418879,1.0432668339446658,0.9951120779985787,0.2645911785776892,0.13628525369969197,0.8304650764711974,True,True,,False,3
A+B+C+TSMOM|minvar_lw|vt10|nobrake,A+B+C+TSMOM,minvar_lw,0.1,False,2006-05-08,0.09085133663138523,0.08760423090140536,0.8749075603043177,-0.1391939774372929,0.6526958874518396,-0.04948783998859452,0.2312486297972356,1.0432668339446658,0.9961333472559628,0.2645911785776892,0.15947822784472537,0.8118847530242121,True,True,,False,4
A+B+C+E+TSMOM|minvar_lw|vt8|brake,A+B+C+E+TSMOM,minvar_lw,0.08,True,2006-05-08,0.07941931864360474,0.07443754923890526,0.8738415987854563,-0.12204035767079813,0.650762748973885,-0.044734400838287613,0.2302857680447542,1.0432668339446658,0.9960168916695837,0.2645911785776892,0.16399958924350083,0.8082354505176179,True,True,,False,5
A+B+C|minvar_lw|vt6|brake,A+B+C,minvar_lw,0.06,True,2006-05-08,0.07279737518089635,0.06700287466925728,0.8712192508269216,-0.10476135847868606,0.694887659324379,-0.037766130811273,0.22565404102077297,1.0432668339446658,0.9960446664587758,0.2645911785776892,0.13071519089233102,0.7927359094125555,True,True,,False,3
B+C+TSMOM|minvar_lw|vt6|brake,B+C+TSMOM,minvar_lw,0.06,True,2006-05-08,0.07196286352134584,0.0665492612982828,0.8651009179130384,-0.11686144499603923,0.6157964547142547,-0.041726477298721365,0.22417175338154605,1.0432668339446658,0.9946974795167858,0.2645911785776892,0.13891941046315623,0.8119887151620296,True,True,,False,3
A+B+C|minvar_lw|vt6|nobrake,A+B+C,minvar_lw,0.06,False,2006-05-08,0.07273928523254591,0.06704045508959455,0.8699598378307934,-0.10795521612140724,0.6737912983356245,-0.037766130811273,0.22401810548848894,1.0432668339446658,0.9959771596615944,0.2645911785776892,0.13083097718258863,0.8023511667938656,True,True,,False,3
A+B+C+E+PCT|minvar_lw|vt8|nobrake,A+B+C+E+PCT,minvar_lw,0.08,False,2006-05-08,0.08037025127466246,0.07620397734401287,0.8668274337353276,-0.1296537831183927,0.6198835802675559,-0.04350036359869347,0.2199931501460976,1.0432668339446658,0.9958028800491365,0.2645911785776892,0.16216193225859862,0.8052742815446023,True,True,,False,5
A+C+PCT|eqrisk|vt6|brake,A+C+PCT,eqrisk,0.06,True,2006-04-28,0.06950110731434167,0.06397208636637161,0.8604379359454261,-0.11188889575998551,0.6211617948525429,-0.0365583253672902,0.21312172031928628,1.0432668339446658,0.9952430126366322,0.2645911785776892,0.13158148061245462,0.8067853173795441,True,True,,False,3
C+E+TSMOM|minvar_lw|vt6|brake,C+E+TSMOM,minvar_lw,0.06,True,2006-05-08,0.07100624901198116,0.06601749170896784,0.8577635727276663,-0.10779753681220894,0.658700106809297,-0.055778086980095565,0.20970653119008192,1.0432668339446658,0.9950871138341958,0.2645911785776892,0.14853352270699952,0.8098762843141274,True,True,,False,3
C+E+TSMOM|minvar_lw|vt6|nobrake,C+E+TSMOM,minvar_lw,0.06,False,2006-05-08,0.07099881514692719,0.06601755947957462,0.85765764212606,-0.10779753681220894,0.6586311454464143,-0.055778086980095565,0.20957375583180438,1.0432668339446658,0.9950805501887005,0.2645911785776892,0.14855172857211554,0.8153731708926525,True,True,,False,3
A+B+C|minvar_lw|vt8|nobrake,A+B+C,minvar_lw,0.08,False,2006-05-08,0.08273770200267427,0.08019796135916303,0.8549088130401756,-0.124529310863422,0.6644034358579015,-0.04680875287718078,0.20483631316806045,1.0432668339446658,0.9951155556190775,0.2645911785776892,0.14461306772805152,0.8024654122111207,True,True,,False,3
A+B+C+PCT|eqrisk|vt6|nobrake,A+B+C+PCT,eqrisk,0.06,False,2006-04-20,0.06956912503550283,0.06488190093481391,0.8497315953810027,-0.11988474580940378,0.580300058742301,-0.04742612626875464,0.20250674657032047,1.0432668339446658,0.9940923521346946,0.2645911785776892,0.14769556587290125,0.7431666257144707,True,True,,False,4
A+C|eqrisk|vt10|nobrake,A+C,eqrisk,0.1,False,2006-04-28,0.08917185375304992,0.08826196841201692,0.85100034914692,-0.14126433244744963,0.6312411081277143,-0.05200962663081676,0.20023083407937048,1.0432668339446658,0.9948325065625855,0.2645911785776892,0.12939746173025696,0.8271701132700237,True,True,,False,2
A+B+C+E|minvar_lw|vt6|nobrake,A+B+C+E,minvar_lw,0.06,False,2006-05-08,0.07001482359631517,0.0654233359746429,0.8508935797936357,-0.12176622048072228,0.574993814539885,-0.042359924237361235,0.19979061494238032,1.0432668339446658,0.9948755611801713,0.2645911785776892,0.14745550304105984,0.7946513654691458,True,True,,False,4
A+C+PCT|eqrisk|vt8|brake,A+C+PCT,eqrisk,0.08,True,2006-04-28,0.07695414564481684,0.0740262437468928,0.8467120123584533,-0.134009049772304,0.5742458869424889,-0.04857634900080876,0.19660987379695694,1.0432668339446658,0.9942742525821149,0.2645911785776892,0.1442209541820757,0.8224877464512912,True,True,,False,3
A+C|eqrisk|vt10|brake,A+C,eqrisk,0.1,True,2006-04-28,0.08804125460025136,0.08744702478889099,0.8462425166342133,-0.1225116572052315,0.7186357331920233,-0.05200962663081676,0.19447202349009624,1.0432668339446658,0.994511082796671,0.2645911785776892,0.13133886826708124,0.815789334378072,True,True,,False,2
B+C+TSMOM|eqrisk|vt6|nobrake,B+C+TSMOM,eqrisk,0.06,False,2006-04-20,0.06962889209978185,0.06597495274150396,0.8376500290742427,-0.11688837780773909,0.5956870426785218,-0.04807147977424053,0.19390334100999124,1.0432668339446658,0.9919552370591493,0.2645911785776892,0.1550817813795539,0.7403345471941819,True,True,,False,3
A+C|eqrisk|vt8|nobrake,A+C,eqrisk,0.08,False,2006-04-28,0.08150914127001818,0.07993417117972042,0.8426408612760524,-0.11585293767606208,0.7035569654515534,-0.04391754401339354,0.19108341783684274,1.0432668339446658,0.9940978032106909,0.2645911785776892,0.122255512896281,0.830131833947032,True,True,,False,2
A+B+C+TSMOM|invvol_shrunk|vt6|nobrake,A+B+C+TSMOM,invvol_shrunk,0.06,False,2006-04-20,0.06854104685601392,0.06472062956011643,0.8367927023353712,-0.10252431483307023,0.6685345517071949,-0.0487606967701949,0.19030896614931708,1.0432668339446658,0.9924455729345681,0.2645911785776892,0.14467807894579873,0.7472293718199368,True,True,,False,4
B+C+TSMOM|minvar_lw|vt8|nobrake,B+C+TSMOM,minvar_lw,0.08,False,2006-05-08,0.08124657040780825,0.08021976820647521,0.8376154994773758,-0.13671349442223768,0.5942834739991312,-0.055691326337205416,0.18960263843950304,1.0432668339446658,0.9928619898075409,0.2645911785776892,0.14300553843334282,0.7936038898848752,True,True,,False,3
C+E+TSMOM|minvar_lw|vt8|nobrake,C+E+TSMOM,minvar_lw,0.08,False,2006-05-08,0.078180829505764,0.07615723522875244,0.8406089688473392,-0.11134883071972268,0.7021252850203141,-0.05974897836165116,0.18892883560987894,1.0432668339446658,0.9939033151010904,0.2645911785776892,0.1629353652077411,0.7906722867486156,True,True,,False,3
A+B+C+PCT|minvar_lw|vt10|nobrake,A+B+C+PCT,minvar_lw,0.1,False,2006-05-08,0.08797563498236527,0.08796063873105157,0.8416655003085883,-0.16454466600992435,0.5346611173470619,-0.05088675979338597,0.18882777173537546,1.0432668339446658,0.994220439785434,0.2645911785776892,0.16671932472155546,0.7987927113630149,True,True,,False,4
A+C+TSMOM|invvol_shrunk|vt10|nobrake,A+C+TSMOM,invvol_shrunk,0.1,False,2006-04-28,0.09194289230708308,0.09339731159246932,0.8364502456843191,-0.14520347877310402,0.6332003412311745,-0.05886946874129295,0.18766077135927772,1.0432668339446658,0.9928840662927177,0.2645911785776892,0.1326929679371088,0.8145159206058521,True,True,,False,3
A+B+C+TSMOM|invvol_shrunk|vt6|brake,A+B+C+TSMOM,invvol_shrunk,0.06,True,2006-04-20,0.06830290194722277,0.06469930086098702,0.8336031167920035,-0.10252431483307023,0.6662117377563883,-0.0487606967701949,0.186649747852918,1.0432668339446658,0.9921590483260986,0.2645911785776892,0.14527993288838298,0.7182470453478605,True,True,,False,4
C+E+TSMOM|minvar_lw|vt8|brake,C+E+TSMOM,minvar_lw,0.08,True,2006-05-08,0.07784874520899354,0.07611845685122906,0.8369524848320671,-0.11134883071972268,0.6991429070768371,-0.05974897836165116,0.1846632113139403,1.0432668339446658,0.9936221161591381,0.2645911785776892,0.16373106156741332,0.7940024100551777,True,True,,False,3
A+C|invvol_shrunk|vt10|nobrake,A+C,invvol_shrunk,0.1,False,2006-04-28,0.0886821907036548,0.08907962292403213,0.8388993847597702,-0.13732968956433,0.6457612405954866,-0.05224793301872466,0.18431349699074862,1.0432668339446658,0.9942394410317262,0.2645911785776892,0.13158755456561808,0.8113519470287457,True,True,,False,2
A+C+E|minvar_lw|vt8|nobrake,A+C+E,minvar_lw,0.08,False,2006-05-08,0.07976102823944764,0.07844955434246145,0.8369730390643693,-0.11637911595324724,0.6853551651955312,-0.03691327896197116,0.1841871244552457,1.0432668339446658,0.9937165419069031,0.2645911785776892,0.14491727714528976,0.8180117182090658,True,True,,False,3
A+C|eqrisk|vt8|brake,A+C,eqrisk,0.08,True,2006-04-28,0.08085147896172518,0.07984046221437752,0.8359194315394182,-0.11585293767606208,0.6978802659954558,-0.04391754401339354,0.18326039029112923,1.0432668339446658,0.9935798248547478,0.2645911785776892,0.12338383309940594,0.8247517179290463,True,True,,False,2
B+C+PCT|minvar_lw|vt6|nobrake,B+C+PCT,minvar_lw,0.06,False,2006-05-08,0.06985983399485907,0.06701654711709686,0.8301813211286218,-0.1262449955646643,0.5533671547326878,-0.04173105826719159,0.18220331234856146,1.0432668339446658,0.9919675843593188,0.2645911785776892,0.14006501936927518,0.7943406252321947,True,True,,False,3
B+C+E+TSMOM|minvar_lw|vt6|nobrake,B+C+E+TSMOM,minvar_lw,0.06,False,2006-05-08,0.06924496032844618,0.06621146697051597,0.8307488318137731,-0.1530484777227077,0.4524380860154897,-0.041684116707791596,0.18210297379372142,1.0432668339446658,0.9921819677121123,0.2645911785776892,0.15557646096102845,0.7818545698756176,True,True,,False,4
B+C+PCT|minvar_lw|vt6|brake,B+C+PCT,minvar_lw,0.06,True,2006-05-08,0.06896883939119891,0.0661372456238614,0.8277479611283235,-0.11517925281951091,0.5987956832753117,-0.0398488913632582,0.1798136950831205,1.0432668339446658,0.9916609936839849,0.2645911785776892,0.1423470249880497,0.7734604020825401,True,True,,False,3
A+C|invvol_shrunk|vt8|nobrake,A+C,invvol_shrunk,0.08,False,2006-04-28,0.08099387719676909,0.08037328345516712,0.8325085847634343,-0.1116741479468717,0.7252697126939481,-0.04391308389773785,0.17824559873232798,1.0432668339446658,0.993516062283241,0.2645911785776892,0.12419063777088075,0.8094602265724327,True,True,,False,2
A+B+C+E|minvar_lw|vt6|brake,A+B+C+E,minvar_lw,0.06,True,2006-05-08,0.06746729511855887,0.06396797286239173,0.8315310014175634,-0.11989962035857271,0.5626981546462838,-0.042359924237361235,0.17727233717508561,1.0432668339446658,0.9934111688003213,0.2645911785776892,0.1543270361770774,0.7947825201661778,True,True,,False,4
A+C+E|minvar_lw|vt10|nobrake,A+C+E,minvar_lw,0.1,False,2006-05-08,0.08563572701580502,0.08628179425726129,0.831303549498513,-0.12683479621597837,0.6751753428135111,-0.04576581255180878,0.17724438411620874,1.0432668339446658,0.9933487323526681,0.2645911785776892,0.16016687037244737,0.7913420996055617,True,True,,False,3
A+B+C+TSMOM|invvol_shrunk|vt8|nobrake,A+B+C+TSMOM,invvol_shrunk,0.08,False,2006-04-20,0.08189834214613878,0.08216798732620578,0.8258871102822056,-0.12437454192457464,0.6584815580330337,-0.06462637829096807,0.17652295509468785,1.0432668339446658,0.9917573101355559,0.2645911785776892,0.14654019622710918,0.7392497760895496,True,True,,False,4
A+C|minvar_lw|vt10|nobrake,A+C,minvar_lw,0.1,False,2006-05-08,0.08848457994423864,0.08966478060139048,0.8324024412200457,-0.1362982284849319,0.6491983126106502,-0.05228033822305189,0.17579413016349593,1.0432668339446658,0.9939353299766791,0.2645911785776892,0.13396061365702472,0.8295293163145714,True,True,,False,2
B+C+TSMOM|eqrisk|vt6|brake,B+C+TSMOM,eqrisk,0.06,True,2006-04-20,0.06782600213820933,0.06515199515478762,0.8215155342074357,-0.11716801106573216,0.5788781555757434,-0.04807147977424053,0.17569695225492726,1.0432668339446658,0.9903690248514276,0.2645911785776892,0.16012905752036738,0.7256513731417027,True,True,,False,3
A+C|invvol_shrunk|vt10|brake,A+C,invvol_shrunk,0.1,True,2006-04-28,0.0872849756031604,0.08830918053392797,0.8309088082203889,-0.12310166607708817,0.7090478820043036,-0.05224793301872466,0.17511553033196808,1.0432668339446658,0.9936338989639233,0.2645911785776892,0.13401344920134695,0.7909637711445182,True,True,,False,2
A+B+C+E|minvar_lw|vt8|nobrake,A+B+C+E,minvar_lw,0.08,False,2006-05-08,0.07884759056134727,0.0782977502687302,0.8277130219922689,-0.15223641415456624,0.5179285849526973,-0.0525415854137844,0.17271028862311094,1.0432668339446658,0.9931467133871138,0.2645911785776892,0.16284374128493076,0.7906523277873269,True,True,,False,4
A+C|invvol_shrunk|vt8|brake,A+C,invvol_shrunk,0.08,True,2006-04-28,0.0804569341911976,0.08028755707044123,0.8271253673077628,-0.1116741479468717,0.7204615899955154,-0.04391308389773785,0.17221715866386283,1.0432668339446658,0.9930651656887252,0.2645911785776892,0.12513291617038735,0.8070865771937161,True,True,,False,2
A+C|minvar_lw|vt8|nobrake,A+C,minvar_lw,0.08,False,2006-05-08,0.08091949378115859,0.08084554007644404,0.8277550831306297,-0.11048644486101655,0.7323929544746334,-0.04377567550544792,0.17213961064265992,1.0432668339446658,0.9932701373422428,0.2645911785776892,0.1258634320624473,0.8347408119139017,True,True,,False,2
A+C+PCT|eqrisk|vt10|nobrake,A+C+PCT,eqrisk,0.1,False,2006-04-28,0.0872688703866853,0.08937683525241133,0.8219377853200016,-0.16790306147311784,0.5197574697031805,-0.06046325506382266,0.16876380727199125,1.0432668339446658,0.9921343649339284,0.2645911785776892,0.13626458045042975,0.8291212888223788,True,True,,False,3
A+B+C+TSMOM|eqrisk|vt10|nobrake,A+B+C+TSMOM,eqrisk,0.1,False,2006-04-20,0.08969878124682928,0.09259445543334552,0.8202934131734869,-0.1477187077474985,0.6072269559801118,-0.07028088307917868,0.16866284789724045,1.0432668339446658,0.9916034558380529,0.2645911785776892,0.1561099119730897,0.7523202795703301,True,True,,False,4
A+B+C+E+TSMOM|minvar_lw|vt10|nobrake,A+B+C+E+TSMOM,minvar_lw,0.1,False,2006-05-08,0.08485479581182509,0.08640170718580258,0.8220085063322341,-0.15985477018524574,0.5308242957873084,-0.053342580510436055,0.16721087256708628,1.0432668339446658,0.9924869401076195,0.2645911785776892,0.18330375971652818,0.7802558554915267,True,True,,False,5
A+C|minvar_lw|vt10|brake,A+C,minvar_lw,0.1,True,2006-05-08,0.08709122692116988,0.08890689681624454,0.8243364402583065,-0.12219035594548833,0.712750415098415,-0.05228033822305189,0.16673628865069495,1.0432668339446658,0.9932955526097008,0.2645911785776892,0.13642588079730106,0.8266434383853594,True,True,,False,2
A+C|minvar_lw|vt8|brake,A+C,minvar_lw,0.08,True,2006-05-08,0.08038085376781878,0.0807597988522645,0.8223780685503299,-0.11048644486101655,0.7275177861766818,-0.04377567550544792,0.1662363684196223,1.0432668339446658,0.9928030372700284,0.2645911785776892,0.126821409458176,0.8257309037830347,True,True,,False,2
A+C+PCT|invvol_shrunk|vt6|nobrake,A+C+PCT,invvol_shrunk,0.06,False,2006-04-28,0.06562504205499442,0.06278117157204031,0.8177030345609869,-0.12648620770143082,0.5188316042323092,-0.03876462235491984,0.16570537568467386,1.0432668339446658,0.99138344026816,0.2645911785776892,0.13911471512814694,0.7901292008090294,True,True,,False,3
B+C+TSMOM|minvar_lw|vt8|brake,B+C+TSMOM,minvar_lw,0.08,True,2006-05-08,0.07796402815637493,0.07855666167857672,0.8149638716534593,-0.12378303121484313,0.6298442314040381,-0.053589841721892295,0.16491539124591825,1.0432668339446658,0.990591328023853,0.2645911785776892,0.15009415100588963,0.7861207296073194,True,True,,False,3
A+C+E|minvar_lw|vt8|brake,A+C+E,minvar_lw,0.08,True,2006-05-08,0.07777426301130896,0.07778945966517618,0.8197416183389692,-0.11769736192783264,0.660798693678428,-0.03691327896197116,0.16471536119556823,1.0432668339446658,0.992285991400633,0.2645911785776892,0.14922198103212816,0.8137931788651462,True,True,,False,3
A+C+E|minvar_lw|vt10|brake,A+C+E,minvar_lw,0.1,True,2006-05-08,0.08409031195217054,0.08566490646978848,0.8200459742142393,-0.11942684355649869,0.7041156698777602,-0.04576581255180878,0.16471267040764198,1.0432668339446658,0.9923843464811813,0.2645911785776892,0.16353687848489987,0.7947825201661778,True,True,,False,3
C+E+PCT|minvar_lw|vt6|nobrake,C+E+PCT,minvar_lw,0.06,False,2006-05-08,0.0678678286574621,0.06571979462308153,0.8166692314487805,-0.10945847280256737,0.6200326655377038,-0.05419417535181292,0.16187794234025804,1.0432668339446658,0.9918948315876809,0.2645911785776892,0.13106376380930826,0.7763013181428555,True,True,,False,3
A+B+C+E+PCT|minvar_lw|vt8|brake,A+B+C+E+PCT,minvar_lw,0.08,True,2006-05-08,0.07388568003869489,0.07326544505432225,0.8164392332381122,-0.128332745153949,0.575735210448908,-0.04350036359869347,0.16105852998376097,1.0432668339446658,0.9919985953600682,0.2645911785776892,0.17908230717964985,0.8017761722720478,True,True,,False,5
B+C+TSMOM|eqrisk|vt8|nobrake,B+C+TSMOM,eqrisk,0.08,False,2006-04-20,0.08033515921328038,0.08207504625977065,0.8091822248985077,-0.14093418222092258,0.5700189829558192,-0.06416703020205228,0.16060579532302116,1.0432668339446658,0.989494649249643,0.2645911785776892,0.15506892247867954,0.7323549514637947,True,True,,False,3
A+B+C+PCT|minvar_lw|vt10|brake,A+B+C+PCT,minvar_lw,0.1,True,2006-05-08,0.08305858905157337,0.08486533337138637,0.8158489240194977,-0.14591971926215452,0.5692074345507276,-0.0533821094082666,0.1597991002267431,1.0432668339446658,0.9920794024518,0.2645911785776892,0.17827387420796936,0.7631533558970842,True,True,,False,4
A+C+E|minvar_lw|vt6|nobrake,A+C+E,minvar_lw,0.06,False,2006-05-08,0.06921259976621208,0.06743215981096455,0.8162818180791623,-0.10252225681810001,0.6750982851363919,-0.031359799192222204,0.1596993739716283,1.0432668339446658,0.9922408212762565,0.2645911785776892,0.12822132553160823,0.8034283458819951,True,True,,False,3
B+C+E+TSMOM|minvar_lw|vt6|brake,B+C+E+TSMOM,minvar_lw,0.06,True,2006-05-08,0.06562113315605123,0.06358552403298248,0.8090135586706,-0.12912560833293485,0.5081961200667108,-0.040349877410106316,0.15956569750991595,1.0432668339446658,0.9897030424409702,0.2645911785776892,0.166363209722953,0.7740890325702866,True,True,,False,4
A+B+C+E|minvar_lw|vt8|brake,A+B+C+E,minvar_lw,0.08,True,2006-05-08,0.07497514110933756,0.07478942602336656,0.8149022744426927,-0.13658280544104018,0.5489354305414579,-0.04881819896076278,0.1595581163878031,1.0432668339446658,0.991820745087538,0.2645911785776892,0.17316854599601794,0.7891678442960299,True,True,,False,4
C+E+TSMOM|minvar_lw|vt10|nobrake,C+E+TSMOM,minvar_lw,0.1,False,2006-05-08,0.08192184527245039,0.08361877485384178,0.8140771103365245,-0.11662938973357928,0.7024116773618332,-0.06284355367325556,0.1589193259809047,1.0432668339446658,0.9916875619297431,0.2645911785776892,0.16951331546721657,0.756070571171085,True,True,,False,3
B+C+TSMOM|eqrisk|vt8|brake,B+C+TSMOM,eqrisk,0.08,True,2006-04-20,0.07899355789200135,0.08081008176014202,0.8051986020558183,-0.12776927570508,0.6182515902675704,-0.06294735406874341,0.15657710923823576,1.0432668339446658,0.9890008105455774,0.2645911785776892,0.15827734460518558,0.7114759509869706,True,True,,False,3
A+C+E|minvar_lw|vt6|brake,A+C+E,minvar_lw,0.06,True,2006-05-08,0.06892481726179822,0.06739658463054933,0.8126840832875997,-0.10252225681810001,0.6722912604634523,-0.031359799192222204,0.15591198224948444,1.0432668339446658,0.9918936756727015,0.2645911785776892,0.1288573956188371,0.8052272132777764,True,True,,False,3
C+E+TSMOM|minvar_lw|vt10|brake,C+E+TSMOM,minvar_lw,0.1,True,2006-05-08,0.08154686421455004,0.08348625464243345,0.8110854301927716,-0.11492664927022778,0.7095557447499263,-0.06284355367325556,0.15576874502503502,1.0432668339446658,0.9913902212745082,0.2645911785776892,0.1704091206715943,0.7498806058521794,True,True,,False,3
C+E+PCT|minvar_lw|vt6|brake,C+E+PCT,minvar_lw,0.06,True,2006-05-08,0.067424001393946,0.06568508149745939,0.8107390099576547,-0.10945847280256737,0.6159779107786396,-0.05419417535181292,0.15564243427931934,1.0432668339446658,0.9913006177660584,0.2645911785776892,0.13209293598660277,0.7673559117662139,True,True,,False,3
A+B+C+PCT|eqrisk|vt8|brake,A+B+C+PCT,eqrisk,0.08,True,2006-04-20,0.07546612551415222,0.07588966995796174,0.8090560613631643,-0.15283483555929955,0.4937756843064194,-0.04630654387186639,0.15488930527142153,1.0432668339446658,0.9908907116001372,0.2645911785776892,0.1697002002249517,0.7296929444400986,True,True,,False,4
A+B+C+PCT|eqrisk|vt8|nobrake,A+B+C+PCT,eqrisk,0.08,False,2006-04-20,0.07879786894638485,0.08027081640755089,0.8077054064284429,-0.16397735658701118,0.4805411587701281,-0.059160674781225886,0.1544052295082199,1.0432668339446658,0.9905240177182565,0.2645911785776892,0.16070330371452604,0.7408695566859745,True,True,,False,4
A+C+PCT|eqrisk|vt10|brake,A+C+PCT,eqrisk,0.1,True,2006-04-28,0.0812963958338957,0.0835554481443008,0.8072422284978376,-0.15563125807013456,0.5223654736329371,-0.06046325506382266,0.1528431132773973,1.0432668339446658,0.9907394914821779,0.2645911785776892,0.1484121389669501,0.8340901509771075,True,True,,False,3
A+C|eqrisk|vt6|brake,A+C,eqrisk,0.06,True,2006-04-28,0.06988526038453391,0.06914048543251788,0.8063284062612506,-0.08775170145987543,0.7963977817169622,-0.03301514563582464,0.15166705548462872,1.0432668339446658,0.9906991752103983,0.2645911785776892,0.11567373211859193,0.8002505073688204,True,True,,False,2
A+C|eqrisk|vt6|nobrake,A+C,eqrisk,0.06,False,2006-04-28,0.06988526038453391,0.06914048543251788,0.8063284062612506,-0.08775170145987543,0.7963977817169622,-0.03301514563582464,0.15166705548462872,1.0432668339446658,0.9906991752103983,0.2645911785776892,0.11567373211859193,0.8002505073688204,True,True,,False,2
B+C|minvar_lw|vt6|nobrake,B+C,minvar_lw,0.06,False,2006-05-08,0.06928835674821543,0.06893581821077989,0.8012262407127938,-0.12625774675821022,0.5487849936123605,-0.04238903886525647,0.1497288388657531,1.0432668339446658,0.989289646603241,0.2645911785776892,0.13564499291770088,0.7760399710712915,True,True,,False,2
B+C+E+TSMOM|minvar_lw|vt8|brake,B+C+E+TSMOM,minvar_lw,0.08,True,2006-05-08,0.07129883322414243,0.07162398516679953,0.7999359295009616,-0.15748891367171503,0.4527228714826527,-0.04373596808950708,0.14895882332367272,1.0432668339446658,0.9889914328210753,0.2645911785776892,0.19016579854487015,0.7796525216428354,True,True,,False,4
A+B+C|minvar_lw|vt10|nobrake,A+B+C,minvar_lw,0.1,False,2006-05-08,0.08643900241853353,0.09068439770943122,0.8034760928749375,-0.1461300773160744,0.591520951785777,-0.055793876941311216,0.14667994594004335,1.0432668339446658,0.9908977110739903,0.2645911785776892,0.16399517364310431,0.7493200843183027,True,True,,False,3
A+B+C+E+TSMOM|minvar_lw|vt10|brake,A+B+C+E+TSMOM,minvar_lw,0.1,True,2006-05-08,0.0800910823465324,0.08272934241213328,0.8015686265925432,-0.14249553764305622,0.5620602839308295,-0.050449009981015536,0.146198473619293,1.0432668339446658,0.9903365212114422,0.2645911785776892,0.19632764080201975,0.7797851651409193,True,True,,False,5
A+B+C|minvar_lw|vt8|brake,A+B+C,minvar_lw,0.08,True,2006-05-08,0.076568586789729,0.07822527884357205,0.8014547315473038,-0.13182328583243708,0.5808426508732053,-0.04680875287718078,0.14576175454874102,1.0432668339446658,0.9904045261558481,0.2645911785776892,0.1581579858785745,0.7715173763064965,True,True,,False,3
B+C+PCT|minvar_lw|vt8|nobrake,B+C+PCT,minvar_lw,0.08,False,2006-05-08,0.07766395254153036,0.08018484060736825,0.7965195528776443,-0.14460092977812444,0.5370916539796657,-0.05571669421195291,0.14543463125115635,1.0432668339446658,0.9886054382844404,0.2645911785776892,0.15243507338051493,0.7616576218936328,True,True,,False,3
A+B+C+PCT|eqrisk|vt6|brake,A+B+C+PCT,eqrisk,0.06,True,2006-04-20,0.06430598291627221,0.06291751889027233,0.7958457128499244,-0.1374228687174005,0.4679423702652612,-0.04742612626875464,0.14386249505824078,1.0432668339446658,0.9887762284141526,0.2645911785776892,0.16262275033227178,0.7263625524718956,True,True,,False,4
A+B+C+TSMOM|minvar_lw|vt10|brake,A+B+C+TSMOM,minvar_lw,0.1,True,2006-05-08,0.08208122320601863,0.0856333912288264,0.798778022382105,-0.1344428749936719,0.6105286219882021,-0.04669496620590308,0.14380978250108706,1.0432668339446658,0.9899196950951229,0.2645911785776892,0.17870169861925603,0.795165555254598,True,True,,False,4
A+C+PCT|invvol_shrunk|vt6|brake,A+C+PCT,invvol_shrunk,0.06,True,2006-04-28,0.06217984040924085,0.06025657394519605,0.795628759993352,-0.12056213794744752,0.5157493178857259,-0.03876462235491984,0.14319146946834155,1.0432668339446658,0.9888767967332012,0.2645911785776892,0.14896475131216283,0.7904858509048234,True,True,,False,3
B+C+E+PCT|minvar_lw|vt6|nobrake,B+C+E+PCT,minvar_lw,0.06,False,2006-05-08,0.06628736187659867,0.0659122951158334,0.792161697586745,-0.14439153340143762,0.45908066986383766,-0.04173724628034958,0.14196151229707138,1.0432668339446658,0.9878172616627003,0.2645911785776892,0.14267460988695246,0.762015313466359,True,True,,False,4
B+C|minvar_lw|vt6|brake,B+C,minvar_lw,0.06,True,2006-05-08,0.06745625556736878,0.06751275458865998,0.7912992103487204,-0.11792322239370978,0.5720353819890781,-0.04238903886525647,0.14070407058756584,1.0432668339446658,0.9878286403606361,0.2645911785776892,0.14024672770140262,0.7508335150058174,True,True,,False,2
B+C+E+TSMOM|minvar_lw|vt8|nobrake,B+C+E+TSMOM,minvar_lw,0.08,False,2006-05-08,0.07661987669106285,0.07947412267749807,0.7906882268921059,-0.19298076042613854,0.3970337588154978,-0.05563877378357762,0.13925724635017933,1.0432668339446658,0.9880011194623114,0.2645911785776892,0.17337380096641383,0.7458607996764808,True,True,,False,4
A+C+TSMOM|invvol_shrunk|vt10|brake,A+C+TSMOM,invvol_shrunk,0.1,True,2006-04-28,0.08329360466310964,0.08821006801217912,0.790132456451934,-0.14560160214298612,0.5720651657480545,-0.052708424199557014,0.1387998379448161,1.0432668339446658,0.9879055943713771,0.2645911785776892,0.1487347309809725,0.833679526952354,True,True,,False,3
A+C|minvar_lw|vt6|brake,A+C,minvar_lw,0.06,True,2006-05-08,0.0691406568375812,0.06939376548844123,0.7941726084763904,-0.08361226648901954,0.8269200171324282,-0.0329068578464593,0.13857900940146073,1.0432668339446658,0.9895672671271487,0.2645911785776892,0.11913463660997398,0.8175310759189648,True,True,,False,2
A+C|minvar_lw|vt6|nobrake,A+C,minvar_lw,0.06,False,2006-05-08,0.0691406568375812,0.06939376548844123,0.7941726084763904,-0.08361226648901954,0.8269200171324282,-0.0329068578464593,0.13857900940146073,1.0432668339446658,0.9895672671271487,0.2645911785776892,0.11913463660997398,0.822018450604896,True,True,,False,2
A+B+C+E+PCT|minvar_lw|vt10|nobrake,A+B+C+E+PCT,minvar_lw,0.1,False,2006-05-08,0.08248927200604417,0.08671885860582819,0.7941093298510924,-0.15899055037444287,0.5188312878455449,-0.051541339899925154,0.13787289860758717,1.0432668339446658,0.9897303675533967,0.2645911785776892,0.19096758139685174,0.7745458771845217,True,True,,False,5
A+C|invvol_shrunk|vt6|nobrake,A+C,invvol_shrunk,0.06,False,2006-04-28,0.06888201635083968,0.06923101989008101,0.7917950858371025,-0.08451861140918249,0.8149922863422248,-0.03301076022357541,0.13778352037755698,1.0432668339446658,0.9888685352899821,0.2645911785776892,0.11847901769869021,0.8002505073688204,True,True,,False,2
A+C|invvol_shrunk|vt6|brake,A+C,invvol_shrunk,0.06,True,2006-04-28,0.06888201635083968,0.06923101989008101,0.7917950858371025,-0.08451861140918249,0.8149922863422248,-0.03301076022357541,0.13778352037755698,1.0432668339446658,0.9888685352899821,0.2645911785776892,0.11847901769869021,0.7949006842348711,True,True,,False,2
B+C+E+PCT|minvar_lw|vt8|brake,B+C+E+PCT,minvar_lw,0.08,True,2006-05-08,0.07019440121108111,0.07131024663886888,0.7886500701014029,-0.1518361877836003,0.4623035011332308,-0.042402675717118976,0.1377122149065389,1.0432668339446658,0.9876100275069811,0.2645911785776892,0.17243280362765231,0.7581120828936454,True,True,,False,4
B+C+TSMOM|minvar_lw|vt10|nobrake,B+C+TSMOM,minvar_lw,0.1,False,2006-05-08,0.08537678913741975,0.09122196277297258,0.7886707444243719,-0.1576976633208016,0.5413953976206942,-0.06923847851117093,0.13753662128391608,1.0432668339446658,0.9876713524323487,0.2645911785776892,0.1481207484328537,0.7362144485315885,True,True,,False,3
A+C+PCT|invvol_shrunk|vt8|brake,A+C+PCT,invvol_shrunk,0.08,True,2006-04-28,0.07264150428672744,0.07436812384134804,0.7891766159725443,-0.14486682461622036,0.50143643639024,-0.045963706274505745,0.13608365105245945,1.0432668339446658,0.9883069261081154,0.2645911785776892,0.15629300064139146,0.7920460378871541,True,True,,False,3
A+B+C+TSMOM|eqrisk|vt10|brake,A+B+C+TSMOM,eqrisk,0.1,True,2006-04-20,0.0828349732623117,0.08772725788012467,0.7887624839166528,-0.14959349883493211,0.5537337779211606,-0.04742367598045416,0.13595812892203968,1.0432668339446658,0.9881752345764708,0.2645911785776892,0.1713646167281796,0.7337668802657378,True,True,,False,4
A+C+PCT|invvol_shrunk|vt8|nobrake,A+C+PCT,invvol_shrunk,0.08,False,2006-04-28,0.07673028556332762,0.07979248150837877,0.7884633157809563,-0.16999135318319136,0.4513775796621793,-0.04955678638320271,0.13582841016071384,1.0432668339446658,0.9880909767718842,0.2645911785776892,0.14579981905636974,0.8034398252667656,True,True,,False,3
C+E+PCT|minvar_lw|vt8|nobrake,C+E+PCT,minvar_lw,0.08,False,2006-05-08,0.07429339708989025,0.07642387872697178,0.7906563466051251,-0.11410033665333918,0.6511233820072697,-0.05809240238958402,0.1355758772250823,1.0432668339446658,0.9890364685457743,0.2645911785776892,0.1512030575391419,0.7612517367787655,True,True,,False,3
A+B+C+TSMOM|invvol_shrunk|vt8|brake,A+B+C+TSMOM,invvol_shrunk,0.08,True,2006-04-20,0.07531197626545305,0.07819122094613262,0.7856942106033249,-0.1441805524923,0.5223448999439443,-0.05138558519480241,0.1349550446943838,1.0432668339446658,0.9871944500893154,0.2645911785776892,0.16187473712018866,0.7046512598973994,True,True,,False,4
C+E+PCT|minvar_lw|vt8|brake,C+E+PCT,minvar_lw,0.08,True,2006-05-08,0.07399911897060218,0.07631688583983696,0.7880688906093939,-0.11378361864009123,0.6503494954284119,-0.05809240238958402,0.13312954900256513,1.0432668339446658,0.9887087777745192,0.2645911785776892,0.15191262114023407,0.7720774547944331,True,True,,False,3
A+B+C+E+TSMOM|eqrisk|vt6|nobrake,A+B+C+E+TSMOM,eqrisk,0.06,False,2006-04-13,0.06369110141137035,0.06347506383398252,0.7797622707110029,-0.14764006677359576,0.43139442295863956,-0.041779247477752524,0.12802055828432274,1.0432668339446658,0.9868099457320828,0.2645911785776892,0.18001301013460072,0.6897441580070877,True,True,,False,5
B+C|minvar_lw|vt8|nobrake,B+C,minvar_lw,0.08,False,2006-05-08,0.07708025022576259,0.0814166623362497,0.7790590292834538,-0.15695313256567744,0.49110361141411535,-0.05576467613183411,0.1279357827751038,1.0432668339446658,0.9865313466347885,0.2645911785776892,0.14174069766763248,0.7364748363920086,True,True,,False,2
B+C+E+PCT|minvar_lw|vt6|brake,B+C+E+PCT,minvar_lw,0.06,True,2006-05-08,0.060617520702978656,0.06005001752873497,0.7746152744514031,-0.1412788147427081,0.42906306096475333,-0.0402808106181447,0.12691622892579962,1.0432668339446658,0.984856368246584,0.2645911785776892,0.16016893371177449,0.7811064303952865,True,True,,False,4
A+B+C+E+PCT|minvar_lw|vt10|brake,A+B+C+E+PCT,minvar_lw,0.1,True,2006-05-08,0.07695043636534504,0.08079839163885545,0.7826893732370825,-0.15878716140167048,0.48461371615989796,-0.054136606294471146,0.12668884876969488,1.0432668339446658,0.9884255660656915,0.2645911785776892,0.20795896802743935,0.7854951434479243,True,True,,False,5
B+C+E|minvar_lw|vt6|brake,B+C+E,minvar_lw,0.06,True,2006-05-08,0.060944280719269495,0.06057596069753749,0.7735627906891701,-0.16747917966434278,0.36389168397774796,-0.04028149879400156,0.1251511906846326,1.0432668339446658,0.9849774304959139,0.2645911785776892,0.19076155015202942,0.7626555003973633,True,True,,False,3
B+C+PCT|minvar_lw|vt8|brake,B+C+PCT,minvar_lw,0.08,True,2006-05-08,0.07419369330472869,0.07833330640104055,0.772305529713677,-0.1326571728773943,0.5592889679120533,-0.05388775429840542,0.12354030880538219,1.0432668339446658,0.9849514805510052,0.2645911785776892,0.16093379479390482,0.7575650962098514,True,True,,False,3
B+C+E|minvar_lw|vt6|nobrake,B+C+E,minvar_lw,0.06,False,2006-05-08,0.06610275368678487,0.06745573562491293,0.7730209128591293,-0.1757258401589774,0.3761697973785891,-0.04028149879400156,0.12304712870998075,1.0432668339446658,0.9854513959107806,0.2645911785776892,0.17140076084297257,0.7513290874799794,True,True,,False,3
A+B+C+E|minvar_lw|vt10|brake,A+B+C+E,minvar_lw,0.1,True,2006-05-08,0.07680213669959257,0.08127958940026274,0.776880957044756,-0.16166215933954364,0.4750780084427974,-0.04828945551060626,0.12152722039377067,1.0432668339446658,0.9876163825743599,0.2645911785776892,0.20294701685553773,0.7532835787842973,True,True,,False,4
B+C+E+TSMOM|minvar_lw|vt10|brake,B+C+E+TSMOM,minvar_lw,0.1,True,2006-05-08,0.07646050829286177,0.08156222615478434,0.770654973184268,-0.1779894144319819,0.42957896421464387,-0.047947565593653096,0.12115333349436869,1.0432668339446658,0.985016385928644,0.2645911785776892,0.19678349260416095,0.7265649097008794,True,True,,False,4
A+B+C+E+TSMOM|eqrisk|vt6|brake,A+B+C+E+TSMOM,eqrisk,0.06,True,2006-04-13,0.059258460281709446,0.058713093350328455,0.7669604821678221,-0.13556378720757578,0.4371260312385096,-0.041779247477752524,0.11745942916984087,1.0432668339446658,0.984597417491286,0.2645911785776892,0.1978738654918716,0.6923230569589309,True,True,,False,5
B+C+E|minvar_lw|vt8|brake,B+C+E,minvar_lw,0.08,True,2006-05-08,0.06908799340200766,0.07223266142267423,0.7652144517137021,-0.16771723550619788,0.4119313867384522,-0.04651685565314556,0.11641750815758212,1.0432668339446658,0.9841475455300281,0.2645911785776892,0.19692352276436828,0.7404383308580031,True,True,,False,3
C+E|minvar_lw|vt8|nobrake,C+E,minvar_lw,0.08,False,2006-05-08,0.07341339468819608,0.0776204847639192,0.7691157764976577,-0.11281165909184232,0.6507607039838738,-0.06106832404401652,0.11502285210653851,1.0432668339446658,0.9864065245259758,0.2645911785776892,0.17537441527292785,0.7571291423848802,True,True,,False,2
A+B+C|eqrisk|vt8|nobrake,A+B+C,eqrisk,0.08,False,2006-04-20,0.077218256426967,0.08301097651788185,0.7661085076919151,-0.1482462682811262,0.5208782475423562,-0.052218527431686534,0.11386280211489286,1.0432668339446658,0.9854705069542167,0.2645911785776892,0.16231810616724657,0.713899698845669,True,True,,False,3
A+B+C+E|minvar_lw|vt10|nobrake,A+B+C+E,minvar_lw,0.1,False,2006-05-08,0.08149746364184884,0.08890969364924854,0.766402381131961,-0.19461665561023556,0.4187589360546108,-0.06264310924586003,0.11277248466333939,1.0432668339446658,0.9859744542970279,0.2645911785776892,0.1880568876552922,0.7854951434479243,True,True,,False,4
A+B+C+TSMOM|invvol_shrunk|vt10|nobrake,A+B+C+TSMOM,invvol_shrunk,0.1,False,2006-04-20,0.0869021285175462,0.09723985504530193,0.759215104196085,-0.15482994719373067,0.5612746764604272,-0.08028457632672648,0.11206356172090642,1.0432668339446658,0.9828611978643701,0.2645911785776892,0.1500628701697772,0.6927836198786707,True,True,,False,4
A+B+C|eqrisk|vt6|nobrake,A+B+C,eqrisk,0.06,False,2006-04-20,0.06513899820156288,0.06722113836039906,0.7607419019939581,-0.12041399676731679,0.5409586920981859,-0.04132817516683285,0.11052418982981566,1.0432668339446658,0.9841850396380688,0.2645911785776892,0.1529837270764471,0.7062334673710511,True,True,,False,3
C+E|minvar_lw|vt6|nobrake,C+E,minvar_lw,0.06,False,2006-05-08,0.06651757275381587,0.06907613608770782,0.761946289680586,-0.11046772801477844,0.6021448431067317,-0.05842057506263154,0.10890533847396194,1.0432668339446658,0.985324703352424,0.2645911785776892,0.17001002081025152,0.7646061627893411,True,True,,False,2
C+E|minvar_lw|vt6|brake,C+E,minvar_lw,0.06,True,2006-05-08,0.06637699416400045,0.06907029561643373,0.7600965490810245,-0.11046772801477844,0.6008722670128646,-0.05842057506263154,0.10740329918934788,1.0432668339446658,0.9850197473840565,0.2645911785776892,0.17043842647609345,0.7587255645840247,True,True,,False,2
C+E|minvar_lw|vt10|nobrake,C+E,minvar_lw,0.1,False,2006-05-08,0.07747542370516958,0.0843697580420322,0.7587534452822969,-0.12558572846638194,0.6169126432698838,-0.06387522949777269,0.10581562485785545,1.0432668339446658,0.9849779711352831,0.2645911785776892,0.18019826238754752,0.741246967789982,True,True,,False,2
B+C+E+PCT|minvar_lw|vt8|nobrake,B+C+E+PCT,minvar_lw,0.08,False,2006-05-08,0.0731689419358228,0.07938600009252392,0.7510097140735886,-0.18380875936191787,0.3980710287682959,-0.055731854415571935,0.10492759754174391,1.0432668339446658,0.9815575694132074,0.2645911785776892,0.16264387699798044,0.7646809776903878,True,True,,False,4
C+E|minvar_lw|vt8|brake,C+E,minvar_lw,0.08,True,2006-05-08,0.07199285206394035,0.07722600927459035,0.7555048394874634,-0.11281165909184199,0.6381685425380517,-0.06106832404401652,0.10387535500768563,1.0432668339446658,0.9841883087537863,0.2645911785776892,0.17944844124314557,0.7626555003973633,True,True,,False,2
A+C+E+TSMOM|eqrisk|vt6|nobrake,A+C+E+TSMOM,eqrisk,0.06,False,2006-04-13,0.06255628576167904,0.06428449496352162,0.7540566869588691,-0.14457892320983534,0.4326791511020432,-0.04346766783786904,0.10379296525809945,1.0432668339446658,0.9835311851912248,0.2645911785776892,0.15649552728366617,0.6789707185823194,True,True,,False,4
C+E+PCT|minvar_lw|vt10|nobrake,C+E+PCT,minvar_lw,0.1,False,2006-05-08,0.07713805633045934,0.08457744362718028,0.7533876970598731,-0.1258983763336181,0.6127009622908178,-0.06097527810417824,0.10324466098705853,1.0432668339446658,0.9834203559184751,0.2645911785776892,0.1582550120067317,0.7409456628640184,True,True,,False,3
B+C+TSMOM|eqrisk|vt10|nobrake,B+C+TSMOM,eqrisk,0.1,False,2006-04-20,0.08464899350317823,0.09611744080931837,0.7454254549445753,-0.163073092255843,0.5190862105587208,-0.0798000338544862,0.10273313684132096,1.0432668339446658,0.9795250981025716,0.2645911785776892,0.1648709635808163,0.7068280623594172,True,True,,False,3
A+C+E+TSMOM|eqrisk|vt6|brake,A+C+E+TSMOM,eqrisk,0.06,True,2006-04-13,0.06157251256554974,0.06335102302366874,0.7496120978612213,-0.1272378631951786,0.48391658755774275,-0.04346766783786904,0.1000982723667545,1.0432668339446658,0.982818094427823,0.2645911785776892,0.15974572583374452,0.644038993543123,True,True,,False,4
B+C+TSMOM|invvol_shrunk|vt6|nobrake,B+C+TSMOM,invvol_shrunk,0.06,False,2006-04-20,0.06185192544527096,0.06515707939731451,0.7352436394437885,-0.11094529281560606,0.5574993212922558,-0.05096351672231303,0.09696014748055426,1.0432668339446658,0.9764248600134408,0.2645911785776892,0.16885144444106273,0.7045120753637293,True,True,,False,3
B+C+PCT|minvar_lw|vt10|nobrake,B+C+PCT,minvar_lw,0.1,False,2006-05-08,0.08086568422576468,0.09161489595517266,0.7401911095585325,-0.16836827443716895,0.48029050898149955,-0.0694559322493491,0.09690366807302653,1.0432668339446658,0.9792786502128386,0.2645911785776892,0.1591728121563843,0.720834159523148,True,True,,False,3
A+B+C+PCT|eqrisk|vt10|brake,A+B+C+PCT,eqrisk,0.1,True,2006-04-20,0.07772736361557442,0.08654936700162515,0.7436173385570859,-0.16570430374127,0.46907269069448915,-0.04742367598045416,0.09678811249649588,1.0432668339446658,0.9811602140995244,0.2645911785776892,0.17947265412879126,0.7026656540180596,True,True,,False,4
B+C+E|minvar_lw|vt8|nobrake,B+C+E,minvar_lw,0.08,False,2006-05-08,0.07307856496342446,0.08049879737678851,0.7407118852793728,-0.2187522162733464,0.33407005519024147,-0.05270440704759771,0.0961969626164425,1.0432668339446658,0.9798821908017564,0.2645911785776892,0.18253469435966205,0.7581120828936454,True,True,,False,3
B+C+E|minvar_lw|vt10|brake,B+C+E,minvar_lw,0.1,True,2006-05-08,0.0742145245937933,0.08216840950412768,0.7401647764366336,-0.18444584763586225,0.40236484336752065,-0.047562682214743024,0.09585031070909772,1.0432668339446658,0.9797424736529415,0.2645911785776892,0.20358423722170602,0.7248496784902237,True,True,,False,3
B+C+TSMOM|invvol_shrunk|vt6|brake,B+C+TSMOM,invvol_shrunk,0.06,True,2006-04-20,0.06122239991811251,0.0650349146913154,0.7273863243090157,-0.10586964305785707,0.5782809703500641,-0.05096351672231303,0.09141350833509754,1.0432668339446658,0.974510425630572,0.2645911785776892,0.17099727138796136,0.7050615046316027,True,True,,False,3
B+C+TSMOM|minvar_lw|vt10|brake,B+C+TSMOM,minvar_lw,0.1,True,2006-05-08,0.07673074859633933,0.08688640295908791,0.7315347017437761,-0.153546394956107,0.4997235436121681,-0.06723603372570319,0.09120776214509158,1.0432668339446658,0.9770999751833618,0.2645911785776892,0.16766418628523444,0.7493796062533664,True,True,,False,3
B+C|minvar_lw|vt10|nobrake,B+C,minvar_lw,0.1,False,2006-05-08,0.08074817354005814,0.0925848014913359,0.7322377875046443,-0.18556075975060637,0.4351575928476671,-0.06599914800737594,0.09024306413437022,1.0432668339446658,0.9779762859214141,0.2645911785776892,0.1465769157485088,0.7341476744404987,True,True,,False,2
B+C+PCT|eqrisk|vt6|nobrake,B+C+PCT,eqrisk,0.06,False,2006-04-20,0.06143871650924693,0.06576458023677971,0.723185450042476,-0.1354234606743232,0.45367852957915095,-0.04794407169269488,0.08832913160030265,1.0432668339446658,0.9735540018016304,0.2645911785776892,0.16686735776301467,0.6891478120911839,True,True,,False,3
A+B+C+PCT|invvol_shrunk|vt6|nobrake,A+B+C+PCT,invvol_shrunk,0.06,False,2006-04-20,0.060927710944171265,0.06478764420683537,0.7255913494349834,-0.13353194438894966,0.4562781679168995,-0.048383242398143844,0.08780452625252472,1.0432668339446658,0.9753194540671279,0.2645911785776892,0.16896614336393506,0.6829245593452868,True,True,,False,4
B+C|minvar_lw|vt10|brake,B+C,minvar_lw,0.1,True,2006-05-08,0.07661189193323481,0.08718063512008722,0.7281042393224648,-0.15477674191675062,0.4949832318762845,-0.05702400902478222,0.08772805486085677,1.0432668339446658,0.9768493021593692,0.2645911785776892,0.15655439684706637,0.7273063002443001,True,True,,False,2
B+C+TSMOM|eqrisk|vt10|brake,B+C+TSMOM,eqrisk,0.1,True,2006-04-20,0.08003752875984249,0.09263050350039112,0.7239164219743897,-0.15899718213408154,0.5033896053097798,-0.07932086683291151,0.08730068000406388,1.0432668339446658,0.9745666487593236,0.2645911785776892,0.17616053178562538,0.7213111155037151,True,True,,False,3
B+C|minvar_lw|vt8|brake,B+C,minvar_lw,0.08,True,2006-05-08,0.0689171518069609,0.07628122620804711,0.7264801223182998,-0.15163279887913161,0.45450029489922966,-0.05576467613183411,0.08721808168732309,1.0432668339446658,0.9761566691758411,0.2645911785776892,0.16224322495413745,0.7687599907136895,True,True,,False,2
A+B+C+E+TSMOM|eqrisk|vt8|nobrake,A+B+C+E+TSMOM,eqrisk,0.08,False,2006-04-13,0.07089956827884736,0.0788207735742537,0.7274324879604536,-0.18726221062866222,0.3786111893095185,-0.051286473518798115,0.08646414520444606,1.0432668339446658,0.9770984626258878,0.2645911785776892,0.1947270917927699,0.6515877678063824,True,True,,False,5
B+C+TSMOM|invvol_shrunk|vt8|nobrake,B+C+TSMOM,invvol_shrunk,0.08,False,2006-04-20,0.07385728116329471,0.08421811684926009,0.719284447983014,-0.14943858101827678,0.49423168140402607,-0.06805132539910863,0.08566892419106276,1.0432668339446658,0.9725587232497691,0.2645911785776892,0.16799116713576678,0.6943875913719981,True,True,,False,3
A+C+PCT|invvol_shrunk|vt10|nobrake,A+C+PCT,invvol_shrunk,0.1,False,2006-04-28,0.08114279038818806,0.09419138426774107,0.7246221839948961,-0.20897359744647015,0.388292068374682,-0.05877561913202456,0.08492012344271543,1.0432668339446658,0.9762496342076297,0.2645911785776892,0.15276120692826065,0.8030831751709716,True,True,,False,3
A+B+C|minvar_lw|vt10|brake,A+B+C,minvar_lw,0.1,True,2006-05-08,0.07571520767198225,0.0858631250526618,0.7281324781703004,-0.14129213515257566,0.5358770153074724,-0.052855225497195235,0.0843891231946321,1.0432668339446658,0.9785256733150148,0.2645911785776892,0.1911380066994308,0.7878294897134306,True,True,,False,3
C+E|minvar_lw|vt10|brake,C+E,minvar_lw,0.1,True,2006-05-08,0.07323911355833324,0.08214697065933561,0.7291062385200908,-0.11848681368829339,0.618120373723657,-0.06387522949777269,0.08433084565384796,1.0432668339446658,0.9790899274365928,0.2645911785776892,0.19260738210622125,0.7478348079620485,True,True,,False,2
B+C+E+PCT|minvar_lw|vt10|brake,B+C+E+PCT,minvar_lw,0.1,True,2006-05-08,0.0719332451268786,0.08122468448798423,0.7215951176579827,-0.17316715363225732,0.4153977449998288,-0.045729541353176084,0.08378887687962105,1.0432668339446658,0.9750387939356642,0.2645911785776892,0.18701951536294087,0.7162842059936958,True,True,,False,4
A+C+PCT|invvol_shrunk|vt10|brake,A+C+PCT,invvol_shrunk,0.1,True,2006-04-28,0.0748162384201958,0.08518553002424122,0.7228506290226293,-0.16453710944876443,0.4547073828563458,-0.05724475179186128,0.08327559932920364,1.0432668339446658,0.9760637094189136,0.2645911785776892,0.16932951726491724,0.7896545362122391,True,True,,False,3
B+C+E+TSMOM|minvar_lw|vt10|nobrake,B+C+E+TSMOM,minvar_lw,0.1,False,2006-05-08,0.07849630782268102,0.09115520379865502,0.7193323439980284,-0.2325400896012394,0.33756032328570434,-0.06919580632114142,0.08196733696666775,1.0432668339446658,0.9746518144656378,0.2645911785776892,0.18862985924140382,0.7261518626080101,True,True,,False,4
C+E+PCT|minvar_lw|vt10|brake,C+E+PCT,minvar_lw,0.1,True,2006-05-08,0.07368739578583905,0.08356271093472258,0.7231378804457399,-0.11812883593991708,0.6237883849403043,-0.06097527810417824,0.08189171306692372,1.0432668339446658,0.9769530394632089,0.2645911785776892,0.16688163727994432,0.741246967789982,True,True,,False,3
A+B+C+E+TSMOM|eqrisk|vt8|brake,A+B+C+E+TSMOM,eqrisk,0.08,True,2006-04-13,0.06538033945483956,0.07184936936919482,0.7188075203791147,-0.14828839496382984,0.4408999063668265,-0.04962605542986298,0.08115416578088086,1.0432668339446658,0.9747777343504178,0.2645911785776892,0.21619061590230193,0.6662801355949857,True,True,,False,5
B+C+TSMOM|invvol_shrunk|vt10|brake,B+C+TSMOM,invvol_shrunk,0.1,True,2006-04-20,0.07925757697058144,0.09338819640807244,0.7110875292636539,-0.14331493701251496,0.5530308188577739,-0.051938794075414685,0.07966576934408742,1.0432668339446658,0.9707307323827676,0.2645911785776892,0.18490782769733521,0.6927836198786707,True,True,,False,3
A+B+C+PCT|eqrisk|vt10|nobrake,A+B+C+PCT,eqrisk,0.1,False,2006-04-20,0.07987663780767007,0.09360906375050346,0.715630605680034,-0.2148716427727716,0.3717411789518463,-0.0704969761191111,0.07863605648117364,1.0432668339446658,0.9742326280562583,0.2645911785776892,0.18238591821149888,0.7278240929626562,True,True,,False,4
A+C+E+TSMOM|eqrisk|vt8|nobrake,A+C+E+TSMOM,eqrisk,0.08,False,2006-04-13,0.06991933486476931,0.07888611826429938,0.7152233639533649,-0.17807074088854846,0.39264920511860324,-0.05975730535421786,0.07760068247726461,1.0432668339446658,0.9745646104834886,0.2645911785776892,0.17809157893178953,0.6528365556752805,True,True,,False,4
A+B+C|eqrisk|vt8|brake,A+B+C,eqrisk,0.08,True,2006-04-20,0.06961187030370897,0.07843453418685963,0.7157685503231114,-0.14494272362781846,0.4802715759809867,-0.052218527431686534,0.07721459685619034,1.0432668339446658,0.9751102026921961,0.2645911785776892,0.18388263107287903,0.6950683948649805,True,True,,False,3
A+B+C+PCT|invvol_shrunk|vt6|brake,A+B+C+PCT,invvol_shrunk,0.06,True,2006-04-20,0.05740138610758927,0.06128632211030494,0.7091077663867054,-0.13249687826129397,0.4332282153424728,-0.044768907124210555,0.0766629856977921,1.0432668339446658,0.9712470511620149,0.2645911785776892,0.18277696012935976,0.680472271657004,True,True,,False,4
B+C+PCT|minvar_lw|vt10|brake,B+C+PCT,minvar_lw,0.1,True,2006-05-08,0.07410718730694277,0.08604847349572427,0.7094305315416518,-0.15762420597498128,0.470151058643273,-0.05362795939325149,0.07599275359686579,1.0432668339446658,0.9718617323786176,0.2645911785776892,0.1768260503338349,0.7298194705331205,True,True,,False,3
A+B+C+PCT|invvol_shrunk|vt8|brake,A+B+C+PCT,invvol_shrunk,0.08,True,2006-04-20,0.06781660056078054,0.07645291790135436,0.7102670397952473,-0.15032586160345218,0.45113062940344495,-0.04830955010469962,0.07595234896813444,1.0432668339446658,0.972422941652803,0.2645911785776892,0.18603348183061413,0.6825705105772397,True,True,,False,4
A+B+C+E+PCT|eqrisk|vt6|nobrake,A+B+C+E+PCT,eqrisk,0.06,False,2006-04-13,0.059114236587248126,0.06353986014855467,0.7111422759144443,-0.15515331640577912,0.38100530466679894,-0.047015430040259654,0.0758237752158192,1.0432668339446658,0.973053769106881,0.2645911785776892,0.20034950003592633,0.644381191293218,True,True,,False,5
A+B+C+PCT|invvol_shrunk|vt8|nobrake,A+B+C+PCT,invvol_shrunk,0.08,False,2006-04-20,0.07176868465951247,0.08273547673002446,0.7070513604341623,-0.18068728732701167,0.39719830720367166,-0.06467241490892395,0.0748270620157554,1.0432668339446658,0.9710223074199709,0.2645911785776892,0.17268517240801656,0.692560828107795,True,True,,False,4
A+B+C|eqrisk|vt10|nobrake,A+B+C,eqrisk,0.1,False,2006-04-20,0.08137572799291748,0.09640092021377622,0.7120308473682264,-0.18669998602749938,0.4358635998019384,-0.06279309533415323,0.07439534426570663,1.0432668339446658,0.9744318077340887,0.2645911785776892,0.1831628751082785,0.7026656540180596,True,True,,False,3
A+B+C+E+PCT|eqrisk|vt8|brake,A+B+C+E+PCT,eqrisk,0.08,True,2006-04-13,0.06303909449288647,0.06960522009901883,0.7080686833710584,-0.15446459224341058,0.40811355908380165,-0.045418936669896826,0.07336981346277482,1.0432668339446658,0.9725653019139342,0.2645911785776892,0.22115171905507452,0.6606891649240492,True,True,,False,5
B+C+TSMOM|invvol_shrunk|vt8|brake,B+C+TSMOM,invvol_shrunk,0.08,True,2006-04-20,0.06921344164677579,0.0799537524377321,0.6990354799995515,-0.1401245606289917,0.4939422563474255,-0.04342300877649907,0.07263923125734446,1.0432668339446658,0.9669758884333712,0.2645911785776892,0.1820803572329803,0.715185988623334,True,True,,False,3
A+B+C+E|eqrisk|vt6|brake,A+B+C+E,eqrisk,0.06,True,2006-04-13,0.05466780620941769,0.05755866884271492,0.7057436409942425,-0.16970874696054783,0.32212721611883866,-0.041003884190839224,0.07161476642771777,1.0432668339446658,0.9721464279871499,0.2645911785776892,0.22852935469723995,0.626193583953101,True,True,,False,4
B+C+PCT|eqrisk|vt6|brake,B+C+PCT,eqrisk,0.06,True,2006-04-20,0.05774725726117813,0.06297089165610437,0.6970715866924722,-0.12666164286494874,0.4559174818437367,-0.04621295191848196,0.0715815265259916,1.0432668339446658,0.9663021683142716,0.2645911785776892,0.18080440275271586,0.6629840625877135,True,True,,False,3
A+B+C|eqrisk|vt6|brake,A+B+C,eqrisk,0.06,True,2006-04-20,0.059709695328487244,0.06555558098606014,0.7004360873738756,-0.12039719971902374,0.49593923669183665,-0.04132817516683285,0.06962807572739911,1.0432668339446658,0.9699268695541662,0.2645911785776892,0.17038513649935128,0.7107560956586769,True,True,,False,3
B+C|eqrisk|vt6|nobrake,B+C,eqrisk,0.06,False,2006-04-20,0.06088373430409799,0.06808458497103212,0.6932144141701366,-0.1529735805361968,0.3980016293708416,-0.04773017524160683,0.06815428250323127,1.0432668339446658,0.9659273264094608,0.2645911785776892,0.15082784135745958,0.6747525481589918,True,True,,False,2
A+B+C+TSMOM|invvol_shrunk|vt10|brake,A+B+C+TSMOM,invvol_shrunk,0.1,True,2006-04-20,0.07517412493500775,0.08945767624142284,0.6958275370128967,-0.1631316561350773,0.46081874429547626,-0.050658105055098934,0.06795347024218885,1.0432668339446658,0.9679054693914949,0.2645911785776892,0.17584501357140245,0.7351513167298694,True,True,,False,4
B+C+TSMOM|invvol_shrunk|vt10|nobrake,B+C+TSMOM,invvol_shrunk,0.1,False,2006-04-20,0.08153176667615325,0.100303728550608,0.6897397027444446,-0.17022844210081545,0.47895501873809776,-0.08475691849287581,0.0669488900103484,1.0432668339446658,0.964272261913371,0.2645911785776892,0.17748568780894156,0.715185988623334,True,True,,False,3
A+C+E+PCT|eqrisk|vt6|brake,A+C+E+PCT,eqrisk,0.06,True,2006-04-13,0.05806621702577952,0.06349917619506894,0.6958786749488919,-0.12247020867795066,0.4741252395386313,-0.04152082892303388,0.0642526858512703,1.0432668339446658,0.970428577701884,0.2645911785776892,0.1610465885532304,0.6425015575839321,True,True,,False,4
B+C+PCT|eqrisk|vt8|nobrake,B+C+PCT,eqrisk,0.08,False,2006-04-20,0.0695189108433154,0.08227337012031731,0.6850812100122312,-0.170527473592762,0.40766985740569917,-0.06406752529108539,0.06404145147442523,1.0432668339446658,0.9629825550275193,0.2645911785776892,0.18452763122943283,0.6713730673064001,True,True,,False,3
A+C+E+PCT|eqrisk|vt6|nobrake,A+C+E+PCT,eqrisk,0.06,False,2006-04-13,0.05851672861265245,0.0642933257878803,0.6946911995182241,-0.14101166034804147,0.4149779420242476,-0.042265156652191216,0.06384628100863902,1.0432668339446658,0.9699134697197116,0.2645911785776892,0.15932770886171596,0.6320697488298335,True,True,,False,4
B+C|eqrisk|vt8|brake,B+C,eqrisk,0.08,True,2006-04-20,0.06601047773787205,0.07677962979356072,0.6857102906323388,-0.1612412558263039,0.4093895039429699,-0.04718093744194174,0.06340651152153519,1.0432668339446658,0.9639279247028574,0.2645911785776892,0.16881714589987323,0.6629840625877135,True,True,,False,2
A+B+C|eqrisk|vt10|brake,A+B+C,eqrisk,0.1,True,2006-04-20,0.0734258269907746,0.08766185967040516,0.6897007023560853,-0.17046842153867847,0.4307297875349578,-0.05054842903253509,0.0614545366302648,1.0432668339446658,0.9681901058376954,0.2645911785776892,0.2079581322742673,0.7062334673710511,True,True,,False,3
B+C|eqrisk|vt8|nobrake,B+C,eqrisk,0.08,False,2006-04-20,0.07110881327414331,0.08502353230485825,0.6831415528776784,-0.18968416017061407,0.3748800807098679,-0.06374378541789172,0.06136337558023715,1.0432668339446658,0.9635796696482859,0.2645911785776892,0.15300844448659812,0.685395750322285,True,True,,False,2
B+C+E|minvar_lw|vt10|nobrake,B+C+E,minvar_lw,0.1,False,2006-05-08,0.0754174771452687,0.0921313103767045,0.6816487520317523,-0.2606978674602023,0.2892907329085912,-0.06558071881940164,0.05939246060512319,1.0432668339446658,0.9639938740753686,0.2645911785776892,0.1971478429336433,0.7257850657513363,True,True,,False,3
A+B+C+E|eqrisk|vt8|brake,A+B+C+E,eqrisk,0.08,True,2006-04-13,0.0622046060221042,0.07122006503768753,0.6826172053912318,-0.195464219724243,0.3182403721246846,-0.04435854093914238,0.05867200881609359,1.0432668339446658,0.9652503783553443,0.2645911785776892,0.24595744787489573,0.6066192276409537,True,True,,False,4
A+B+C+E+PCT|eqrisk|vt6|brake,A+B+C+E+PCT,eqrisk,0.06,True,2006-04-13,0.05353629637571711,0.0583081953404638,0.6789024729236195,-0.14582360699455954,0.36713051802178004,-0.04204553402475264,0.05753654492096197,1.0432668339446658,0.9634178345530421,0.2645911785776892,0.20606301162845495,0.7008111579715672,True,True,,False,5
A+B+C+E+TSMOM|invvol_shrunk|vt6|brake,A+B+C+E+TSMOM,invvol_shrunk,0.06,True,2006-04-13,0.053790975764043125,0.0590864157360506,0.6748350352589301,-0.14110909383937975,0.3812013407532174,-0.04571031006497783,0.05741531466014517,1.0432668339446658,0.9604385855144689,0.2645911785776892,0.2111259841910983,0.5997306581484718,True,True,,False,5
B+C+E+PCT|minvar_lw|vt10|nobrake,B+C+E+PCT,minvar_lw,0.1,False,2006-05-08,0.07438691036229339,0.09153327727317591,0.6750153334263522,-0.22310438630738438,0.333417516318151,-0.06949406256834001,0.05689396856518187,1.0432668339446658,0.9610073656597445,0.2645911785776892,0.17740455182737822,0.7204637308280055,True,True,,False,4
A+B+C|invvol_shrunk|vt8|nobrake,A+B+C,invvol_shrunk,0.08,False,2006-04-20,0.07061575714926271,0.08542652863415433,0.6748546164203426,-0.1798061374380081,0.39273274069195196,-0.058359986935833774,0.055585643796907336,1.0432668339446658,0.961960811770328,0.2645911785776892,0.17452405438019583,0.6584437094883644,True,True,,False,3
B+C|eqrisk|vt6|brake,B+C,eqrisk,0.06,True,2006-04-20,0.056681047868049284,0.06451871169701229,0.6663635434403051,-0.1399900219662421,0.4048934850636543,-0.03736775164339545,0.05472820163237116,1.0432668339446658,0.9560197656334073,0.2645911785776892,0.1655913349895929,0.6894623524012378,True,True,,False,2
B+C+E+TSMOM|eqrisk|vt6|nobrake,B+C+E+TSMOM,eqrisk,0.06,False,2006-04-13,0.057080882101294916,0.06486348347504971,0.668346040099731,-0.16011390326458086,0.3565017211963872,-0.04690518162260826,0.054691007999792436,1.0432668339446658,0.9576554172583316,0.2645911785776892,0.19212398607755082,0.5961342396168402,True,True,,False,4
A+B+C+E+TSMOM|invvol_shrunk|vt6|nobrake,A+B+C+E+TSMOM,invvol_shrunk,0.06,False,2006-04-13,0.05630228493200096,0.0636730993898043,0.6680038305154278,-0.1537908053724416,0.3660965608161773,-0.04571031006497783,0.05390847784799477,1.0432668339446658,0.9580695438027348,0.2645911785776892,0.19791138750129675,0.6101240541322008,True,True,,False,5
A+C+D+TSMOM|invvol_shrunk|vt6|nobrake,A+C+D+TSMOM,invvol_shrunk,0.06,False,2006-04-28,0.05428210775213427,0.06079539115770059,0.6662585667917175,-0.15408345954438862,0.3522902971716869,-0.041779730882623656,0.05200827849409306,1.0432668339446658,0.9583647692938612,0.2645911785776892,0.20300743453202302,0.5631870659136846,True,True,,False,4
B+C+PCT|eqrisk|vt8|brake,B+C+PCT,eqrisk,0.08,True,2006-04-20,0.0637959252303657,0.07663239984326833,0.6596045817351218,-0.15492991321110472,0.41177280686550516,-0.04847374768110546,0.05115923044763827,1.0432668339446658,0.9537206029571793,0.2645911785776892,0.20576475409200679,0.685395750322285,True,True,,False,3
A+C+E+TSMOM|eqrisk|vt10|nobrake,A+C+E+TSMOM,eqrisk,0.1,False,2006-04-13,0.07350335972019573,0.09176014817258267,0.6632502376464147,-0.20979973283022801,0.35035011116851783,-0.0729507909338879,0.05016574529543117,1.0432668339446658,0.9576335742908517,0.2645911785776892,0.2038649508790888,0.6221968550562588,True,True,,False,4
A+C+E+PCT|eqrisk|vt8|brake,A+C+E+PCT,eqrisk,0.08,True,2006-04-13,0.06060652585804216,0.07088783413939817,0.6641710203928319,-0.1513204166893276,0.4005178361520904,-0.04228407881600482,0.04961961485635741,1.0432668339446658,0.9588620585716146,0.2645911785776892,0.19222470508362446,0.6233425743151255,True,True,,False,4
B+C|eqrisk|vt10|brake,B+C,eqrisk,0.1,True,2006-04-20,0.07081304459661797,0.0883524762680257,0.6575455304598138,-0.19006772606085143,0.37256743195815745,-0.05603608865253906,0.049194746103772925,1.0432668339446658,0.9538805231794205,0.2645911785776892,0.17508423861954894,0.654147296950664,True,True,,False,2
A+B+C|invvol_shrunk|vt6|nobrake,A+B+C,invvol_shrunk,0.06,False,2006-04-20,0.05757702680483079,0.0667578721731499,0.6587977582564114,-0.14896651016207818,0.38650987220003996,-0.04381636358571239,0.04915846525433797,1.0432668339446658,0.9549562159063163,0.2645911785776892,0.17697378529201743,0.6577245716363875,True,True,,False,3
A+B+C|invvol_shrunk|vt8|brake,A+B+C,invvol_shrunk,0.08,True,2006-04-20,0.0656265946418273,0.07980141633501019,0.6580896607203173,-0.15667065815055747,0.4188824851859715,-0.05364018111252988,0.04794035390062169,1.0432668339446658,0.9555411362774618,0.2645911785776892,0.19159664434314136,0.6601538078380502,True,True,,False,3
A+B+C+E+PCT|eqrisk|vt8|nobrake,A+B+C+E+PCT,eqrisk,0.08,False,2006-04-13,0.06523629975137957,0.07922019428768556,0.6572073094552665,-0.19629473460900626,0.33233851066520886,-0.0516501467155398,0.047637145933526644,1.0432668339446658,0.9551082290882429,0.2645911785776892,0.22046512875822988,0.6361132090011087,True,True,,False,5
A+C+E+PCT|eqrisk|vt8|nobrake,A+C+E+PCT,eqrisk,0.08,False,2006-04-13,0.06546140608387341,0.07924273476292554,0.6596419464696063,-0.17379053926936838,0.3766684099093038,-0.05825110117082177,0.04763189551518733,1.0432668339446658,0.957097056793938,0.2645911785776892,0.1731271524865821,0.6297770986812463,True,True,,False,4
B+C+E+TSMOM|eqrisk|vt6|brake,B+C+E+TSMOM,eqrisk,0.06,True,2006-04-13,0.05231906969081934,0.05916814148755673,0.6504173014674759,-0.14845604522111755,0.3524212814162792,-0.04690518162260826,0.04711558385055642,1.0432668339446658,0.9498674396807523,0.2645911785776892,0.21643474746062802,0.5893738430008797,True,True,,False,4
A+B+C+PCT|invvol_shrunk|vt10|brake,A+B+C+PCT,invvol_shrunk,0.1,True,2006-04-20,0.07011289360487516,0.08823802215840827,0.6506775035187605,-0.17959591100259753,0.3903924828436718,-0.050662713189940756,0.045366243618234,1.0432668339446658,0.9518965033178014,0.2645911785776892,0.19401220339100472,0.6706402681343273,True,True,,False,4
A+B+C+E+TSMOM|eqrisk|vt10|brake,A+B+C+E+TSMOM,eqrisk,0.1,True,2006-04-13,0.06544014930606346,0.08056239184640597,0.6499430657987396,-0.17540656974968372,0.3730769571484734,-0.06388521866278096,0.044915096016600126,1.0432668339446658,0.9517349563903729,0.2645911785776892,0.2386367863566493,0.6426735344120857,True,True,,False,5
A+B+C+D+TSMOM|invvol_shrunk|vt6|nobrake,A+B+C+D+TSMOM,invvol_shrunk,0.06,False,2006-04-20,0.05443500182785832,0.06309352992670499,0.6459662691565424,-0.15064703658597922,0.3613413384125248,-0.0500481609741098,0.04426447450401734,1.0432668339446658,0.9489689045651265,0.2645911785776892,0.21840078405212127,0.5329993134048479,True,True,,False,5
A+C+E+TSMOM|invvol_shrunk|vt6|nobrake,A+C+E+TSMOM,invvol_shrunk,0.06,False,2006-04-13,0.05492529932355339,0.06350214844727092,0.6490237105848018,-0.15396385883202068,0.3567415089503478,-0.05177876010418048,0.04422648627458673,1.0432668339446658,0.9516655176016209,0.2645911785776892,0.1683619161762683,0.589584745561536,True,True,,False,4
A+B+C+E+TSMOM|eqrisk|vt10|nobrake,A+B+C+E+TSMOM,eqrisk,0.1,False,2006-04-13,0.07213029267770033,0.09232075377763779,0.6459682261574983,-0.22681800819322473,0.31800954982486673,-0.06388521866278096,0.04334047415417109,1.0432668339446658,0.9499652895767557,0.2645911785776892,0.2164676348279347,0.6128155496282339,True,True,,False,5
A+C+E+TSMOM|eqrisk|vt8|brake,A+C+E+TSMOM,eqrisk,0.08,True,2006-04-13,0.060470188317243156,0.07289779438011434,0.6460311648809548,-0.14049248255846392,0.4304158287763145,-0.04937772253734729,0.043005487643950506,1.0432668339446658,0.9503808987985074,0.2645911785776892,0.2133565399772155,0.6531089212990616,True,True,,False,4
B+C|eqrisk|vt10|nobrake,B+C,eqrisk,0.1,False,2006-04-20,0.07591583326549878,0.09953696552643417,0.6419310504610228,-0.22199525050571955,0.3419705290656336,-0.07943535758909848,0.04232495496317332,1.0432668339446658,0.9475151593654543,0.2645911785776892,0.1591793062418348,0.6703435416687461,True,True,,False,2
A+B+C|invvol_shrunk|vt10|brake,A+B+C,invvol_shrunk,0.1,True,2006-04-20,0.07105852373596644,0.09066978367632157,0.6454529992557579,-0.1811704262088044,0.3922192226565131,-0.06150668012993388,0.042276490508196034,1.0432668339446658,0.9506671701025149,0.2645911785776892,0.210230462866704,0.6456360151855964,True,True,,False,3
C+E+TSMOM|eqrisk|vt6|nobrake,C+E+TSMOM,eqrisk,0.06,False,2006-04-13,0.0553961265686953,0.06485000493341402,0.6437798393890376,-0.14693196031809408,0.37701890350314404,-0.0599370444581363,0.04187994898887932,1.0432668339446658,0.9496437035457588,0.2645911785776892,0.20393408905241145,0.5580083864830032,True,True,,False,3
A+B+C+E+PCT|eqrisk|vt10|brake,A+B+C+E+PCT,eqrisk,0.1,True,2006-04-13,0.0646713834449908,0.08022796399517558,0.6433002466188802,-0.18158419695971617,0.35615094555468346,-0.057027392452804304,0.041631903418150214,1.0432668339446658,0.9494973265572779,0.2645911785776892,0.21708112417103356,0.5855887525202836,True,True,,False,5
A+B+C+E+TSMOM|invvol_shrunk|vt8|brake,A+B+C+E+TSMOM,invvol_shrunk,0.08,True,2006-04-13,0.059703876042034754,0.0724439383229531,0.6397259500797088,-0.15390406815839153,0.38792916104459346,-0.05215162105844273,0.041602469605620085,1.0432668339446658,0.9463489953818295,0.2645911785776892,0.2132461160954054,0.5838402283977554,True,True,,False,5
A+C+E+TSMOM|eqrisk|vt10|brake,A+C+E+TSMOM,eqrisk,0.1,True,2006-04-13,0.06632497091258771,0.08317230199141512,0.6420468222052913,-0.16326102461654302,0.406251100459326,-0.059566353647392156,0.04144069603780665,1.0432668339446658,0.9486064415720178,0.2645911785776892,0.23234506137380884,0.6148259941161636,True,True,,False,4
A+B+C+E+TSMOM|invvol_shrunk|vt8|nobrake,A+B+C+E+TSMOM,invvol_shrunk,0.08,False,2006-04-13,0.06470051655771969,0.08105257404818396,0.6379668874532458,-0.1966293900515782,0.329048045873244,-0.05760835350538851,0.04087359197342063,1.0432668339446658,0.9455914384255163,0.2645911785776892,0.2074856231122945,0.5956880392931159,True,True,,False,5
A+B+C|invvol_shrunk|vt10|nobrake,A+B+C,invvol_shrunk,0.1,False,2006-04-20,0.07711869468803112,0.10183578835319897,0.6405945268524323,-0.21061949542308844,0.366151739814572,-0.07255088143042443,0.04055838452221952,1.0432668339446658,0.9483140242783878,0.2645911785776892,0.18858404563117168,0.6521253787560847,True,True,,False,3
B+C+E+TSMOM|eqrisk|vt8|brake,B+C+E+TSMOM,eqrisk,0.08,True,2006-04-13,0.0595439486405791,0.0728215513905916,0.6347612907227738,-0.15645654616117033,0.38057818673333865,-0.04807904520188688,0.04035569261389118,1.0432668339446658,0.9432515830836053,0.2645911785776892,0.24024079056659461,0.5649802159491883,True,True,,False,4
A+B+C+PCT|invvol_shrunk|vt10|nobrake,A+B+C+PCT,invvol_shrunk,0.1,False,2006-04-20,0.07428365203472231,0.09825674646120532,0.6334787408425264,-0.23811201042257668,0.31196936224632826,-0.08082754255967761,0.03935986868343355,1.0432668339446658,0.943253105936264,0.2645911785776892,0.18637814758115367,0.6788644319764614,True,True,,False,4
B+C+PCT|eqrisk|vt10|nobrake,B+C+PCT,eqrisk,0.1,False,2006-04-20,0.07278166805133424,0.09698048538503035,0.6261706054521593,-0.21420992329179533,0.3397679572117279,-0.08011262873976432,0.03767421024490799,1.0432668339446658,0.9384188874261526,0.2645911785776892,0.1976780791737305,0.663506130236627,True,True,,False,3
A+C+D+TSMOM|invvol_shrunk|vt8|nobrake,A+C+D+TSMOM,invvol_shrunk,0.08,False,2006-04-28,0.06092949390933344,0.07593415312808659,0.6298107319085414,-0.1865735331193934,0.3265709390320814,-0.05547815138613399,0.037458210357450165,1.0432668339446658,0.94216318516554,0.2645911785776892,0.19566233061707092,0.522734467386617,True,True,,False,4
A+B+C+E|eqrisk|vt6|nobrake,A+B+C+E,eqrisk,0.06,False,2006-04-13,0.054393403750091496,0.06458078429828298,0.6315550731311694,-0.22634760356566663,0.24030916560736285,-0.04380535739050795,0.03694172412683604,1.0432668339446658,0.9444281801742659,0.2645911785776892,0.22759288543309095,0.6085410113613359,True,True,,False,4
A+E+TSMOM|minvar_lw|vt10|nobrake,A+E+TSMOM,minvar_lw,0.1,False,2006-05-08,0.07144768075287455,0.0941827381550093,0.6294026978657021,-0.19835337683813936,0.36020400505294853,-0.05565192111348738,0.036873152271824645,1.0432668339446658,0.9425150172663118,0.2645911785776892,0.20656610285538465,0.5518989153153093,True,True,,False,3
A+E+TSMOM|minvar_lw|vt8|nobrake,A+E+TSMOM,minvar_lw,0.08,False,2006-05-08,0.06362797729164615,0.08125570794329673,0.6254332723991464,-0.17149963743045027,0.3710093982994556,-0.04617664768654184,0.03531374468833756,1.0432668339446658,0.9407707735013598,0.2645911785776892,0.2106535103357435,0.5538378449168676,True,True,,False,3
B+C+PCT|invvol_shrunk|vt6|nobrake,B+C+PCT,invvol_shrunk,0.06,False,2006-04-20,0.0534349476145346,0.06485155572424763,0.6156394104919378,-0.13595025801057015,0.39304778377382726,-0.05062601844626058,0.03493211719326231,1.0432668339446658,0.9316452346636871,0.2645911785776892,0.19527521147179241,0.5850639525789607,True,True,,False,3
B+C+E+TSMOM|eqrisk|vt8|nobrake,B+C+E+TSMOM,eqrisk,0.08,False,2006-04-13,0.06341467065483641,0.08165514589899539,0.6190917055100457,-0.20387965619952064,0.31103971743398257,-0.05843782527181807,0.03458796683717547,1.0432668339446658,0.9355893132357699,0.2645911785776892,0.21966712994498508,0.5726644064927453,True,True,,False,4
A+C+E+TSMOM|invvol_shrunk|vt8|nobrake,A+C+E+TSMOM,invvol_shrunk,0.08,False,2006-04-13,0.06259175618869794,0.08071288778057932,0.6156880451285037,-0.19156283268424978,0.32674269487268975,-0.0675251323144277,0.032546703285526835,1.0432668339446658,0.9350714573743337,0.2645911785776892,0.1861671127350326,0.5893065303791748,True,True,,False,4
A+C+E|eqrisk|vt6|brake,A+C+E,eqrisk,0.06,True,2006-04-13,0.0510674662057109,0.06015685321572728,0.6208320947750324,-0.14769857377346118,0.34575463324404027,-0.037480010479545744,0.03184885302701873,1.0432668339446658,0.9410595147623855,0.2645911785776892,0.22183451379028188,0.6025757674696786,True,True,,False,3
A+B+TSMOM|minvar_lw|vt8|nobrake,A+B+TSMOM,minvar_lw,0.08,False,2006-05-08,0.06559271591944138,0.08671004334729503,0.6127130924949977,-0.14083971391482097,0.46572599514872254,-0.05703954763930663,0.03158412214875837,1.0432668339446658,0.9334876328751839,0.2645911785776892,0.2182650007324931,0.5600077865310576,True,True,,False,3
A+B+C+E|eqrisk|vt8|nobrake,A+B+C+E,eqrisk,0.08,False,2006-04-13,0.06222183730456643,0.08053803078054403,0.6125844715326111,-0.2823513031097865,0.2203702855955042,-0.05550160052308595,0.030746365914239262,1.0432668339446658,0.9345951467195989,0.2645911785776892,0.24236394916785645,0.6132663715243917,True,True,,False,4
A+E+TSMOM|minvar_lw|vt6|nobrake,A+E+TSMOM,minvar_lw,0.06,False,2006-05-08,0.05360185181517885,0.06561475633220644,0.6126795378686515,-0.13694676299112707,0.39140648997049876,-0.03614892030865169,0.030494770685731042,1.0432668339446658,0.9350633780664939,0.2645911785776892,0.2209853900947041,0.5622907236515613,True,True,,False,3
A+C+D+TSMOM|invvol_shrunk|vt6|brake,A+C+D+TSMOM,invvol_shrunk,0.06,True,2006-04-28,0.04912724678379532,0.05825356329728338,0.6085673182337898,-0.1320658143455481,0.3719906398733488,-0.041779730882623656,0.030273482201020895,1.0432668339446658,0.9312408812477733,0.2645911785776892,0.23194877753367726,0.5334298595009042,True,True,,False,4
A+B+C|invvol_shrunk|vt6|brake,A+B+C,invvol_shrunk,0.06,True,2006-04-20,0.05201100563140093,0.06358211445786184,0.6054636227652633,-0.1442699619243758,0.36051167504060433,-0.04158675173967452,0.030195585506061363,1.0432668339446658,0.9281498057174573,0.2645911785776892,0.20219597072501014,0.6584437094883644,True,True,,False,3
A+C+E+TSMOM|invvol_shrunk|vt6|brake,A+C+E+TSMOM,invvol_shrunk,0.06,True,2006-04-13,0.048593287083922077,0.057470686134536556,0.6060582683136965,-0.1317821968019881,0.36873939168685177,-0.03916691226852698,0.0294521316687479,1.0432668339446658,0.9299296981960843,0.2645911785776892,0.19923301994932058,0.5831094722846344,True,True,,False,4
A+C+E+TSMOM|invvol_shrunk|vt8|brake,A+C+E+TSMOM,invvol_shrunk,0.08,True,2006-04-13,0.05676662003708155,0.07187912549530459,0.6055018379489743,-0.14970451985806343,0.37919108982749905,-0.0470926702505996,0.029380189959910843,1.0432668339446658,0.9294663963641927,0.2645911785776892,0.21256569763702243,0.5583341507852002,True,True,,False,4
A+B+TSMOM|minvar_lw|vt6|nobrake,A+B+TSMOM,minvar_lw,0.06,False,2006-05-08,0.0558514298921402,0.07026468373269674,0.607032992126146,-0.11925356355781846,0.46834181072552517,-0.048139245738667125,0.02869658017383072,1.0432668339446658,0.9321152213923807,0.2645911785776892,0.22425025340387922,0.5644763645806103,True,True,,False,3
B+C+PCT|invvol_shrunk|vt8|nobrake,B+C+PCT,invvol_shrunk,0.08,False,2006-04-20,0.06259894963065271,0.08421909020327381,0.5940936607484667,-0.18864533504600822,0.33183407167415835,-0.06764654772168699,0.02834730790736718,1.0432668339446658,0.9189350704754818,0.2645911785776892,0.20435519935891033,0.5995105439981812,True,True,,False,3
B+C|invvol_shrunk|vt10|brake,B+C,invvol_shrunk,0.1,True,2006-04-20,0.06704401551579697,0.09207505165125753,0.5963081968760559,-0.20554262814199942,0.3261805890186415,-0.05603219250293001,0.028039169667280015,1.0432668339446658,0.9218829253270064,0.2645911785776892,0.1882570870075998,0.574768059611072,True,True,,False,2
A+C+E+PCT|eqrisk|vt10|nobrake,A+C+E+PCT,eqrisk,0.1,False,2006-04-13,0.06776537061600485,0.09220195964687189,0.6023468879072262,-0.19999249886918324,0.33883956147940697,-0.07365021749084755,0.027854235995969416,1.0432668339446658,0.9286271828632833,0.2645911785776892,0.18287066857674802,0.5733313249830729,True,True,,False,4
A+B+TSMOM|minvar_lw|vt6|brake,A+B+TSMOM,minvar_lw,0.06,True,2006-05-08,0.05536272550017496,0.06990209075570411,0.6031997320705593,-0.10995572047889846,0.5035001840654538,-0.048139245738667125,0.027670628278033762,1.0432668339446658,0.9298137966630724,0.2645911785776892,0.22684723472052082,0.5146138806476733,True,True,,False,3
C+E+TSMOM|eqrisk|vt8|nobrake,C+E+TSMOM,eqrisk,0.08,False,2006-04-13,0.061472911584543155,0.08117679911327148,0.5996581355499553,-0.1821986828843558,0.3373949284998998,-0.07592815412613407,0.02765588248060639,1.0432668339446658,0.926123154004631,0.2645911785776892,0.23318567581690505,0.5434330750860049,True,True,,False,3
B+C+PCT|eqrisk|vt10|brake,B+C+PCT,eqrisk,0.1,True,2006-04-20,0.06441481491128531,0.08750231418396613,0.594443368431189,-0.16939133626503733,0.38027219296799797,-0.05603608865253906,0.02758373219500545,1.0432668339446658,0.9206210958033755,0.2645911785776892,0.23077521617074248,0.6585750560974678,True,True,,False,3
A+E+TSMOM|minvar_lw|vt6|brake,A+E+TSMOM,minvar_lw,0.06,True,2006-05-08,0.05248370301483951,0.0648638269615455,0.6026525392865923,-0.12242526744066518,0.42869992536692925,-0.03614892030865169,0.02755502045488524,1.0432668339446658,0.929434396778622,0.2645911785776892,0.22726643475450012,0.546997533994231,True,True,,False,3
B+C+E|eqrisk|vt6|brake,B+C+E,eqrisk,0.06,True,2006-04-13,0.04823742061547476,0.058089693681547795,0.5945379251216398,-0.18273577468987334,0.26397360176101264,-0.03830514024557341,0.027267727723738398,1.0432668339446658,0.9212664980928771,0.2645911785776892,0.277106939488006,0.5377519644328375,True,True,,False,3
A+B+C+D+TSMOM|invvol_shrunk|vt8|nobrake,A+B+C+D+TSMOM,invvol_shrunk,0.08,False,2006-04-20,0.06002438644395269,0.07925193396472727,0.595462642564401,-0.1835135389760122,0.32708424009957504,-0.06619321585106563,0.027259154317684896,1.0432668339446658,0.9222881453409738,0.2645911785776892,0.212839187189635,0.5003520281106721,True,True,,False,5
A+C+E|eqrisk|vt8|brake,A+C+E,eqrisk,0.08,True,2006-04-13,0.0566776884183533,0.0723836463422053,0.6006539837492962,-0.16643319209784702,0.3405431795421683,-0.0474104713385588,0.0270986700593359,1.0432668339446658,0.9281005838021487,0.2645911785776892,0.253021523236019,0.6079048823463231,True,True,,False,3
A+C+E|eqrisk|vt6|nobrake,A+C+E,eqrisk,0.06,False,2006-04-13,0.053556083559412215,0.06633464203177228,0.6044975511900608,-0.17880268220370032,0.2995261754429312,-0.03963970836968522,0.02695712797469564,1.0432668339446658,0.9323098697469846,0.2645911785776892,0.2065977175963091,0.6079048823463231,True,True,,False,3
A+B+C+E+PCT|invvol_shrunk|vt6|brake,A+B+C+E+PCT,invvol_shrunk,0.06,True,2006-04-13,0.04745953329022701,0.05681398063035371,0.5934030479832471,-0.13931368374183706,0.3406667027639189,-0.04463123901357646,0.026748417440184215,1.0432668339446658,0.9209239820168673,0.2645911785776892,0.24213899286842452,0.5614478627334154,True,True,,False,5
A+E+TSMOM|minvar_lw|vt10|brake,A+E+TSMOM,minvar_lw,0.1,True,2006-05-08,0.06292646627375098,0.08489567225231542,0.5944669404735917,-0.15279031647966856,0.41184852367345187,-0.04794103524998261,0.026655807457784515,1.0432668339446658,0.9222455013148688,0.2645911785776892,0.22746418676675725,0.5096226764158063,True,True,,False,3
A+B+C+D+TSMOM|invvol_shrunk|vt6|brake,A+B+C+D+TSMOM,invvol_shrunk,0.06,True,2006-04-20,0.04891248528701486,0.05967622092074866,0.5914242868500408,-0.14405514414206844,0.3395400114193558,-0.04880084149316022,0.02638768273347097,1.0432668339446658,0.9193810735169015,0.2645911785776892,0.2522038084212604,0.5357488484368476,True,True,,False,5
A+B+TSMOM|minvar_lw|vt10|nobrake,A+B+TSMOM,minvar_lw,0.1,False,2006-05-08,0.07074590063868214,0.10046643678634058,0.5897041991045971,-0.1669188510798678,0.4238340977127349,-0.06600638299639261,0.026014120469507865,1.0432668339446658,0.9181398694500394,0.2645911785776892,0.2156266923032491,0.5461802102596374,True,True,,False,3
A+C+D+PCT|invvol_shrunk|vt6|brake,A+C+D+PCT,invvol_shrunk,0.06,True,2006-04-28,0.04775960638273724,0.05750336371589436,0.5930771780129419,-0.14842346492500913,0.3217793521183982,-0.04498225672900069,0.02586902930073042,1.0432668339446658,0.9221110057225747,0.2645911785776892,0.22291871099132723,0.4700787568070198,True,True,,False,4
A+B+C+E|eqrisk|vt10|brake,A+B+C+E,eqrisk,0.1,True,2006-04-13,0.060313519447881436,0.07983421912422656,0.5946693116605309,-0.22768414698205186,0.26489995130243255,-0.05628443813432704,0.025511803091803602,1.0432668339446658,0.9244636846830789,0.2645911785776892,0.2899244845128491,0.6134605349851263,True,True,,False,4
B+C+PCT|invvol_shrunk|vt8|brake,B+C+PCT,invvol_shrunk,0.08,True,2006-04-20,0.057579061488544525,0.07659001761646253,0.5833816775044246,-0.15260531603855276,0.37730704921182623,-0.05390122034975631,0.02548375313145366,1.0432668339446658,0.9119637713506428,0.2645911785776892,0.2288337033341092,0.5856143929797868,True,True,,False,3
A+C+E|eqrisk|vt8|nobrake,A+C+E,eqrisk,0.08,False,2006-04-13,0.06082700528184981,0.08072630661481495,0.5949776699176139,-0.22022225695823494,0.2762073467142135,-0.04981035088001873,0.025087610997923126,1.0432668339446658,0.9255431081889148,0.2645911785776892,0.22903108970231018,0.6025757674696786,True,True,,False,3
B+C+E+PCT|eqrisk|vt6|brake,B+C+E+PCT,eqrisk,0.06,True,2006-04-13,0.047456865649392554,0.057806677116275317,0.5842097608801196,-0.14120306843716657,0.3360894786115091,-0.040483805145791196,0.02496105498001687,1.0432668339446658,0.913887551984409,0.2645911785776892,0.21721026240374294,0.5686901985035056,True,True,,False,4
A+B+C+D+TSMOM|invvol_shrunk|vt8|brake,A+B+C+D+TSMOM,invvol_shrunk,0.08,True,2006-04-20,0.05595055382457326,0.07300157482868931,0.5871446041333381,-0.14822357332492597,0.377474058744503,-0.04120109895705204,0.024672933020638763,1.0432668339446658,0.9177349736750364,0.2645911785776892,0.2343348314431361,0.511947773847537,True,True,,False,5
A+B+C+E+PCT|invvol_shrunk|vt6|nobrake,A+B+C+E+PCT,invvol_shrunk,0.06,False,2006-04-13,0.050604710021539656,0.06376717622750426,0.582281220811156,-0.16215321433243501,0.31207959848266387,-0.05179024222210726,0.02401574659362243,1.0432668339446658,0.9134829410016669,0.2645911785776892,0.23515476513022915,0.5588202097830098,True,True,,False,5
B+C|invvol_shrunk|vt8|nobrake,B+C,invvol_shrunk,0.08,False,2006-04-20,0.062943832053455,0.08764072763308163,0.5779819351074836,-0.20924893444096093,0.3008083755437925,-0.0701289059651028,0.023367450452180666,1.0432668339446658,0.9097923324035686,0.2645911785776892,0.16559217242998814,0.5856143929797868,True,True,,False,2
A+B+C+D+TSMOM|eqrisk|vt6|brake,A+B+C+D+TSMOM,eqrisk,0.06,True,2006-04-20,0.04819622513212707,0.05940438990841261,0.5823861186652696,-0.13369529576261896,0.36049305143616484,-0.04181749219644093,0.023337958124685462,1.0432668339446658,0.9149137640687197,0.2645911785776892,0.2620286340872881,0.49176480649443965,True,True,,False,5
B+C|invvol_shrunk|vt8|brake,B+C,invvol_shrunk,0.08,True,2006-04-20,0.05847478686190999,0.0792581829518919,0.5771351252111069,-0.16434439032234005,0.35580640596992286,-0.048104919246970024,0.023293992482422338,1.0432668339446658,0.9089511871833296,0.2645911785776892,0.18338546515159965,0.5898449371902402,True,True,,False,2
A+B+C+D+TSMOM|eqrisk|vt6|nobrake,A+B+C+D+TSMOM,eqrisk,0.06,False,2006-04-20,0.04960398678465627,0.062042424019663124,0.5818383777962494,-0.16186929286324536,0.3064446993449462,-0.04430343521930935,0.023286203532221363,1.0432668339446658,0.9143918334012324,0.2645911785776892,0.25111970918887705,0.4957603250825533,True,True,,False,5
A+C+E|eqrisk|vt10|brake,A+C+E,eqrisk,0.1,True,2006-04-13,0.061172546079301116,0.08320350801741484,0.5836208233513723,-0.18319058394432508,0.33392844087386364,-0.05366022231987688,0.02303491495552186,1.0432668339446658,0.9168991023824519,0.2645911785776892,0.2821056174670721,0.5855887525202836,True,True,,False,3
B+C|invvol_shrunk|vt6|nobrake,B+C,invvol_shrunk,0.06,False,2006-04-20,0.05184353118678242,0.06693214919508468,0.5760342444094546,-0.16939466331918696,0.3060517384133566,-0.05256250385687855,0.02297431748977687,1.0432668339446658,0.9083039349918242,0.2645911785776892,0.16423223979537252,0.5968106727997107,True,True,,False,2
A+C+D+TSMOM|invvol_shrunk|vt10|nobrake,A+C+D+TSMOM,invvol_shrunk,0.1,False,2006-04-28,0.06383821351494623,0.08948790937649857,0.5775289240880904,-0.2114493075710998,0.30190788633100935,-0.06903641195216348,0.022620333162735668,1.0432668339446658,0.9107609094541744,0.2645911785776892,0.19335546693832603,0.5001478830772396,True,True,,False,4
B+C+PCT|invvol_shrunk|vt10|brake,B+C+PCT,invvol_shrunk,0.1,True,2006-04-20,0.06337045409452235,0.08946496168201527,0.5724009940110372,-0.18502804966805753,0.3424910666691331,-0.056665147782094194,0.022464953891560804,1.0432668339446658,0.9050528239077464,0.2645911785776892,0.24217763895167033,0.5889125229678067,True,True,,False,3
A+B+E+TSMOM|minvar_lw|vt10|brake,A+B+E+TSMOM,minvar_lw,0.1,True,2006-05-08,0.06050794815421989,0.08313583608771263,0.5778645675434009,-0.1868143815778729,0.3238934157164842,-0.06361745551023235,0.022389999343049746,1.0432668339446658,0.9116151111018478,0.2645911785776892,0.2804667213997554,0.49041458622460776,True,True,,False,4
A+B+C+E+TSMOM|invvol_shrunk|vt10|nobrake,A+B+C+E+TSMOM,invvol_shrunk,0.1,False,2006-04-13,0.06704608522903421,0.09592582469751802,0.5756880334577281,-0.23223228321617673,0.28870269154880335,-0.07167280926714648,0.02230525012729754,1.0432668339446658,0.9092579467137363,0.2645911785776892,0.22262450012954949,0.5541793893509698,True,True,,False,5
B+C+E+PCT|eqrisk|vt6|nobrake,B+C+E+PCT,eqrisk,0.06,False,2006-04-13,0.05054501579949666,0.06480191765903265,0.5731767737236347,-0.16647357711157795,0.3036218520469417,-0.05281741397095818,0.022267847520583257,1.0432668339446658,0.9063812522421772,0.2645911785776892,0.19747947652795778,0.5430173068635309,True,True,,False,4
B+C+E+TSMOM|invvol_shrunk|vt6|nobrake,B+C+E+TSMOM,invvol_shrunk,0.06,False,2006-04-13,0.05002632475023505,0.06437463905039556,0.5688493224807032,-0.15949867317192556,0.31364727840908785,-0.049513187548767545,0.021398203699302797,1.0432668339446658,0.9030514675584673,0.2645911785776892,0.1999479120868228,0.5442956836761839,True,True,,False,4
A+C+E+TSMOM|invvol_shrunk|vt10|nobrake,A+C+E+TSMOM,invvol_shrunk,0.1,False,2006-04-13,0.06652900935879003,0.09541685397788227,0.5731112228093753,-0.22241818343018838,0.29911677333553915,-0.07291345926750259,0.021370015287654257,1.0432668339446658,0.9081809995233487,0.2645911785776892,0.20908282273899512,0.5387238783471304,True,True,,False,4
A+C+E+PCT|eqrisk|vt10|brake,A+C+E+PCT,eqrisk,0.1,True,2006-04-13,0.05919778177643864,0.08062759284507381,0.5765081933800364,-0.16541980293187541,0.35786393604167194,-0.05358666249785149,0.02136283789403792,1.0432668339446658,0.9121563327000811,0.2645911785776892,0.21849531547872547,0.6221968550562588,True,True,,False,4
B+C+E+TSMOM|invvol_shrunk|vt6|brake,B+C+E+TSMOM,invvol_shrunk,0.06,True,2006-04-13,0.046640110720088,0.0583924650450097,0.5655322462515129,-0.14527214784620623,0.3210533568310975,-0.049513187548767545,0.02087057384659832,1.0432668339446658,0.9001843257533284,0.2645911785776892,0.2217344939247638,0.49736898196368495,True,True,,False,4
A+B+C+E+PCT|eqrisk|vt10|nobrake,A+B+C+E+PCT,eqrisk,0.1,False,2006-04-13,0.06492575769915532,0.09285421406245932,0.5701544565861093,-0.2580359825278571,0.25161513159175797,-0.06406906132557022,0.020586680641584462,1.0432668339446658,0.9063651772980184,0.2645911785776892,0.25220832112921965,0.6228235672630532,True,True,,False,5
A+C+E+PCT|invvol_shrunk|vt6|nobrake,A+C+E+PCT,invvol_shrunk,0.06,False,2006-04-13,0.04981646247914506,0.06363559328524176,0.571491854437167,-0.15147435621650007,0.32887720221067074,-0.04811840005364609,0.02053744949489342,1.0432668339446658,0.9080548642192932,0.2645911785776892,0.18543606579316949,0.5457556273141375,True,True,,False,4
B+C+E+TSMOM|eqrisk|vt10|brake,B+C+E+TSMOM,eqrisk,0.1,True,2006-04-13,0.05935860314707009,0.08275145127394441,0.5657568086150003,-0.189331372610557,0.31351699577632647,-0.06200066940307436,0.020356343987513802,1.0432668339446658,0.9015948534933362,0.2645911785776892,0.28385547828213786,0.5244526576509214,True,True,,False,4
A+B+E+TSMOM|minvar_lw|vt8|brake,A+B+E+TSMOM,minvar_lw,0.08,True,2006-05-08,0.05476439172085956,0.07353465733816818,0.5692529014213122,-0.15643569165185744,0.35007606731292457,-0.06262649769947548,0.020340642944128323,1.0432668339446658,0.9058308991107586,0.2645911785776892,0.28226441521976536,0.5307051197074635,True,True,,False,4
A+C+D+PCT|invvol_shrunk|vt6|nobrake,A+C+D+PCT,invvol_shrunk,0.06,False,2006-04-28,0.048137817890074874,0.06107393122859807,0.5677859241467406,-0.18562422743944784,0.25932939117970377,-0.04498225672900069,0.02010383400326909,1.0432668339446658,0.9046018837048937,0.2645911785776892,0.21923758457377604,0.47082488055351035,True,True,,False,4
B+C+E+PCT|eqrisk|vt8|brake,B+C+E+PCT,eqrisk,0.08,True,2006-04-13,0.05272597626880016,0.0701398957045304,0.5642036232833763,-0.16714032863740602,0.3154593310821101,-0.04803195178671471,0.020037216458145057,1.0432668339446658,0.9004222496315681,0.2645911785776892,0.23276133418861283,0.5226540116757246,True,True,,False,4
B+C|invvol_shrunk|vt10|nobrake,B+C,invvol_shrunk,0.1,False,2006-04-20,0.07064564641894777,0.10558107632698333,0.5645356260227783,-0.24849459306053145,0.2842945013364496,-0.08750577418850747,0.019992293115504794,1.0432668339446658,0.900927833031759,0.2645911785776892,0.1758997483958633,0.5871450659917697,True,True,,False,2
A+B+TSMOM|eqrisk|vt8|nobrake,A+B+TSMOM,eqrisk,0.08,False,2006-04-20,0.061850045814406895,0.08788598432458276,0.564724132984441,-0.1595951896942145,0.3875432958406329,-0.06433875757166396,0.019891366859759452,1.0432668339446658,0.9013848884036306,0.2645911785776892,0.21077163811892466,0.5206768607136618,True,True,,False,3
A+B+E+TSMOM|minvar_lw|vt6|nobrake,A+B+E+TSMOM,minvar_lw,0.06,False,2006-05-08,0.05102892889745303,0.06621439824854337,0.5708366771076598,-0.15499596578347385,0.32922746498279437,-0.04997408716887064,0.01969496438277453,1.0432668339446658,0.9091307594817074,0.2645911785776892,0.2787246432847515,0.5342350066471876,True,True,,False,4
A+B+E+TSMOM|minvar_lw|vt8|nobrake,A+B+E+TSMOM,minvar_lw,0.08,False,2006-05-08,0.05937571271238351,0.08282895458903684,0.5667634847661914,-0.2033965297479482,0.2919209722307589,-0.06262649769947548,0.019489571162958574,1.0432668339446658,0.9047554795610455,0.2645911785776892,0.27059561123081194,0.527890746213764,True,True,,False,4
C+E+TSMOM|eqrisk|vt6|brake,C+E+TSMOM,eqrisk,0.06,True,2006-04-13,0.047735571180913317,0.06039878719763767,0.5660034137146891,-0.13418402454070988,0.35574705218675934,-0.04782383249045574,0.019460033097632844,1.0432668339446658,0.9039096791504155,0.2645911785776892,0.24906851679045125,0.547235960876471,True,True,,False,3
A+B+C+E+PCT|invvol_shrunk|vt8|brake,A+B+C+E+PCT,invvol_shrunk,0.08,True,2006-04-13,0.05221725153320067,0.06944168586710411,0.5621786188465365,-0.1758379166567735,0.2969624101900959,-0.05099260495320701,0.01921072212233162,1.0432668339446658,0.8998411767402861,0.2645911785776892,0.2476013478878385,0.5495314623917569,True,True,,False,5
A+C+D+TSMOM|invvol_shrunk|vt8|brake,A+C+D+TSMOM,invvol_shrunk,0.08,True,2006-04-28,0.052759684811479524,0.07065278013943777,0.561989096983819,-0.14749878433042096,0.35769572644944214,-0.05547815138613399,0.01900900304963152,1.0432668339446658,0.9000792854994784,0.2645911785776892,0.23567209396974245,0.5135617613179548,True,True,,False,4
B+C+PCT|invvol_shrunk|vt10|nobrake,B+C+PCT,invvol_shrunk,0.1,False,2006-04-20,0.06734838804714705,0.10091101730253471,0.5553402503246161,-0.24964494217977973,0.26977669749322086,-0.08462576132573463,0.018951996241633316,1.0432668339446658,0.8919558216925154,0.2645911785776892,0.22131096466541214,0.6048665356202023,True,True,,False,3
A+B+E+TSMOM|minvar_lw|vt6|brake,A+B+E+TSMOM,minvar_lw,0.06,True,2006-05-08,0.04969374789821357,0.06428271228443362,0.5662657565155864,-0.13172036713634683,0.37726700113714695,-0.04997408716887064,0.018684453359606792,1.0432668339446658,0.9060064465722826,0.2645911785776892,0.2894244641125136,0.5284141076058878,True,True,,False,4
A+E+PCT|minvar_lw|vt8|nobrake,A+E+PCT,minvar_lw,0.08,False,2006-05-08,0.058401539931482116,0.08147817439139035,0.5634572087049061,-0.1627198378955348,0.3589085429704986,-0.04593911115217608,0.018555092826400665,1.0432668339446658,0.9029308758117254,0.2645911785776892,0.2263039379171588,0.5211380625053992,True,True,,False,3
C+D+TSMOM|invvol_shrunk|vt6|nobrake,C+D+TSMOM,invvol_shrunk,0.06,False,2006-04-28,0.04769789100795352,0.061358641628725584,0.5585882076806288,-0.15452067279652304,0.30868291047867347,-0.04460706826139105,0.018545459928795877,1.0432668339446658,0.8969886314023086,0.2645911785776892,0.24999160515014715,0.45969572258865576,True,True,,False,3
A+E+PCT|minvar_lw|vt10|nobrake,A+E+PCT,minvar_lw,0.1,False,2006-05-08,0.0649976681919402,0.09498630039761706,0.5612671196540191,-0.18805056005456977,0.3456393226006811,-0.05789517177863235,0.018365131720339503,1.0432668339446658,0.9007169607490868,0.2645911785776892,0.22463270426919427,0.47864381057118677,True,True,,False,3
A+C+E|eqrisk|vt10|nobrake,A+C+E,eqrisk,0.1,False,2006-04-13,0.06452917158489124,0.09342953609008071,0.5631547881779154,-0.2567588268305854,0.2513221157045903,-0.05974295959404552,0.018329743660729668,1.0432668339446658,0.9030973196857974,0.2645911785776892,0.26035897899000277,0.5892992466344931,True,True,,False,3
B+C+PCT|invvol_shrunk|vt6|brake,B+C+PCT,invvol_shrunk,0.06,True,2006-04-20,0.046856203867370105,0.060764450654601385,0.5497013615714723,-0.1440125558450196,0.3253619352315004,-0.050958935021388485,0.018177271348483993,1.0432668339446658,0.886667701203532,0.2645911785776892,0.23341669080842298,0.5995105439981812,True,True,,False,3
A+C+E+PCT|invvol_shrunk|vt6|brake,A+C+E+PCT,invvol_shrunk,0.06,True,2006-04-13,0.04685390078137064,0.059349290899964366,0.5607171066202944,-0.12921943302571826,0.36259175330111076,-0.03916691226852698,0.018172816557137865,1.0432668339446658,0.900504918787991,0.2645911785776892,0.20265594977575904,0.5542158343491876,True,True,,False,4
A+B+TSMOM|invvol_shrunk|vt8|nobrake,A+B+TSMOM,invvol_shrunk,0.08,False,2006-04-20,0.06021175547545843,0.08680651322519788,0.5529140160503553,-0.15484907874678466,0.3888415479301564,-0.07138556216972447,0.017994812463161175,1.0432668339446658,0.8912200432114572,0.2645911785776892,0.19167617981665083,0.5252316245400015,True,True,,False,3
A+B+TSMOM|eqrisk|vt6|nobrake,A+B+TSMOM,eqrisk,0.06,False,2006-04-20,0.05047369615099617,0.06729316902925199,0.5537539299508101,-0.12738870505711697,0.39621798595382063,-0.049466161754102456,0.017893139793823575,1.0432668339446658,0.8925338723405629,0.2645911785776892,0.21132932621121867,0.5451152802964845,True,True,,False,3
A+B+TSMOM|eqrisk|vt10|nobrake,A+B+TSMOM,eqrisk,0.1,False,2006-04-20,0.06928418779950074,0.10552515196216937,0.5526068322284545,-0.18753738604716297,0.36944200439093655,-0.07990875420152155,0.01757268687142114,1.0432668339446658,0.89188465175073,0.2645911785776892,0.21088723953108118,0.5185498422959021,True,True,,False,3
A+B+TSMOM|invvol_shrunk|vt6|nobrake,A+B+TSMOM,invvol_shrunk,0.06,False,2006-04-20,0.04941166704912847,0.06576356767849972,0.5497190689089523,-0.11942357554038086,0.41375136212046204,-0.053586607486246995,0.017469231156644387,1.0432668339446658,0.8884702844731541,0.2645911785776892,0.19087083381485778,0.507329720847825,True,True,,False,3
A+B+E+PCT|minvar_lw|vt8|brake,A+B+E+PCT,minvar_lw,0.08,True,2006-05-08,0.053204373280568484,0.07227336928530295,0.557401056100138,-0.15374312623544584,0.3460601757186208,-0.057440393544087476,0.017444969321966357,1.0432668339446658,0.898203796965344,0.2645911785776892,0.29537593706382687,0.4827153611166861,True,True,,False,4
C+E+TSMOM|eqrisk|vt8|brake,C+E+TSMOM,eqrisk,0.08,True,2006-04-13,0.05349805803996821,0.07298208834503563,0.5549892473630118,-0.1454198499298689,0.36788690172468563,-0.04782728732585595,0.017387473731701537,1.0432668339446658,0.8953472255966588,0.2645911785776892,0.28024477781157564,0.5383044199827662,True,True,,False,3
A+B+TSMOM|invvol_shrunk|vt10|nobrake,A+B+TSMOM,invvol_shrunk,0.1,False,2006-04-20,0.06898497981463625,0.10556422302485888,0.5498297095426751,-0.18316992414081523,0.37661739577728265,-0.08859974275095162,0.01732424538390802,1.0432668339446658,0.8889812893495613,0.2645911785776892,0.1915718700201872,0.5327098677892783,True,True,,False,3
A+B+PCT|minvar_lw|vt8|nobrake,A+B+PCT,minvar_lw,0.08,False,2006-05-08,0.06031890699246567,0.08673786119589094,0.5552914400776743,-0.16566899840810712,0.36409290556508805,-0.0627052057139571,0.017111486634070316,1.0432668339446658,0.8964200710843755,0.2645911785776892,0.23705319747467893,0.5183044902682494,True,True,,False,3
A+B+PCT|minvar_lw|vt6|nobrake,A+B+PCT,minvar_lw,0.06,False,2006-05-08,0.05195070361527088,0.06971965663020863,0.5581160520535609,-0.13277270765415872,0.3912754701861627,-0.050580541419908864,0.016854235492796864,1.0432668339446658,0.9005655346062998,0.2645911785776892,0.2437851760375527,0.5189876526635122,True,True,,False,3
A+B+C+E|invvol_shrunk|vt8|brake,A+B+C+E,invvol_shrunk,0.08,True,2006-04-13,0.05129405626765715,0.06895847968939206,0.552914359654661,-0.21763692594707562,0.23568636638495208,-0.04831113824334643,0.016849038823449347,1.0432668339446658,0.8941122232976604,0.2645911785776892,0.28009167377353134,0.5331835113609182,True,True,,False,4
A+B+C+E|invvol_shrunk|vt6|brake,A+B+C+E,invvol_shrunk,0.06,True,2006-04-13,0.04474003410153937,0.05657127757505462,0.5497906240668182,-0.18490881799891945,0.24195727702829628,-0.04162259914048183,0.016692489992908753,1.0432668339446658,0.8905618885735929,0.2645911785776892,0.30866176072445867,0.5449270869579346,True,True,,False,4
C+E+TSMOM|invvol_shrunk|vt6|nobrake,C+E+TSMOM,invvol_shrunk,0.06,False,2006-04-13,0.048534564014942605,0.06411654558958374,0.548651511147437,-0.15446740154496752,0.3142058682253003,-0.062160744453978345,0.016607806886943122,1.0432668339446658,0.8893285320851911,0.2645911785776892,0.21569392436922416,0.5089032677718963,True,True,,False,3
B+C+E+TSMOM|eqrisk|vt10|nobrake,B+C+E+TSMOM,eqrisk,0.1,False,2006-04-13,0.06400272924052786,0.09598050523174081,0.5456706774355354,-0.24785180144455876,0.2582298327770857,-0.07266326623967811,0.016392744796113155,1.0432668339446658,0.8860600845345099,0.2645911785776892,0.2537390608759822,0.5488168557119992,True,True,,False,4
A+E+PCT|minvar_lw|vt6|nobrake,A+E+PCT,minvar_lw,0.06,False,2006-05-08,0.049312889950501315,0.06517953510459844,0.5537447701954626,-0.12913132720915532,0.38188169374754993,-0.0359153717054449,0.016383235081038748,1.0432668339446658,0.896358922760037,0.2645911785776892,0.23947891202321314,0.5378579445887042,True,True,,False,3
A+B+C+E+PCT|invvol_shrunk|vt8|nobrake,A+B+C+E+PCT,invvol_shrunk,0.08,False,2006-04-13,0.05696592632386488,0.08137435523085768,0.5461485651288527,-0.22830982861462623,0.24951149352409205,-0.057745380296833404,0.016347588688781098,1.0432668339446658,0.8867984164711635,0.2645911785776892,0.2546078068093172,0.5464863834272585,True,True,,False,5
C+E+PCT|eqrisk|vt6|nobrake,C+E+PCT,eqrisk,0.06,False,2006-04-13,0.049020325086316374,0.06488930074772578,0.5500133592513172,-0.14365880748433923,0.34122742590397914,-0.05829697375698073,0.016323256699342852,1.0432668339446658,0.8918143224027081,0.2645911785776892,0.18698089765979306,0.5228493036934037,True,True,,False,3
A+C+D+TSMOM|eqrisk|vt6|nobrake,A+C+D+TSMOM,eqrisk,0.06,False,2006-04-28,0.047017831130302,0.06117080952885085,0.549512163217559,-0.17119913873619763,0.27463824571426276,-0.05016280965113362,0.01618586588796902,1.0432668339446658,0.8915410578744398,0.2645911785776892,0.24933083103951484,0.5007822718742675,True,True,,False,4
A+B+C+E|eqrisk|vt10|nobrake,A+B+C+E,eqrisk,0.1,False,2006-04-13,0.0638448250093484,0.09502438012516816,0.5485760784553565,-0.33619251414327633,0.18990555209727078,-0.06596403041637522,0.01597254151708549,1.0432668339446658,0.8909182607717692,0.2645911785776892,0.2800220945014032,0.5824118841233201,True,True,,False,4
A+E+TSMOM|minvar_lw|vt8|brake,A+E+TSMOM,minvar_lw,0.08,True,2006-05-08,0.05261520001893105,0.07310902923623314,0.5442184811288291,-0.13853316371601587,0.37980219759355854,-0.04479378701670633,0.015957156555817965,1.0432668339446658,0.8853490079217601,0.2645911785776892,0.2526249373357254,0.549139122490591,True,True,,False,3
A+B+C+D+PCT|invvol_shrunk|vt6|nobrake,A+B+C+D+PCT,invvol_shrunk,0.06,False,2006-04-20,0.047797898867552036,0.06347166003243011,0.542978893644629,-0.175527111174288,0.2723106336552851,-0.049689415405046344,0.01581948305417531,1.0432668339446658,0.8841106813517996,0.2645911785776892,0.23838281112918888,0.46950810122997777,True,True,,False,5
B+C+E+TSMOM|invvol_shrunk|vt8|nobrake,B+C+E+TSMOM,invvol_shrunk,0.08,False,2006-04-13,0.05735176511200657,0.08328285943343178,0.5399398562049308,-0.20311859236000795,0.28235605832850663,-0.061473477919486985,0.015706286565193232,1.0432668339446658,0.880434481895515,0.2645911785776892,0.21709017013471005,0.5115469247795568,True,True,,False,4
A+E+PCT|minvar_lw|vt6|brake,A+E+PCT,minvar_lw,0.06,True,2006-05-08,0.0487258940782096,0.06455940331118748,0.5497765868596328,-0.11598241370272766,0.42011450290298336,-0.0359153717054449,0.015661951977604276,1.0432668339446658,0.8932812985931939,0.2645911785776892,0.2435264796122695,0.48130109274662336,True,True,,False,3
A+B+TSMOM|eqrisk|vt6|brake,A+B+TSMOM,eqrisk,0.06,True,2006-04-20,0.049351853378619026,0.06691846220050607,0.5405114916840167,-0.11038173887076208,0.44710161194689557,-0.049466161754102456,0.015555656070530853,1.0432668339446658,0.8816060557600613,0.2645911785776892,0.2177204152697641,0.47604985360105195,True,True,,False,3
A+B+C+D+PCT|invvol_shrunk|vt8|brake,A+B+C+D+PCT,invvol_shrunk,0.08,True,2006-04-20,0.05205863079748552,0.07174601645471149,0.5446482012996652,-0.16976499094986652,0.3066511564381316,-0.04005280691242452,0.015543731496790959,1.0432668339446658,0.8870377529891128,0.2645911785776892,0.2471779513183429,0.4639169058275142,True,True,,False,5
A+B+E+TSMOM|minvar_lw|vt10|nobrake,A+B+E+TSMOM,minvar_lw,0.1,False,2006-05-08,0.06378585083207922,0.09643459167810318,0.5425307109765996,-0.24506117168044372,0.26028542340952754,-0.07311425707803754,0.015390312567000393,1.0432668339446658,0.8847120378192852,0.2645911785776892,0.2772404933490518,0.5245121171028908,True,True,,False,4
B+C|invvol_shrunk|vt6|brake,B+C,invvol_shrunk,0.06,True,2006-04-20,0.04626277779741228,0.06147910267744317,0.53490622465583,-0.14445603546073194,0.3202550703392942,-0.03790386439268012,0.015015733646332836,1.0432668339446658,0.8756884850862493,0.2645911785776892,0.19256589954045097,0.5867216610435814,True,True,,False,2
A+B+C+D+PCT|invvol_shrunk|vt6|brake,A+B+C+D+PCT,invvol_shrunk,0.06,True,2006-04-20,0.04458452180701533,0.057568860522546235,0.5390518951124578,-0.139715498413304,0.3191093494518852,-0.0419470543518119,0.014822318776488588,1.0432668339446658,0.8817575070674568,0.2645911785776892,0.26473467428949327,0.508117257363697,True,True,,False,5
A+B+C+E+TSMOM|invvol_shrunk|vt10|brake,A+B+C+E+TSMOM,invvol_shrunk,0.1,True,2006-04-13,0.05599902685935709,0.08130099235762786,0.5352475558925642,-0.1791304394407326,0.3126159185127496,-0.06357341572876418,0.014578779014120396,1.0432668339446658,0.8774133750563118,0.2645911785776892,0.2592482169676684,0.5461322160563733,True,True,,False,5
B+C+E|eqrisk|vt6|nobrake,B+C+E,eqrisk,0.06,False,2006-04-13,0.04851155070984636,0.06580478079658565,0.5360212544757447,-0.24746026926904463,0.196037735080226,-0.04419717073279239,0.01449726949769909,1.0432668339446658,0.8786845571504927,0.2645911785776892,0.27130809531437705,0.555927203858451,True,True,,False,3
A+B+C+D+PCT|eqrisk|vt6|brake,A+B+C+D+PCT,eqrisk,0.06,True,2006-04-20,0.044845301861252906,0.0580944031598405,0.539029316285956,-0.14864821185502342,0.3016874626449629,-0.0454101612864487,0.014368325024420333,1.0432668339446658,0.8830452454405628,0.2645911785776892,0.26585531678990393,0.45713577985321047,True,True,,False,5
A+C+D+TSMOM|invvol_shrunk|vt10|brake,A+C+D+TSMOM,invvol_shrunk,0.1,True,2006-04-28,0.055678339672295296,0.08109659682720587,0.5334883598442358,-0.16544950882324538,0.3365276818789357,-0.06903641195216348,0.014109426965952642,1.0432668339446658,0.8764474153095785,0.2645911785776892,0.2309720848599119,0.4677961275214192,True,True,,False,4
A+B+C+D+TSMOM|invvol_shrunk|vt10|brake,A+B+C+D+TSMOM,invvol_shrunk,0.1,True,2006-04-20,0.05744013080830923,0.08491074241767142,0.5324458017612373,-0.16270461943642855,0.353033189882799,-0.04767255416625105,0.013917852673139962,1.0432668339446658,0.8756230535864633,0.2645911785776892,0.23672619187653635,0.4478920674741014,True,True,,False,5
C+E+TSMOM|eqrisk|vt10|nobrake,C+E+TSMOM,eqrisk,0.1,False,2006-04-13,0.0621078207976995,0.09491285113299205,0.531876902808998,-0.21407797662528683,0.2901177495077433,-0.08115220838740889,0.013711048702162075,1.0432668339446658,0.8754863552106008,0.2645911785776892,0.2661573167027994,0.5244526576509214,True,True,,False,3
C+E|eqrisk|vt6|brake,C+E,eqrisk,0.06,True,2006-04-13,0.04648404191267286,0.06124837833191277,0.5394826743899303,-0.1400928924011723,0.33180871003477036,-0.037780488001585844,0.013695361106098891,1.0432668339446658,0.8856392636115837,0.2645911785776892,0.293621752045929,0.5246415301220553,True,True,,False,2
A+C+E|invvol_shrunk|vt6|brake,A+C+E,invvol_shrunk,0.06,True,2006-04-13,0.04507382582143338,0.058744547773134384,0.5369398142612083,-0.15642280100857708,0.28815380833745496,-0.03916691226852698,0.013540515891581482,1.0432668339446658,0.8827655503495966,0.2645911785776892,0.2666918047429934,0.5273937443412782,True,True,,False,3
A+C+D+TSMOM|eqrisk|vt6|brake,A+C+D+TSMOM,eqrisk,0.06,True,2006-04-28,0.04499745399380495,0.05917467240048508,0.5333713591575726,-0.13601811017233523,0.33081957936919637,-0.05016280965113362,0.013525459922814323,1.0432668339446658,0.8780644049823096,0.2645911785776892,0.2655420698146411,0.4435138155083047,True,True,,False,4
C+E|eqrisk|vt6|nobrake,C+E,eqrisk,0.06,False,2006-04-13,0.049385282172227596,0.06718017417970269,0.5386776339932672,-0.17809326094336453,0.2773001174251766,-0.045315784985755725,0.013496713734887091,1.0432668339446658,0.8851864625266994,0.2645911785776892,0.2680765773905025,0.5377519644328375,True,True,,False,2
A+B+PCT|minvar_lw|vt10|nobrake,A+B+PCT,minvar_lw,0.1,False,2006-05-08,0.06450333749228654,0.10107490660873973,0.5288479643906676,-0.20238972237416963,0.3187085625476351,-0.07379709666873824,0.013410373710603447,1.0432668339446658,0.8723125611948881,0.2645911785776892,0.236097594899176,0.5010614877022456,True,True,,False,3
A+C+E+PCT|invvol_shrunk|vt8|nobrake,A+C+E+PCT,invvol_shrunk,0.08,False,2006-04-13,0.05552194394340915,0.08110022366836421,0.5307941480079805,-0.1891268639670871,0.293569843959721,-0.06913102959561823,0.013395142081437508,1.0432668339446658,0.8749999178862853,0.2645911785776892,0.2024633192183311,0.5283792991927783,True,True,,False,4
B+C+E+PCT|eqrisk|vt8|nobrake,B+C+E+PCT,eqrisk,0.08,False,2006-04-13,0.055111795178592216,0.08182448497957757,0.5221652611001144,-0.23518168899318004,0.2343371008794413,-0.05853390114723278,0.012791282230359705,1.0432668339446658,0.8650933294908434,0.2645911785776892,0.21993155422246957,0.5401284023569586,True,True,,False,4
A+B+C+D+TSMOM|invvol_shrunk|vt10|nobrake,A+B+C+D+TSMOM,invvol_shrunk,0.1,False,2006-04-20,0.060559110599644805,0.09355233802868754,0.5230197331650668,-0.21400802300801713,0.2829758891673708,-0.0822075911827761,0.012783104807043602,1.0432668339446658,0.8663053427592733,0.2645911785776892,0.21873133403614475,0.44833842225049103,True,True,,False,5
A+E+PCT|minvar_lw|vt8|brake,A+E+PCT,minvar_lw,0.08,True,2006-05-08,0.052777608657776254,0.07587658895073905,0.5290253435598699,-0.1354369960483348,0.38968383970167914,-0.04370293010167203,0.012701252684225372,1.0432668339446658,0.8748048575782132,0.2645911785776892,0.24729824338802134,0.5096226764158063,True,True,,False,3
B+C+E|eqrisk|vt8|brake,B+C+E,eqrisk,0.08,True,2006-04-13,0.04980979692875054,0.07037684795323783,0.5231427622513346,-0.21099675679763785,0.23606901681679388,-0.04803195178671471,0.012682445745789077,1.0432668339446658,0.8668034126620363,0.2645911785776892,0.3461411219376025,0.5401284023569586,True,True,,False,3
C+E+TSMOM|invvol_shrunk|vt8|nobrake,C+E+TSMOM,invvol_shrunk,0.08,False,2006-04-13,0.055441983003294615,0.0823508826807378,0.5230812105877681,-0.19452400533006775,0.28501357921980286,-0.07315249594218631,0.012578350818334557,1.0432668339446658,0.8670588524116059,0.2645911785776892,0.2348399859546169,0.5065140409323751,True,True,,False,3
A+C+D+TSMOM|eqrisk|vt8|nobrake,A+C+D+TSMOM,eqrisk,0.08,False,2006-04-28,0.050650676712814535,0.07223302412784931,0.5234971530106403,-0.1925488787767723,0.2630536050616809,-0.06361951073840888,0.01248945664053979,1.0432668339446658,0.8679264069338506,0.2645911785776892,0.24502331138068667,0.4806175952286579,True,True,,False,4
B+C+D+TSMOM|invvol_shrunk|vt6|nobrake,B+C+D+TSMOM,invvol_shrunk,0.06,False,2006-04-20,0.046228133423608764,0.06394301865865289,0.5160290350547585,-0.15023140976713634,0.30771283778315,-0.05215294948222848,0.01240102697586003,1.0432668339446658,0.8577760268803767,0.2645911785776892,0.2748187621801555,0.42760941790008244,True,True,,False,4
A+C+D+PCT|invvol_shrunk|vt8|nobrake,A+C+D+PCT,invvol_shrunk,0.08,False,2006-04-28,0.05261860307356225,0.07665785022290444,0.5219717817625936,-0.23204862125263082,0.226756801180372,-0.059690071646155696,0.012300988373993495,1.0432668339446658,0.8664385006687365,0.2645911785776892,0.21964695941136136,0.45635582590782814,True,True,,False,4
A+B+PCT|minvar_lw|vt10|brake,A+B+PCT,minvar_lw,0.1,True,2006-05-08,0.05888643455116105,0.09073889288996394,0.519862225964901,-0.16896828476414183,0.34850584317263444,-0.050669996717385035,0.0120079671902844,1.0432668339446658,0.8644877068781989,0.2645911785776892,0.24403401692395407,0.49041458622460776,True,True,,False,3
A+B+PCT|minvar_lw|vt8|brake,A+B+PCT,minvar_lw,0.08,True,2006-05-08,0.05437211691409072,0.08024932566189287,0.5233581990855705,-0.1548342439292314,0.3511633830752715,-0.050746733935863264,0.01195702151981503,1.0432668339446658,0.8695138558341038,0.2645911785776892,0.24832674005309527,0.5146138806476733,True,True,,False,3
A+C+D+TSMOM|eqrisk|vt10|nobrake,A+C+D+TSMOM,eqrisk,0.1,False,2006-04-28,0.0545305154844522,0.0811190393890288,0.5199552046034253,-0.2035221141400363,0.2679341049244983,-0.06823960880896374,0.011941203496419096,1.0432668339446658,0.8648447213075035,0.2645911785776892,0.23506376597120604,0.4450161529652661,True,True,,False,4
A+B+E+PCT|minvar_lw|vt6|nobrake,A+B+E+PCT,minvar_lw,0.06,False,2006-05-08,0.04777379073671173,0.06592949864165394,0.5259393023177756,-0.15142745913310496,0.31548961469873504,-0.051627217420797455,0.011838976556583317,1.0432668339446658,0.8734591909669532,0.2645911785776892,0.3035251709643142,0.4849180316150268,True,True,,False,4
A+B+TSMOM|invvol_shrunk|vt10|brake,A+B+TSMOM,invvol_shrunk,0.1,True,2006-04-20,0.06080308528025258,0.09572458855384511,0.5157006666696043,-0.15947282750251845,0.38127552030324635,-0.06254417481996555,0.011809964063331626,1.0432668339446658,0.8593175404733082,0.2645911785776892,0.19025306927307958,0.47604985360105195,True,True,,False,3
C+D+TSMOM|invvol_shrunk|vt6|brake,C+D+TSMOM,invvol_shrunk,0.06,True,2006-04-28,0.04368939967363983,0.05852083860075775,0.5172523955979799,-0.1340188850020042,0.32599435275846733,-0.04460706826139105,0.01177549801613659,1.0432668339446658,0.8616253450399481,0.2645911785776892,0.2830628248635237,0.4508694955232787,True,True,,False,3
A+C+D+PCT|invvol_shrunk|vt8|brake,A+C+D+PCT,invvol_shrunk,0.08,True,2006-04-28,0.04869353228070694,0.06885976981825612,0.5185595620323392,-0.17259956991078218,0.2821185029943988,-0.059690071646155696,0.01173397005379728,1.0432668339446658,0.8636042355298439,0.2645911785776892,0.24611817522051804,0.4821461138017995,True,True,,False,4
A+B+TSMOM|minvar_lw|vt8|brake,A+B+TSMOM,minvar_lw,0.08,True,2006-05-08,0.05563119137537553,0.0841374319774572,0.517191758286098,-0.12407367410129333,0.4483722415599494,-0.05703954763930663,0.011644968188391381,1.0432668339446658,0.8619922964660633,0.2645911785776892,0.2593669333665444,0.5131659815459386,True,True,,False,3
A+B+C+D+TSMOM|eqrisk|vt8|nobrake,A+B+C+D+TSMOM,eqrisk,0.08,False,2006-04-20,0.05163941998721455,0.07538094160863108,0.5166868114214945,-0.18704722280370467,0.2760769136968538,-0.058644262600101915,0.011620720238460615,1.0432668339446658,0.8613657497253546,0.2645911785776892,0.2521792630758234,0.4482653558375368,True,True,,False,5
B+C+E|eqrisk|vt8|nobrake,B+C+E,eqrisk,0.08,False,2006-04-13,0.055395007125638385,0.08359713684452272,0.5160531814305409,-0.3085037349274019,0.17956024791296,-0.054691418380415024,0.011450309174924874,1.0432668339446658,0.861069207602464,0.2645911785776892,0.2954131264817579,0.5226540116757246,True,True,,False,3
A+B+C+E|invvol_shrunk|vt10|brake,A+B+C+E,invvol_shrunk,0.1,True,2006-04-13,0.054201824468998794,0.0808738980146607,0.5165763986550184,-0.2501832015379448,0.21664853649567717,-0.05702995925019394,0.011344637713932543,1.0432668339446658,0.8621800710973788,0.2645911785776892,0.31957373969647607,0.5140704033462378,True,True,,False,4
C+D+TSMOM|invvol_shrunk|vt8|nobrake,C+D+TSMOM,invvol_shrunk,0.08,False,2006-04-28,0.051782598582731154,0.07675222503540792,0.5110829208514297,-0.18839312017080956,0.2748645945020798,-0.05591752514485293,0.011109176997913998,1.0432668339446658,0.8552209658214978,0.2645911785776892,0.24034915710481852,0.41751270510420696,True,True,,False,3
A+B+E+PCT|minvar_lw|vt8|nobrake,A+B+E+PCT,minvar_lw,0.08,False,2006-05-08,0.05471052084642514,0.08286563577053897,0.5132507814509284,-0.2000562414770074,0.2734757008454198,-0.06365512238187188,0.010672728918973763,1.0432668339446658,0.8599086294728924,0.2645911785776892,0.2973887001833887,0.504100025878683,True,True,,False,4
A+C+E+PCT|invvol_shrunk|vt8|brake,A+C+E+PCT,invvol_shrunk,0.08,True,2006-04-13,0.049052575777613905,0.07072439138310689,0.5106100332567038,-0.14874047919255318,0.32978632342654013,-0.043672284871384304,0.010613113871180213,1.0432668339446658,0.8563632456102808,0.2645911785776892,0.24134819985392786,0.5457556273141375,True,True,,False,4
A+B+C+E|invvol_shrunk|vt6|nobrake,A+B+C+E,invvol_shrunk,0.06,False,2006-04-13,0.045969788202650186,0.0643603543671618,0.5088304225296438,-0.2529523177063574,0.18173301837864456,-0.04284702620014347,0.010537294834647432,1.0432668339446658,0.8540916834813332,0.2645911785776892,0.2896894120184526,0.5258267828909187,True,True,,False,4
A+C+D+TSMOM|eqrisk|vt8|brake,A+C+D+TSMOM,eqrisk,0.08,True,2006-04-28,0.04817325318167898,0.06930375187287544,0.5085639606035706,-0.1512579947501168,0.3184840131013424,-0.06361951073840888,0.010515021169195048,1.0432668339446658,0.8537916040905751,0.2645911785776892,0.262880153284656,0.4498560463004321,True,True,,False,4
A+B+C+D+PCT|eqrisk|vt6|nobrake,A+B+C+D+PCT,eqrisk,0.06,False,2006-04-20,0.04498781170010702,0.06252313428071754,0.507307632844537,-0.18532951083757954,0.2427449977976458,-0.0454101612864487,0.010350720081585923,1.0432668339446658,0.8525996791886078,0.2645911785776892,0.26246712165309916,0.43015257795271256,True,True,,False,5
A+B+TSMOM|minvar_lw|vt10|brake,A+B+TSMOM,minvar_lw,0.1,True,2006-05-08,0.058936667671753096,0.09460184773772923,0.5029737640063068,-0.14163253585615443,0.41612379045172687,-0.05574082536330893,0.010328594877843121,1.0432668339446658,0.8463832418203311,0.2645911785776892,0.22603188180853376,0.5185269921254995,True,True,,False,3
B+C+D+TSMOM|invvol_shrunk|vt6|brake,B+C+D+TSMOM,invvol_shrunk,0.06,True,2006-04-20,0.04353657549436463,0.06053680719879014,0.4989994840331964,-0.12827351609887228,0.3394042419544106,-0.049844612250681486,0.010325962810713267,1.0432668339446658,0.8405525425249785,0.2645911785776892,0.3001888341666311,0.4293172353116761,True,True,,False,4
C+E|eqrisk|vt8|brake,C+E,eqrisk,0.08,True,2006-04-13,0.05021279982392679,0.0732487005069046,0.5106054262508434,-0.16839572349961174,0.2981833432607483,-0.05537580533358255,0.010310863818273194,1.0432668339446658,0.8574940975254397,0.2645911785776892,0.3425517955310107,0.5139968010959313,True,True,,False,2
C+E+PCT|eqrisk|vt8|nobrake,C+E+PCT,eqrisk,0.08,False,2006-04-13,0.05361491049505496,0.08138227830713711,0.5070209733935402,-0.18168723847366375,0.29509453137968544,-0.07497573524365198,0.010252331972828386,1.0432668339446658,0.852560389351201,0.2645911785776892,0.2156204691473075,0.5135080505203211,True,True,,False,3
B+C+E+TSMOM|invvol_shrunk|vt8|brake,B+C+E+TSMOM,invvol_shrunk,0.08,True,2006-04-13,0.049267546761053715,0.07297084959867864,0.5000126389713453,-0.15973983125398528,0.30842368102116396,-0.055676727215768884,0.010167407397287474,1.0432668339446658,0.8426551285617528,0.2645911785776892,0.26756127906544025,0.5107120657432577,True,True,,False,4
A+B+TSMOM|invvol_shrunk|vt8|brake,A+B+TSMOM,invvol_shrunk,0.08,True,2006-04-20,0.05256319171640844,0.08030293586753928,0.5007441801710508,-0.14940356986744552,0.3518201858432418,-0.05567428766028637,0.010075371936540798,1.0432668339446658,0.8440879169694133,0.2645911785776892,0.21357033639175294,0.4767883106759221,True,True,,False,3
A+B+PCT|minvar_lw|vt6|brake,A+B+PCT,minvar_lw,0.06,True,2006-05-08,0.04718153881034892,0.06671850314142734,0.5120360030092487,-0.12689734282886733,0.37180872158984085,-0.04996729436787317,0.009993959894384532,1.0432668339446658,0.8607527446180359,0.2645911785776892,0.26110828192093877,0.5037187698776822,True,True,,False,3
C+E+PCT|eqrisk|vt8|brake,C+E+PCT,eqrisk,0.08,True,2006-04-13,0.04920097632042442,0.07199158024633028,0.5048508399405279,-0.1472059563729573,0.3342322385092222,-0.04431489346658379,0.00993391263570895,1.0432668339446658,0.8506454868549078,0.2645911785776892,0.24479870580298171,0.5088131998221919,True,True,,False,3
C+E+TSMOM|eqrisk|vt10|brake,C+E+TSMOM,eqrisk,0.1,True,2006-04-13,0.05465825467078145,0.08446773795142275,0.5032346378663074,-0.1628549312273272,0.3356254198682179,-0.06048061746193545,0.00992257049067776,1.0432668339446658,0.8483342150807711,0.2645911785776892,0.3160956157367752,0.5434330750860049,True,True,,False,3
A+C+E+TSMOM|invvol_shrunk|vt10|brake,A+C+E+TSMOM,invvol_shrunk,0.1,True,2006-04-13,0.054378398744231005,0.0841295540695455,0.5017597232365327,-0.1630148855197675,0.3335793450447626,-0.05967060299031801,0.009826093359536088,1.0432668339446658,0.8465552163468002,0.2645911785776892,0.2708560599202013,0.5541793893509698,True,True,,False,4
A+C+E|invvol_shrunk|vt8|brake,A+C+E,invvol_shrunk,0.08,True,2006-04-13,0.049302046752487394,0.07218845948008377,0.504996864615738,-0.17997964678581713,0.2739312340753662,-0.04522902324488132,0.009727110515120813,1.0432668339446658,0.8516733732360373,0.2645911785776892,0.3065210597413318,0.5237749237589561,True,True,,False,3
A+B+C+E|invvol_shrunk|vt8|nobrake,A+B+C+E,invvol_shrunk,0.08,False,2006-04-13,0.053652531891414945,0.08247779681154996,0.501862941715019,-0.3177766164024096,0.16883725586489728,-0.05479293335437041,0.009630067832897223,1.0432668339446658,0.8474863149093638,0.2645911785776892,0.2989655787473939,0.5274894938292483,True,True,,False,4
B+C+E|eqrisk|vt10|brake,B+C+E,eqrisk,0.1,True,2006-04-13,0.05316790621409795,0.08194103283045888,0.49898391934821434,-0.25043409870565614,0.212302983055786,-0.05839658788217783,0.009490255197154181,1.0432668339446658,0.8438136815252297,0.2645911785776892,0.3654680336679933,0.4922585943627719,True,True,,False,3
B+C+E+TSMOM|invvol_shrunk|vt10|nobrake,B+C+E+TSMOM,invvol_shrunk,0.1,False,2006-04-13,0.06008728361943927,0.09884773799113136,0.4953833242374046,-0.24583021106937786,0.2444259530106392,-0.07648678045430235,0.00948400875444958,1.0432668339446658,0.838497922931724,0.2645911785776892,0.24834825068739802,0.5081611218539082,True,True,,False,4
A+E+TSMOM|eqrisk|vt8|nobrake,A+E+TSMOM,eqrisk,0.08,False,2006-04-13,0.053653651990895,0.08326743998401816,0.4978142512035034,-0.20391581087376864,0.2631166840913017,-0.05937562864580115,0.009373254666285637,1.0432668339446658,0.842559894956141,0.2645911785776892,0.23157187863687534,0.4779055983884133,True,True,,False,3
C+E|eqrisk|vt8|nobrake,C+E,eqrisk,0.08,False,2006-04-13,0.054009336533718866,0.08306792181540013,0.502880646158157,-0.22637282096607214,0.23858578208827275,-0.05299797958628727,0.009267586979392646,1.0432668339446658,0.8504473400529045,0.2645911785776892,0.3066997363251126,0.5133293038406921,True,True,,False,2
C+E+TSMOM|invvol_shrunk|vt6|brake,C+E+TSMOM,invvol_shrunk,0.06,True,2006-04-13,0.04236307412950158,0.05847544967092625,0.4947253249560246,-0.1385471330044955,0.30576651577573244,-0.03916691226852698,0.009060386575544964,1.0432668339446658,0.8392616959162383,0.2645911785776892,0.2622995352259954,0.4886440135195996,True,True,,False,3
A+B+C+D+E+TSMOM|invvol_shrunk|vt6|brake,A+B+C+D+E+TSMOM,invvol_shrunk,0.06,True,2006-04-13,0.04109146072879133,0.055899909227200874,0.4930294410238848,-0.14401597877043482,0.28532570538087426,-0.038663803261062446,0.009029567244591407,1.0432668339446658,0.836854745434374,0.2645911785776892,0.28943077704426934,0.4227470257911595,True,True,,False,6
A+B+C+E+PCT|invvol_shrunk|vt10|brake,A+B+C+E+PCT,invvol_shrunk,0.1,True,2006-04-13,0.051727273371455995,0.07981747334386559,0.4928932507999112,-0.20266973147138412,0.255229397088137,-0.06062619382836021,0.008958342421317704,1.0432668339446658,0.8369504036729232,0.2645911785776892,0.28609619802533515,0.5259119772737912,True,True,,False,5
A+B+C+D+E+TSMOM|invvol_shrunk|vt6|nobrake,A+B+C+D+E+TSMOM,invvol_shrunk,0.06,False,2006-04-13,0.04398946842430518,0.06243745045629463,0.4921223066460502,-0.1685437375461838,0.260997347422958,-0.04504418633212093,0.008915137910907632,1.0432668339446658,0.8359763440062076,0.2645911785776892,0.25959976840334686,0.42483799246136966,True,True,,False,6
A+E+TSMOM|eqrisk|vt8|brake,A+E+TSMOM,eqrisk,0.08,True,2006-04-13,0.049733430512593824,0.07549889653826937,0.4915198061660111,-0.15538943146059525,0.32005671199849633,-0.05001297318590836,0.008836603114355772,1.0432668339446658,0.8354045049202997,0.2645911785776892,0.25866947519378586,0.42995232353759455,True,True,,False,3
A+B+C+D+PCT|eqrisk|vt8|brake,A+B+C+D+PCT,eqrisk,0.08,True,2006-04-20,0.04684948550400003,0.06840580435204341,0.49524909787305293,-0.16465013382125182,0.2845396138873532,-0.0498331681732781,0.008729135013130664,1.0432668339446658,0.8414488185804856,0.2645911785776892,0.2619224183317872,0.4195699255848314,True,True,,False,5
A+B+C+D+E+TSMOM|eqrisk|vt6|brake,A+B+C+D+E+TSMOM,eqrisk,0.06,True,2006-04-13,0.04065960522653245,0.055072519372432516,0.4920798670550426,-0.15564210366884446,0.2612378287628571,-0.035754297130610846,0.00862240012067274,1.0432668339446658,0.8371674061007137,0.2645911785776892,0.2958781992350065,0.4028724761503696,True,True,,False,6
A+B+TSMOM|eqrisk|vt8|brake,A+B+TSMOM,eqrisk,0.08,True,2006-04-20,0.052588161956614865,0.08272009700282798,0.48874688919886916,-0.14844072877734027,0.3542704377010748,-0.0633044818279499,0.008622108790870144,1.0432668339446658,0.8321424640505237,0.2645911785776892,0.21227652449211373,0.4940070776100899,True,True,,False,3
A+B+C+D+TSMOM|eqrisk|vt8|brake,A+B+C+D+TSMOM,eqrisk,0.08,True,2006-04-20,0.047196786589496886,0.06981118700286515,0.49144974593383667,-0.15602471312719024,0.3024955831902245,-0.04815051592384312,0.008547217256786756,1.0432668339446658,0.836547334349593,0.2645911785776892,0.28608914150166515,0.47883717050977304,True,True,,False,5
A+C+E+PCT|invvol_shrunk|vt10|nobrake,A+C+E+PCT,invvol_shrunk,0.1,False,2006-04-13,0.058297587008809826,0.09599991098783713,0.48947464495106685,-0.20959646434252122,0.2781420344645713,-0.0764781933281663,0.008421700943877114,1.0432668339446658,0.8341195709718646,0.2645911785776892,0.21918541408889616,0.5068551396134972,True,True,,False,4
A+E+TSMOM|eqrisk|vt10|nobrake,A+E+TSMOM,eqrisk,0.1,False,2006-04-13,0.059451328024793915,0.09919124861181067,0.487861339511344,-0.2328303090025261,0.2553418765773699,-0.06136771659443452,0.008410842774467615,1.0432668339446658,0.8317243599129511,0.2645911785776892,0.22500222023105101,0.4546233810064727,True,True,,False,3
A+B+TSMOM|eqrisk|vt10|brake,A+B+TSMOM,eqrisk,0.1,True,2006-04-20,0.05798716942977222,0.09587815982553077,0.48726997504912894,-0.1573923199945565,0.36842438965114527,-0.052677525022707616,0.008368685299737808,1.0432668339446658,0.831012925081364,0.2645911785776892,0.22626944636782415,0.49586032660258794,True,True,,False,3
C+D+PCT|invvol_shrunk|vt8|brake,C+D+PCT,invvol_shrunk,0.08,True,2006-04-28,0.044417918927064814,0.06437430296125658,0.4866280091072448,-0.17928354945198433,0.2477523401496511,-0.05050580077171751,0.008145290822611347,1.0432668339446658,0.8310355820242856,0.2645911785776892,0.27485541241855005,0.40733995125226424,True,True,,False,3
B+C+D+TSMOM|invvol_shrunk|vt8|nobrake,B+C+D+TSMOM,invvol_shrunk,0.08,False,2006-04-20,0.05094886901334972,0.0806026955978376,0.48017239010682206,-0.18374163357935192,0.277285381765949,-0.0693375321439158,0.008135777646644478,1.0432668339446658,0.821187872240206,0.2645911785776892,0.2619022767331007,0.40293013947225986,True,True,,False,4
A+B+C+D+PCT|invvol_shrunk|vt8|nobrake,A+B+C+D+PCT,invvol_shrunk,0.08,False,2006-04-20,0.0511298825704074,0.0802486199045583,0.4840172447998498,-0.22930948717613486,0.22297325418173405,-0.0662664290667695,0.008083575220746177,1.0432668339446658,0.827330383177588,0.2645911785776892,0.248676350600382,0.4293807768691807,True,True,,False,5
A+B+C+E+PCT|invvol_shrunk|vt10|nobrake,A+B+C+E+PCT,invvol_shrunk,0.1,False,2006-04-13,0.05784010617682811,0.09652818692363677,0.4829161312190137,-0.28788417421955714,0.2009145043614516,-0.0722690339525136,0.008034051924829113,1.0432668339446658,0.825868109846775,0.2645911785776892,0.2806944350989644,0.5195209079643819,True,True,,False,5
A+C+E|invvol_shrunk|vt6|nobrake,A+C+E,invvol_shrunk,0.06,False,2006-04-13,0.045162983174462434,0.06533748610542482,0.4902770106867774,-0.19822419250687717,0.2278378970967207,-0.04013719665056836,0.00792738052521873,1.0432668339446658,0.8375608356091307,0.2645911785776892,0.26259138231295476,0.5228851183954261,True,True,,False,3
A+B+C+D+E+TSMOM|eqrisk|vt6|nobrake,A+B+C+D+E+TSMOM,eqrisk,0.06,False,2006-04-13,0.04296630825655101,0.06128560797633998,0.48421301732056965,-0.17872345726641614,0.24040665346184972,-0.040744597669907345,0.007894207579500344,1.0432668339446658,0.8284961127917386,0.2645911785776892,0.27019576482369945,0.41843815390440164,True,True,,False,6
A+B+C+D+E+PCT|eqrisk|vt6|brake,A+B+C+D+E+PCT,eqrisk,0.06,True,2006-04-13,0.040125450367482385,0.054761781099013036,0.4851719652362957,-0.16248558435164873,0.24694775556607854,-0.033785818104667964,0.007870011082890415,1.0432668339446658,0.8300740333254962,0.2645911785776892,0.3041150092487954,0.39781888792258924,True,True,,False,6
B+C+E|invvol_shrunk|vt8|brake,B+C+E,invvol_shrunk,0.08,True,2006-04-13,0.046411539258346624,0.06961946506005368,0.48148427528158455,-0.22455375751859674,0.20668342303068782,-0.055676727215768884,0.007866016283404673,1.0432668339446658,0.8244381689343698,0.2645911785776892,0.37038034232790823,0.45321958345982183,True,True,,False,3
C+D+TSMOM|invvol_shrunk|vt10|nobrake,C+D+TSMOM,invvol_shrunk,0.1,False,2006-04-28,0.05520657574082399,0.09089456075388001,0.4803405615510539,-0.21001159067044028,0.26287394693113225,-0.06345498844779718,0.007783839833019743,1.0432668339446658,0.8230564327492135,0.2645911785776892,0.2290179906587719,0.39266397574045653,True,True,,False,3
A+B+E+PCT|minvar_lw|vt10|nobrake,A+B+E+PCT,minvar_lw,0.1,False,2006-05-08,0.05768461761884569,0.09658156973869976,0.4822607494395902,-0.2408405633236499,0.2395137132332941,-0.07227041456040983,0.007690259645955622,1.0432668339446658,0.8264512891954992,0.2645911785776892,0.31167831545020963,0.49555309494691857,True,True,,False,4
B+C+E+TSMOM|invvol_shrunk|vt10|brake,B+C+E+TSMOM,invvol_shrunk,0.1,True,2006-04-13,0.052320171130819215,0.0846037928734668,0.47638238750288564,-0.18874458988090181,0.2772009050104871,-0.06889817840148615,0.007675958113402329,1.0432668339446658,0.8174284225928741,0.2645911785776892,0.30171444603669917,0.49769798160437495,True,True,,False,4
A+B+E+TSMOM|eqrisk|vt8|nobrake,A+B+E+TSMOM,eqrisk,0.08,False,2006-04-13,0.052398113051816075,0.08423560686027629,0.47892225267736444,-0.2155437514659343,0.24309734193383636,-0.062333293538725965,0.007539129972191786,1.0432668339446658,0.8220150126861296,0.2645911785776892,0.2996225571048362,0.47168366260387196,True,True,,False,4
A+C+E+PCT|invvol_shrunk|vt10|brake,A+C+E+PCT,invvol_shrunk,0.1,True,2006-04-13,0.05136793723156807,0.08137290389642528,0.48077585239729037,-0.15760690895220297,0.3259243999712366,-0.05265335042548491,0.007532219819953996,1.0432668339446658,0.8249126010967638,0.2645911785776892,0.26325321174236743,0.49732648701822196,True,True,,False,4
A+C+D+PCT|eqrisk|vt6|nobrake,A+C+D+PCT,eqrisk,0.06,False,2006-04-28,0.04277484594186043,0.061389454350601835,0.4816093391451097,-0.195274813310935,0.21904947810012898,-0.0514606476184265,0.007521309101046396,1.0432668339446658,0.8262493340130477,0.2645911785776892,0.2534374748962867,0.4306019319270866,True,True,,False,4
B+C+E+PCT|invvol_shrunk|vt6|brake,B+C+E+PCT,invvol_shrunk,0.06,True,2006-04-13,0.04030207408992137,0.05653349021503602,0.4747524135938119,-0.14702849319451494,0.2741106381101434,-0.042590187558639636,0.007504702033464498,1.0432668339446658,0.8156969132711364,0.2645911785776892,0.25281760140744386,0.4668873985328028,True,True,,False,4
C+E+PCT|eqrisk|vt6|brake,C+E+PCT,eqrisk,0.06,True,2006-04-13,0.04258632813786378,0.060916614520854825,0.4807850339921691,-0.13054537749991235,0.32621858355645245,-0.044010017098020326,0.007459752330590938,1.0432668339446658,0.8252735045247078,0.2645911785776892,0.22786329715965892,0.5447480168206238,True,True,,False,3
A+B+E+PCT|minvar_lw|vt6|brake,A+B+E+PCT,minvar_lw,0.06,True,2006-05-08,0.043339087146110344,0.0618878950863217,0.48757531379046337,-0.1294051484775528,0.3349100685404966,-0.051627217420797455,0.0074350647668675485,1.0432668339446658,0.8357925588159524,0.2645911785776892,0.32782262061812967,0.49494570572607877,True,True,,False,4
A+B+C+D+E+PCT|invvol_shrunk|vt6|brake,A+B+C+D+E+PCT,invvol_shrunk,0.06,True,2006-04-13,0.03978820930912108,0.055026397770561127,0.4772051984414379,-0.1589450546730412,0.25032681508064303,-0.037900709428406065,0.007411162918320849,1.0432668339446658,0.8199636920650557,0.2645911785776892,0.30440145240721883,0.405979873744643,True,True,,False,6
A+B+E+PCT|minvar_lw|vt10|brake,A+B+E+PCT,minvar_lw,0.1,True,2006-05-08,0.050907163826791946,0.08115451421453304,0.4778554084429088,-0.18421649736459977,0.2763442175650366,-0.067893331722791,0.007389555206663655,1.0432668339446658,0.821077606145733,0.2645911785776892,0.30938637496095867,0.47864381057118677,True,True,,False,4
A+C+D+PCT|invvol_shrunk|vt10|brake,A+C+D+PCT,invvol_shrunk,0.1,True,2006-04-28,0.04929257494930628,0.0772340006249595,0.4776642184963542,-0.1905000433574473,0.25875361538272984,-0.07239743354730355,0.007324984282615273,1.0432668339446658,0.8210932432708866,0.2645911785776892,0.22270715432236887,0.4228918296826114,True,True,,False,4
A+E+TSMOM|eqrisk|vt6|nobrake,A+E+TSMOM,eqrisk,0.06,False,2006-04-13,0.0438154134693407,0.06432056357935381,0.4768889440994621,-0.16020812636911308,0.2734905804240651,-0.05375333486452483,0.007311090047022244,1.0432668339446658,0.8199557543507651,0.2645911785776892,0.2504946817044283,0.46332170320941685,True,True,,False,3
B+C+E+PCT|invvol_shrunk|vt8|brake,B+C+E+PCT,invvol_shrunk,0.08,True,2006-04-13,0.046116275511258076,0.0708187115136472,0.470500309031356,-0.17704831337877303,0.2604728315744979,-0.055676727215768884,0.007134189863417043,1.0432668339446658,0.8108219972640935,0.2645911785776892,0.2688664152503435,0.4781183444376982,True,True,,False,4
C+E+TSMOM|invvol_shrunk|vt10|nobrake,C+E+TSMOM,invvol_shrunk,0.1,False,2006-04-13,0.057419110299977705,0.09798356049690418,0.4730882256598194,-0.2240053371803109,0.25632920636064466,-0.07769381065538239,0.007086400299384691,1.0432668339446658,0.8151230036809516,0.2645911785776892,0.27284641454988495,0.5092322674125864,True,True,,False,3
A+E+PCT|minvar_lw|vt10|brake,A+E+PCT,minvar_lw,0.1,True,2006-05-08,0.051436757498078745,0.08301352436919601,0.4750268717027834,-0.1478689129770614,0.34785376089197345,-0.04756666133125853,0.007061332950004732,1.0432668339446658,0.8182812850584312,0.2645911785776892,0.29951070143739056,0.5034403760013894,True,True,,False,3
A+B+E+TSMOM|eqrisk|vt6|nobrake,A+B+E+TSMOM,eqrisk,0.06,False,2006-04-13,0.04379001011930406,0.06495339240626097,0.4725370424264969,-0.16640641883152074,0.2631509675335273,-0.04726802714937306,0.007031386497405321,1.0432668339446658,0.8145316704052551,0.2645911785776892,0.30293600038189605,0.45940468953630076,True,True,,False,4
A+B+E+TSMOM|eqrisk|vt10|nobrake,A+B+E+TSMOM,eqrisk,0.1,False,2006-04-13,0.05820947554451328,0.10026918001192901,0.4720236380373758,-0.2539911899065994,0.22917911273189728,-0.07372098623906398,0.007026025773429384,1.0432668339446658,0.8137522395548055,0.2645911785776892,0.2957623360800834,0.46914056965970286,True,True,,False,4
A+B+E+TSMOM|eqrisk|vt8|brake,A+B+E+TSMOM,eqrisk,0.08,True,2006-04-13,0.046972178586946356,0.07270724643279403,0.4713436871703682,-0.16291505819595797,0.28832312437593793,-0.0568511738020393,0.006939869867920897,1.0432668339446658,0.8131140639669199,0.2645911785776892,0.2970449895382628,0.45418565574938774,True,True,,False,4
A+C+E|invvol_shrunk|vt8|nobrake,A+C+E,invvol_shrunk,0.08,False,2006-04-13,0.05152746428103927,0.08272403059429469,0.476104899830168,-0.25320934504741854,0.20349748257272937,-0.05486032534851859,0.006778608513539262,1.0432668339446658,0.8213947010449453,0.2645911785776892,0.2837201143284827,0.5034299031653785,True,True,,False,3
A+B+TSMOM|invvol_shrunk|vt6|brake,A+B+TSMOM,invvol_shrunk,0.06,True,2006-04-20,0.04256193914096085,0.06334658152549072,0.46482973215297496,-0.1218664130702749,0.3492507744231159,-0.05380848293565921,0.006717858405369435,1.0432668339446658,0.8039288078215306,0.2645911785776892,0.22032548321652576,0.5082224234203276,True,True,,False,3
B+C+E+PCT|invvol_shrunk|vt6|nobrake,B+C+E+PCT,invvol_shrunk,0.06,False,2006-04-13,0.042865779259938064,0.06425447253751898,0.46327448803424964,-0.18774572766113362,0.22831826744578415,-0.05613350818426699,0.00658769302466114,1.0432668339446658,0.8021174154492479,0.2645911785776892,0.23964683896156358,0.45831109309960694,True,True,,False,4
A+B+E+TSMOM|eqrisk|vt10|brake,A+B+E+TSMOM,eqrisk,0.1,True,2006-04-13,0.0509444858834327,0.08351988877593933,0.4657440968929088,-0.19396113853032493,0.26265305653208343,-0.07013136258186137,0.006517400882802047,1.0432668339446658,0.8064182193552697,0.2645911785776892,0.3099491714708226,0.42874175564086003,True,True,,False,4
A+B+PCT|eqrisk|vt8|brake,A+B+PCT,eqrisk,0.08,True,2006-04-20,0.04956942059795888,0.07980041059152534,0.46760125271986935,-0.15211336624961436,0.32587156421623503,-0.04193156741800863,0.00644055470099246,1.0432668339446658,0.8097733620001044,0.2645911785776892,0.2633895193359149,0.433534233709871,True,True,,False,3
A+B+C+D+TSMOM|eqrisk|vt10|nobrake,A+B+C+D+TSMOM,eqrisk,0.1,False,2006-04-20,0.05201949049623744,0.08672056054808967,0.46384379918286234,-0.22083727432493894,0.23555575323618697,-0.07099293955853292,0.0062471006596738305,1.0432668339446658,0.8048215298420969,0.2645911785776892,0.25814522760758724,0.4154352544334818,True,True,,False,5
C+D+PCT|invvol_shrunk|vt6|brake,C+D+PCT,invvol_shrunk,0.06,True,2006-04-28,0.03872384458496292,0.054665578886466344,0.4624932951176854,-0.1506689602657333,0.2570127550934584,-0.038174277420344405,0.006120019643362511,1.0432668339446658,0.8033489187559588,0.2645911785776892,0.29519190112977856,0.4285366599249128,True,True,,False,3
A+B+PCT|eqrisk|vt8|nobrake,A+B+PCT,eqrisk,0.08,False,2006-04-20,0.052165468260951586,0.08774978648999714,0.4610056507341065,-0.194710641006691,0.26791277554861004,-0.06689255664547478,0.006065058732708273,1.0432668339446658,0.8012622271768718,0.2645911785776892,0.26373918812510455,0.4489586340970103,True,True,,False,3
C+E+PCT|eqrisk|vt10|brake,C+E+PCT,eqrisk,0.1,True,2006-04-13,0.04967287327551562,0.08117313437168168,0.461895945163271,-0.1589162946442646,0.31257256146519613,-0.05347617352499545,0.006043107662577572,1.0432668339446658,0.8028124684782064,0.2645911785776892,0.2855215251503568,0.47107973023318916,True,True,,False,3
A+C+D+PCT|invvol_shrunk|vt10|nobrake,A+C+D+PCT,invvol_shrunk,0.1,False,2006-04-28,0.05304667279257069,0.09034094841998822,0.46004042196191103,-0.2679066643355359,0.19800430468625127,-0.07239743354730355,0.006022162848556236,1.0432668339446658,0.7999455746186408,0.2645911785776892,0.23267811487423326,0.43851875890035874,True,True,,False,4
A+B+C+D+TSMOM|eqrisk|vt10|brake,A+B+C+D+TSMOM,eqrisk,0.1,True,2006-04-20,0.048844645212918536,0.07907528644951295,0.4624252431464932,-0.16948626047229465,0.28819235893698303,-0.05443540470825914,0.005970647160723363,1.0432668339446658,0.8040628103370504,0.2645911785776892,0.25850443855018,0.4165394839333335,True,True,,False,5
A+B+E+TSMOM|invvol_shrunk|vt10|nobrake,A+B+E+TSMOM,invvol_shrunk,0.1,False,2006-04-13,0.05701896659588668,0.10126772049295811,0.4572732383642818,-0.24705410033036768,0.2307954675499792,-0.07930572801044133,0.0059591522020965085,1.0432668339446658,0.795829593995856,0.2645911785776892,0.2839961573169774,0.44200443250539767,True,True,,False,4
C+E|eqrisk|vt10|brake,C+E,eqrisk,0.1,True,2006-04-13,0.05015339298025978,0.08249311230952787,0.46137442647420923,-0.19869268422539355,0.25241690792886284,-0.05761362601861586,0.005839797444145851,1.0432668339446658,0.803108458015877,0.2645911785776892,0.3904969095832897,0.5011092786072608,True,True,,False,2
B+C+E+PCT|eqrisk|vt10|nobrake,B+C+E+PCT,eqrisk,0.1,False,2006-04-13,0.054960254638147577,0.09662046245307929,0.4543575979282036,-0.30136650097163853,0.18237015216007654,-0.07327446694442818,0.005777456626876157,1.0432668339446658,0.7921162904513721,0.2645911785776892,0.2533308053850379,0.48621213883323583,True,True,,False,4
A+C+D+TSMOM|eqrisk|vt10|brake,A+C+D+TSMOM,eqrisk,0.1,True,2006-04-28,0.04721158714878815,0.07602248466000082,0.4579280365464842,-0.15892876976841386,0.29706130122056207,-0.06823960880896374,0.005764399108154783,1.0432668339446658,0.7979771029737628,0.2645911785776892,0.26324742413988994,0.4377297214339181,True,True,,False,4
A+B+PCT|eqrisk|vt6|nobrake,A+B+PCT,eqrisk,0.06,False,2006-04-20,0.04347623059033734,0.0670911281390814,0.45556750566657683,-0.14971243653852961,0.29039825678842923,-0.053459956502077466,0.005735798896890287,1.0432668339446658,0.7943154626281512,0.2645911785776892,0.25904420759046437,0.4403867909660927,True,True,,False,3
A+E+TSMOM|eqrisk|vt6|brake,A+E+TSMOM,eqrisk,0.06,True,2006-04-13,0.0397460954743416,0.05811313886445507,0.4541063639923368,-0.13314892361454778,0.2985085751755861,-0.04466674528211445,0.0056278745205527725,1.0432668339446658,0.7925562286547168,0.2645911785776892,0.2911741478471146,0.420210888087242,True,True,,False,3
A+C+E|invvol_shrunk|vt10|brake,A+C+E,invvol_shrunk,0.1,True,2006-04-13,0.049274575495744655,0.0810590405139739,0.45774650539952905,-0.21415960219739016,0.23008342838780793,-0.05602627621900891,0.005627491376752521,1.0432668339446658,0.7984667931151823,0.2645911785776892,0.37542735664090765,0.5033782939261353,True,True,,False,3
A+B+C+D|invvol_shrunk|vt6|nobrake,A+B+C+D,invvol_shrunk,0.06,False,2006-04-20,0.042579061130699536,0.0649882637501148,0.4549989576601058,-0.1566818537116289,0.2717548977245686,-0.04610891714003729,0.0055810745978939705,1.0432668339446658,0.7942771943447492,0.2645911785776892,0.2569740371402731,0.3991574286282249,True,True,,False,4
A+B+PCT|invvol_shrunk|vt8|brake,A+B+PCT,invvol_shrunk,0.08,True,2006-04-20,0.047416471150282025,0.07756393195528669,0.4523820013885546,-0.16466585692446933,0.2879556942519754,-0.043895504331493695,0.005517673382421028,1.0432668339446658,0.7903816287285454,0.2645911785776892,0.23983044005526785,0.4201513335932853,True,True,,False,3
A+B+E+TSMOM|invvol_shrunk|vt8|nobrake,A+B+E+TSMOM,invvol_shrunk,0.08,False,2006-04-13,0.04993505126007469,0.08423040995349033,0.45115724649408023,-0.21133726571255074,0.2362813349160748,-0.0637882854800067,0.005508781633557111,1.0432668339446658,0.788432965342039,0.2645911785776892,0.2946244300015641,0.4447064778205462,True,True,,False,4
C+D+TSMOM|invvol_shrunk|vt8|brake,C+D+TSMOM,invvol_shrunk,0.08,True,2006-04-28,0.0431493726332941,0.06697468091667802,0.4521432487320684,-0.151939290232466,0.2839908792997248,-0.05591752514485293,0.005487291175082328,1.0432668339446658,0.7901683620089422,0.2645911785776892,0.2753320702866879,0.4477126879576984,True,True,,False,3
A+B+C+E|invvol_shrunk|vt10|nobrake,A+B+C+E,invvol_shrunk,0.1,False,2006-04-13,0.05583546824355423,0.09894317793252322,0.4543028750096057,-0.37516388995759375,0.14882953753855557,-0.0642328913882857,0.005471008469205265,1.0432668339446658,0.7937852299310305,0.2645911785776892,0.33449194950234107,0.5053466821223314,True,True,,False,4
B+C+D+TSMOM|invvol_shrunk|vt8|brake,B+C+D+TSMOM,invvol_shrunk,0.08,True,2006-04-20,0.044932338889891454,0.07254190967415323,0.44582963360090777,-0.15272609705984186,0.2942021026850824,-0.04791782322664595,0.005363026122056162,1.0432668339446658,0.7805412402015985,0.2645911785776892,0.31234726355655984,0.4385877293284441,True,True,,False,4
A+C+D+PCT|eqrisk|vt8|nobrake,A+C+D+PCT,eqrisk,0.08,False,2006-04-28,0.045540252640395185,0.07285835356061823,0.45267122985374525,-0.23099530616044095,0.1971479568020511,-0.06465441314987863,0.005348394347024977,1.0432668339446658,0.7918477345650784,0.2645911785776892,0.24395144397963844,0.4323955909381296,True,True,,False,4
A+C+D+E+TSMOM|invvol_shrunk|vt6|nobrake,A+C+D+E+TSMOM,invvol_shrunk,0.06,False,2006-04-13,0.04123297306178464,0.06217570905693391,0.4513602091899787,-0.16817642128693144,0.24517689665565948,-0.04244707497910971,0.005310531550452994,1.0432668339446658,0.7899293030566252,0.2645911785776892,0.2625807082938015,0.3924582773530454,True,True,,False,5
C+D+TSMOM|invvol_shrunk|vt10|brake,C+D+TSMOM,invvol_shrunk,0.1,True,2006-04-28,0.04771454642506989,0.07901414124239449,0.44959574231448907,-0.16538333292427532,0.28850879699538484,-0.06345498844779718,0.005279509706069448,1.0432668339446658,0.7872226903891153,0.2645911785776892,0.2508878946766068,0.43257831641494626,True,True,,False,3
A+B+E+TSMOM|invvol_shrunk|vt6|nobrake,A+B+E+TSMOM,invvol_shrunk,0.06,False,2006-04-13,0.041854845573823685,0.06447710785111758,0.4467857410352257,-0.1646686519542654,0.25417615968246543,-0.04792886753580583,0.0052581792029371115,1.0432668339446658,0.782731695616489,0.2645911785776892,0.293345468389207,0.438871862794933,True,True,,False,4
B+C+E|eqrisk|vt10|nobrake,B+C+E,eqrisk,0.1,False,2006-04-13,0.05541368054997675,0.09895140082353139,0.45025901656635725,-0.3640008973231268,0.15223501084060664,-0.0681665246623081,0.00525344806681943,1.0432668339446658,0.7884664949735152,0.2645911785776892,0.3354058569209894,0.5075185503893777,True,True,,False,3
B+C+E+PCT|eqrisk|vt10|brake,B+C+E+PCT,eqrisk,0.1,True,2006-04-13,0.04789942857195473,0.08013878263226676,0.4457459805474554,-0.20118649242976894,0.23808471430394698,-0.05839658788217783,0.00520892648639065,1.0432668339446658,0.7813120431269687,0.2645911785776892,0.3015318723190176,0.5315937713157953,True,True,,False,4
B+C+D+PCT|invvol_shrunk|vt8|brake,B+C+D+PCT,invvol_shrunk,0.08,True,2006-04-20,0.04457157706290049,0.072002287506182,0.44381656685517856,-0.16766617187500976,0.26583524013494686,-0.0430095244737293,0.005119623005913278,1.0432668339446658,0.7786617782609639,0.2645911785776892,0.3210602638267884,0.3557386545490342,True,True,,False,4
C+E+PCT|eqrisk|vt10|nobrake,C+E+PCT,eqrisk,0.1,False,2006-04-13,0.05386795633804842,0.09552961348110982,0.4475100066710775,-0.21065987244596684,0.2557105713232845,-0.08456419733450404,0.005082765999917282,1.0432668339446658,0.7849813587993324,0.2645911785776892,0.25042166475472694,0.4844584592784056,True,True,,False,3
A+B+E+TSMOM|invvol_shrunk|vt8|brake,A+B+E+TSMOM,invvol_shrunk,0.08,True,2006-04-13,0.044709244893514466,0.07250580102501177,0.4426272146058666,-0.161392981613096,0.2770209983523013,-0.05557233293476971,0.004976716379930849,1.0432668339446658,0.7775609447051672,0.2645911785776892,0.298152456655536,0.423231696536303,True,True,,False,4
A+B+PCT|invvol_shrunk|vt8|nobrake,A+B+PCT,invvol_shrunk,0.08,False,2006-04-20,0.049938227299260785,0.08664270279820709,0.44137476614070975,-0.20550791620023312,0.24299904462368413,-0.06978958553067416,0.004915646513077338,1.0432668339446658,0.7758586887957768,0.2645911785776892,0.24824913995992792,0.44540291039664814,True,True,,False,3
A+B+PCT|eqrisk|vt10|nobrake,A+B+PCT,eqrisk,0.1,False,2006-04-20,0.05706895439111137,0.105939491443993,0.4423497625274438,-0.2417917032675868,0.23602527969272014,-0.07867987940222032,0.0048510137608364255,1.0432668339446658,0.7778793521456684,0.2645911785776892,0.26507914900105417,0.44135035672587386,True,True,,False,3
C+E|eqrisk|vt10|nobrake,C+E,eqrisk,0.1,False,2006-04-13,0.054139159706750206,0.09623736271894007,0.4475507771802071,-0.27390484816135574,0.19765681429215573,-0.06166142504683447,0.004846723752302906,1.0432668339446658,0.7865198099456856,0.2645911785776892,0.3450733661792057,0.4821275363161831,True,True,,False,2
C+E+PCT|invvol_shrunk|vt6|nobrake,C+E+PCT,invvol_shrunk,0.06,False,2006-04-13,0.041379783871991815,0.06411073478888415,0.44186977260540206,-0.15238678758310764,0.2715444332693502,-0.05858176288843053,0.00478143759050549,1.0432668339446658,0.7775194658368687,0.2645911785776892,0.21013534929343927,0.4377577446935655,True,True,,False,3
A+B+PCT|invvol_shrunk|vt6|nobrake,A+B+PCT,invvol_shrunk,0.06,False,2006-04-20,0.041656704546319645,0.06549566593928279,0.4384238194047416,-0.15483514307629254,0.2690390806549258,-0.052187285312342624,0.0047539101782224655,1.0432668339446658,0.7719543712460777,0.2645911785776892,0.24797753853206586,0.4342539869629403,True,True,,False,3
A+C+D|invvol_shrunk|vt10|nobrake,A+C+D,invvol_shrunk,0.1,False,2006-04-28,0.04792740388748906,0.08056861458566052,0.4449332484166694,-0.19405168754035407,0.24698266990088558,-0.06133807701817451,0.004692590367280819,1.0432668339446658,0.7831758935940727,0.2645911785776892,0.25943503672026136,0.37306841563293724,True,True,,False,3
A+B+E+TSMOM|eqrisk|vt6|brake,A+B+E+TSMOM,eqrisk,0.06,True,2006-04-13,0.03870232448003508,0.05799739542270242,0.43760659730489987,-0.13727770010570595,0.28192725002118835,-0.04726802714937306,0.004661680195348293,1.0432668339446658,0.7711733153648324,0.2645911785776892,0.3251195464307978,0.4599252304426228,True,True,,False,4
C+D+PCT|invvol_shrunk|vt6|nobrake,C+D+PCT,invvol_shrunk,0.06,False,2006-04-28,0.04001891404644109,0.061298858841493095,0.43905088362625755,-0.1948252281665136,0.20540930157278015,-0.04442257376051473,0.004653229844296526,1.0432668339446658,0.7736394802235703,0.2645911785776892,0.2773032047371843,0.35994528877190457,True,True,,False,3
A+C+D+PCT|eqrisk|vt8|brake,A+C+D+PCT,eqrisk,0.08,True,2006-04-28,0.04130072135978824,0.06409952531462207,0.44178405605438004,-0.16875653499005372,0.24473553786952576,-0.06465441314987863,0.004631086662352938,1.0432668339446658,0.7783396195555013,0.2645911785776892,0.2841196506052729,0.4210668970957341,True,True,,False,4
A+B+C+D+E+TSMOM|invvol_shrunk|vt8|nobrake,A+B+C+D+E+TSMOM,invvol_shrunk,0.08,False,2006-04-13,0.04669902240372714,0.0787052581430637,0.43789613617985657,-0.20547911465003077,0.22726894888205199,-0.059662845268833475,0.004622867124502679,1.0432668339446658,0.771905310005627,0.2645911785776892,0.28237983650744436,0.3830732508609565,True,True,,False,6
A+E+TSMOM|invvol_shrunk|vt10|nobrake,A+E+TSMOM,invvol_shrunk,0.1,False,2006-04-13,0.05443959244744967,0.10002670281339499,0.4372231239755696,-0.2331033363417473,0.23354274246695925,-0.06357196683867594,0.004603045102239164,1.0432668339446658,0.7709072097634928,0.2645911785776892,0.2205708646446787,0.4270757473218213,True,True,,False,3
B+C+E|invvol_shrunk|vt6|brake,B+C+E,invvol_shrunk,0.06,True,2006-04-13,0.037726319322643365,0.05579073841478679,0.43593885788828773,-0.1914656992465481,0.19703957142769282,-0.041078612091924094,0.004592843920154976,1.0432668339446658,0.7688231080500263,0.2645911785776892,0.3829154471488239,0.4781183444376982,True,True,,False,3
A+E+TSMOM|invvol_shrunk|vt8|nobrake,A+E+TSMOM,invvol_shrunk,0.08,False,2006-04-13,0.048131913814901894,0.08274658992440849,0.43694057227499805,-0.20505902718548807,0.23472223815518115,-0.060829372715327845,0.004585991938738354,1.0432668339446658,0.7705441337719499,0.2645911785776892,0.22336730366189,0.4272170231721071,True,True,,False,3
B+C+D+TSMOM|invvol_shrunk|vt10|nobrake,B+C+D+TSMOM,invvol_shrunk,0.1,False,2006-04-20,0.05230672564519567,0.09541441413126368,0.43283304531811967,-0.21306887884329528,0.24549209593234608,-0.08602652587429782,0.004555334488542159,1.0432668339446658,0.7638546218704757,0.2645911785776892,0.2765753936349602,0.37720676507657425,True,True,,False,4
B+C+D+TSMOM|invvol_shrunk|vt10|brake,B+C+D+TSMOM,invvol_shrunk,0.1,True,2006-04-20,0.04873495109323733,0.08534388106391154,0.4333588918017096,-0.17501108646569352,0.2784677935405571,-0.051938794075414685,0.004547601504958011,1.0432668339446658,0.7647869371256855,0.2645911785776892,0.3088319921995953,0.38648115194439736,True,True,,False,4
B+C+E+PCT|invvol_shrunk|vt8|nobrake,B+C+E+PCT,invvol_shrunk,0.08,False,2006-04-13,0.04794598915357007,0.08334798548449299,0.4323612895348693,-0.2577057086105047,0.1860493871559339,-0.06201920972316466,0.004482136630020942,1.0432668339446658,0.7635317803975763,0.2645911785776892,0.2561903137166775,0.4668873985328028,True,True,,False,4
A+C+E|invvol_shrunk|vt10|nobrake,A+C+E,invvol_shrunk,0.1,False,2006-04-13,0.05382636842049715,0.09772893745374905,0.4391586169496405,-0.3040309276458698,0.17704241090627862,-0.06643795274172559,0.004401842505761876,1.0432668339446658,0.7754672881729114,0.2645911785776892,0.32458698015891246,0.48278977239061743,True,True,,False,3
A+B+E|minvar_lw|vt8|brake,A+B+E,minvar_lw,0.08,True,2006-05-08,0.04401865535808014,0.07208564361582194,0.43712130940268795,-0.2099364347367263,0.2096761117872767,-0.0579924311303498,0.004296450156105864,1.0432668339446658,0.7727622942990788,0.2645911785776892,0.38268895827637156,0.39216091874694936,True,True,,False,3
A+B+C+D+PCT|eqrisk|vt8|nobrake,A+B+C+D+PCT,eqrisk,0.08,False,2006-04-20,0.04531673539253123,0.07621754102310399,0.43268691249221125,-0.23267241470309474,0.19476625731657254,-0.05851929762407726,0.004217728663871064,1.0432668339446658,0.7658315697132453,0.2645911785776892,0.26906898259352524,0.4105972013534289,True,True,,False,5
A+B+E+TSMOM|invvol_shrunk|vt6|brake,A+B+E+TSMOM,invvol_shrunk,0.06,True,2006-04-13,0.03813820668353185,0.05826063410542401,0.4265864790957858,-0.13868651583282143,0.27499578062444985,-0.04925208942631665,0.004185453747262276,1.0432668339446658,0.7557325654683356,0.2645911785776892,0.3200400996394008,0.42874175564086003,True,True,,False,4
C+D+PCT|invvol_shrunk|vt10|brake,C+D+PCT,invvol_shrunk,0.1,True,2006-04-28,0.04481094179535683,0.07515813378538952,0.43179774102818297,-0.19842901164077387,0.22582857932327133,-0.06286217483671175,0.004183772816275919,1.0432668339446658,0.7645615274564144,0.2645911785776892,0.3010607404210054,0.3327023656570077,True,True,,False,3
A+C+D+E+TSMOM|eqrisk|vt6|nobrake,A+C+D+E+TSMOM,eqrisk,0.06,False,2006-04-13,0.03990202365625173,0.061555755976554175,0.4344955232797177,-0.18816702089138182,0.21205641385630966,-0.037480010479545744,0.004164394587355888,1.0432668339446658,0.7692481544946057,0.2645911785776892,0.2783277291902582,0.39243959014198654,True,True,,False,5
A+C+D+PCT|eqrisk|vt10|nobrake,A+C+D+PCT,eqrisk,0.1,False,2006-04-28,0.04745401088759715,0.0822329970134684,0.43210426938404806,-0.24958936499872797,0.19012833694992975,-0.06967074822106767,0.004121186808545853,1.0432668339446658,0.7655093098148601,0.2645911785776892,0.23897014778329465,0.3907397327209067,True,True,,False,4
B+C+D+PCT|invvol_shrunk|vt6|brake,B+C+D+PCT,invvol_shrunk,0.06,True,2006-04-20,0.03768288744480652,0.05735522024250338,0.42527557882164263,-0.14212982530652563,0.2651300482747894,-0.047212325223018325,0.004098917657725065,1.0432668339446658,0.7540907871611007,0.2645911785776892,0.34266788313544616,0.37936170273582426,True,True,,False,4
A+B+PCT|invvol_shrunk|vt10|nobrake,A+B+PCT,invvol_shrunk,0.1,False,2006-04-20,0.055365087586396244,0.1059530714807987,0.4271332077851709,-0.2585962204075153,0.21409859548274834,-0.08725751136994964,0.004098898473038126,1.0432668339446658,0.7572436076813226,0.2645911785776892,0.2547538240699192,0.43989929277272566,True,True,,False,3
A+B+C+D+E+TSMOM|invvol_shrunk|vt8|brake,A+B+C+D+E+TSMOM,invvol_shrunk,0.08,True,2006-04-13,0.041465656997710765,0.06679271105109365,0.42795204111925933,-0.1741150622125912,0.2381508898241209,-0.04668475012961337,0.0040837306564613825,1.0432668339446658,0.7587361876095968,0.2645911785776892,0.34045753151795605,0.40273163773672604,True,True,,False,6
A+B+C+D+E+PCT|invvol_shrunk|vt8|brake,A+B+C+D+E+PCT,invvol_shrunk,0.08,True,2006-04-13,0.04023582401070547,0.06358861397083818,0.4276421318699835,-0.19239969765531428,0.2091262330504713,-0.04668475012961337,0.004031062506185347,1.0432668339446658,0.7585732583895759,0.2645911785776892,0.360498535549458,0.3920204041789531,True,True,,False,6
C+E+TSMOM|invvol_shrunk|vt8|brake,C+E+TSMOM,invvol_shrunk,0.08,True,2006-04-13,0.042376341157817965,0.06918238562960072,0.42813339873104905,-0.15226150323860965,0.2783129041581168,-0.047328776157419816,0.004022288363725645,1.0432668339446658,0.759468099533608,0.2645911785776892,0.34152569904031055,0.49736898196368495,True,True,,False,3
A+C+D+PCT|eqrisk|vt6|brake,A+C+D+PCT,eqrisk,0.06,True,2006-04-28,0.03679552916234341,0.05458121415519736,0.42909959447012525,-0.15486184116785418,0.23760229689159432,-0.0514606476184265,0.00393582641008891,1.0432668339446658,0.7617163445725184,0.2645911785776892,0.31994837575560925,0.4274091278878615,True,True,,False,4
A+B+C+D+E+PCT|eqrisk|vt6|nobrake,A+B+C+D+E+PCT,eqrisk,0.06,False,2006-04-13,0.03945733479983504,0.061551080819490456,0.4276182434132138,-0.20155040235458221,0.19576906986481135,-0.04051311710396188,0.003930958079382452,1.0432668339446658,0.7592330618553144,0.2645911785776892,0.30698278014838415,0.3674665672167474,True,True,,False,6
B+C+D+TSMOM|eqrisk|vt6|nobrake,B+C+D+TSMOM,eqrisk,0.06,False,2006-04-20,0.03968139819743799,0.06313431016087907,0.42238579048204516,-0.16386404067678506,0.24216050106873588,-0.0492354618084051,0.003911888638838543,1.0432668339446658,0.7504551668573576,0.2645911785776892,0.33485107887749266,0.3596722283783739,True,True,,False,4
A+B+C+D|invvol_shrunk|vt6|brake,A+B+C+D,invvol_shrunk,0.06,True,2006-04-20,0.03875482987242207,0.05988848256670093,0.427057320943186,-0.15654289537233912,0.24756683962081608,-0.03918823765350532,0.0038915953645626135,1.0432668339446658,0.7585579117341409,0.2645911785776892,0.29711571900219336,0.4091059766054187,True,True,,False,4
C+E|invvol_shrunk|vt6|brake,C+E,invvol_shrunk,0.06,True,2006-04-13,0.038289133223057714,0.05833737506440746,0.4286365158917621,-0.1579277549714555,0.24244714445524945,-0.03916691226852698,0.0038195794324876226,1.0432668339446658,0.7617641490405225,0.2645911785776892,0.3893458825020064,0.4269922702004916,True,True,,False,2
A+B+C+D|invvol_shrunk|vt8|nobrake,A+B+C+D,invvol_shrunk,0.08,False,2006-04-20,0.04687378990604807,0.08196290766760471,0.42607464124615013,-0.21695304363989798,0.2160550002877577,-0.061035602434926894,0.0038152799977257848,1.0432668339446658,0.7574300334480608,0.2645911785776892,0.26450934804626625,0.39624615476376324,True,True,,False,4
A+B+E|minvar_lw|vt6|brake,A+B+E,minvar_lw,0.06,True,2006-05-08,0.03843509862649497,0.05919103461978578,0.42754036506264054,-0.1744017269155851,0.22038255759416042,-0.04824811847236998,0.0037769714265655434,1.0432668339446658,0.7602071998484381,0.2645911785776892,0.4190699396203929,0.3893512162371222,False,True,,False,3
A+B+E+TSMOM|invvol_shrunk|vt10|brake,A+B+E+TSMOM,invvol_shrunk,0.1,True,2006-04-13,0.04689225239575223,0.08343095106201327,0.4198769139768202,-0.18027655301977097,0.26011287441584013,-0.06414571231034094,0.0037756287661871064,1.0432668339446658,0.7471244706507452,0.2645911785776892,0.3209874836367484,0.4346068468508262,True,True,,False,4
B+C+E|invvol_shrunk|vt10|brake,B+C+E,invvol_shrunk,0.1,True,2006-04-13,0.04648499102527914,0.08177314558009442,0.42197646023078067,-0.26708692491266883,0.17404442782243512,-0.06889817840148615,0.0037333932369511638,1.0432668339446658,0.7510192922732967,0.2645911785776892,0.4411293200844406,0.45616062269558666,False,True,,False,3
A+E|minvar_lw|vt8|brake,A+E,minvar_lw,0.08,True,2006-05-08,0.04291385152164584,0.07253320979011554,0.42031105367235605,-0.18818227414904132,0.22804406905858654,-0.039456615699624664,0.003653562561319819,1.0432668339446658,0.7487451678891549,0.2645911785776892,0.31662188122172724,0.4118684785686546,True,True,,False,2
A+E+TSMOM|invvol_shrunk|vt6|nobrake,A+E+TSMOM,invvol_shrunk,0.06,False,2006-04-13,0.039488003913527914,0.06342735968975566,0.4172109223686445,-0.15889424707454147,0.24851751803829028,-0.05434605969478323,0.003561343535918191,1.0432668339446658,0.744095721244908,0.2645911785776892,0.23636437170928695,0.43708184812528383,True,True,,False,3
C+E+TSMOM|invvol_shrunk|vt10|brake,C+E+TSMOM,invvol_shrunk,0.1,True,2006-04-13,0.045668462386711184,0.08036125946029518,0.41819357572397475,-0.16474752981234564,0.2772027139874539,-0.0590037841878539,0.0035488162658602685,1.0432668339446658,0.7458781271168136,0.2645911785776892,0.3763372644956081,0.47473530658135255,True,True,,False,3
A+E|minvar_lw|vt10|brake,A+E,minvar_lw,0.1,True,2006-05-08,0.04609087256533573,0.0822528727346119,0.41673993097029677,-0.20700519508176463,0.22265563213102152,-0.04867640150417507,0.003485905360123386,1.0432668339446658,0.7438435898158955,0.2645911785776892,0.3253885030171113,0.40516833067012936,True,True,,False,2
A+C+D+E+TSMOM|invvol_shrunk|vt6|brake,A+C+D+E+TSMOM,invvol_shrunk,0.06,True,2006-04-13,0.036165586163313446,0.05444787279138428,0.4175420104630597,-0.15873024796559598,0.227843064739319,-0.03916691226852698,0.0034601112752496483,1.0432668339446658,0.7454190675670596,0.2645911785776892,0.3241369008773132,0.4045221001068083,True,True,,False,5
A+C+D|invvol_shrunk|vt8|nobrake,A+C+D,invvol_shrunk,0.08,False,2006-04-28,0.04310102191948073,0.07352839840829832,0.41745473465786115,-0.18513353785188214,0.23281044817478785,-0.05742856548813835,0.0034509740022919426,1.0432668339446658,0.7453376056986155,0.2645911785776892,0.2839176040863882,0.38196726718293006,True,True,,False,3
B+C+E+PCT|invvol_shrunk|vt10|brake,B+C+E+PCT,invvol_shrunk,0.1,True,2006-04-13,0.04503760392437006,0.07977863977831275,0.4131195777830873,-0.21234225904969706,0.2120991088911292,-0.06889817840148615,0.003441342068850739,1.0432668339446658,0.7379321103697922,0.2645911785776892,0.3270082358499128,0.4581231447894057,True,True,,False,4
A+B+PCT|eqrisk|vt6|brake,A+B+PCT,eqrisk,0.06,True,2006-04-20,0.03900447619588432,0.06265363287947782,0.4146864660311874,-0.13770112170711357,0.28325460034265915,-0.04807517485603585,0.0034323719997671224,1.0432668339446658,0.7407031705096563,0.2645911785776892,0.2599715952841454,0.43331285640506,True,True,,False,3
C+E+PCT|invvol_shrunk|vt10|brake,C+E+PCT,invvol_shrunk,0.1,True,2006-04-13,0.04527940622588722,0.07970588257623794,0.41631345159358035,-0.17414168539917407,0.26001474673967967,-0.05148929217169873,0.0034260252261787793,1.0432668339446658,0.7435581471372459,0.2645911785776892,0.28225950810209355,0.4128172314966779,True,True,,False,3
B+C+E|invvol_shrunk|vt6|nobrake,B+C+E,invvol_shrunk,0.06,False,2006-04-13,0.03983380919912838,0.06492147192735301,0.4143493811507286,-0.26456985868618743,0.15056064737282188,-0.04758051692502008,0.0034057950241206205,1.0432668339446658,0.7403208166503071,0.2645911785776892,0.3461963495229145,0.44960667296126866,True,True,,False,3
B+C+D+PCT|invvol_shrunk|vt6|nobrake,B+C+D+PCT,invvol_shrunk,0.06,False,2006-04-20,0.03914448019772232,0.06390800954707777,0.4099323875955412,-0.17563149544015277,0.22287847689061543,-0.051568440594521814,0.0033968050336241743,1.0432668339446658,0.7327564060085734,0.2645911785776892,0.3190455256951955,0.34266547233296674,True,True,,False,4
A+B+C+D+PCT|invvol_shrunk|vt10|brake,A+B+C+D+PCT,invvol_shrunk,0.1,True,2006-04-20,0.04556590372559133,0.08116622972942927,0.4139859183370398,-0.1932972454044809,0.23572971063422637,-0.04995388949016333,0.0033650842261164914,1.0432668339446658,0.7400005946465201,0.2645911785776892,0.3079663179273751,0.40026868168399987,True,True,,False,5
C+E|invvol_shrunk|vt8|brake,C+E,invvol_shrunk,0.08,True,2006-04-13,0.04254268029338526,0.0716481277101397,0.41804568251269547,-0.1869672041279966,0.22754087002478146,-0.04726440033826618,0.003362446338189565,1.0432668339446658,0.7470338687004724,0.2645911785776892,0.43326179870921966,0.4283849573114056,False,True,,False,2
A+B+C+D+E+PCT|invvol_shrunk|vt6|nobrake,A+B+C+D+E+PCT,invvol_shrunk,0.06,False,2006-04-13,0.0388469126260953,0.06265947212961291,0.41177984874288276,-0.20268839181228315,0.1916583001066622,-0.04488113687901263,0.0033204175021619726,1.0432668339446658,0.7365238380100214,0.2645911785776892,0.3097889926014951,0.3638892289331075,True,True,,False,6
B+C+E|invvol_shrunk|vt8|nobrake,B+C+E,invvol_shrunk,0.08,False,2006-04-13,0.04669532328687165,0.08479363995908419,0.4123159763765218,-0.3322013382825084,0.1405633208110719,-0.05780193380614218,0.0032928231789683703,1.0432668339446658,0.7376626539711313,0.2645911785776892,0.3551217907507649,0.4569227824082269,True,True,,False,3
C+E+PCT|invvol_shrunk|vt8|nobrake,C+E+PCT,invvol_shrunk,0.08,False,2006-04-13,0.04594902787694277,0.08262635169194871,0.41224100135288133,-0.19237929350019345,0.2388460163302168,-0.07586117210518484,0.0032902127102603976,1.0432668339446658,0.7375528267402811,0.2645911785776892,0.23183658897717,0.4371155310701357,True,True,,False,3
A+E|minvar_lw|vt10|nobrake,A+E,minvar_lw,0.1,False,2006-05-08,0.05115913367429137,0.0975354355685054,0.4149878399616832,-0.28896149307524754,0.1770448135834112,-0.050347004707302245,0.003258562858731578,1.0432668339446658,0.742555688267662,0.2645911785776892,0.31410492647000954,0.4034829088294831,True,True,,False,2
A+B+C+D|invvol_shrunk|vt8|brake,A+B+C+D,invvol_shrunk,0.08,True,2006-04-20,0.04209807801326537,0.07107148343243389,0.4152948676423046,-0.17600457700605,0.2391874048356043,-0.041750379355226186,0.0032538640365664664,1.0432668339446658,0.7431243093570671,0.2645911785776892,0.31296262225128085,0.39091813790200125,True,True,,False,4
A+B+E+PCT|eqrisk|vt6|brake,A+B+E+PCT,eqrisk,0.06,True,2006-04-13,0.036700030472919476,0.05689298342123963,0.41105820714354324,-0.14658958294215652,0.25035906192189056,-0.04941646503601804,0.0032511426438573154,1.0432668339446658,0.7358034819556575,0.2645911785776892,0.36089079292833526,0.39498010875687084,True,True,,False,4
C+E+PCT|invvol_shrunk|vt8|brake,C+E+PCT,invvol_shrunk,0.08,True,2006-04-13,0.040474800607568806,0.06701971825683357,0.41251488521026863,-0.1588592342118118,0.2547840596638061,-0.043672284871384304,0.0032486468173401413,1.0432668339446658,0.7383481629875728,0.2645911785776892,0.2856357859968732,0.42308954062187226,True,True,,False,3
A+C+D+PCT|eqrisk|vt10|brake,A+C+D+PCT,eqrisk,0.1,True,2006-04-28,0.042709980222876975,0.07336831404471275,0.413034199721343,-0.18026692248677323,0.2369263292105669,-0.06967074822106767,0.003192088002760935,1.0432668339446658,0.7396918742729168,0.2645911785776892,0.28012257972863275,0.3993105554309565,True,True,,False,4
A+B+C+D|eqrisk|vt6|brake,A+B+C+D,eqrisk,0.06,True,2006-04-20,0.037411318388846704,0.058880625110987725,0.4113643471070269,-0.15087709803246907,0.24795889420404751,-0.04246702528973856,0.003132259784540586,1.0432668339446658,0.7372660527322158,0.2645911785776892,0.3338928958980482,0.37278672220854403,True,True,,False,4
A+B+C+D+E+TSMOM|eqrisk|vt8|nobrake,A+B+C+D+E+TSMOM,eqrisk,0.08,False,2006-04-13,0.04304373106789772,0.07495594161752676,0.4092580643955894,-0.21079437089827657,0.2041977254158718,-0.053991038160051574,0.0031167023394684714,1.0432668339446658,0.7337264807855713,0.2645911785776892,0.3176359995467292,0.37002898637650705,True,True,,False,6
A+C+D+E+TSMOM|invvol_shrunk|vt8|brake,A+C+D+E+TSMOM,invvol_shrunk,0.08,True,2006-04-13,0.04007801106303721,0.06661858243793987,0.4088643014672133,-0.1739103380510425,0.23045214857367685,-0.043672284871384304,0.003115728466886819,1.0432668339446658,0.7330491020387915,0.2645911785776892,0.324966215526362,0.38966752475101346,True,True,,False,5
A+E+TSMOM|invvol_shrunk|vt8|brake,A+E+TSMOM,invvol_shrunk,0.08,True,2006-04-13,0.041993865171466194,0.0726997171908973,0.4057982830828523,-0.16012655646278184,0.2622542200314338,-0.0512644361363217,0.0030991881120463393,1.0432668339446658,0.7278425060376639,0.2645911785776892,0.26158274693158934,0.41383533069382783,True,True,,False,3
A+C+D+E+TSMOM|invvol_shrunk|vt8|nobrake,A+C+D+E+TSMOM,invvol_shrunk,0.08,False,2006-04-13,0.044048307834692935,0.07830839115767528,0.4072892297388823,-0.20799435679263745,0.21177645640937962,-0.06154844491133893,0.003060008922137016,1.0432668339446658,0.7307481854999491,0.2645911785776892,0.2775225594462358,0.3754646231411545,True,True,,False,5
A+B|minvar_lw|vt8|nobrake,A+B,minvar_lw,0.08,False,2006-05-08,0.04891478213087641,0.09276952513625748,0.408460583669212,-0.19737845485251793,0.24782229735978914,-0.07496122065919042,0.003051676687821108,1.0432668339446658,0.732855958921392,0.2645911785776892,0.3284740357068991,0.38828237487234996,True,True,,False,2
C+E|invvol_shrunk|vt6|nobrake,C+E,invvol_shrunk,0.06,False,2006-04-13,0.04002828560136806,0.06590652132994003,0.4118862051622981,-0.2053387038293336,0.19493785075529357,-0.050763015002857736,0.0030223386467046883,1.0432668339446658,0.7390642672698156,0.2645911785776892,0.35862428496804694,0.4352531442485821,True,True,,False,2
A+D+TSMOM|invvol_shrunk|vt6|nobrake,A+D+TSMOM,invvol_shrunk,0.06,False,2007-02-26,0.036937390415407556,0.06471470528084587,0.3982067601852838,-0.17932438494512926,0.20598085657290768,-0.038231988254322724,0.0030204445207466994,1.0432668339446658,0.7152217481528252,0.2645911785776892,0.2938949734054644,0.32176932772608374,True,True,,False,3
A+D+TSMOM|invvol_shrunk|vt8|nobrake,A+D+TSMOM,invvol_shrunk,0.08,False,2007-02-26,0.04235996087777183,0.08202594418886484,0.39323199881707166,-0.2246261224626116,0.18857985177045705,-0.051135057888088364,0.0030093977427199424,1.0432668339446658,0.7066341897871009,0.2645911785776892,0.2798501617862154,0.3046261076897852,True,True,,False,3
A+C+D+E+TSMOM|eqrisk|vt6|brake,A+C+D+E+TSMOM,eqrisk,0.06,True,2006-04-13,0.03583246835841525,0.054830007900279504,0.4091459782945004,-0.16871279193768118,0.21238738300087512,-0.037480010479545744,0.0029932498513229734,1.0432668339446658,0.7345245927561428,0.2645911785776892,0.3318324554716732,0.3840906129704556,True,True,,False,5
A+E+PCT|eqrisk|vt8|nobrake,A+E+PCT,eqrisk,0.08,False,2006-04-13,0.0456734423481262,0.08334605714665848,0.4061824629165081,-0.19353841211095035,0.2359916145325345,-0.061455353153648584,0.00298490648861194,1.0432668339446658,0.7294196729626534,0.2645911785776892,0.28932541988377936,0.3918995664524913,True,True,,False,3
A+B+C+D+E+PCT|eqrisk|vt8|brake,A+B+C+D+E+PCT,eqrisk,0.08,True,2006-04-13,0.03799787387353448,0.06124317405593804,0.40645293867745164,-0.1936850341985361,0.19618384058824548,-0.041414190613252355,0.002965051291891069,1.0432668339446658,0.7300529755493851,0.2645911785776892,0.3600249196705391,0.3625094828201286,True,True,,False,6
A+E+TSMOM|eqrisk|vt10|brake,A+E+TSMOM,eqrisk,0.1,True,2006-04-13,0.0458369349713168,0.08472714219500295,0.4028151788695841,-0.17227631484287065,0.2660663772215214,-0.05764907175977885,0.0029606782721032137,1.0432668339446658,0.7237327970974731,0.2645911785776892,0.29057841185762207,0.4599252304426228,True,True,,False,3
B+C+D+TSMOM|eqrisk|vt6|brake,B+C+D+TSMOM,eqrisk,0.06,True,2006-04-20,0.03687686115541111,0.05899604641840289,0.40192146036781945,-0.13481752736710328,0.27353165330644835,-0.047256061240573466,0.0029572892019276618,1.0432668339446658,0.7221982161190319,0.2645911785776892,0.339305031118669,0.3628697181926883,True,True,,False,4
A+E|minvar_lw|vt8|nobrake,A+E,minvar_lw,0.08,False,2006-05-08,0.04585953258907538,0.08402865402755413,0.40699702616701244,-0.25045676586945465,0.18310358847713742,-0.04728109012911319,0.0029203323413712194,1.0432668339446658,0.7313705980834947,0.2645911785776892,0.32424087945382263,0.40747831572681853,True,True,,False,2
A+B+C+D|invvol_shrunk|vt10|brake,A+B+C+D,invvol_shrunk,0.1,True,2006-04-20,0.04532122679181927,0.08222985672725339,0.40684760610381054,-0.20386574633555332,0.2223091794794339,-0.04767255416625105,0.0028890992920994727,1.0432668339446658,0.7313684678888427,0.2645911785776892,0.30212236200098014,0.3761741866027024,True,True,,False,4
A+E+PCT|eqrisk|vt10|nobrake,A+E+PCT,eqrisk,0.1,False,2006-04-13,0.05070214267612716,0.09959964291809661,0.4029668839754178,-0.21982387262424574,0.23064893758283697,-0.06447842563567996,0.0028741468530014925,1.0432668339446658,0.7246981012199614,0.2645911785776892,0.29122424189477913,0.39994156972446926,True,True,,False,3
A+E+PCT|eqrisk|vt10|brake,A+E+PCT,eqrisk,0.1,True,2006-04-13,0.04539361810939502,0.08323841076702884,0.40338407981810925,-0.16758048161389383,0.2708765225653314,-0.0618822861079108,0.0028642361116242424,1.0432668339446658,0.7255102395406572,0.2645911785776892,0.34811296240987566,0.39495028948472444,True,True,,False,3
A+E+PCT|eqrisk|vt6|brake,A+E+PCT,eqrisk,0.06,True,2006-04-13,0.03628451891745588,0.057121356511441276,0.4026005056952956,-0.13898387566718284,0.2610699891859718,-0.04466674528211445,0.002847926922981787,1.0432668339446658,0.7242718072158757,0.2645911785776892,0.33037671767624643,0.39994156972446926,True,True,,False,3
A+B+PCT|invvol_shrunk|vt6|brake,A+B+PCT,invvol_shrunk,0.06,True,2006-04-20,0.037009487181572265,0.05988742518693189,0.3989279010458609,-0.13730950914331896,0.2695333150083803,-0.051331314977987486,0.0028373547787360676,1.0432668339446658,0.7179217104041223,0.2645911785776892,0.2552597257481953,0.4265551427179645,True,True,,False,3
A+C+D|invvol_shrunk|vt6|nobrake,A+C+D,invvol_shrunk,0.06,False,2006-04-28,0.03854782316913208,0.06434283867821884,0.3992894939124586,-0.16424594543890425,0.23469573672654823,-0.04727358976960405,0.002827999667721127,1.0432668339446658,0.7186314443416056,0.2645911785776892,0.30404710099814347,0.40668966107790633,True,True,,False,3
A+C+D|invvol_shrunk|vt6|brake,A+C+D,invvol_shrunk,0.06,True,2006-04-28,0.03752813496655216,0.06204320531642313,0.3959245874979515,-0.13749846211504224,0.2729349433388798,-0.04727358976960405,0.002747464138372797,1.0432668339446658,0.7133836614051665,0.2645911785776892,0.3179983993651714,0.36679221491702707,True,True,,False,3
C+E|invvol_shrunk|vt8|nobrake,C+E,invvol_shrunk,0.08,False,2006-04-13,0.04580418544525733,0.08432944148145333,0.4039018093860115,-0.26145271999990627,0.17519108405249617,-0.06070292489359885,0.002746608005174778,1.0432668339446658,0.7274068032122318,0.2645911785776892,0.38101096722578137,0.41518082944460866,True,True,,False,2
A+B+C+D|eqrisk|vt6|nobrake,A+B+C+D,eqrisk,0.06,False,2006-04-20,0.03846883090080966,0.06405037530837354,0.39902536334399114,-0.17363915208324487,0.22154468297776067,-0.04246702528973856,0.0027445954303977516,1.0432668339446658,0.7188546655625521,0.2645911785776892,0.3164143986270673,0.3551219222663312,True,True,,False,4
A+C+D+E+PCT|invvol_shrunk|vt6|brake,A+C+D+E+PCT,invvol_shrunk,0.06,True,2006-04-13,0.0342905156618909,0.051957043520673214,0.40017989874640325,-0.17481207844190771,0.1961564439226439,-0.03916691226852698,0.002727191986831915,1.0432668339446658,0.7210299132008369,0.2645911785776892,0.3525717509575159,0.3834060810674676,True,True,,False,5
A+C+D+E+PCT|invvol_shrunk|vt8|brake,A+C+D+E+PCT,invvol_shrunk,0.08,True,2006-04-13,0.03791547204249546,0.06211391972344498,0.4003386607288425,-0.1947502899319976,0.19468762822245184,-0.043672284871384304,0.0027149977961790353,1.0432668339446658,0.7214122411073292,0.2645911785776892,0.351698112545346,0.36579849547484977,True,True,,False,5
A+C+D+E+TSMOM|eqrisk|vt8|nobrake,A+C+D+E+TSMOM,eqrisk,0.08,False,2006-04-13,0.04214371180185261,0.07440346653215024,0.4000971787494848,-0.21141405916218814,0.19934204928879254,-0.04212100748119918,0.002705361133766634,1.0432668339446658,0.7210692545261673,0.2645911785776892,0.32996904198894955,0.3663321092811019,True,True,,False,5
B+C+D+E+TSMOM|invvol_shrunk|vt8|brake,B+C+D+E+TSMOM,invvol_shrunk,0.08,True,2006-04-13,0.038499364291206595,0.06534696206752127,0.3923404797811155,-0.17685073752025693,0.2176941121707043,-0.055676727215768884,0.002656342471118478,1.0432668339446658,0.7078298224343964,0.2645911785776892,0.3702185741379223,0.35060180368234417,True,True,,False,5
A+B+E+PCT|eqrisk|vt8|brake,A+B+E+PCT,eqrisk,0.08,True,2006-04-13,0.04068745584817801,0.07108966746128752,0.39569615076127496,-0.17024531057636194,0.2389931077128144,-0.06025670437595387,0.0026542031205040715,1.0432668339446658,0.713754895223929,0.2645911785776892,0.3569455480138186,0.38721936183975597,True,True,,False,4
A+B+C+D+E+TSMOM|eqrisk|vt8|brake,A+B+C+D+E+TSMOM,eqrisk,0.08,True,2006-04-13,0.03842503030565236,0.0642811656198378,0.3965989740062388,-0.16207271055307404,0.2370851340396957,-0.041414190613252355,0.002634224691114943,1.0432668339446658,0.7155143835165242,0.2645911785776892,0.38217941174959846,0.392724663725318,True,True,,False,6
A+D+TSMOM|invvol_shrunk|vt10|nobrake,A+D+TSMOM,invvol_shrunk,0.1,False,2007-02-26,0.04600062612057787,0.0976316689339946,0.38045484708148775,-0.2602830296276236,0.1767330977604998,-0.060009485690198705,0.0026332212870309344,1.0432668339446658,0.6871387478474607,0.2645911785776892,0.2772919624305941,0.2839221643487839,True,True,,False,3
A+E|minvar_lw|vt6|brake,A+E,minvar_lw,0.06,True,2006-05-08,0.03741040500386883,0.06193081395481856,0.39534882137857547,-0.152667589270174,0.2450448401177285,-0.031391453151638715,0.00262997214706796,1.0432668339446658,0.7133473416415046,0.2645911785776892,0.38556589357638055,0.4185254923213264,True,True,,False,2
B+C+E+PCT|invvol_shrunk|vt10|nobrake,B+C+E+PCT,invvol_shrunk,0.1,False,2006-04-13,0.04943588393266318,0.09939869475166316,0.39158991462389564,-0.3207488482122286,0.1541264581562991,-0.07697304960067197,0.0026286289467667284,1.0432668339446658,0.7067370386422087,0.2645911785776892,0.28504244285467056,0.44335944373153646,True,True,,False,4
A+B+C+D+PCT|invvol_shrunk|vt10|nobrake,A+B+C+D+PCT,invvol_shrunk,0.1,False,2006-04-20,0.04824707451715482,0.0949490499234243,0.3936897572641892,-0.2909314042627186,0.16583659862854291,-0.08271278794485004,0.002622631686428746,1.0432668339446658,0.710485665655468,0.2645911785776892,0.27685684501917346,0.39559168011113083,True,True,,False,5
A+E+PCT|eqrisk|vt6|nobrake,A+E+PCT,eqrisk,0.06,False,2006-04-13,0.038360568675682716,0.06411177410995304,0.3964990596308293,-0.15088236001434663,0.2542415738462416,-0.049775245547179825,0.0026181607004186953,1.0432668339446658,0.7154752901593999,0.2645911785776892,0.3000689564217022,0.4027836948353567,True,True,,False,3
A+E|minvar_lw|vt6|nobrake,A+E,minvar_lw,0.06,False,2006-05-08,0.04011426810925656,0.06883753276728177,0.39996879149195386,-0.19885948899399364,0.2017216694671692,-0.03720128757980734,0.002609120378474064,1.0432668339446658,0.7216730086094898,0.2645911785776892,0.34285239101836595,0.40117292377279395,True,True,,False,2
A+B+E+PCT|eqrisk|vt6|nobrake,A+B+E+PCT,eqrisk,0.06,False,2006-04-13,0.03843312667310861,0.06476474278110954,0.39426406675246667,-0.1669328360964133,0.23023107719149558,-0.04941646503601804,0.0025920162098161626,1.0432668339446658,0.7117567411445759,0.2645911785776892,0.37083652914547777,0.391818855018094,True,True,,False,4
A+B+E|minvar_lw|vt10|brake,A+B+E,minvar_lw,0.1,True,2006-05-08,0.04395798833395825,0.08184870064583982,0.39344798860336055,-0.24088292340568818,0.18248694308614588,-0.06618695392643559,0.002561108082773581,1.0432668339446658,0.7105802465624531,0.2645911785776892,0.33701721330334483,0.3956707942488532,True,True,,False,3
A+B|minvar_lw|vt10|nobrake,A+B,minvar_lw,0.1,False,2006-05-08,0.05244666640197382,0.10935652880322508,0.3925804022280374,-0.24506499243378166,0.21401125424368922,-0.0930702825573928,0.0025541613536347635,1.0432668339446658,0.7091079753717748,0.2645911785776892,0.3256650434496215,0.38014627919078564,True,True,,False,2
A+E+TSMOM|invvol_shrunk|vt10|brake,A+E+TSMOM,invvol_shrunk,0.1,True,2006-04-13,0.04524630126708362,0.0862365004913149,0.3907300891126576,-0.17272414305878492,0.26195701692776385,-0.061878945162342935,0.002545885531038167,1.0432668339446658,0.7059120947915523,0.2645911785776892,0.28629531990730034,0.4043067309762182,True,True,,False,3
A+B+PCT|eqrisk|vt10|brake,A+B+PCT,eqrisk,0.1,True,2006-04-20,0.04699693396300009,0.09135909878342445,0.39239762019005714,-0.17690884775987847,0.26565620972666026,-0.05121804374543182,0.002522678661472555,1.0432668339446658,0.7090547148385986,0.2645911785776892,0.28467896890417965,0.42851811427931563,True,True,,False,3
C+D+TSMOM|eqrisk|vt6|nobrake,C+D+TSMOM,eqrisk,0.06,False,2006-04-28,0.037084256959499795,0.06162613937153535,0.39116705957031345,-0.1767551853999445,0.20980576539007403,-0.05174543875085724,0.002398532395873607,1.0432668339446658,0.7079635151110918,0.2645911785776892,0.34649880655671433,0.36186956471966863,True,True,,False,3
A+D+TSMOM|invvol_shrunk|vt6|brake,A+D+TSMOM,invvol_shrunk,0.06,True,2007-02-26,0.035093960949513114,0.06279058503226033,0.38010791319412285,-0.14357536487779832,0.24442884738188012,-0.03479636464210756,0.002361037058978081,1.0432668339446658,0.6886976161410622,0.2645911785776892,0.29900995793061164,0.3218190666173678,True,True,,False,3
A+B+E|minvar_lw|vt8|nobrake,A+B+E,minvar_lw,0.08,False,2006-05-08,0.04492323765467754,0.08553103390280842,0.3908738488905382,-0.3022894689697633,0.14860999891190724,-0.06392111018189384,0.002354694561205313,1.0432668339446658,0.7078367848919598,0.2645911785776892,0.4055455631678759,0.3961257350189481,False,True,,False,3
A+B+E+PCT|eqrisk|vt8|nobrake,A+B+E+PCT,eqrisk,0.08,False,2006-04-13,0.044295465656573274,0.08423981849402061,0.38713865040535866,-0.23835463383592137,0.18583849176209177,-0.06415431745722089,0.0023538938289868814,1.0432668339446658,0.7012131103033373,0.2645911785776892,0.37575360328522606,0.39498010875687084,True,True,,False,4
A+D+PCT|invvol_shrunk|vt8|brake,A+D+PCT,invvol_shrunk,0.08,True,2007-02-26,0.036778184770783984,0.06800500680284312,0.379858668210508,-0.18864761275255015,0.1949570643071221,-0.050637502681380786,0.0023507621072437796,1.0432668339446658,0.6883427860397762,0.2645911785776892,0.2850761603361272,0.26170885248990655,True,True,,False,3
A+B+PCT|invvol_shrunk|vt10|brake,A+B+PCT,invvol_shrunk,0.1,True,2006-04-20,0.046066564157273504,0.09104934080241578,0.38373375408298244,-0.18428425515439906,0.2499755832025775,-0.05465182869038421,0.00234176397486604,1.0432668339446658,0.695280667774038,0.2645911785776892,0.2904362816654461,0.4130305544155159,True,True,,False,3
A+E+PCT|eqrisk|vt8|brake,A+E+PCT,eqrisk,0.08,True,2006-04-13,0.04038662765467804,0.07206156232385046,0.3873000732741533,-0.1501494839132499,0.26897613366431383,-0.050428030615353836,0.002327278440244087,1.0432668339446658,0.7017356958553982,0.2645911785776892,0.34390442821138545,0.40299229275670245,True,True,,False,3
A+B|minvar_lw|vt6|nobrake,A+B,minvar_lw,0.06,False,2006-05-08,0.04048538640741839,0.07311578358981358,0.38569090085416163,-0.15204794195545446,0.26626724365187004,-0.056599132168109634,0.00229474470452702,1.0432668339446658,0.6991673161724543,0.2645911785776892,0.3243270281070308,0.38891742304946064,True,True,,False,2
C+D+PCT|invvol_shrunk|vt8|nobrake,C+D+PCT,invvol_shrunk,0.08,False,2006-04-28,0.04162978734601297,0.07720560197778628,0.3828821614763455,-0.247920690755423,0.16791574442280535,-0.059051055978399325,0.0022713851887465096,1.0432668339446658,0.6943843036449794,0.2645911785776892,0.2912635538895746,0.34895191763978595,True,True,,False,3
A+C+D+E+PCT|eqrisk|vt6|brake,A+C+D+E+PCT,eqrisk,0.06,True,2006-04-13,0.03414457089746348,0.053231113021790205,0.3891848371677268,-0.17695158714306436,0.19295995841991395,-0.037480010479545744,0.0022683262960465555,1.0432668339446658,0.7056225383077515,0.2645911785776892,0.35176508351744584,0.37211747057111866,True,True,,False,5
A+E+TSMOM|invvol_shrunk|vt6|brake,A+E+TSMOM,invvol_shrunk,0.06,True,2006-04-13,0.03504007818294119,0.05693213519337069,0.38263239560549417,-0.13229114562060007,0.26487092555259295,-0.04466674528211445,0.0022644146714838,1.0432668339446658,0.694002128362855,0.2645911785776892,0.28510858213244106,0.4115046027257484,True,True,,False,3
A+B+C+D+E+PCT|invvol_shrunk|vt10|brake,A+B+C+D+E+PCT,invvol_shrunk,0.1,True,2006-04-13,0.040269201247670194,0.07253347199691916,0.3837021476290637,-0.22660700619691965,0.17770501417187687,-0.05680713928791503,0.0022552978557382904,1.0432668339446658,0.6959844878047119,0.2645911785776892,0.37525496447017187,0.36319218904297884,True,True,,False,6
C+D+TSMOM|eqrisk|vt6|brake,C+D+TSMOM,eqrisk,0.06,True,2006-04-28,0.03552415556788824,0.057591990825024066,0.388260401663754,-0.14423683205626492,0.2462904589725787,-0.05174543875085724,0.0022426799244548903,1.0432668339446658,0.7042132831880368,0.2645911785776892,0.32783274762481524,0.33168796122244504,True,True,,False,3
B+C+D+E+TSMOM|eqrisk|vt6|brake,B+C+D+E+TSMOM,eqrisk,0.06,True,2006-04-13,0.033623923350023954,0.052883049500213684,0.3818908995022843,-0.17020108790095,0.19755410358829015,-0.03541050682874347,0.0021952940956315565,1.0432668339446658,0.6933004282446984,0.2645911785776892,0.40537604238689334,0.34846947030453795,False,True,,False,5
A+B+C+D+TSMOM|minvar_lw|vt6|nobrake,A+B+C+D+TSMOM,minvar_lw,0.06,False,2006-05-08,0.03670558891160525,0.06213863655739052,0.38332055658836794,-0.18747942494837266,0.19578462501532148,-0.04212496455419512,0.0021949555403971152,1.0432668339446658,0.6958500618216261,0.2645911785776892,0.35059412525614414,0.36010227823669916,True,True,,False,5
A+B+E|minvar_lw|vt6|nobrake,A+B+E,minvar_lw,0.06,False,2006-05-08,0.03832913133036753,0.06662929950406413,0.3852544438708838,-0.23365070000491472,0.16404458163215985,-0.04824811847236998,0.0021683601854132215,1.0432668339446658,0.6995445893700001,0.2645911785776892,0.4083487803219104,0.38828237487234996,False,True,,False,3
A+C+D+E+PCT|eqrisk|vt6|nobrake,A+C+D+E+PCT,eqrisk,0.06,False,2006-04-13,0.03675585712206808,0.06164642114831654,0.38478200153448827,-0.20106547882635306,0.18280540914639892,-0.03839965246390342,0.0021641583794001357,1.0432668339446658,0.698740585079069,0.2645911785776892,0.307205306108342,0.36108151505850883,True,True,,False,5
A+B+E+PCT|eqrisk|vt10|nobrake,A+B+E+PCT,eqrisk,0.1,False,2006-04-13,0.0484452964551938,0.10052290456155702,0.378846775823841,-0.30070840559190015,0.16110389850871104,-0.07344767574557498,0.002131815687081282,1.0432668339446658,0.6884510175586337,0.2645911785776892,0.3761990607836578,0.39070135857891264,True,True,,False,4
B+C+D+E+TSMOM|invvol_shrunk|vt6|nobrake,B+C+D+E+TSMOM,invvol_shrunk,0.06,False,2006-04-13,0.03670615513696407,0.06330904100721704,0.3756275122334819,-0.18901851684444426,0.19419343538269307,-0.04764035734524619,0.002113296946866265,1.0432668339446658,0.6828823885379464,0.2645911785776892,0.31258213808810653,0.338580512296895,True,True,,False,5
C+E+PCT|invvol_shrunk|vt10|nobrake,C+E+PCT,invvol_shrunk,0.1,False,2006-04-13,0.047726879218935814,0.09859155054413514,0.3773587130926426,-0.22120869601635484,0.21575498648302313,-0.08109783766981415,0.0020797870655708986,1.0432668339446658,0.686270325295834,0.2645911785776892,0.2517453356868456,0.4290916120994912,True,True,,False,3
A+B+C+D+E|invvol_shrunk|vt6|brake,A+B+C+D+E,invvol_shrunk,0.06,True,2006-04-13,0.03324313063835205,0.05217740647047708,0.37930354445818515,-0.18763881732698018,0.17716553062910448,-0.0348786446752527,0.0020633189546607387,1.0432668339446658,0.6898962900047061,0.2645911785776892,0.39770661644543015,0.3636877477129855,True,True,,False,5
A+C+D+E+TSMOM|eqrisk|vt8|brake,A+C+D+E+TSMOM,eqrisk,0.08,True,2006-04-13,0.036992450641593955,0.06348946874201408,0.3789963887731844,-0.17785917654721795,0.20798730411176294,-0.04212100748119918,0.00203583772629249,1.0432668339446658,0.6896050164864409,0.2645911785776892,0.40822362003353285,0.3780259568069939,False,True,,False,5
A+C+D+E+PCT|invvol_shrunk|vt6|nobrake,A+C+D+E+PCT,invvol_shrunk,0.06,False,2006-04-13,0.03653729021937857,0.06237805789893521,0.3776273249672084,-0.19050711206031867,0.19178963884461214,-0.04007273246325005,0.0020344508074075208,1.0432668339446658,0.687169091753427,0.2645911785776892,0.31118204166887764,0.35684340080345733,True,True,,False,5
B+C+D+TSMOM|eqrisk|vt8|nobrake,B+C+D+TSMOM,eqrisk,0.08,False,2006-04-20,0.04082075838870436,0.07702755286423557,0.37302723362640006,-0.18417811334251055,0.22163740114326835,-0.06507583067839617,0.0020305509111644008,1.0432668339446658,0.6789894848505742,0.2645911785776892,0.332619082104103,0.3223709503121102,True,True,,False,4
A+B+C+D|invvol_shrunk|vt10|nobrake,A+B+C+D,invvol_shrunk,0.1,False,2006-04-20,0.04718842517010402,0.09689960335780617,0.37719744188522186,-0.26538582949832146,0.17781064369302538,-0.07583047573943125,0.001984778503305148,1.0432668339446658,0.6868679234190294,0.2645911785776892,0.2765276056948643,0.40026868168399987,True,True,,False,4
B+C+E|invvol_shrunk|vt10|nobrake,B+C+E,invvol_shrunk,0.1,False,2006-04-13,0.04855119934087182,0.10258914073984636,0.3742636599217618,-0.39343561060476295,0.12340316441168647,-0.07219692232168151,0.0019742595140021225,1.0432668339446658,0.681714507110807,0.2645911785776892,0.3964640191701842,0.41816292069075467,True,True,,False,3
A+B+C+D+E|invvol_shrunk|vt8|brake,A+B+C+D+E,invvol_shrunk,0.08,True,2006-04-13,0.036753770457634394,0.06356966930662684,0.3749886697001919,-0.22180081430087562,0.16570620163629082,-0.04668475012961337,0.0019510003704383725,1.0432668339446658,0.6832315528251837,0.2645911785776892,0.43751377720041573,0.361259504180787,False,True,,False,5
A+B+E|minvar_lw|vt10|nobrake,A+B+E,minvar_lw,0.1,False,2006-05-08,0.04792290127847787,0.10064626919006879,0.37460165752740965,-0.35740767365395965,0.13408470161968764,-0.07597532828239506,0.0019332008553247589,1.0432668339446658,0.6827072406117969,0.2645911785776892,0.4059479488536425,0.3917271255592878,False,True,,False,3
A+B+E+PCT|eqrisk|vt10|brake,A+B+E+PCT,eqrisk,0.1,True,2006-04-13,0.041811525941924055,0.08087112389477905,0.3703884704034533,-0.21104677655199422,0.19811497064786118,-0.07013136258186137,0.0019228733178329601,1.0432668339446658,0.6752594082054921,0.2645911785776892,0.401821571594037,0.394046885475666,False,True,,False,4
A+C+D+E+TSMOM|invvol_shrunk|vt10|brake,A+C+D+E+TSMOM,invvol_shrunk,0.1,True,2006-04-13,0.040327137858931605,0.07580420085156697,0.37109628622784435,-0.18153663123945973,0.22214325331253526,-0.05826859934066442,0.0019125177013688773,1.0432668339446658,0.6766223222146226,0.2645911785776892,0.38986400794951703,0.360131731644858,True,True,,False,5
A+B+C+D+E+TSMOM|invvol_shrunk|vt10|brake,A+B+C+D+E+TSMOM,invvol_shrunk,0.1,True,2006-04-13,0.040535369296604395,0.07691491420020596,0.36943139575689177,-0.18355829916342703,0.2208310355965689,-0.058086743240090666,0.0019002547136306553,1.0432668339446658,0.6737566512693941,0.2645911785776892,0.3776217731687909,0.36735754240208157,True,True,,False,6
A+C+D+E+PCT|invvol_shrunk|vt10|brake,A+C+D+E+PCT,invvol_shrunk,0.1,True,2006-04-13,0.03930075418683021,0.07221740272440232,0.3721440513419505,-0.2092998328036214,0.1877725063627008,-0.04552202886001566,0.001853861699545782,1.0432668339446658,0.6790597818025582,0.2645911785776892,0.35887922953937085,0.3626814298136883,True,True,,False,5
A+B+C+D|eqrisk|vt10|brake,A+B+C+D,eqrisk,0.1,True,2006-04-20,0.04105337705713219,0.07719861454051533,0.3751509313201829,-0.19849446997198383,0.2068237823599146,-0.04742367598045416,0.0018494171683886655,1.0432668339446658,0.6845104990255025,0.2645911785776892,0.3389851380645012,0.34013919110004753,True,True,,False,4
C+D+TSMOM|eqrisk|vt8|nobrake,C+D+TSMOM,eqrisk,0.08,False,2006-04-28,0.03960044533070195,0.07363885755712382,0.37124422327654394,-0.19823866976400994,0.19976145611672871,-0.060030703266589214,0.0018433594899393971,1.0432668339446658,0.6775451453455341,0.2645911785776892,0.3192613624122787,0.3303614733427854,True,True,,False,3
A+C+D|invvol_shrunk|vt10|brake,A+C+D,invvol_shrunk,0.1,True,2006-04-28,0.039048372192754366,0.07243190620553566,0.3689393893806527,-0.1786781550198776,0.21854026972916923,-0.06133807701817451,0.0018306925575666494,1.0432668339446658,0.6735289997371472,0.2645911785776892,0.3480468661046534,0.3802848139756765,True,True,,False,3
A+B+C+D+TSMOM|minvar_lw|vt8|nobrake,A+B+C+D+TSMOM,minvar_lw,0.08,False,2006-05-08,0.03888649951768386,0.0720122105747487,0.3690957489761236,-0.2114145159447418,0.18393486059324218,-0.05284845035958596,0.0018085734760657714,1.0432668339446658,0.6740219613488319,0.2645911785776892,0.34672531404665474,0.3432108720142421,True,True,,False,5
C+E+PCT|invvol_shrunk|vt6|brake,C+E+PCT,invvol_shrunk,0.06,True,2006-04-13,0.0334732611460451,0.05449852385173112,0.3694653304997237,-0.1379024575814345,0.2427314330223476,-0.03916691226852698,0.0018063172514700512,1.0432668339446658,0.6747078331306057,0.2645911785776892,0.29564207567400985,0.45831109309960694,True,True,,False,3
C+D+E+TSMOM|invvol_shrunk|vt8|brake,C+D+E+TSMOM,invvol_shrunk,0.08,True,2006-04-13,0.03634866509865442,0.06362348924995548,0.36857557046453243,-0.17320626278772,0.20985768362892865,-0.043672284871384304,0.0018016251355480735,1.0432668339446658,0.6731545679147217,0.2645911785776892,0.411388224454534,0.3466287703401586,False,True,,False,4
A+B+C+D+PCT|eqrisk|vt10|brake,A+B+C+D+PCT,eqrisk,0.1,True,2006-04-20,0.040615093111324496,0.07724361948130881,0.3695215163917878,-0.1865008553445051,0.21777429940629567,-0.055877541118940055,0.0018012509942765115,1.0432668339446658,0.6748580130743669,0.2645911785776892,0.3098164744221623,0.39409256552076294,True,True,,False,5
A+B+C+D+PCT|eqrisk|vt10|nobrake,A+B+C+D+PCT,eqrisk,0.1,False,2006-04-20,0.043715906859459475,0.08794777755865366,0.36844526572047037,-0.27646184308415755,0.15812636699434846,-0.07059003157365651,0.0018010029873493962,1.0432668339446658,0.6729265023761369,0.2645911785776892,0.28199495871357294,0.38160563682798854,True,True,,False,5
A+B+C+D+E|eqrisk|vt6|brake,A+B+C+D+E,eqrisk,0.06,True,2006-04-13,0.03332955453263442,0.05389530622852516,0.37042251309690516,-0.1691664006946475,0.1970223070052526,-0.03165584460410842,0.0017945333996232699,1.0432668339446658,0.6765440834477234,0.2645911785776892,0.41386706521837713,0.353643348856029,False,True,,False,5
B+C+D+E+PCT|eqrisk|vt6|brake,B+C+D+E+PCT,eqrisk,0.06,True,2006-04-13,0.0320242142065168,0.05041993286917781,0.3673218247611813,-0.1777850172500094,0.1801288696981866,-0.03541050682874347,0.0017919343080143296,1.0432668339446658,0.6709961026775904,0.2645911785776892,0.4247151835231655,0.32933236174883695,False,True,,False,5
B+E+TSMOM|minvar_lw|vt8|brake,B+E+TSMOM,minvar_lw,0.08,True,2006-05-08,0.03735495109243825,0.06870017543984343,0.3620614253893076,-0.19903681021813513,0.18767860604025433,-0.05369765026095463,0.001786352709778836,1.0432668339446658,0.6616221888426628,0.2645911785776892,0.4273855863692186,0.32348419414996565,False,True,,False,3
A+B+C+D|eqrisk|vt8|nobrake,A+B+C+D,eqrisk,0.08,False,2006-04-20,0.04062337466126631,0.07755459811742556,0.36852317285311254,-0.22734302169612486,0.1786875812514053,-0.05270582849726546,0.0017820419344403609,1.0432668339446658,0.6732501066112568,0.2645911785776892,0.3298466229926394,0.34013919110004753,True,True,,False,4
A+D+TSMOM|invvol_shrunk|vt8|brake,A+D+TSMOM,invvol_shrunk,0.08,True,2007-02-26,0.03596361740599252,0.07101234920204613,0.3556808955382051,-0.16933109310307748,0.21238637716760186,-0.04626363902551134,0.001776411292846125,1.0432668339446658,0.6503328984162371,0.2645911785776892,0.3473402964454412,0.3310201715215835,True,True,,False,3
B+C+D+PCT|invvol_shrunk|vt8|nobrake,B+C+D+PCT,invvol_shrunk,0.08,False,2006-04-20,0.041092736336052926,0.08127638623644277,0.36089541921210816,-0.23927103714574405,0.17174137257165248,-0.06887343031782456,0.0017550499145471484,1.0432668339446658,0.6598236073452597,0.2645911785776892,0.3497809059020302,0.33808240865045663,True,True,,False,4
B+E+TSMOM|minvar_lw|vt6|brake,B+E+TSMOM,minvar_lw,0.06,True,2006-05-08,0.03303561040303227,0.055180171106617874,0.35999549011122284,-0.1620347016826853,0.20387984832857803,-0.04312825028704914,0.0017502458255699998,1.0432668339446658,0.6582580565016537,0.2645911785776892,0.4014041043259265,0.3300774293413331,False,True,,False,3
A+B+C+D+E+TSMOM|minvar_lw|vt6|brake,A+B+C+D+E+TSMOM,minvar_lw,0.06,True,2006-05-08,0.03359639745928966,0.055441044654180045,0.36831130186781535,-0.16134042380274805,0.20823298134114254,-0.03825122346469345,0.0017408008608801359,1.0432668339446658,0.6732739875422906,0.2645911785776892,0.38995283271895276,0.33935480809048657,True,True,,False,6
A+B+C+D+PCT|minvar_lw|vt6|nobrake,A+B+C+D+PCT,minvar_lw,0.06,False,2006-05-08,0.03558140242183816,0.062036760492743766,0.366343286239205,-0.1942681390664095,0.18315613971920972,-0.04460724198762622,0.001734915129368463,1.0432668339446658,0.6697890949545252,0.2645911785776892,0.35914176238736406,0.347530185366977,True,True,,False,5
C+D+E+TSMOM|invvol_shrunk|vt6|brake,C+D+E+TSMOM,invvol_shrunk,0.06,True,2006-04-13,0.03321040851793211,0.05428170538782721,0.3660498438949263,-0.15050292927378783,0.22066287133532997,-0.03916691226852698,0.0017326098760718708,1.0432668339446658,0.6692836954710324,0.2645911785776892,0.3641851117256846,0.34474866864194503,True,True,,False,4
A+C+D|invvol_shrunk|vt8|brake,A+C+D,invvol_shrunk,0.08,True,2006-04-28,0.037703217855160176,0.06908010377360355,0.3646450404534015,-0.1606945918790188,0.2346265509890064,-0.05742856548813835,0.0017009903779948816,1.0432668339446658,0.6670650373346849,0.2645911785776892,0.3459815621576796,0.3824319884393021,True,True,,False,3
A+B+C+D+E+TSMOM|eqrisk|vt10|brake,A+B+C+D+E+TSMOM,eqrisk,0.1,True,2006-04-13,0.03867501919808447,0.0722696889365187,0.3636187985763188,-0.19052849413842698,0.20298811142644857,-0.05263782006751194,0.0017003136529570122,1.0432668339446658,0.6652253671707948,0.2645911785776892,0.4510344174551924,0.3484597944918002,False,True,,False,6
A+B+D+TSMOM|invvol_shrunk|vt6|nobrake,A+B+D+TSMOM,invvol_shrunk,0.06,False,2006-04-20,0.03613866903174556,0.06490671257520272,0.35992286272204216,-0.16905753520164446,0.21376550290196136,-0.054071469520179494,0.0016970232146582677,1.0432668339446658,0.6586203474446706,0.2645911785776892,0.29340463737480255,0.29809127870227203,True,True,,False,4
A+B+C+D+E|eqrisk|vt8|brake,A+B+C+D+E,eqrisk,0.08,True,2006-04-13,0.035699672852896436,0.06219200475384522,0.36556602603250815,-0.20538077384680808,0.1738218830528146,-0.041414190613252355,0.0016916859598880437,1.0432668339446658,0.6688153319611693,0.2645911785776892,0.46477799367305195,0.3307198818741596,False,True,,False,5
A+B+E+PCT|invvol_shrunk|vt6|brake,A+B+E+PCT,invvol_shrunk,0.06,True,2006-04-13,0.03342206791030411,0.05603594964430137,0.35997913863724806,-0.15882074689153058,0.21043892919815002,-0.047600132688609964,0.0016887874257601897,1.0432668339446658,0.6587986660805523,0.2645911785776892,0.3611406888979746,0.3574722295435742,True,True,,False,4
A+D+PCT|invvol_shrunk|vt6|brake,A+D+PCT,invvol_shrunk,0.06,True,2007-02-26,0.031877291950854536,0.056768472784975536,0.359294445616126,-0.15582716384382467,0.20456826117173674,-0.038116531889146765,0.0016876924613834702,1.0432668339446658,0.6575812200870662,0.2645911785776892,0.2822747286307418,0.2781363475626653,True,True,,False,3
A+B+C+D+E+TSMOM|minvar_lw|vt6|nobrake,A+B+C+D+E+TSMOM,minvar_lw,0.06,False,2006-05-08,0.03500490422035418,0.0609619518081115,0.36257225026886075,-0.19146014695313485,0.18283128252754657,-0.0418280613075418,0.0016600734398851302,1.0432668339446658,0.6637348133185874,0.2645911785776892,0.3602435572449693,0.3458318195462716,True,True,,False,6
A+B+E+PCT|invvol_shrunk|vt10|brake,A+B+E+PCT,invvol_shrunk,0.1,True,2006-04-13,0.04059273880367864,0.08032744989035372,0.35778193862135105,-0.22184990521399273,0.1829738839172528,-0.06337601469280241,0.0016369034279414155,1.0432668339446658,0.6553465887247651,0.2645911785776892,0.41358983018706413,0.35563745489864734,False,True,,False,4
A+B+C+D+E+TSMOM|invvol_shrunk|vt10|nobrake,A+B+C+D+E+TSMOM,invvol_shrunk,0.1,False,2006-04-13,0.0443098176963963,0.09311707465098269,0.3588572719830307,-0.2645346378105631,0.16750100502198573,-0.0742036410021295,0.0016346952586137834,1.0432668339446658,0.6572988051867459,0.2645911785776892,0.3211467540259907,0.3428419983971288,True,True,,False,6
A+B+E+PCT|invvol_shrunk|vt6|nobrake,A+B+E+PCT,invvol_shrunk,0.06,False,2006-04-13,0.03579627625490578,0.06429288557269701,0.3571625204657974,-0.1841954812728065,0.1943385147537304,-0.047600132688609964,0.0016155177873182658,1.0432668339446658,0.6544377066698512,0.2645911785776892,0.38374225103464815,0.35563745489864734,True,True,,False,4
A+B+C+D+PCT|minvar_lw|vt6|brake,A+B+C+D+PCT,minvar_lw,0.06,True,2006-05-08,0.03382737326764462,0.05748250094316021,0.3611197481578466,-0.1561871897263818,0.21658225189213962,-0.04460724198762622,0.001590264005510016,1.0432668339446658,0.6618097124009683,0.2645911785776892,0.39243119401889376,0.3177069280624611,True,True,,False,5
C+E|invvol_shrunk|vt10|brake,C+E,invvol_shrunk,0.1,True,2006-04-13,0.04084625407930087,0.08059161298548623,0.35985597500034006,-0.21815016391796804,0.1872391629036798,-0.07552654471728182,0.0015700213945447465,1.0432668339446658,0.6597321123539956,0.2645911785776892,0.5406251721741101,0.42008501797737774,False,True,,False,2
B+C+D+E+TSMOM|invvol_shrunk|vt6|brake,B+C+D+E+TSMOM,invvol_shrunk,0.06,True,2006-04-13,0.03241662413573376,0.05407970640776407,0.3529965514221877,-0.15559764112687136,0.20833621834473612,-0.041078612091924094,0.0015561594256772273,1.0432668339446658,0.6475221597307567,0.2645911785776892,0.3893523267391663,0.3708386780642041,True,True,,False,5
A+B+C+D+TSMOM|minvar_lw|vt10|nobrake,A+B+C+D+TSMOM,minvar_lw,0.1,False,2006-05-08,0.04013604047749664,0.07918743833221432,0.3576323062045376,-0.2269016316074045,0.17688740355530733,-0.05428737837516673,0.001525361464803829,1.0432668339446658,0.6561669631119371,0.2645911785776892,0.3382121039520117,0.32996373448362465,True,True,,False,5
A+C+D+E+PCT|eqrisk|vt8|brake,A+C+D+E+PCT,eqrisk,0.08,True,2006-04-13,0.03524734570707455,0.06198944043528075,0.3594529396077491,-0.1931007537320556,0.18253344446279773,-0.04212100748119918,0.0015178239941919579,1.0432668339446658,0.6595348771388543,0.2645911785776892,0.36909539190277996,0.36663148108635835,True,True,,False,5
A+B+C+D+E|invvol_shrunk|vt10|brake,A+B+C+D+E,invvol_shrunk,0.1,True,2006-04-13,0.03838840375000396,0.07299645247394229,0.3569529823290659,-0.26031490515650657,0.14746909604320999,-0.05680713928791503,0.0015169730602558398,1.0432668339446658,0.6550248311937837,0.2645911785776892,0.4900336446386707,0.343526431142997,False,True,,False,5
A+B+E+PCT|invvol_shrunk|vt10|nobrake,A+B+E+PCT,invvol_shrunk,0.1,False,2006-04-13,0.04584534076601687,0.10168409987914569,0.3512957711600466,-0.31755365000357394,0.14437037888086282,-0.0787671029003496,0.0014890551095816564,1.0432668339446658,0.6451065099746272,0.2645911785776892,0.38266317974705016,0.3574722295435742,True,True,,False,4
B+E+TSMOM|minvar_lw|vt10|brake,B+E+TSMOM,minvar_lw,0.1,True,2006-05-08,0.03919537228527248,0.07849364032847769,0.34860888636057724,-0.22878698005055398,0.17131819422858618,-0.06772419790025375,0.0014729956036345407,1.0432668339446658,0.6404335119138995,0.2645911785776892,0.4855543738941418,0.3428376282919022,False,True,,False,3
B+C+D+E+PCT|invvol_shrunk|vt8|brake,B+C+D+E+PCT,invvol_shrunk,0.08,True,2006-04-13,0.03484312664626099,0.06255125363148734,0.3505818898859602,-0.19844041101471088,0.17558483409751646,-0.055676727215768884,0.0014647866154315259,1.0432668339446658,0.6440568824054939,0.2645911785776892,0.4307366576026989,0.349073206950987,False,True,,False,5
A+B+E+PCT|invvol_shrunk|vt8|nobrake,A+B+E+PCT,invvol_shrunk,0.08,False,2006-04-13,0.041084481115560845,0.08433545320862305,0.35032020426215216,-0.2585097598517577,0.1589281624768083,-0.06292709134537844,0.0014637743016713163,1.0432668339446658,0.6435959194114117,0.2645911785776892,0.3916899875343912,0.354229145812922,True,True,,False,4
A+C+D+E+TSMOM|eqrisk|vt10|nobrake,A+C+D+E+TSMOM,eqrisk,0.1,False,2006-04-13,0.041594470780324855,0.0850815563432341,0.35366782978901934,-0.23123446161813666,0.17988006843467155,-0.05281581950365655,0.0014586107845043779,1.0432668339446658,0.6496802352007807,0.2645911785776892,0.3911558383210028,0.3390319011121419,True,True,,False,5
C+D+TSMOM|eqrisk|vt10|nobrake,C+D+TSMOM,eqrisk,0.1,False,2006-04-28,0.040523265518000784,0.08188955341978382,0.35249490616279333,-0.2064969175325302,0.196241503273854,-0.06712680036603358,0.0014540206460953702,1.0432668339446658,0.6476091751449882,0.2645911785776892,0.31582813183349795,0.29675990830580157,True,True,,False,3
B+C+D+E+PCT|invvol_shrunk|vt6|brake,B+C+D+E+PCT,invvol_shrunk,0.06,True,2006-04-13,0.031222447986077206,0.05094211581990058,0.34879101787610733,-0.17145687468822712,0.182100881302376,-0.041078612091924094,0.0014442825577963168,1.0432668339446658,0.6410339052268238,0.2645911785776892,0.41875659426716993,0.33937070175823925,False,True,,False,5
A+C+D+E+TSMOM|invvol_shrunk|vt10|nobrake,A+C+D+E+TSMOM,invvol_shrunk,0.1,False,2006-04-13,0.04333300706033083,0.09237283169862574,0.3508320675328242,-0.23645308024688472,0.1832626033675945,-0.07315973599368342,0.0014398766991516696,1.0432668339446658,0.6447509264714311,0.2645911785776892,0.3384176845765626,0.356262550886025,True,True,,False,5
B+C+D+E+TSMOM|eqrisk|vt8|brake,B+C+D+E+TSMOM,eqrisk,0.08,True,2006-04-13,0.034817360148294174,0.06245718438310011,0.3506217174787281,-0.17672355709781162,0.19701595373062644,-0.04803195178671471,0.001429481218254375,1.0432668339446658,0.6444744908773787,0.2645911785776892,0.48894059825658776,0.3286134647575811,False,True,,False,5
A+B+C+D+E+PCT|invvol_shrunk|vt8|nobrake,A+B+C+D+E+PCT,invvol_shrunk,0.08,False,2006-04-13,0.03958356273819286,0.07926689680651057,0.3492877095146037,-0.27473488508169164,0.14407912823456256,-0.05993182943423914,0.001426229084798935,1.0432668339446658,0.6421026346609349,0.2645911785776892,0.3540907832858003,0.33618189940960086,True,True,,False,6
A+C+D+E+PCT|eqrisk|vt10|brake,A+C+D+E+PCT,eqrisk,0.1,True,2006-04-13,0.037098638092465386,0.06928868923399688,0.3542665733995322,-0.2060434780916235,0.1800524745363129,-0.04974280222862948,0.0014234985478818257,1.0432668339446658,0.6511212249373597,0.2645911785776892,0.3895911992276216,0.344853748360874,True,True,,False,5
C+D+E+TSMOM|invvol_shrunk|vt6|nobrake,C+D+E+TSMOM,invvol_shrunk,0.06,False,2006-04-13,0.034846305495742635,0.06251054022047851,0.35084614424135435,-0.18748855013341637,0.18585831225931448,-0.04895636381490476,0.0014229661964768026,1.0432668339446658,0.6449440529306979,0.2645911785776892,0.3299328418536688,0.3044811543406336,True,True,,False,4
B+E+TSMOM|minvar_lw|vt10|nobrake,B+E+TSMOM,minvar_lw,0.1,False,2006-05-08,0.045950227527434606,0.10523920714430227,0.34499423022495307,-0.34367283793387027,0.13370340176920348,-0.09454284393566392,0.001411189422310198,1.0432668339446658,0.6345304583807405,0.2645911785776892,0.3659864752671067,0.33782018414423476,True,True,,False,3
A+B+D+TSMOM|invvol_shrunk|vt10|brake,A+B+D+TSMOM,invvol_shrunk,0.1,True,2006-04-20,0.042183090669672296,0.08922637464407887,0.34798051408042335,-0.17982788268492544,0.23457480586356483,-0.04525904485680765,0.0014083109271940035,1.0432668339446658,0.6399238926580133,0.2645911785776892,0.3387708523336551,0.2895069109328995,True,True,,False,4
C+E|invvol_shrunk|vt10|nobrake,C+E,invvol_shrunk,0.1,False,2006-04-13,0.04569121356439698,0.10060155812263914,0.3523951808561704,-0.31725863397423637,0.14401881831246688,-0.0700571654892348,0.0013932319558057273,1.0432668339446658,0.6480458709836339,0.2645911785776892,0.4422843347339633,0.4078940072741548,False,True,,False,2
A+B+C+D+E+PCT|minvar_lw|vt6|nobrake,A+B+C+D+E+PCT,minvar_lw,0.06,False,2006-05-08,0.0341974645805585,0.06087901135218463,0.3501511328990065,-0.19004599431775593,0.17994309589804094,-0.044441749643460704,0.001390603779793184,1.0432668339446658,0.6440140670869737,0.2645911785776892,0.3649716991526186,0.33159356250089767,True,True,,False,6
B+C+D+E|invvol_shrunk|vt8|brake,B+C+D+E,invvol_shrunk,0.08,True,2006-04-13,0.0347242954662097,0.062406961366005397,0.3494572055311271,-0.23922358051808457,0.14515414990030487,-0.055676727215768884,0.0013868490572275154,1.0432668339446658,0.6427985727545995,0.2645911785776892,0.5365799193660749,0.30580547455428964,False,True,,False,4
B+C+D+E+TSMOM|eqrisk|vt6|nobrake,B+C+D+E+TSMOM,eqrisk,0.06,False,2006-04-13,0.0344658942750089,0.062223884881259406,0.3463172231303478,-0.2121151023122244,0.16248675317930247,-0.04559339194621215,0.0013767037276198263,1.0432668339446658,0.6372375449434353,0.2645911785776892,0.3799306862251835,0.29459190827933346,True,True,,False,5
A+B+D+TSMOM|invvol_shrunk|vt8|nobrake,A+B+D+TSMOM,invvol_shrunk,0.08,False,2006-04-20,0.04042085626838987,0.0838699833222104,0.3445371839358766,-0.21786808384283152,0.18552903920314087,-0.07154833449384401,0.001367480642647826,1.0432668339446658,0.63412456342432,0.2645911785776892,0.3106195489712815,0.29607054520525344,True,True,,False,4
C+D+E+PCT|invvol_shrunk|vt8|brake,C+D+E+PCT,invvol_shrunk,0.08,True,2006-04-13,0.034554385499768525,0.06184474810062393,0.34935539602586657,-0.19383029881546676,0.1782713317316067,-0.043672284871384304,0.0013486401509288436,1.0432668339446658,0.6430030147815213,0.2645911785776892,0.3811571221165298,0.31453300429999265,True,True,,False,4
B+C+D+PCT|eqrisk|vt6|brake,B+C+D+PCT,eqrisk,0.06,True,2006-04-20,0.03270039198855179,0.05685902158669309,0.3438485368830924,-0.15417294334073706,0.21210201530809966,-0.05367509810544313,0.0013476702352690512,1.0432668339446658,0.6330769715427463,0.2645911785776892,0.4131073498993196,0.3245801274280899,False,True,,False,4
A+B+E+PCT|invvol_shrunk|vt8|brake,A+B+E+PCT,invvol_shrunk,0.08,True,2006-04-13,0.0362402537517903,0.06900179657391076,0.3435097306549,-0.19137361816716203,0.18936912046118587,-0.059753134709320976,0.0013355787512402415,1.0432668339446658,0.6325843664892017,0.2645911785776892,0.4097335990880521,0.3588805386292996,False,True,,False,4
B+E+TSMOM|minvar_lw|vt8|nobrake,B+E+TSMOM,minvar_lw,0.08,False,2006-05-08,0.0405535454481567,0.08596097018021683,0.34071366526555286,-0.27644253762945303,0.14669792064532114,-0.07570806990559575,0.0013220201326985014,1.0432668339446658,0.6276901113000718,0.2645911785776892,0.36296479225604106,0.3315572127161234,True,True,,False,3
A+B+C+D+E+PCT|eqrisk|vt10|brake,A+B+C+D+E+PCT,eqrisk,0.1,True,2006-04-13,0.036428281594061085,0.06890056490272652,0.3464956237588978,-0.21161020992437363,0.1721480339114073,-0.04979030060906653,0.0013118608700916122,1.0432668339446658,0.6382060565553942,0.2645911785776892,0.3992905783376897,0.3589426859879255,True,True,,False,6
A+B+C+D+E+TSMOM|minvar_lw|vt10|brake,A+B+C+D+E+TSMOM,minvar_lw,0.1,True,2006-05-08,0.036701112472615094,0.06926757938944171,0.35042396522470254,-0.17562939461456117,0.20896907691995345,-0.05009440337566795,0.0013107676430374107,1.0432668339446658,0.6453377130482464,0.2645911785776892,0.4102187494472236,0.31964589211956074,False,True,,False,6
B+E+TSMOM|minvar_lw|vt6|nobrake,B+E+TSMOM,minvar_lw,0.06,False,2006-05-08,0.03467793087001403,0.06484368758682882,0.33978097357248044,-0.21556768219705136,0.160867948834347,-0.05671773316012141,0.001306385888289136,1.0432668339446658,0.6261639442654654,0.2645911785776892,0.36189155953527735,0.32828017935100184,True,True,,False,3
B+E+PCT|minvar_lw|vt10|brake,B+E+PCT,minvar_lw,0.1,True,2006-05-08,0.038038025222874916,0.07662501500732499,0.3406810263588513,-0.2544120748103308,0.14951344291041616,-0.06772419790025375,0.0013062282297541653,1.0432668339446658,0.627781172396416,0.2645911785776892,0.3715982936522271,0.29016814292050974,True,True,,False,3
A+B+C+D+PCT|minvar_lw|vt8|nobrake,A+B+C+D+PCT,minvar_lw,0.08,False,2006-05-08,0.03700689976939908,0.07175334288336645,0.3449092378349475,-0.22170094343769275,0.16692260842723733,-0.055558829356986195,0.0012825555757351005,1.0432668339446658,0.6356361770320975,0.2645911785776892,0.3626117036568293,0.32811851909044115,True,True,,False,5
B+C+D+E+TSMOM|invvol_shrunk|vt10|brake,B+C+D+E+TSMOM,invvol_shrunk,0.1,True,2006-04-13,0.0376125821593718,0.07480587347678513,0.340129258570675,-0.1998629415957347,0.18819187718877492,-0.06889817840148615,0.0012767610539969334,1.0432668339446658,0.6270720143720419,0.2645911785776892,0.4484237416771263,0.3151187777394171,False,True,,False,5
A+B+C+D+E+PCT|eqrisk|vt8|nobrake,A+B+C+D+E+PCT,eqrisk,0.08,False,2006-04-13,0.03807274311486997,0.07552856272759086,0.3434589987467753,-0.25474040326733594,0.1494570261589589,-0.053996292604521545,0.0012721637666131672,1.0432668339446658,0.6331201249250731,0.2645911785776892,0.3454860710848898,0.34691170733220644,True,True,,False,6
A+C+D+E+TSMOM|eqrisk|vt10|brake,A+C+D+E+TSMOM,eqrisk,0.1,True,2006-04-13,0.03699135447792212,0.07172508149577113,0.3432118729628502,-0.18513694636998523,0.1998053613998639,-0.04898303275125904,0.001266918692518729,1.0432668339446658,0.6327266392440011,0.2645911785776892,0.47813161922883063,0.3589426859879255,False,True,,False,5
A+C+D+E+PCT|eqrisk|vt8|nobrake,A+C+D+E+PCT,eqrisk,0.08,False,2006-04-13,0.03794701127204125,0.0747655974415411,0.34453570514980925,-0.23398068386534243,0.16218010241341133,-0.04695069083059633,0.001258745160949825,1.0432668339446658,0.635204908411827,0.2645911785776892,0.31927972600532856,0.33618189940960086,True,True,,False,5
A+B+D+TSMOM|invvol_shrunk|vt8|brake,A+B+D+TSMOM,invvol_shrunk,0.08,True,2006-04-20,0.03774431176084381,0.07572222127669505,0.3389728561476559,-0.16657607154634513,0.22658903773188402,-0.037792162547150676,0.0012408825122600543,1.0432668339446658,0.6253392221399091,0.2645911785776892,0.3496846407425227,0.3238718353886508,True,True,,False,4
B+E+TSMOM|eqrisk|vt10|nobrake,B+E+TSMOM,eqrisk,0.1,False,2006-04-13,0.04487776366025953,0.10447958878924181,0.33585939471598913,-0.298812832344282,0.15018686884421648,-0.0908793664563804,0.0012343078080433241,1.0432668339446658,0.6198067882035478,0.2645911785776892,0.32879782431561505,0.31959007264810857,True,True,,False,3
A+E+PCT|invvol_shrunk|vt10|nobrake,A+E+PCT,invvol_shrunk,0.1,False,2006-04-13,0.044280828499148495,0.10041850026988615,0.3394789221395591,-0.23901687667503901,0.18526235099018357,-0.06964691944632573,0.0012329321365711328,1.0432668339446658,0.6263290176376397,0.2645911785776892,0.33426618014432485,0.3429047348518965,True,True,,False,3
A+B+C+D+E+TSMOM|minvar_lw|vt8|nobrake,A+B+C+D+E+TSMOM,minvar_lw,0.08,False,2006-05-08,0.03646384062495689,0.07071558014943093,0.34151250619353674,-0.20798899713811225,0.1753162000235213,-0.05104453744971982,0.0012322950590207616,1.0432668339446658,0.6300063196326166,0.2645911785776892,0.3659344726075178,0.3228934512359636,True,True,,False,6
A+B+C+D|eqrisk|vt8|brake,A+B+C+D,eqrisk,0.08,True,2006-04-20,0.03596311728968771,0.06805783506674448,0.343818297219217,-0.18220044433961102,0.19738216018098478,-0.043664044856052575,0.0012315512366797795,1.0432668339446658,0.6341878722712009,0.2645911785776892,0.4028293463842119,0.37183705208664775,False,True,,False,4
A+B+C+D+E|eqrisk|vt6|nobrake,A+B+C+D+E,eqrisk,0.06,False,2006-04-13,0.03413026303622502,0.06208460845748583,0.3417206716795499,-0.2476046671356522,0.13784175973357754,-0.0355884375070461,0.0012304041920436694,1.0432668339446658,0.630401892470762,0.2645911785776892,0.3894907266664432,0.31056053464190475,True,True,,False,5
C+D+PCT|invvol_shrunk|vt10|nobrake,C+D+PCT,invvol_shrunk,0.1,False,2006-04-28,0.04175338914207605,0.09169217687998722,0.3370084160674637,-0.28561079447267734,0.1461898147763121,-0.07050673045816447,0.0012079351808240977,1.0432668339446658,0.6221237324738612,0.2645911785776892,0.31396888862468764,0.33808240865045663,True,True,,False,3
A+E+PCT|invvol_shrunk|vt6|brake,A+E+PCT,invvol_shrunk,0.06,True,2006-04-13,0.03220005890008726,0.05615145904881453,0.33823874433442946,-0.14273173329749866,0.2255984577232872,-0.04466674528211445,0.0012037163949550316,1.0432668339446658,0.6243821246318365,0.2645911785776892,0.36116926193916105,0.34609951401577466,True,True,,False,3
A+D+TSMOM|invvol_shrunk|vt10|brake,A+D+TSMOM,invvol_shrunk,0.1,True,2007-02-26,0.03615060652158841,0.08111483053138209,0.3230674868955111,-0.18524144354515326,0.1951539883826082,-0.05764346582476498,0.0011953073044674856,1.0432668339446658,0.5973818735442806,0.2645911785776892,0.3730230674507975,0.3310166921984305,True,True,,False,3
C+D+E+TSMOM|eqrisk|vt8|brake,C+D+E+TSMOM,eqrisk,0.08,True,2006-04-13,0.0342600889016631,0.06202511554198656,0.3439021446544507,-0.17827876840392354,0.19217144704545258,-0.04454391557208415,0.0011914633291876477,1.0432668339446658,0.6347657458271225,0.2645911785776892,0.523863807077402,0.3045672677461223,False,True,,False,4
B+E+TSMOM|invvol_shrunk|vt10|nobrake,B+E+TSMOM,invvol_shrunk,0.1,False,2006-04-13,0.04447087967132202,0.10416957360684106,0.33281393829103506,-0.2819454468721728,0.15772866760102008,-0.0889338157486188,0.001186294967454532,1.0432668339446658,0.6147952840840115,0.2645911785776892,0.3011009038584212,0.31757648296384205,True,True,,False,3
A+E+PCT|invvol_shrunk|vt8|nobrake,A+E+PCT,invvol_shrunk,0.08,False,2006-04-13,0.03934195460993717,0.08295745320175339,0.33451369854374635,-0.20812311297978348,0.18903212644988038,-0.06304515361516905,0.0011513747412774382,1.0432668339446658,0.618183981052092,0.2645911785776892,0.3295673696019507,0.34489956320085563,True,True,,False,3
A+B+C+D+E+PCT|minvar_lw|vt6|brake,A+B+C+D+E+PCT,minvar_lw,0.06,True,2006-05-08,0.03111379792507729,0.05253358240981498,0.3399161026821477,-0.1664231466113023,0.18695595269416843,-0.03788731458828376,0.0011503251846798558,1.0432668339446658,0.6279642268102783,0.2645911785776892,0.4357050486506631,0.333887134973673,False,True,,False,6
A+B+C+D+TSMOM|minvar_lw|vt6|brake,A+B+C+D+TSMOM,minvar_lw,0.06,True,2006-05-08,0.032531166995709127,0.057585490430667255,0.33879351349882536,-0.15708490195774227,0.20709289429012345,-0.04171667268934287,0.001148675177108839,1.0432668339446658,0.6259455299346783,0.2645911785776892,0.38011269980993184,0.34404060063193054,True,True,,False,5
A+B+C+D+E+TSMOM|eqrisk|vt10|nobrake,A+B+C+D+E+TSMOM,eqrisk,0.1,False,2006-04-13,0.040378301647174375,0.0868294228080308,0.3348519292614335,-0.255774570305664,0.15786675586599636,-0.06480639583382819,0.0011343190094591938,1.0432668339446658,0.6189629017038469,0.2645911785776892,0.4076809271476726,0.356262550886025,False,True,,False,6
B+C+D+E+TSMOM|invvol_shrunk|vt8|nobrake,B+C+D+E+TSMOM,invvol_shrunk,0.08,False,2006-04-13,0.0383286253137185,0.08028748469943812,0.3308438014634422,-0.23845574883601617,0.16073684740591743,-0.06323793220823648,0.0011260273244938647,1.0432668339446658,0.6118275257507461,0.2645911785776892,0.3573478665648942,0.2924093255777838,True,True,,False,5
A+B+D+TSMOM|invvol_shrunk|vt10|nobrake,A+B+D+TSMOM,invvol_shrunk,0.1,False,2006-04-20,0.04330289888255212,0.1002781836849804,0.33082055374198227,-0.2506768859951216,0.1727438838672778,-0.08878790602519127,0.0011254457914865992,1.0432668339446658,0.6117912978389097,0.2645911785776892,0.31707694546226106,0.2896374805844924,True,True,,False,4
A+B+C+D|eqrisk|vt10|nobrake,A+B+C+D,eqrisk,0.1,False,2006-04-20,0.04093417528719723,0.08851960648029364,0.33646008498087804,-0.2651630988825693,0.1543735740745941,-0.0630042713839909,0.0011191561649917566,1.0432668339446658,0.6220247404814129,0.2645911785776892,0.3314582907783962,0.3684842192867914,True,True,,False,4
B+C+D+E+PCT|eqrisk|vt8|brake,B+C+D+E+PCT,eqrisk,0.08,True,2006-04-13,0.0331747072678259,0.06053815706613324,0.33353966724238066,-0.19859271963272307,0.16704895994767144,-0.04803195178671471,0.0011100894304886158,1.0432668339446658,0.6168366490433715,0.2645911785776892,0.4504019409868429,0.3016898114643599,False,True,,False,5
C+D+E+TSMOM|eqrisk|vt6|brake,C+D+E+TSMOM,eqrisk,0.06,True,2006-04-13,0.031082813827677525,0.05226150002869349,0.3386511930425357,-0.1664366175624019,0.18675465941876448,-0.03979825242277435,0.0011095705944817083,1.0432668339446658,0.6261014216981693,0.2645911785776892,0.48086410898266313,0.33363884705088603,False,True,,False,4
A+E+PCT|invvol_shrunk|vt8|brake,A+E+PCT,invvol_shrunk,0.08,True,2006-04-13,0.03602920515655228,0.07119047225310644,0.33221988939430125,-0.15997374139753795,0.22521949441076697,-0.05588240607238393,0.0011082991192217348,1.0432668339446658,0.6144741635289459,0.2645911785776892,0.3866853244537022,0.3408742374946647,True,True,,False,3
A+C+D|eqrisk|vt10|nobrake,A+C+D,eqrisk,0.1,False,2006-04-28,0.03833098335302365,0.07916891230789763,0.3352034966158518,-0.21097751154718636,0.1816827920280532,-0.06089166702733373,0.0011056104998058047,1.0432668339446658,0.6198894828576732,0.2645911785776892,0.3415140995331921,0.3129097615231964,True,True,,False,3
A+B+C+D+E|invvol_shrunk|vt6|nobrake,A+B+C+D+E,invvol_shrunk,0.06,False,2006-04-13,0.033759522242575724,0.06284971366819225,0.3326236225534089,-0.2678037033369882,0.12606069976595788,-0.039221850298711725,0.001098902859042493,1.0432668339446658,0.6152951549982729,0.2645911785776892,0.3765247496083021,0.3185281950412173,True,True,,False,5
B+C+D+PCT|invvol_shrunk|vt10|brake,B+C+D+PCT,invvol_shrunk,0.1,True,2006-04-20,0.03803294402523649,0.08003740978259415,0.3283963152465518,-0.20557521683265556,0.1850074372349876,-0.05356222710854297,0.0010941262427351258,1.0432668339446658,0.6077357841474123,0.2645911785776892,0.43332728853803565,0.3536342870808038,False,True,,False,4
A+B+C+D+PCT|minvar_lw|vt10|nobrake,A+B+C+D+PCT,minvar_lw,0.1,False,2006-05-08,0.038144230447915595,0.0793227699109654,0.33296601586123475,-0.23839075129482867,0.1600071741069388,-0.055705408840471704,0.0010657460913128618,1.0432668339446658,0.6162498311946939,0.2645911785776892,0.3509423140871182,0.3244707776055489,True,True,,False,5
A+E+PCT|invvol_shrunk|vt6|nobrake,A+E+PCT,invvol_shrunk,0.06,False,2006-04-13,0.03368032256553555,0.06333356633010748,0.32927152431977075,-0.15093811772687737,0.22313994021364514,-0.049029395036322754,0.0010634802127746166,1.0432668339446658,0.6096020314487915,0.2645911785776892,0.32892196436202276,0.3483207213026782,True,True,,False,3
A+B+D+E+TSMOM|invvol_shrunk|vt8|brake,A+B+D+E+TSMOM,invvol_shrunk,0.08,True,2006-04-13,0.033801639805415507,0.06428673934944878,0.3271730244380771,-0.19033991482097046,0.1775856621413779,-0.04221021049324203,0.001057021815752388,1.0432668339446658,0.6058901496743889,0.2645911785776892,0.4306507017968756,0.25988185609754955,False,True,,False,5
A+B|eqrisk|vt8|nobrake,A+B,eqrisk,0.08,False,2006-04-20,0.04110726960823774,0.09222450132698294,0.3284609527059432,-0.2104697226715273,0.1953120338947394,-0.06888848591848484,0.0010509475383730321,1.0432668339446658,0.6082646464244785,0.2645911785776892,0.3588046614304928,0.3218616514590139,True,True,,False,2
A+B|eqrisk|vt10|nobrake,A+B,eqrisk,0.1,False,2006-04-20,0.04587012444963423,0.11245381280689201,0.32833405727726916,-0.25846490261556265,0.17747138580691885,-0.08554770270468803,0.001044488282525835,1.0432668339446658,0.6080991536506648,0.2645911785776892,0.3743691927326764,0.32192509917335094,True,True,,False,2
A+C+D+E+PCT|invvol_shrunk|vt8|nobrake,A+C+D+E+PCT,invvol_shrunk,0.08,False,2006-04-13,0.0377819511559101,0.07877607104881362,0.3289048000724264,-0.24297407976552254,0.15549786706619423,-0.057792512625754466,0.0010389479382083215,1.0432668339446658,0.6091823856927567,0.2645911785776892,0.3375272458198199,0.34691170733220644,True,True,,False,5
B+C+D+PCT|eqrisk|vt6|nobrake,B+C+D+PCT,eqrisk,0.06,False,2006-04-20,0.03334236257507106,0.06338648499190322,0.32443552545382537,-0.1882825568906772,0.17708683760031307,-0.05367509810544313,0.0010328200033947192,1.0432668339446658,0.601205788225577,0.2645911785776892,0.3927231516694974,0.273460415766299,True,True,,False,4
B+E+TSMOM|eqrisk|vt8|nobrake,B+E+TSMOM,eqrisk,0.08,False,2006-04-13,0.03903476717486232,0.08563112260818101,0.3233334518597663,-0.24401124297079313,0.1599711828833009,-0.07273905092303212,0.0010308981925173863,1.0432668339446658,0.5992499621810293,0.2645911785776892,0.3333707612123384,0.3182044599188922,True,True,,False,3
A+D+PCT|invvol_shrunk|vt10|brake,A+D+PCT,invvol_shrunk,0.1,True,2007-02-26,0.03416306005055736,0.07606102167262066,0.31405287031643764,-0.21492025875528298,0.1589569091737267,-0.06304505358741674,0.0010154225450459313,1.0432668339446658,0.5828922619965636,0.2645911785776892,0.30957280287428257,0.23464916829261753,True,True,,False,3
B+E+TSMOM|invvol_shrunk|vt8|nobrake,B+E+TSMOM,invvol_shrunk,0.08,False,2006-04-13,0.0387194615070654,0.08535153825488244,0.3205622264013335,-0.23349715066056698,0.16582412846378405,-0.07118604662053651,0.0009959378795861749,1.0432668339446658,0.5946107109706813,0.2645911785776892,0.3052275458633283,0.31896209569305845,True,True,,False,3
B+E+PCT|minvar_lw|vt6|brake,B+E+PCT,minvar_lw,0.06,True,2006-05-08,0.03017079033470904,0.052955021881823515,0.32037388511018583,-0.16703658922429498,0.18062384100884638,-0.039685747918795644,0.0009951888926831613,1.0432668339446658,0.5942809320023157,0.2645911785776892,0.34311381093591414,0.2838831199520173,True,True,,False,3
C+D+E+PCT|invvol_shrunk|vt6|brake,C+D+E+PCT,invvol_shrunk,0.06,True,2006-04-13,0.029673495046448117,0.049314288671098404,0.3281595136305184,-0.17168629201587693,0.1728355519711732,-0.03916691226852698,0.0009882954637069595,1.0432668339446658,0.6083464892716168,0.2645911785776892,0.41217235446832484,0.33608328366171436,False,True,,False,4
B+C+D+TSMOM|eqrisk|vt8|brake,B+C+D+TSMOM,eqrisk,0.08,True,2006-04-20,0.034645700933267465,0.06844053989008882,0.3236872622727815,-0.1569734053799161,0.22071064107589394,-0.053757931968673844,0.000987293202844861,1.0432668339446658,0.600290734015854,0.2645911785776892,0.41572872798911475,0.3358040704630505,False,True,,False,4
B+C+D+TSMOM|eqrisk|vt10|nobrake,B+C+D+TSMOM,eqrisk,0.1,False,2006-04-20,0.039421634746350964,0.08817116117493765,0.32105463835143894,-0.2200260435961473,0.17916803893773803,-0.08042671730362438,0.0009829422352874181,1.0432668339446658,0.5956089342509491,0.2645911785776892,0.34769586156268467,0.33674066480508313,True,True,,False,4
A+B+D+TSMOM|invvol_shrunk|vt6|brake,A+B+D+TSMOM,invvol_shrunk,0.06,True,2006-04-20,0.03219213534344667,0.06001313033546246,0.32057064633922444,-0.1388391113335149,0.2318664750461831,-0.05143818943527223,0.0009700381795940781,1.0432668339446658,0.594860395293635,0.2645911785776892,0.3562769885934301,0.3091199074282753,True,True,,False,4
C+D+PCT|eqrisk|vt6|brake,C+D+PCT,eqrisk,0.06,True,2006-04-28,0.030976903941897005,0.05483343525157142,0.3247247294023544,-0.1588835696910723,0.1949660622689144,-0.0486340377107346,0.0009640757860125939,1.0432668339446658,0.6023845842073465,0.2645911785776892,0.3911439015164197,0.30730006093647483,True,True,,False,3
A+B+C+D+TSMOM|minvar_lw|vt10|brake,A+B+C+D+TSMOM,minvar_lw,0.1,True,2006-05-08,0.035483503886352796,0.07102678481224657,0.32696145310601454,-0.1788318300808973,0.19841827861573239,-0.05360586582917859,0.0009484941539500474,1.0432668339446658,0.6065882585213574,0.2645911785776892,0.36593024423745707,0.32069635988698486,True,True,,False,5
B+C+D+TSMOM|eqrisk|vt10|brake,B+C+D+TSMOM,eqrisk,0.1,True,2006-04-20,0.037165971273250165,0.07902726187301556,0.32098642344737294,-0.17123101429839593,0.21705163299729593,-0.05631914426938667,0.0009469928375226579,1.0432668339446658,0.5958205616784469,0.2645911785776892,0.3880131063233794,0.31972070953556647,True,True,,False,4
A+B+C+D+E+PCT|minvar_lw|vt8|nobrake,A+B+C+D+E+PCT,minvar_lw,0.08,False,2006-05-08,0.035082652163561656,0.07053833171735466,0.32327102231964755,-0.2164865469456012,0.16205465262641577,-0.05382074712587159,0.000942137655883019,1.0432668339446658,0.5999794521245165,0.2645911785776892,0.3649265154389852,0.3295678216209381,True,True,,False,6
B+C+D+E|eqrisk|vt6|brake,B+C+D+E,eqrisk,0.06,True,2006-04-13,0.029772736174281,0.050215931606364145,0.3251250562552932,-0.1903957410637256,0.15637291048603888,-0.03541050682874347,0.00094149489645556,1.0432668339446658,0.6033348553577639,0.2645911785776892,0.5790273429291245,0.28617110294197506,False,True,,False,4
B+C+D+E|invvol_shrunk|vt6|brake,B+C+D+E,invvol_shrunk,0.06,True,2006-04-13,0.02932338026451653,0.049287452688918355,0.321468462915498,-0.19895385670064414,0.1473878453567148,-0.041078612091924094,0.0009362493552214283,1.0432668339446658,0.5967895724923551,0.2645911785776892,0.5582595349615781,0.317450615911233,False,True,,False,4
B+E+TSMOM|eqrisk|vt6|nobrake,B+E+TSMOM,eqrisk,0.06,False,2006-04-13,0.0331822279394105,0.06481319274128566,0.31584669343645083,-0.19008451531128445,0.17456565509858038,-0.05445890251933305,0.0009286041464461629,1.0432668339446658,0.5867877334798683,0.2645911785776892,0.33817672450595115,0.31896209569305845,True,True,,False,3
A+B+C+D+E+TSMOM|minvar_lw|vt10|nobrake,A+B+C+D+E+TSMOM,minvar_lw,0.1,False,2006-05-08,0.03699007746781002,0.07815993002428932,0.32251588015227967,-0.22501066221656985,0.16439255412797973,-0.0503558666700078,0.0009263218828034533,1.0432668339446658,0.5987736783810547,0.2645911785776892,0.3950020957461885,0.33818221772748513,True,True,,False,6
B+E+TSMOM|invvol_shrunk|vt6|nobrake,B+E+TSMOM,invvol_shrunk,0.06,False,2006-04-13,0.033044824954108876,0.06460728667590264,0.3145907395263506,-0.18092262331457254,0.18264617408655082,-0.053278373282745206,0.0009167594911428536,1.0432668339446658,0.5846513238405218,0.2645911785776892,0.308172328081568,0.3182044599188922,True,True,,False,3
B+C+D+E+TSMOM|eqrisk|vt10|brake,B+C+D+E+TSMOM,eqrisk,0.1,True,2006-04-13,0.034766176798063375,0.07024030590948906,0.318386780719694,-0.20357953119151362,0.17077442213656416,-0.05839658788217783,0.0008901040912813879,1.0432668339446658,0.5916880756861701,0.2645911785776892,0.567931771331682,0.2965747040614905,False,True,,False,5
C+D+E+PCT|eqrisk|vt6|brake,C+D+E+PCT,eqrisk,0.06,True,2006-04-13,0.029662123669946805,0.05013555705849622,0.3233755494473214,-0.17987520310079663,0.16490390647856584,-0.03771395136803346,0.0008802394722381822,1.0432668339446658,0.600799670209351,0.2645911785776892,0.42279299485488847,0.3128156121859107,False,True,,False,4
A+B|eqrisk|vt6|nobrake,A+B,eqrisk,0.06,False,2006-04-20,0.034556482095874586,0.07042176127771702,0.31538924564075865,-0.16469558143480245,0.20982033515910903,-0.052003708169129026,0.0008796214427852576,1.0432668339446658,0.5864061209510587,0.2645911785776892,0.36338876746872595,0.3283975049916062,True,True,,False,2
A+B+C+D+E|eqrisk|vt10|brake,A+B+C+D+E,eqrisk,0.1,True,2006-04-13,0.034337768149234504,0.06879198443898553,0.3176214665291023,-0.22942458811574995,0.14966908486683353,-0.04979030060906653,0.0008651797455710593,1.0432668339446658,0.5905497526730498,0.2645911785776892,0.5845862392624046,0.35172430304398183,False,True,,False,5
B+C+D|invvol_shrunk|vt6|nobrake,B+C+D,invvol_shrunk,0.06,False,2006-04-20,0.033144850229323675,0.06550333102654908,0.3131421321152839,-0.1862893333260458,0.17792135297039882,-0.054230785690142835,0.0008619752728203865,1.0432668339446658,0.5825440697853975,0.2645911785776892,0.35860718476083353,0.2676565920431778,True,True,,False,3
A+C+D|eqrisk|vt6|brake,A+C+D,eqrisk,0.06,True,2006-04-28,0.0320620594319565,0.061243667971663404,0.3140023938287645,-0.15217200968464706,0.21069616875271713,-0.04759076230286241,0.000854717828383068,1.0432668339446658,0.5841481717618239,0.2645911785776892,0.4056503551319166,0.31027241806030326,False,True,,False,3
A+B+C+D|minvar_lw|vt6|nobrake,A+B+C+D,minvar_lw,0.06,False,2006-05-08,0.032510774701759226,0.0629174312745101,0.3148921896759553,-0.19342040820378692,0.16808347683511252,-0.047740418011937846,0.0008494647901889248,1.0432668339446658,0.5857918549329284,0.2645911785776892,0.40795236216410624,0.2963609362010029,False,True,,False,4
A+E+PCT|invvol_shrunk|vt10|brake,A+E+PCT,invvol_shrunk,0.1,True,2006-04-13,0.037454998570121134,0.08253108751606524,0.3137654691403605,-0.17258682854823382,0.2170211880314689,-0.06803831310733877,0.0008437085803576754,1.0432668339446658,0.5838237974697263,0.2645911785776892,0.4400262020633325,0.34863043038045505,False,True,,False,3
A+B+C+D+E+PCT|minvar_lw|vt8|brake,A+B+C+D+E+PCT,minvar_lw,0.08,True,2006-05-08,0.032322006808547465,0.06150657587042504,0.3176231370483395,-0.17841714242372708,0.1811597606007228,-0.05382074712587159,0.0008398688601199896,1.0432668339446658,0.5907999638252835,0.2645911785776892,0.4258960385689068,0.30421874780989155,False,True,,False,6
A+C+D|eqrisk|vt6|nobrake,A+C+D,eqrisk,0.06,False,2006-04-28,0.03268421833091173,0.06395762203411919,0.3127554758695992,-0.18508595324659327,0.17658940485540775,-0.04759076230286241,0.0008370721978518602,1.0432668339446658,0.582074524544282,0.2645911785776892,0.38998545532047363,0.32460294522230815,True,True,,False,3
A+B+D+E+PCT|invvol_shrunk|vt8|brake,A+B+D+E+PCT,invvol_shrunk,0.08,True,2006-04-13,0.03262216552218655,0.06359669119858302,0.31206365729481833,-0.21140654369137968,0.15431010295409675,-0.046394330213964885,0.000834511937259058,1.0432668339446658,0.5808592950870837,0.2645911785776892,0.46478433585729034,0.24457497101507603,False,True,,False,5
A+B+E|eqrisk|vt6|brake,A+B+E,eqrisk,0.06,True,2006-04-13,0.03056362856761985,0.055319243814775744,0.3138577703947555,-0.1904548758268807,0.16047700766349252,-0.04386180433238651,0.000833997087448081,1.0432668339446658,0.5840785662826211,0.2645911785776892,0.4897154525723054,0.29288610484702415,False,True,,False,3
A+B+C+D+E+TSMOM|minvar_lw|vt8|brake,A+B+C+D+E+TSMOM,minvar_lw,0.08,True,2006-05-08,0.03271283783428269,0.0631946972688238,0.31677590408684175,-0.16338066526710093,0.20022465804507836,-0.04746203459834941,0.0008310333100979211,1.0432668339446658,0.5893580721544411,0.2645911785776892,0.4414406444829367,0.3295678216209381,False,True,,False,6
A+C+D|eqrisk|vt8|nobrake,A+C+D,eqrisk,0.08,False,2006-04-28,0.03490291701612458,0.07263304009426838,0.31306404717679354,-0.20316520716335018,0.17179573955328736,-0.05758339025561243,0.0008276190518083667,1.0432668339446658,0.582713304249176,0.2645911785776892,0.37282267319255136,0.3239794862427255,True,True,,False,3
A+C+D+TSMOM|minvar_lw|vt10|nobrake,A+C+D+TSMOM,minvar_lw,0.1,False,2006-05-08,0.03567622559453665,0.07563119009183687,0.3139807358021215,-0.23046420993072125,0.15480158765328944,-0.06311690353993737,0.000820949085377322,1.0432668339446658,0.5844210766876793,0.2645911785776892,0.38200007536236064,0.30134400211961726,True,True,,False,4
B+C+D|invvol_shrunk|vt6|brake,B+C+D,invvol_shrunk,0.06,True,2006-04-20,0.030939452133563083,0.05777858813914813,0.30977617556717285,-0.15060107654654176,0.20543978066452637,-0.0411775465789882,0.0008150881385993096,1.0432668339446658,0.5769419544587397,0.2645911785776892,0.4083005455113201,0.3111399766323052,False,True,,False,3
C+D+E+TSMOM|invvol_shrunk|vt10|brake,C+D+E+TSMOM,invvol_shrunk,0.1,True,2006-04-13,0.03518362018021537,0.07382692651993467,0.31185077475914014,-0.18571549614122795,0.18944902774004313,-0.05195131024349586,0.0008095870668124703,1.0432668339446658,0.5807023622689922,0.2645911785776892,0.5204676797822564,0.31424675586827866,False,True,,False,4
B+E+PCT|minvar_lw|vt8|brake,B+E+PCT,minvar_lw,0.08,True,2006-05-08,0.032447103962367496,0.06488914680360697,0.30625472303437845,-0.2077252543053868,0.15620201824216068,-0.05369765026095463,0.0007997204651555899,1.0432668339446658,0.5707995965163504,0.2645911785776892,0.39048941809307025,0.29024318617936007,True,True,,False,3
B+C+D|invvol_shrunk|vt8|brake,B+C+D,invvol_shrunk,0.08,True,2006-04-20,0.033911437035977654,0.06965269523531419,0.3091378211493264,-0.18416962243309098,0.1841315445401302,-0.040969747182446614,0.0007954259821217098,1.0432668339446658,0.57597245198024,0.2645911785776892,0.40230428070720303,0.3004680581089535,False,True,,False,3
B+E+TSMOM|eqrisk|vt10|brake,B+E+TSMOM,eqrisk,0.1,True,2006-04-13,0.03579202071843035,0.07913943648509388,0.3035649500019444,-0.2051594515061549,0.1744595262644118,-0.06310404217152454,0.0007790975592886695,1.0432668339446658,0.5661915972413276,0.2645911785776892,0.4802056532555692,0.2942983117273839,False,True,,False,3
A+C+D+E+TSMOM|minvar_lw|vt6|brake,A+C+D+E+TSMOM,minvar_lw,0.06,True,2006-05-08,0.031031896129848136,0.05769630548367141,0.3129930687973228,-0.16550377286075635,0.18749962972721032,-0.047219799601906254,0.0007667936007235101,1.0432668339446658,0.583161822798985,0.2645911785776892,0.41145113411748857,0.2887541519635483,False,True,,False,5
A+C+D+E|invvol_shrunk|vt8|brake,A+C+D+E,invvol_shrunk,0.08,True,2006-04-13,0.032743230205577456,0.0647090124081346,0.30960515836493946,-0.19721089388875157,0.16603154906872541,-0.04453390650774158,0.0007637961788381683,1.0432668339446658,0.5770916155542869,0.2645911785776892,0.5423007312214011,0.3025607192993096,False,True,,False,4
A+C+D+E|invvol_shrunk|vt6|brake,A+C+D+E,invvol_shrunk,0.06,True,2006-04-13,0.029552638354197747,0.05232220405547952,0.30998492878816114,-0.176287145716147,0.1676392129110913,-0.03916691226852698,0.0007576393685080273,1.0432668339446658,0.5778304632993414,0.2645911785776892,0.5079251712093816,0.3086972593079734,False,True,,False,4
A+E|eqrisk|vt8|brake,A+E,eqrisk,0.08,True,2006-04-13,0.03407962915966212,0.07106623554093415,0.3062018537337845,-0.2040333846420389,0.16702967124449875,-0.05287468983351862,0.0007566644924683789,1.0432668339446658,0.5710626975211551,0.2645911785776892,0.47914886776053417,0.30646748412371844,False,True,,False,2
A+E|eqrisk|vt6|brake,A+E,eqrisk,0.06,True,2006-04-13,0.031089828088050053,0.05870412126225764,0.30770392504528415,-0.16656275125461473,0.18665534673190437,-0.04466674528211445,0.0007471771637596747,1.0432668339446658,0.5738318824435341,0.2645911785776892,0.49485084356518805,0.31002981206427,False,True,,False,2
A+B+E|eqrisk|vt8|brake,A+B+E,eqrisk,0.08,True,2006-04-13,0.0336108582171164,0.06943349943241643,0.3052310432021527,-0.22903797720139418,0.14674797004324838,-0.05811803365816259,0.0007421366918197766,1.0432668339446658,0.5694531009263016,0.2645911785776892,0.4457840078057407,0.29337151011284,False,True,,False,3
C+D+E+TSMOM|eqrisk|vt6|nobrake,C+D+E+TSMOM,eqrisk,0.06,False,2006-04-13,0.031829863553170856,0.061862747390124755,0.30666373704218325,-0.21674510288717597,0.14685389948459185,-0.03979825242277435,0.0007324201554784153,1.0432668339446658,0.5720992268189856,0.2645911785776892,0.4486134767577752,0.3031114464009741,False,True,,False,4
C+D+TSMOM|eqrisk|vt8|brake,C+D+TSMOM,eqrisk,0.08,True,2006-04-28,0.03314548199512757,0.06695837186112995,0.3082280405227776,-0.1599366862187357,0.20724127014734134,-0.060030703266589214,0.0007223426994861298,1.0432668339446658,0.5749994411093919,0.2645911785776892,0.37619990712269674,0.33379470346361606,True,True,,False,3
A+C+D+TSMOM|minvar_lw|vt8|nobrake,A+C+D+TSMOM,minvar_lw,0.08,False,2006-05-08,0.03358172541007676,0.06968842915082553,0.3055265179975828,-0.22659423650463117,0.1482020281190621,-0.059826659944613,0.0007162718003255235,1.0432668339446658,0.5702044600494596,0.2645911785776892,0.40286567595121225,0.29857414905548985,False,True,,False,4
C+D+E+TSMOM|invvol_shrunk|vt8|nobrake,C+D+E+TSMOM,invvol_shrunk,0.08,False,2006-04-13,0.03577457170646481,0.07949537776335627,0.3022985716390839,-0.23107365273629465,0.15481891285672184,-0.06529627332403454,0.0007141021939227236,1.0432668339446658,0.5644575210819367,0.2645911785776892,0.40143998388481567,0.29920775061142735,False,True,,False,4
A+C+D+E|eqrisk|vt6|brake,A+C+D+E,eqrisk,0.06,True,2006-04-13,0.029441244322036653,0.05234627171184063,0.3077893602510074,-0.1723519294123561,0.1708205090736047,-0.037480010479545744,0.0007127862583452516,1.0432668339446658,0.5742991908103705,0.2645911785776892,0.5104901851843688,0.29722298477910014,False,True,,False,4
A+E|eqrisk|vt10|brake,A+E,eqrisk,0.1,True,2006-04-13,0.036446467990089104,0.08238546557441591,0.30240777226574905,-0.24489382119538838,0.1488255923003068,-0.06302776716100589,0.0007120592282256221,1.0432668339446658,0.5646686362203691,0.2645911785776892,0.39588156004038794,0.30695288938953436,True,True,,False,2
A+B+C+D+E+PCT|minvar_lw|vt10|nobrake,A+B+C+D+E+PCT,minvar_lw,0.1,False,2006-05-08,0.03551734208849466,0.07825572909952276,0.3040323173761503,-0.2358906453199734,0.1505669800526309,-0.053824772925584186,0.0006991639667395504,1.0432668339446658,0.5676781263848498,0.2645911785776892,0.37332316608560184,0.29082904849643115,True,True,,False,6
A+C+D+E+TSMOM|minvar_lw|vt10|nobrake,A+C+D+E+TSMOM,minvar_lw,0.1,False,2006-05-08,0.03474148755132056,0.07537321301027002,0.302796688951402,-0.2214386952542916,0.15688986747065495,-0.060777928925214386,0.000693336249290192,1.0432668339446658,0.5655179855983548,0.2645911785776892,0.4242196533301059,0.296895898848455,False,True,,False,5
B+E+TSMOM|eqrisk|vt6|brake,B+E+TSMOM,eqrisk,0.06,True,2006-04-13,0.02950627406958528,0.05542520657931962,0.2948508995635117,-0.15738956316938657,0.1874728760624991,-0.03777389847222967,0.0006892110200649845,1.0432668339446658,0.5514581811780388,0.2645911785776892,0.42362878695682576,0.2919254608159979,False,True,,False,3
B+C+D+E|eqrisk|vt8|brake,B+C+D+E,eqrisk,0.08,True,2006-04-13,0.03120709245344222,0.0604376251835247,0.30247312795925285,-0.22833254346268594,0.13667387040052867,-0.04803195178671471,0.0006852237934672707,1.0432668339446658,0.5650082444038552,0.2645911785776892,0.6581993839507114,0.2871058746814886,False,True,,False,4
B+E+TSMOM|invvol_shrunk|vt10|brake,B+E+TSMOM,invvol_shrunk,0.1,True,2006-04-13,0.03563726357187491,0.08208852605414743,0.29374572389125614,-0.19618133369459867,0.18165471148928217,-0.06567252136106205,0.0006753914207005323,1.0432668339446658,0.5496057678538683,0.2645911785776892,0.4328712226623405,0.2919254608159979,False,True,,False,3
A+B+C+D|minvar_lw|vt8|nobrake,A+B+C+D,minvar_lw,0.08,False,2006-05-08,0.034012171332757024,0.07351876542190088,0.29904204127450645,-0.22421994413572233,0.15169110608719605,-0.0535856219866534,0.0006725349997020959,1.0432668339446658,0.5589932975025567,0.2645911785776892,0.40953280424382227,0.3042860104017273,False,True,,False,4
B+C+D+PCT|invvol_shrunk|vt10|nobrake,B+C+D+PCT,invvol_shrunk,0.1,False,2006-04-20,0.03861752001840579,0.09652002275977277,0.29328265582456775,-0.30689403220330647,0.12583340165058357,-0.08603795111703283,0.0006625918636649728,1.0432668339446658,0.5488752098833961,0.2645911785776892,0.40237853080240027,0.3327023656570077,False,True,,False,4
A+B+C+D|minvar_lw|vt10|brake,A+B+C+D,minvar_lw,0.1,True,2006-05-08,0.033714405923061186,0.0711113653597533,0.3025992062751444,-0.18373322335136144,0.18349651363045857,-0.05085300313587793,0.0006610531279929395,1.0432668339446658,0.5654423800082996,0.2645911785776892,0.3899308448325253,0.28717144481637685,True,True,,False,4
A+C+D+PCT|minvar_lw|vt10|nobrake,A+C+D+PCT,minvar_lw,0.1,False,2006-05-08,0.034569246940402865,0.0756053937504853,0.2998913152878325,-0.24186928638756322,0.1429253273812131,-0.06421953746638287,0.0006553722289981456,1.0432668339446658,0.560644203974654,0.2645911785776892,0.3861951191363931,0.2886100078720831,True,True,,False,4
A+B|invvol_shrunk|vt10|nobrake,A+B,invvol_shrunk,0.1,False,2006-04-20,0.04192858985885484,0.11221186943364295,0.2951626713949036,-0.26842108653889585,0.15620453072258586,-0.08218738095637579,0.000645905434174668,1.0432668339446658,0.5523085381338003,0.2645911785776892,0.38220372866970953,0.3101246394685746,True,True,,False,2
A+C+D+E+TSMOM|minvar_lw|vt8|nobrake,A+C+D+E+TSMOM,minvar_lw,0.08,False,2006-05-08,0.033052028748397966,0.06954115130548569,0.29863655648461834,-0.22366814297437143,0.14777262559105328,-0.05746758192712498,0.0006446557626924974,1.0432668339446658,0.5584918829772513,0.2645911785776892,0.429887170625922,0.2989759650818469,False,True,,False,5
A+C+D+TSMOM|minvar_lw|vt6|nobrake,A+C+D+TSMOM,minvar_lw,0.06,False,2006-05-08,0.031058460623207385,0.061305566438252745,0.2985117416263613,-0.19792474372545887,0.15692055494733154,-0.049207317492451996,0.0006426112703191863,1.0432668339446658,0.558285655838695,0.2645911785776892,0.42214434497050624,0.30034087960493727,False,True,,False,4
C+D+E+PCT|eqrisk|vt8|brake,C+D+E+PCT,eqrisk,0.08,True,2006-04-13,0.031166334736537626,0.06064910770015453,0.300906494969467,-0.1949156020183871,0.15989656248039905,-0.04212100748119918,0.0006393736194068099,1.0432668339446658,0.562595427325767,0.2645911785776892,0.4822059381610665,0.30730006093647483,False,True,,False,4
A+D+PCT|invvol_shrunk|vt6|nobrake,A+D+PCT,invvol_shrunk,0.06,False,2007-02-26,0.02931326203991036,0.06487934210823254,0.2836157927301253,-0.20888003569296254,0.14033539367543282,-0.049011928867962906,0.0006356877064608522,1.0432668339446658,0.5321599363784234,0.2645911785776892,0.31287525105280034,0.25271110662735896,True,True,,False,3
A+B+C+D+E|invvol_shrunk|vt8|nobrake,A+B+C+D+E,invvol_shrunk,0.08,False,2006-04-13,0.035290972504416596,0.07990704097874053,0.2953357184028848,-0.3385261777537737,0.10424887297810514,-0.052014086608328514,0.0006343127791954085,1.0432668339446658,0.5526993985867921,0.2645911785776892,0.4419973870924375,0.3097071799920619,False,True,,False,5
A+C+D+E|invvol_shrunk|vt10|brake,A+C+D+E,invvol_shrunk,0.1,True,2006-04-13,0.033128488914498044,0.07046048965365263,0.29513650981045814,-0.22630306405988654,0.1463899265002053,-0.04414828364330403,0.0006243233837178511,1.0432668339446658,0.5524194236235053,0.2645911785776892,0.6400852091897892,0.3097950435765503,False,True,,False,4
B+C+D|invvol_shrunk|vt8|nobrake,B+C+D,invvol_shrunk,0.08,False,2006-04-20,0.03571626765754954,0.08362028099842315,0.2911599406507341,-0.24792699700837117,0.14405961467900807,-0.0721816043478678,0.0006198990934913063,1.0432668339446658,0.5454155104571818,0.2645911785776892,0.3664759814508151,0.276645532292474,True,True,,False,3
A+B|invvol_shrunk|vt8|nobrake,A+B,invvol_shrunk,0.08,False,2006-04-20,0.03729349846730079,0.09073465071740172,0.2919152216598801,-0.22073215327293316,0.16895362961094182,-0.06617136251053413,0.0006183306050189502,1.0432668339446658,0.5467578901526824,0.2645911785776892,0.3792764610391697,0.3118118120504234,True,True,,False,2
A+C+D+E+TSMOM|minvar_lw|vt6|nobrake,A+C+D+E+TSMOM,minvar_lw,0.06,False,2006-05-08,0.03084391072027004,0.06129253130102652,0.2951552412122917,-0.20625472358840924,0.14954280892892655,-0.047219799601906254,0.0006118204995259558,1.0432668339446658,0.552546128500154,0.2645911785776892,0.4107187585652966,0.30071662271801014,False,True,,False,5
A+B+C+D|minvar_lw|vt10|nobrake,A+B+C+D,minvar_lw,0.1,False,2006-05-08,0.035245834689865196,0.0808283563878646,0.2936798311274994,-0.24013103310696826,0.14677750823719923,-0.05942856393328588,0.0006106993127512527,1.0432668339446658,0.5499333616054852,0.2645911785776892,0.3969394860285908,0.30874569797554985,True,True,,False,4
A+C+D+PCT|minvar_lw|vt6|brake,A+C+D+PCT,minvar_lw,0.06,True,2006-05-08,0.0300697148848883,0.05774547155885032,0.2966203426260968,-0.16396237740050446,0.18339399172920132,-0.050167649197482844,0.0006077176975565423,1.0432668339446658,0.5551891678267428,0.2645911785776892,0.4396146271703644,0.27442161752402716,False,True,,False,4
A+C+D+E+PCT|minvar_lw|vt6|brake,A+C+D+E+PCT,minvar_lw,0.06,True,2006-05-08,0.02963486188101694,0.05659744608939957,0.2940239765783907,-0.16796467543849114,0.17643508555386253,-0.048045012735136505,0.0005977078285147594,1.0432668339446658,0.5506394442195107,0.2645911785776892,0.4339477534555617,0.2918518780267745,False,True,,False,5
A+C+D+E+PCT|eqrisk|vt10|nobrake,A+C+D+E+PCT,eqrisk,0.1,False,2006-04-13,0.03629241884796541,0.0855401567716408,0.29254272770153616,-0.262359443793596,0.13833090329508957,-0.05172277407086201,0.0005936786681219024,1.0432668339446658,0.5480376349674375,0.2645911785776892,0.38215937650907184,0.3172661053048651,True,True,,False,5
C+D+PCT|eqrisk|vt8|brake,C+D+PCT,eqrisk,0.08,True,2006-04-28,0.031171611257902132,0.06355057757863193,0.29122457242562827,-0.17899084419211786,0.1741519874862673,-0.05654844547454896,0.0005836815566127541,1.0432668339446658,0.5457704609437979,0.2645911785776892,0.4281963899729713,0.28116499537717843,False,True,,False,3
A+B+C+D+E|minvar_lw|vt6|nobrake,A+B+C+D+E,minvar_lw,0.06,False,2006-05-08,0.030521167260013415,0.061725654032146034,0.2884974467304006,-0.21256931541165058,0.14358218730162312,-0.04458808367948497,0.0005767586424742683,1.0432668339446658,0.540996045348753,0.2645911785776892,0.42902470079516813,0.3009330586380101,False,True,,False,5
A+B|minvar_lw|vt6|brake,A+B,minvar_lw,0.06,True,2006-05-08,0.03249850810896371,0.07049555347352474,0.28802459065333086,-0.13892582302521383,0.23392705115063822,-0.04682948234377882,0.0005757430656347999,1.0432668339446658,0.5401690321616938,0.2645911785776892,0.4504556740767198,0.3352875699605189,False,True,,False,2
A+B+C+D+TSMOM|minvar_lw|vt8|brake,A+B+C+D+TSMOM,minvar_lw,0.08,True,2006-05-08,0.03130096256425685,0.0644276713883714,0.2907209171682974,-0.1777353668193885,0.17610992749723428,-0.05284845035958596,0.0005714286572282632,1.0432668339446658,0.5449617329457275,0.2645911785776892,0.45198315508794323,0.32186867859642815,False,True,,False,5
B+E+TSMOM|invvol_shrunk|vt6|brake,B+E+TSMOM,invvol_shrunk,0.06,True,2006-04-13,0.028880266740879623,0.05631554857774018,0.2802859716300514,-0.1528079581160824,0.18899713795626,-0.055078863119667365,0.0005692600493124959,1.0432668339446658,0.5266824367604527,0.2645911785776892,0.3968245312182603,0.2942983117273839,True,True,,False,3
C+D+PCT|eqrisk|vt6|nobrake,C+D+PCT,eqrisk,0.06,False,2006-04-28,0.030438632234966123,0.06152334270318435,0.2872259640358748,-0.2111460790291808,0.14415911664056733,-0.051335091063283045,0.0005684961391498332,1.0432668339446658,0.5388063786227938,0.2645911785776892,0.4143140892143164,0.29253908369674086,False,True,,False,3
A+C+D+E+PCT|minvar_lw|vt10|nobrake,A+C+D+E+PCT,minvar_lw,0.1,False,2006-05-08,0.033740513051772725,0.0753502920650593,0.2899965054599209,-0.2321195380156733,0.14535835001314917,-0.06183448826729121,0.0005634043974222383,1.0432668339446658,0.5437321453261049,0.2645911785776892,0.3881643791042147,0.28556849505523985,True,True,,False,5
C+D+E+PCT|invvol_shrunk|vt10|brake,C+D+E+PCT,invvol_shrunk,0.1,True,2006-04-13,0.03313927082739965,0.07269541553084843,0.2883642531658824,-0.21244060973874646,0.15599310728844828,-0.044672032582776966,0.0005589400172105294,1.0432668339446658,0.540872663824419,0.2645911785776892,0.4395582545071571,0.2841393168062667,False,True,,False,4
A+B+C+D+E|minvar_lw|vt6|brake,A+B+C+D+E,minvar_lw,0.06,True,2006-05-08,0.028252576032478327,0.05254753075653708,0.2869739276000649,-0.17914378354124905,0.15770893900972557,-0.04458808367948497,0.0005585272477728053,1.0432668339446658,0.5384218856873365,0.2645911785776892,0.5061069380127445,0.28808150539479793,False,True,,False,5
A+B+C+D|minvar_lw|vt6|brake,A+B+C+D,minvar_lw,0.06,True,2006-05-08,0.029007009040815435,0.05553627615314805,0.2876655640591952,-0.1613095281229313,0.17982204385787848,-0.047740418011937846,0.0005570517040798996,1.0432668339446658,0.539650518187399,0.2645911785776892,0.45024965501809205,0.30874569797554985,False,True,,False,4
A+B+C+D+E+PCT|minvar_lw|vt10|brake,A+B+C+D+E+PCT,minvar_lw,0.1,True,2006-05-08,0.03210884582732798,0.06760334494565975,0.2916615915329414,-0.17033097829325516,0.18850855052359808,-0.051008068478669455,0.0005557755917681962,1.0432668339446658,0.5467436539682399,0.2645911785776892,0.45046087754349357,0.3108277272122449,False,True,,False,6
A+C+D|eqrisk|vt10|brake,A+C+D,eqrisk,0.1,True,2006-04-28,0.03223953508987565,0.07005964062738546,0.2851788873421658,-0.18219427714244218,0.17695141469602968,-0.06089166702733373,0.0005550382818207844,1.0432668339446658,0.5352846730085078,0.2645911785776892,0.4536451107404622,0.32460294522230815,False,True,,False,3
A+B+C+D+E|eqrisk|vt8|nobrake,A+B+C+D+E,eqrisk,0.08,False,2006-04-13,0.03372711261740191,0.07593301038086979,0.28679073743071487,-0.30118073010486834,0.11198296984557558,-0.04719821053739959,0.0005513310193651896,1.0432668339446658,0.5381420374475447,0.2645911785776892,0.48525438397573656,0.3185281950412173,False,True,,False,5
A+C+D+PCT|minvar_lw|vt6|nobrake,A+C+D+PCT,minvar_lw,0.06,False,2006-05-08,0.03033162650132115,0.06124667977224118,0.28722351028424525,-0.20469506581816344,0.1481795683744796,-0.050167649197482844,0.0005451111755157405,1.0432668339446658,0.5389436544959759,0.2645911785776892,0.42806084572593456,0.29756604212622906,False,True,,False,4
A+C+D+PCT|minvar_lw|vt8|nobrake,A+C+D+PCT,minvar_lw,0.08,False,2006-05-08,0.03224793721479946,0.06965703576094748,0.2870851386885668,-0.23547113131045339,0.13695070404313237,-0.06067322079864157,0.0005441895677093262,1.0432668339446658,0.5387049065558323,0.2645911785776892,0.41608845764229024,0.29355741278603886,False,True,,False,4
A+C+D+E+PCT|minvar_lw|vt6|nobrake,A+C+D+E+PCT,minvar_lw,0.06,False,2006-05-08,0.030324977359199368,0.061252519722071276,0.28708341342745214,-0.20414391074455862,0.14854705804644075,-0.048045012735136505,0.0005426374341050298,1.0432668339446658,0.5387114091701032,0.2645911785776892,0.410656261175403,0.2920102410191558,False,True,,False,5
A+B|minvar_lw|vt10|brake,A+B,minvar_lw,0.1,True,2006-05-08,0.037398349760119354,0.09496957904912566,0.2848842390668761,-0.18825514038159452,0.1986577879590041,-0.07462453068294816,0.0005409627050231326,1.0432668339446658,0.5348448758477479,0.2645911785776892,0.4542597758609807,0.3403024964406841,False,True,,False,2
B+C+D+E+TSMOM|eqrisk|vt8|nobrake,B+C+D+E+TSMOM,eqrisk,0.08,False,2006-04-13,0.033562696550359705,0.0767435810289892,0.2825200795164837,-0.2519514382104904,0.13321097426052428,-0.0603451171488526,0.0005391941120660047,1.0432668339446658,0.5307071990645321,0.2645911785776892,0.4938726404272102,0.29920775061142735,False,True,,False,5
A+B|invvol_shrunk|vt6|nobrake,A+B,invvol_shrunk,0.06,False,2006-04-20,0.03174034464688069,0.06856982267626503,0.2822798113566991,-0.17081944242267044,0.18581224828227308,-0.04994414539665071,0.0005386301512571951,1.0432668339446658,0.5302896746257973,0.2645911785776892,0.38930153678174245,0.3052759585178311,True,True,,False,2
A+C+D|minvar_lw|vt10|nobrake,A+C+D,minvar_lw,0.1,False,2006-05-08,0.033922092494089506,0.0782031217828001,0.28450516637941736,-0.22098039183838503,0.15350725108179994,-0.06127593962342326,0.0005374844919058141,1.0432668339446658,0.5341975847355339,0.2645911785776892,0.40309286789492443,0.27830253517823045,False,True,,False,3
A+C+D|eqrisk|vt8|brake,A+C+D,eqrisk,0.08,True,2006-04-28,0.03151708716096824,0.06779873965833791,0.2820677511855608,-0.17688179562600992,0.17818163282108693,-0.05758339025561243,0.000532115578120924,1.0432668339446658,0.5299503400649193,0.2645911785776892,0.4433073446505616,0.313533220502779,False,True,,False,3
A+B+C+D+PCT|minvar_lw|vt10|brake,A+B+C+D+PCT,minvar_lw,0.1,True,2006-05-08,0.03197285174210651,0.06855388970186152,0.2866773255735585,-0.18403925559443113,0.17372843439752525,-0.055705408840471704,0.0005230954999965369,1.0432668339446658,0.538114480478572,0.2645911785776892,0.43037585733374145,0.31478032969057945,False,True,,False,5
A+C+D+E|eqrisk|vt8|brake,A+C+D+E,eqrisk,0.08,True,2006-04-13,0.030360587321830224,0.061621888875275484,0.2844610407700391,-0.19151904720953106,0.15852515853743926,-0.04212100748119918,0.0005204121712350717,1.0432668339446658,0.5342149332234951,0.2645911785776892,0.5985038664528644,0.29492855571828414,False,True,,False,4
A+B+D+E+TSMOM|invvol_shrunk|vt6|brake,A+B+D+E+TSMOM,invvol_shrunk,0.06,True,2006-04-13,0.028424822291982732,0.05457269005759002,0.2792669587088947,-0.15440427813970892,0.18409348908236356,-0.033887824476594774,0.0005201771583529802,1.0432668339446658,0.5251143861483059,0.2645911785776892,0.46749989556676125,0.26389889460590665,False,True,,False,5
A+C+D+E+TSMOM|minvar_lw|vt8|brake,A+C+D+E+TSMOM,minvar_lw,0.08,True,2006-05-08,0.02999869909381414,0.06082197616646562,0.28348432734870593,-0.19245028622201443,0.15587765382280103,-0.05746758192712498,0.000520000347593999,1.0432668339446658,0.5324973855733593,0.2645911785776892,0.5178136166612899,0.2919228845886758,False,True,,False,5
A+C+D+E+PCT|minvar_lw|vt8|brake,A+C+D+E+PCT,minvar_lw,0.08,True,2006-05-08,0.0306156816585883,0.06302218651444111,0.2852092126927333,-0.18478697930670396,0.16568094664166408,-0.05826222671917047,0.0005190074795550005,1.0432668339446658,0.5355430909684424,0.2645911785776892,0.43297797681403394,0.2837689520158667,False,True,,False,5
A+C+D+E+PCT|minvar_lw|vt8|nobrake,A+C+D+E+PCT,minvar_lw,0.08,False,2006-05-08,0.031977415764841366,0.06941372999359802,0.28405357668302755,-0.2269660129502159,0.14089076751705326,-0.05826222671917047,0.0005170055655563593,1.0432668339446658,0.5335159065468883,0.2645911785776892,0.39470395504831446,0.2885408220742438,True,True,,False,5
B+E+TSMOM|eqrisk|vt8|brake,B+E+TSMOM,eqrisk,0.08,True,2006-04-13,0.0315029996276166,0.06957531884982596,0.2754466932297871,-0.18444820697133057,0.1707959114642585,-0.049952828624105106,0.000512232990345602,1.0432668339446658,0.5185144636388261,0.2645911785776892,0.48162257394864894,0.29920792478272806,False,True,,False,3
A+D+PCT|invvol_shrunk|vt8|nobrake,A+D+PCT,invvol_shrunk,0.08,False,2007-02-26,0.03154868912419895,0.0826540235574747,0.2647150314436938,-0.26681891236469446,0.11824007842846404,-0.06513183025089542,0.0005119137749585913,1.0432668339446658,0.500208409717818,0.2645911785776892,0.3365839532248942,0.24223674740451695,True,True,,False,3
A+B+E|eqrisk|vt10|brake,A+B+E,eqrisk,0.1,True,2006-04-13,0.034150457407071455,0.0802831374894022,0.2805411664918956,-0.26674236735714885,0.12802787103312482,-0.07013136258186137,0.0005094663948801993,1.0432668339446658,0.527385991536773,0.2645911785776892,0.47378632281333494,0.3038194077339509,False,True,,False,3
C+D+E|invvol_shrunk|vt6|brake,C+D+E,invvol_shrunk,0.06,True,2006-04-13,0.02785720329142838,0.050678193366991586,0.28585737788026155,-0.18598419932564603,0.14978263418309132,-0.03916691226852698,0.0005091178025973211,1.0432668339446658,0.5367491290080424,0.2645911785776892,0.6488938014055127,0.26953169384411796,False,True,,False,3
A+B+C+D|minvar_lw|vt8|brake,A+B+C+D,minvar_lw,0.08,True,2006-05-08,0.030254456518584938,0.06244475737766089,0.2816998600382367,-0.17123331779689377,0.17668557093819134,-0.048208896895193254,0.0005007502889954442,1.0432668339446658,0.529460014501969,0.2645911785776892,0.4713171839222096,0.2891932406137463,False,True,,False,4
B+C+D+E+PCT|invvol_shrunk|vt6|nobrake,B+C+D+E+PCT,invvol_shrunk,0.06,False,2006-04-13,0.030173695492528685,0.06329792468555379,0.2758007122846319,-0.2271560971360128,0.13283242612881208,-0.04742749326792439,0.000500046829259236,1.0432668339446658,0.5191660748406375,0.2645911785776892,0.426224772317952,0.2543207873011606,False,True,,False,5
A+B+C+D+PCT|minvar_lw|vt8|brake,A+B+C+D+PCT,minvar_lw,0.08,True,2006-05-08,0.03035243446996727,0.06307727063340042,0.2810098107794847,-0.17930487216062008,0.16927835872065858,-0.05168754463163394,0.0004934973775839353,1.0432668339446658,0.5282834449690184,0.2645911785776892,0.44901411354964166,0.3041720271083185,False,True,,False,5
A+B+D+E+TSMOM|invvol_shrunk|vt6|nobrake,A+B+D+E+TSMOM,invvol_shrunk,0.06,False,2006-04-13,0.030218126964966396,0.06354298553364707,0.27561191106531957,-0.1993896196259234,0.15155316019790244,-0.04899084987143443,0.00048793968146119537,1.0432668339446658,0.51887828797649,0.2645911785776892,0.4068597584129883,0.22328775286040414,False,True,,False,5
B+E+PCT|eqrisk|vt10|brake,B+E+PCT,eqrisk,0.1,True,2006-04-13,0.03286413838759272,0.07659339742833035,0.2740815628066411,-0.24562039706205818,0.13380052626203232,-0.06310404217152454,0.00048791346774287154,1.0432668339446658,0.5162261465766494,0.2645911785776892,0.4486584591110825,0.246319140918954,False,True,,False,3
A+B+E|invvol_shrunk|vt8|brake,A+B+E,invvol_shrunk,0.08,True,2006-04-13,0.03130381529271098,0.06821676416948887,0.27669144429591597,-0.23417334196923068,0.13367796278375768,-0.05176209922592789,0.00048327590991427817,1.0432668339446658,0.5207720324604601,0.2645911785776892,0.47098240213726394,0.25971979096895337,False,True,,False,3
A+B|minvar_lw|vt8|brake,A+B,minvar_lw,0.08,True,2006-05-08,0.03461750832464161,0.08481245937564098,0.27662839626117475,-0.17012158883918804,0.20348686231331128,-0.06278320593247089,0.000480683413805113,1.0432668339446658,0.5206716404897814,0.2645911785776892,0.491412974540794,0.34824258716127143,False,True,,False,2
A+B+D+PCT|invvol_shrunk|vt6|brake,A+B+D+PCT,invvol_shrunk,0.06,True,2006-04-20,0.028553560916424692,0.056945185674310436,0.2726569023952053,-0.15638128637418425,0.18258937228654473,-0.05254109410992425,0.00046802010688029474,1.0432668339446658,0.5138146182761555,0.2645911785776892,0.40389392894387327,0.25967402249439026,False,True,,False,4
B+C+D+E+TSMOM|invvol_shrunk|vt10|nobrake,B+C+D+E+TSMOM,invvol_shrunk,0.1,False,2006-04-13,0.03620070163812916,0.09523781555271672,0.27113207136211886,-0.29767348112911296,0.12161211506250186,-0.0785909136110382,0.00046152545616891277,1.0432668339446658,0.5111948115033104,0.2645911785776892,0.4418915944726612,0.28850480621671615,False,True,,False,5
B+C+D+E|invvol_shrunk|vt10|brake,B+C+D+E,invvol_shrunk,0.1,True,2006-04-13,0.03214332713719559,0.07318390768108776,0.27381677460017423,-0.2813467528520148,0.11424808287765315,-0.06889817840148615,0.0004607680083042092,1.0432668339446658,0.5158449126372678,0.2645911785776892,0.7108079686392379,0.2534689507660026,False,True,,False,4
A+B+D+E+PCT|invvol_shrunk|vt6|brake,A+B+D+E+PCT,invvol_shrunk,0.06,True,2006-04-13,0.027150503885369215,0.05134723638293311,0.26935461368523866,-0.17058616785685088,0.15916005515847473,-0.035238559580323736,0.00044516864187892633,1.0432668339446658,0.5081591957008168,0.2645911785776892,0.5145040647826146,0.23864760741307633,False,True,,False,5
A+C+D+E+PCT|minvar_lw|vt10|brake,A+C+D+E+PCT,minvar_lw,0.1,True,2006-05-08,0.03100206454311305,0.06800322354701767,0.2745981127075685,-0.188170726606656,0.16475498129907545,-0.06183448826729121,0.00044201510310859087,1.0432668339446658,0.5172637176949395,0.2645911785776892,0.4542270719877607,0.2876028590763271,False,True,,False,5
A+B+C+D+E|minvar_lw|vt8|nobrake,A+B+C+D+E,minvar_lw,0.08,False,2006-05-08,0.03149039169562995,0.07190043642257007,0.27015859013581,-0.24202769245001654,0.13011069674241238,-0.05277755274780116,0.00043632592553591174,1.0432668339446658,0.5095620454287839,0.2645911785776892,0.46151594419470304,0.28764409208055775,False,True,,False,5
C+D+TSMOM|eqrisk|vt10|brake,C+D+TSMOM,eqrisk,0.1,True,2006-04-28,0.03177393345784352,0.07221078929223346,0.27246517826016414,-0.16707520312917068,0.19017743424964248,-0.06712680036603358,0.000433777732748149,1.0432668339446658,0.5135694148315874,0.2645911785776892,0.4010717819574255,0.31460723198507523,False,True,,False,3
A+B+C+D+E|minvar_lw|vt8|brake,A+B+C+D+E,minvar_lw,0.08,True,2006-05-08,0.028938132321987053,0.05983162195653328,0.26998395984732404,-0.18444122839603827,0.15689622419912616,-0.04816704621726786,0.0004326996028598252,1.0432668339446658,0.5092665446724509,0.2645911785776892,0.5549892545857665,0.28433689381915084,False,True,,False,5
A+C+D+E|eqrisk|vt10|brake,A+C+D+E,eqrisk,0.1,True,2006-04-13,0.031082779467161314,0.06944204224818258,0.2698899751041208,-0.1978360988576845,0.15711379089374908,-0.043921021218418344,0.0004280883363568032,1.0432668339446658,0.5091121173673567,0.2645911785776892,0.6678462725630655,0.29015769857631196,False,True,,False,4
A+B|eqrisk|vt10|brake,A+B,eqrisk,0.1,True,2006-04-20,0.03500066664336865,0.0917744170439082,0.26556020909744266,-0.20843316155955105,0.1679227354298355,-0.07160356959947389,0.0004263606807724026,1.0432668339446658,0.501657821954404,0.2645911785776892,0.4165373213965879,0.28271270277938587,False,True,,False,2
A+B+E|invvol_shrunk|vt10|brake,A+B+E,invvol_shrunk,0.1,True,2006-04-13,0.03305468172147363,0.0797915362202196,0.2685098889704278,-0.27305677126297423,0.12105424658976681,-0.05283836056206537,0.0004244319105782552,1.0432668339446658,0.5067319158776594,0.2645911785776892,0.4714296462802293,0.26893582801143556,False,True,,False,3
A+B|eqrisk|vt8|brake,A+B,eqrisk,0.08,True,2006-04-20,0.03332927120765006,0.08305266182560664,0.264801795928353,-0.16546344904915378,0.201429810626932,-0.05696652723712814,0.0004193713475346488,1.0432668339446658,0.5003604708906955,0.2645911785776892,0.3962245757126455,0.2909297197316637,True,True,,False,2
C+D+E+TSMOM|eqrisk|vt10|brake,C+D+E+TSMOM,eqrisk,0.1,True,2006-04-13,0.03117574403427037,0.06908375158997358,0.27216298467560807,-0.19042409634127877,0.16371743194935312,-0.04860096314901119,0.000418266499228282,1.0432668339446658,0.5130833580158629,0.2645911785776892,0.6912666763254125,0.29215797650965214,False,True,,False,4
B+E+PCT|minvar_lw|vt6|nobrake,B+E+PCT,minvar_lw,0.06,False,2006-05-08,0.029359694224711408,0.06444286449588017,0.26151151686965624,-0.23854055760926796,0.12308051309581873,-0.056063371847122734,0.0004123638934506594,1.0432668339446658,0.49474415398862864,0.2645911785776892,0.4303621415002089,0.26037034434017114,False,True,,False,3
B+E+PCT|minvar_lw|vt10|nobrake,B+E+PCT,minvar_lw,0.1,False,2006-05-08,0.03667340939552699,0.10505033950931549,0.260628201431808,-0.3979189009753069,0.09216302443950201,-0.09357894639282283,0.00040876271156543875,1.0432668339446658,0.4932395083591156,0.2645911785776892,0.4409513291260279,0.26081200205909527,False,True,,False,3
A+B+C+D+E+PCT|invvol_shrunk|vt10|nobrake,A+B+C+D+E+PCT,invvol_shrunk,0.1,False,2006-04-13,0.035289211650359364,0.09388139616383577,0.2642810570765072,-0.342496635905702,0.10303520662922767,-0.07490847205702089,0.0004085132012027937,1.0432668339446658,0.49946842693539284,0.2645911785776892,0.42097181865337596,0.326660013445377,False,True,,False,6
C+D+E+TSMOM|eqrisk|vt8|nobrake,C+D+E+TSMOM,eqrisk,0.08,False,2006-04-13,0.032218440150040495,0.07590627833037611,0.2675716997594124,-0.24675414201960444,0.13056899424805102,-0.04769704335516911,0.00040607063253204103,1.0432668339446658,0.5051329321874566,0.2645911785776892,0.5501581953743909,0.2924093255777838,False,True,,False,4
A+C+D+TSMOM|minvar_lw|vt10|brake,A+C+D+TSMOM,minvar_lw,0.1,True,2006-05-08,0.030774428219852323,0.06933956513383858,0.26746604441847993,-0.18632124530626393,0.16516864820899585,-0.06311690353993737,0.00040533476090001534,1.0432668339446658,0.5049510550475674,0.2645911785776892,0.4453715144945327,0.2591481815508907,False,True,,False,4
B+E+PCT|minvar_lw|vt8|nobrake,B+E+PCT,minvar_lw,0.08,False,2006-05-08,0.033297203300702405,0.08556170561336211,0.2601124872485343,-0.31856833792320416,0.10452138312856821,-0.07488644570299252,0.00040340337988727256,1.0432668339446658,0.4923565352166532,0.2645911785776892,0.434481071048664,0.2610698591507321,False,True,,False,3
A+C+D|minvar_lw|vt8|nobrake,A+C+D,minvar_lw,0.08,False,2006-05-08,0.030943242335803367,0.07184788149880836,0.26292523922896155,-0.21498954831582906,0.14392905412474466,-0.057896076560398746,0.0003970412786105328,1.0432668339446658,0.4971427135129567,0.2645911785776892,0.4504058526357911,0.28579515253399207,False,True,,False,3
B+E+PCT|invvol_shrunk|vt10|brake,B+E+PCT,invvol_shrunk,0.1,True,2006-04-13,0.03179704123810345,0.076726523641689,0.2602819072700642,-0.244557017640872,0.1300189278755308,-0.059341690771765765,0.00039686327173539223,1.0432668339446658,0.49263411577363453,0.2645911785776892,0.47835354220370585,0.25709736181263254,False,True,,False,3
C+D+E|invvol_shrunk|vt8|brake,C+D+E,invvol_shrunk,0.08,True,2006-04-13,0.02940149840186579,0.061666253645879285,0.26919430976353864,-0.22038072789914898,0.13341229372525057,-0.043672284871384304,0.00039682219716854117,1.0432668339446658,0.5079587658091369,0.2645911785776892,0.7527961766292433,0.2668632577180326,False,True,,False,3
A+E|eqrisk|vt10|nobrake,A+E,eqrisk,0.1,False,2006-04-13,0.03686822652927102,0.10201767434908546,0.26584110269183076,-0.34333811293732475,0.1073816891863712,-0.06513171910816751,0.0003960840832213905,1.0432668339446658,0.502152247070484,0.2645911785776892,0.5094146426209535,0.28184864741681304,False,True,,False,2
A+B|invvol_shrunk|vt10|brake,A+B,invvol_shrunk,0.1,True,2006-04-20,0.03438136665257008,0.09061481714825698,0.2611802117269551,-0.2110563520081088,0.16290135940210482,-0.06758181303012167,0.0003958845301458971,1.0432668339446658,0.4941615888676433,0.2645911785776892,0.46048970344621043,0.27669706401865196,False,True,,False,2
A+C+D+E+PCT|invvol_shrunk|vt10|nobrake,A+C+D+E+PCT,invvol_shrunk,0.1,False,2006-04-13,0.03506505841619889,0.09308762199881508,0.26336647409604297,-0.2810337615557905,0.12477169370000342,-0.07393026874347575,0.00039482518495212606,1.0432668339446658,0.49789731795188624,0.2645911785776892,0.3934180607337786,0.3107237638869813,True,True,,False,5
A+B+C+D+E+PCT|eqrisk|vt10|nobrake,A+B+C+D+E+PCT,eqrisk,0.1,False,2006-04-13,0.03415979862077334,0.08759456247133023,0.2642284904573487,-0.30717326458119587,0.11120693940388095,-0.0645992171878127,0.0003948061932695053,1.0432668339446658,0.499376610514776,0.2645911785776892,0.411902750636597,0.31944212331879185,False,True,,False,6
B+C+D+PCT|eqrisk|vt8|nobrake,B+C+D+PCT,eqrisk,0.08,False,2006-04-20,0.03190778882518086,0.07772879437240143,0.2596948674967231,-0.23519142061873377,0.13566731618542424,-0.06591398500611334,0.0003916124186620916,1.0432668339446658,0.49162791113782944,0.2645911785776892,0.4597146323951894,0.2610330688622731,False,True,,False,4
A+B+D+PCT|invvol_shrunk|vt6|nobrake,A+B+D+PCT,invvol_shrunk,0.06,False,2006-04-20,0.029532336533490966,0.06514328129727041,0.2606453714526612,-0.19233055188463377,0.1535498975285291,-0.05254109410992425,0.0003904527808377849,1.0432668339446658,0.4932431405307407,0.2645911785776892,0.3693586158876364,0.22500205040934607,True,True,,False,4
A+B+D+E+TSMOM|invvol_shrunk|vt8|nobrake,A+B+D+E+TSMOM,invvol_shrunk,0.08,False,2006-04-13,0.03286222398673333,0.08194632777428153,0.26132053666852456,-0.2541552979849169,0.1292997794942035,-0.06483717504879793,0.0003902567233963188,1.0432668339446658,0.4943941526230038,0.2645911785776892,0.43519241525967856,0.21795500360331038,False,True,,False,5
A+D+PCT|invvol_shrunk|vt10|nobrake,A+D+PCT,invvol_shrunk,0.1,False,2007-02-26,0.03240133965400882,0.09870281588116361,0.24477684180205667,-0.3139371776622327,0.10320962905791825,-0.08145490905924235,0.0003895363265052161,1.0432668339446658,0.46677442193411095,0.2645911785776892,0.35221923421934387,0.23751123962770435,True,True,,False,3
B+C+D+PCT|eqrisk|vt8|brake,B+C+D+PCT,eqrisk,0.08,True,2006-04-20,0.02974320575430367,0.06591709203844684,0.2614234957848899,-0.1700161588750222,0.1749434050922637,-0.04544062318036446,0.0003871949399713114,1.0432668339446658,0.4945663812056784,0.2645911785776892,0.5384451312957363,0.30745591734920485,False,True,,False,4
A+C+D+E|eqrisk|vt6|nobrake,A+C+D+E,eqrisk,0.06,False,2006-04-13,0.029451972392465553,0.06279107573285402,0.26628778390917013,-0.236275541815837,0.12465095695525544,-0.043926809028144165,0.00038631731505393905,1.0432668339446658,0.5029290663038655,0.2645911785776892,0.491867943940644,0.2853751215804209,False,True,,False,4
A+B+D+E+TSMOM|invvol_shrunk|vt10|brake,A+B+D+E+TSMOM,invvol_shrunk,0.1,True,2006-04-13,0.03127875047688056,0.07474482129298819,0.2584431755265746,-0.2075574009572333,0.1506992780436939,-0.05398166304403795,0.00037840328243308227,1.0432668339446658,0.48947528949901065,0.2645911785776892,0.4510856398322746,0.2520559117283294,False,True,,False,5
C+D+PCT|eqrisk|vt8|nobrake,C+D+PCT,eqrisk,0.08,False,2006-04-28,0.03130436832938632,0.07435229031719788,0.26064264193965636,-0.2498170677895244,0.12530916564820482,-0.06537264969563417,0.000378322156157902,1.0432668339446658,0.49322096024099366,0.2645911785776892,0.40888832132998415,0.273460415766299,False,True,,False,3
B+C+D+E+PCT|eqrisk|vt6|nobrake,B+C+D+E+PCT,eqrisk,0.06,False,2006-04-13,0.02890199036578056,0.06243113725374003,0.258966713269836,-0.236122880920551,0.12240232819921125,-0.04724067163938428,0.0003781913252315162,1.0432668339446658,0.4903644789756491,0.2645911785776892,0.48650831829160496,0.248153654137936,False,True,,False,5
A+C+D|minvar_lw|vt6|nobrake,A+C+D,minvar_lw,0.06,False,2006-05-08,0.028959028249314844,0.06334399670081918,0.2587691672418185,-0.19626577671392054,0.14755006570262064,-0.04823238286019116,0.0003775416240458154,1.0432668339446658,0.49002723160361267,0.2645911785776892,0.47375808020903193,0.28586433833183134,False,True,,False,3
A+B+D+PCT|invvol_shrunk|vt8|brake,A+B+D+PCT,invvol_shrunk,0.08,True,2006-04-20,0.030438168262209242,0.07038968516057918,0.2587026735361193,-0.19963259103005027,0.15247093726107802,-0.04022366238341424,0.0003723370844210954,1.0432668339446658,0.4899027629599885,0.2645911785776892,0.4435222723285915,0.25617677770109126,False,True,,False,4
A+D+E+TSMOM|invvol_shrunk|vt10|brake,A+D+E+TSMOM,invvol_shrunk,0.1,True,2006-04-13,0.03125630487532094,0.07459474236705131,0.2584754740313023,-0.20275919724649127,0.15415480678453825,-0.05393456264458352,0.0003712319787747226,1.0432668339446658,0.48951375533626595,0.2645911785776892,0.46271199286253273,0.23570811300998434,False,True,,False,4
A+E|eqrisk|vt8|nobrake,A+E,eqrisk,0.08,False,2006-04-13,0.033459983470102816,0.08518867732486296,0.261289522567877,-0.28853532021547224,0.1159649482258033,-0.05287468983351862,0.0003701477709157462,1.0432668339446658,0.49431665070520425,0.2645911785776892,0.5237886010544051,0.28602147821280766,False,True,,False,2
A+C+D+TSMOM|minvar_lw|vt6|brake,A+C+D+TSMOM,minvar_lw,0.06,True,2006-05-08,0.02797020428317798,0.057650852533401485,0.261619724763809,-0.15818045111565426,0.1768246587103703,-0.049207317492451996,0.0003692919389712427,1.0432668339446658,0.494881888903987,0.2645911785776892,0.5056400194867054,0.29756604212622906,False,True,,False,4
A+B+E|eqrisk|vt6|nobrake,A+B+E,eqrisk,0.06,False,2006-04-13,0.02951318185472962,0.06528114282750232,0.2595222448685103,-0.26318384547207097,0.11213903270465571,-0.04702023519405518,0.0003677798844515365,1.0432668339446658,0.49129003968922097,0.2645911785776892,0.598564898010578,0.28674560388425185,False,True,,False,3
A+D+TSMOM|eqrisk|vt10|nobrake,A+D+TSMOM,eqrisk,0.1,False,2007-02-26,0.030650605160711386,0.09001044033903693,0.24049407427569236,-0.270524985659491,0.11330045942333479,-0.07259560786046304,0.00036746841774497666,1.0432668339446658,0.45963844125884085,0.2645911785776892,0.4725486744761165,0.16777119104642596,False,True,,False,3
A+C+D+E|invvol_shrunk|vt6|nobrake,A+C+D+E,invvol_shrunk,0.06,False,2006-04-13,0.02937830886783055,0.0634781392267837,0.2629608829098343,-0.2355830148510356,0.12470469862357059,-0.04374193293243234,0.00036730902494725896,1.0432668339446658,0.4971858203482292,0.2645911785776892,0.49350712014079023,0.28813635634866563,False,True,,False,4
A+B+E|eqrisk|vt8|nobrake,A+B+E,eqrisk,0.08,False,2006-04-13,0.033323865728285496,0.08526199153759483,0.25963343737374817,-0.3363191134299869,0.09908406747516799,-0.0623809931562177,0.0003670843058293121,1.0432668339446658,0.49147854984911216,0.2645911785776892,0.6147072788682244,0.28326028288501487,False,True,,False,3
C+D+E|eqrisk|vt6|brake,C+D+E,eqrisk,0.06,True,2006-04-13,0.026941946400377947,0.05030012675899119,0.2698690779246973,-0.192692117497269,0.13981862231992853,-0.03994082212025685,0.0003657060446322598,1.0432668339446658,0.5091945065620685,0.2645911785776892,0.7294581604148667,0.26103900603790614,False,True,,False,3
B+C+D+E+PCT|invvol_shrunk|vt10|brake,B+C+D+E+PCT,invvol_shrunk,0.1,True,2006-04-13,0.030729336047886857,0.07263640116094924,0.2564278588533933,-0.24521614040484518,0.1253153075370714,-0.06889817840148615,0.0003634719223321248,1.0432668339446658,0.4860164555905045,0.2645911785776892,0.5529168249096972,0.3083802842062171,False,True,,False,5
A+D+E+TSMOM|invvol_shrunk|vt8|brake,A+D+E+TSMOM,invvol_shrunk,0.08,True,2006-04-13,0.02883587729586723,0.06283444069849999,0.25659808036708825,-0.19226838940928925,0.14997721354228005,-0.05001297318590836,0.0003613859990111554,1.0432668339446658,0.48629855479634315,0.2645911785776892,0.530594852176361,0.23855107430003925,False,True,,False,4
A+B+E|eqrisk|vt10|nobrake,A+B+E,eqrisk,0.1,False,2006-04-13,0.03628001284596083,0.10354787886484412,0.25800628850854374,-0.3973943308267629,0.09129474185120287,-0.07690819598101706,0.0003588269364963083,1.0432668339446658,0.48868496860031047,0.2645911785776892,0.6100688041111236,0.27319113459186317,False,True,,False,3
A+C+D+PCT|minvar_lw|vt8|brake,A+C+D+PCT,minvar_lw,0.08,True,2006-05-08,0.028425541394112352,0.0608436880271437,0.25829894238676326,-0.19137197236896353,0.14853555116894626,-0.06067322079864157,0.00035367478410053515,1.0432668339446658,0.4891709980037049,0.2645911785776892,0.4791780072290104,0.283109511736109,False,True,,False,4
A+B+C+D+E|minvar_lw|vt10|nobrake,A+B+C+D+E,minvar_lw,0.1,False,2006-05-08,0.03181024621831163,0.07932733297116688,0.25580140093752596,-0.2581941208641051,0.12320282937447004,-0.056368087718146165,0.00034420020885593707,1.0432668339446658,0.48488929988022267,0.2645911785776892,0.5093449197062544,0.25411993981167635,False,True,,False,5
B+E|minvar_lw|vt8|brake,B+E,minvar_lw,0.08,True,2006-05-08,0.02850372029031978,0.0632366910298648,0.25210205613588943,-0.24741818065710053,0.11520463134365774,-0.05369765026095463,0.0003391317103987187,1.0432668339446658,0.4786096428683957,0.2645911785776892,0.6871001143132557,0.23195394240458944,False,True,,False,2
A+B|invvol_shrunk|vt8|brake,A+B,invvol_shrunk,0.08,True,2006-04-20,0.031741520157791525,0.08076841112407819,0.2509296929674789,-0.16897417641548285,0.18784834955930638,-0.05415813854165563,0.00033755615109872455,1.0432668339446658,0.4766297507400883,0.2645911785776892,0.40510618201947657,0.27665992027854536,False,True,,False,2
A+B+D+E+TSMOM|eqrisk|vt8|brake,A+B+D+E+TSMOM,eqrisk,0.08,True,2006-04-13,0.028512972827281935,0.06261952719206859,0.25226596608860624,-0.19901912256084486,0.1432675034458804,-0.0568511738020393,0.0003364282831888249,1.0432668339446658,0.47887215321345417,0.2645911785776892,0.5544850928985274,0.2090894816772556,False,True,,False,5
A+C+D+PCT|minvar_lw|vt10|brake,A+C+D+PCT,minvar_lw,0.1,True,2006-05-08,0.029765828457674504,0.06810760433060097,0.25667663833797244,-0.1883386066910665,0.1580442214192423,-0.06421953746638287,0.0003362907885137046,1.0432668339446658,0.4863526712612571,0.2645911785776892,0.4389634101825568,0.2806377191405635,False,True,,False,4
A+C+D+TSMOM|minvar_lw|vt8|brake,A+C+D+TSMOM,minvar_lw,0.08,True,2006-05-08,0.028835820421794667,0.06392695807510931,0.25505712204771636,-0.18409180268562841,0.15663826417647334,-0.059826659944613,0.00033381284065282687,1.0432668339446658,0.4835855376861363,0.2645911785776892,0.48373720630349143,0.27547518588359293,False,True,,False,4
B+C+D|invvol_shrunk|vt10|brake,B+C+D,invvol_shrunk,0.1,True,2006-04-20,0.03150256676274221,0.07958987966586123,0.250510042678612,-0.21283799814217252,0.14801194823162628,-0.051938794075414685,0.00033075278937234914,1.0432668339446658,0.47588610887830857,0.2645911785776892,0.47362654591466413,0.2914772978747503,False,True,,False,3
A+E|invvol_shrunk|vt10|brake,A+E,invvol_shrunk,0.1,True,2006-04-13,0.03149512406249544,0.07956591235580915,0.2500816123127236,-0.2515679487235575,0.1251952970253168,-0.05272470655556871,0.0003252711059444784,1.0432668339446658,0.47513354117944095,0.2645911785776892,0.5409661848137651,0.2854588306180884,False,True,,False,2
A+E|eqrisk|vt6|nobrake,A+E,eqrisk,0.06,False,2006-04-13,0.029245744500636217,0.06599497764562345,0.25343445039261747,-0.22502119813627552,0.12996884179296142,-0.04466674528211445,0.0003224336105477594,1.0432668339446658,0.4807799884301043,0.2645911785776892,0.5344374155114823,0.28677251386855745,False,True,,False,2
C+D+E+PCT|eqrisk|vt10|brake,C+D+E+PCT,eqrisk,0.1,True,2006-04-13,0.029980120694825807,0.0691340854344942,0.2552318766249478,-0.20958961947704446,0.1430420111913482,-0.045783602572366355,0.0003203940827060839,1.0432668339446658,0.4838296692174274,0.2645911785776892,0.5904863984557612,0.2608836845568151,False,True,,False,4
A+B+E|invvol_shrunk|vt6|brake,A+B+E,invvol_shrunk,0.06,True,2006-04-13,0.0264582211290183,0.053327362463815434,0.24869869159547833,-0.19739329032380493,0.13403809767604616,-0.043843275065915566,0.00031777409180681876,1.0432668339446658,0.47276375243016394,0.2645911785776892,0.5383150351463355,0.2726006666331719,False,True,,False,3
C+D+E+PCT|invvol_shrunk|vt6|nobrake,C+D+E+PCT,invvol_shrunk,0.06,False,2006-04-13,0.028339978110385022,0.06259681963772404,0.24967486133248523,-0.2120835605545882,0.1336264726802839,-0.047047692653809814,0.0003168994967530954,1.0432668339446658,0.474397307056576,0.2645911785776892,0.42675484149240267,0.248153654137936,False,True,,False,4
B+C+D+E+PCT|eqrisk|vt10|brake,B+C+D+E+PCT,eqrisk,0.1,True,2006-04-13,0.029638978515588166,0.06947860742066325,0.2496043844380222,-0.2331330755294203,0.1271333055092299,-0.05839658788217783,0.00031569113508287826,1.0432668339446658,0.4742709691357532,0.2645911785776892,0.5796554536136187,0.25582986773917055,False,True,,False,5
A+B|eqrisk|vt6|brake,A+B,eqrisk,0.06,True,2006-04-20,0.02877939834697507,0.06627562014141665,0.2463465207375888,-0.13769089813978197,0.2090145299056631,-0.044121376903232035,0.0003136548834942936,1.0432668339446658,0.46880011332511395,0.2645911785776892,0.4943622195401914,0.3009411805240432,False,True,,False,2
B+E+TSMOM|invvol_shrunk|vt8|brake,B+E+TSMOM,invvol_shrunk,0.08,True,2006-04-13,0.02894453437928357,0.06829634066832424,0.24294414209336057,-0.18253489398558032,0.15856986983305285,-0.04736407835448109,0.00031211910620544236,1.0432668339446658,0.4631396755230906,0.2645911785776892,0.5032764687028106,0.2870158477606538,False,True,,False,3
B+C+D+E|eqrisk|vt10|brake,B+C+D+E,eqrisk,0.1,True,2006-04-13,0.029472834077949317,0.06879459862396317,0.24908669310768408,-0.2589957047426156,0.11379661337333294,-0.05839658788217783,0.00030993442777142044,1.0432668339446658,0.47336192692129286,0.2645911785776892,0.7987082084709449,0.2617105795190982,False,True,,False,4
A+B+D+E+PCT|invvol_shrunk|vt10|brake,A+B+D+E+PCT,invvol_shrunk,0.1,True,2006-04-13,0.030104100124404454,0.07366827936877866,0.2456363494253565,-0.2530789081985465,0.11895143826362276,-0.0533414590452046,0.00030464421305201415,1.0432668339446658,0.46754222176383237,0.2645911785776892,0.49611364174216727,0.22209259887784302,False,True,,False,5
C+D+E+TSMOM|invvol_shrunk|vt10|nobrake,C+D+E+TSMOM,invvol_shrunk,0.1,False,2006-04-13,0.03358178364609521,0.09418851126828251,0.24616581096999007,-0.26660394126485576,0.12596131732626423,-0.07546221011746768,0.00030387960042618046,1.0432668339446658,0.46841975174705064,0.2645911785776892,0.5168486206454974,0.2867153215006014,False,True,,False,4
B+C+D|invvol_shrunk|vt10|nobrake,B+C+D,invvol_shrunk,0.1,False,2006-04-20,0.03412432622747197,0.09926812111468009,0.24415324343562156,-0.29207568218815805,0.11683384926749478,-0.08957099422521053,0.00029978760740880645,1.0432668339446658,0.46502932408201314,0.2645911785776892,0.3998805639495837,0.27083499166467306,True,True,,False,3
A+C+D|minvar_lw|vt6|brake,A+C+D,minvar_lw,0.06,True,2006-05-08,0.027055287659754734,0.05923267238871825,0.2412261529361918,-0.16571714979323227,0.16326184521947196,-0.04823238286019116,0.0002953376746954478,1.0432668339446658,0.460135094175275,0.2645911785776892,0.5434810192966965,0.2601944460028137,False,True,,False,3
B+C+D+E+TSMOM|minvar_lw|vt6|brake,B+C+D+E+TSMOM,minvar_lw,0.06,True,2006-05-08,0.025558083053977665,0.049606347433714094,0.24806373204658638,-0.192933677713772,0.13247082291094103,-0.0510825297414671,0.00029367847139177855,1.0432668339446658,0.47152283143994794,0.2645911785776892,0.6505500015379321,0.2288719412130021,False,True,,False,5
B+E+PCT|invvol_shrunk|vt6|brake,B+E+PCT,invvol_shrunk,0.06,True,2006-04-13,0.026144492809933473,0.05413818890612695,0.24011316081862402,-0.1554256418895943,0.16821222349208673,-0.040680786653945145,0.00029334242436247836,1.0432668339446658,0.4582783743389693,0.2645911785776892,0.44096007257413844,0.2453339856058227,False,True,,False,3
A+B+D+E+TSMOM|eqrisk|vt6|brake,A+B+D+E+TSMOM,eqrisk,0.06,True,2006-04-13,0.026174566130059418,0.05308162530896985,0.2443149010900205,-0.17299791745517057,0.15129989143853195,-0.042331741626440045,0.0002926307844990437,1.0432668339446658,0.46523218596201454,0.2645911785776892,0.5869347473128731,0.1957464899373752,False,True,,False,5
B+C+D|eqrisk|vt6|nobrake,B+C+D,eqrisk,0.06,False,2006-04-20,0.028331769030032206,0.06517397445284633,0.24271043570397122,-0.2087253636659112,0.1357370687128395,-0.053336248625067695,0.00029093763331373084,1.0432668339446658,0.4625467322878676,0.2645911785776892,0.48678635385795754,0.22086322989382684,False,True,,False,3
C+D+E|invvol_shrunk|vt10|brake,C+D+E,invvol_shrunk,0.1,True,2006-04-13,0.030040208368871335,0.07234908396491276,0.24786913755580364,-0.24611430593596784,0.12205795292812832,-0.04414828364330403,0.0002895255109582775,1.0432668339446658,0.4711629071306838,0.2645911785776892,0.8284700402014721,0.2715055421818564,False,True,,False,3
A+D+E+PCT|invvol_shrunk|vt8|brake,A+D+E+PCT,invvol_shrunk,0.08,True,2006-04-13,0.027824523030447912,0.061943319648176835,0.24351359260479552,-0.21032794080787487,0.1322911398436804,-0.05001297318590836,0.00028751712719173213,1.0432668339446658,0.463848030164684,0.2645911785776892,0.5602298965022093,0.22566128418665193,False,True,,False,4
B+C+D|eqrisk|vt6|brake,B+C+D,eqrisk,0.06,True,2006-04-20,0.026494388538403246,0.05492460466112697,0.2442098367167308,-0.1651696246426937,0.1604071486855875,-0.053336248625067695,0.0002814561809308672,1.0432668339446658,0.46495035873310353,0.2645911785776892,0.5370154901500448,0.27624330563557203,False,True,,False,3
A+B+D+PCT|invvol_shrunk|vt8|nobrake,A+B+D+PCT,invvol_shrunk,0.08,False,2006-04-20,0.031429151209653394,0.08458142901987609,0.23969665300697726,-0.2671070451837243,0.11766500276335083,-0.07004279887467968,0.00028001219549221665,1.0432668339446658,0.45743849888688526,0.2645911785776892,0.398420234960912,0.2345050606739171,True,True,,False,4
A+D+E+TSMOM|eqrisk|vt10|brake,A+D+E+TSMOM,eqrisk,0.1,True,2006-04-13,0.02949360391397371,0.0719349787909463,0.24153863469012132,-0.22045150491456333,0.13378726502866944,-0.05272470655556871,0.0002798060640869599,1.0432668339446658,0.4604844564464371,0.2645911785776892,0.5465347480835235,0.19340322422210987,False,True,,False,4
B+E|minvar_lw|vt10|brake,B+E,minvar_lw,0.1,True,2006-05-08,0.03006301557446478,0.07718957301481816,0.2388134048510066,-0.2853562068863005,0.10535259037292755,-0.06772419790025375,0.0002755297709248047,1.0432668339446658,0.45592735150804514,0.2645911785776892,0.7426818064004471,0.23859826804703085,False,True,,False,2
B+C+D+TSMOM|minvar_lw|vt6|brake,B+C+D+TSMOM,minvar_lw,0.06,True,2006-05-08,0.025689770974213433,0.05084303359748098,0.24577231223348325,-0.19189224876831767,0.13387602229431445,-0.05504904809695421,0.0002727693671436633,1.0432668339446658,0.4674885622371191,0.2645911785776892,0.595043600081234,0.23990293550071876,False,True,,False,4
A+C+D+E|eqrisk|vt8|nobrake,A+C+D+E,eqrisk,0.08,False,2006-04-13,0.03002481031021098,0.07453471042364063,0.2425694755943682,-0.2623400707619772,0.11444995887590761,-0.05150763209893794,0.00027220383030891244,1.0432668339446658,0.46211646812194396,0.2645911785776892,0.5802943363697025,0.2753744123396046,False,True,,False,4
C+D+PCT|eqrisk|vt10|nobrake,C+D+PCT,eqrisk,0.1,False,2006-04-28,0.031173997689752042,0.08372108580313523,0.23877588586504195,-0.2702293284072612,0.1153612669412769,-0.07018300780110809,0.0002679878259031959,1.0432668339446658,0.45577039194680036,0.2645911785776892,0.4188222815007421,0.24804178178914585,False,True,,False,3
A+B+C+D+E|minvar_lw|vt10|brake,A+B+C+D+E,minvar_lw,0.1,True,2006-05-08,0.0280155755719409,0.06559133436565584,0.23808128948754273,-0.19541923260115235,0.14336140409025278,-0.056368087718146165,0.00026576114281178767,1.0432668339446658,0.4545951319229594,0.2645911785776892,0.6618750046843023,0.2893177595665032,False,True,,False,5
A+B+D+E+TSMOM|invvol_shrunk|vt10|nobrake,A+B+D+E+TSMOM,invvol_shrunk,0.1,False,2006-04-13,0.03298498033853203,0.09780707187333669,0.23473777723310815,-0.31316375500956684,0.10532821825924388,-0.08058746286626772,0.0002577944581010815,1.0432668339446658,0.44898887678099547,0.2645911785776892,0.4568354194780211,0.22363793423729328,False,True,,False,5
B+E+PCT|eqrisk|vt10|nobrake,B+E+PCT,eqrisk,0.1,False,2006-04-13,0.03364315904762538,0.10451169072474031,0.2323563745678438,-0.37763251645586515,0.0890896773492156,-0.08986806143738935,0.0002575903486580136,1.0432668339446658,0.44510201270459304,0.2645911785776892,0.46543709243367554,0.24284684487727448,False,True,,False,3
B+C+D+TSMOM|minvar_lw|vt8|brake,B+C+D+TSMOM,minvar_lw,0.08,True,2006-05-08,0.026547849743362217,0.056726674452196,0.24056496446737863,-0.19347324120058695,0.1372171654261906,-0.04458710613501682,0.0002566142584159034,1.0432668339446658,0.45859446259461334,0.2645911785776892,0.5672709256278512,0.22077451987091312,False,True,,False,4
B+E+PCT|eqrisk|vt6|brake,B+E+PCT,eqrisk,0.06,True,2006-04-13,0.025399773596934017,0.05300662584834481,0.23038606394158123,-0.162806021105373,0.15601249526572797,-0.04047727391214451,0.0002510706181360727,1.0432668339446658,0.44179564316915976,0.2645911785776892,0.4627767011648642,0.25709736181263254,False,True,,False,3
A+E|invvol_shrunk|vt8|brake,A+E,invvol_shrunk,0.08,True,2006-04-13,0.028306336273384858,0.06824735712635788,0.23393703276164596,-0.2129120761190586,0.13294847708664584,-0.058867152756571284,0.00025011166242396845,1.0432668339446658,0.44755840122968055,0.2645911785776892,0.5393847344877037,0.29144664901485023,False,True,,False,2
A+D+E+TSMOM|eqrisk|vt8|brake,A+D+E+TSMOM,eqrisk,0.08,True,2006-04-13,0.02707906770265578,0.06130206689669874,0.23358855599528297,-0.20644533494748118,0.1311682228593084,-0.05001297318590836,0.00024664380198211326,1.0432668339446658,0.4469318399102856,0.2645911785776892,0.5537707536285252,0.2060088960824193,False,True,,False,4
A+D+TSMOM|eqrisk|vt8|nobrake,A+D+TSMOM,eqrisk,0.08,False,2007-02-26,0.026915413710207448,0.0792389599694911,0.21584119764270784,-0.24763562976791798,0.10868958451347388,-0.06859205800201851,0.00024433790012035777,1.0432668339446658,0.4186144664532415,0.2645911785776892,0.5439439497803962,0.19365888734447798,False,True,,False,3
A+D+E+PCT|invvol_shrunk|vt6|brake,A+D+E+PCT,invvol_shrunk,0.06,True,2006-04-13,0.02457402672430975,0.04817813039459794,0.2316588654007962,-0.18380192299830567,0.13369842014403885,-0.04466674528211445,0.0002396231397141247,1.0432668339446658,0.44365948786080955,0.2645911785776892,0.5867812257283302,0.2247706471511775,False,True,,False,4
A+D+PCT|eqrisk|vt8|brake,A+D+PCT,eqrisk,0.08,True,2007-02-26,0.02514394775452722,0.06574868729011998,0.21898325711796407,-0.199053903065329,0.126317280733124,-0.05948785847337357,0.00023910949827466032,1.0432668339446658,0.4233813207397554,0.2645911785776892,0.5041111494047745,0.1801562219229281,False,True,,False,3
C+D+PCT|eqrisk|vt10|brake,C+D+PCT,eqrisk,0.1,True,2006-04-28,0.02846143130336931,0.06891098301565285,0.23544092163863534,-0.18835638428248958,0.1511041497838691,-0.06532176347481478,0.00023867563012250361,1.0432668339446658,0.4498462325398702,0.2645911785776892,0.38176545089486374,0.26384852744255594,True,True,,False,3
A+D+TSMOM|eqrisk|vt6|brake,A+D+TSMOM,eqrisk,0.06,True,2007-02-26,0.02412423440911282,0.0588623986093925,0.22043653708938485,-0.1653675003253754,0.14588256073077374,-0.054419737969135795,0.00023715909157478806,1.0432668339446658,0.4256183916774542,0.2645911785776892,0.5314105122514021,0.18925791097154113,False,True,,False,3
A+D+E+TSMOM|invvol_shrunk|vt6|brake,A+D+E+TSMOM,invvol_shrunk,0.06,True,2006-04-13,0.025119437063382932,0.05160622094733035,0.22987759132984736,-0.1573605073173837,0.1596298683297901,-0.04466674528211445,0.0002370623751945503,1.0432668339446658,0.4407148470174175,0.2645911785776892,0.5534980582965571,0.24412847288394224,False,True,,False,4
B+C+D+E+PCT|minvar_lw|vt6|brake,B+C+D+E+PCT,minvar_lw,0.06,True,2006-05-08,0.02424307107734136,0.04826113044794338,0.2270719208755914,-0.20370734178869732,0.1190093143647633,-0.05500753266250025,0.0002352374375101569,1.0432668339446658,0.4361439420903133,0.2645911785776892,0.6933336768828139,0.2182514839443673,False,True,,False,5
A+C+D+E|invvol_shrunk|vt8|nobrake,A+C+D+E,invvol_shrunk,0.08,False,2006-04-13,0.02994162680473944,0.07893246751598677,0.23229658076714602,-0.28815165736268666,0.10390926458234087,-0.05948375165612951,0.00023187436200712932,1.0432668339446658,0.4445622567248332,0.2645911785776892,0.5925640822801319,0.27914830065635954,False,True,,False,4
B+C+D|minvar_lw|vt6|brake,B+C+D,minvar_lw,0.06,True,2006-05-08,0.025033153116195583,0.0492107174596786,0.23924090653405888,-0.20487649494318427,0.12218655499322995,-0.04007319109514351,0.00023115219370301458,1.0432668339446658,0.45604384799429015,0.2645911785776892,0.624779593609065,0.2076188754327068,False,True,,False,3
C+D+E|eqrisk|vt8|brake,C+D+E,eqrisk,0.08,True,2006-04-13,0.026865037749713938,0.059193305906957296,0.23622063419555075,-0.21892801020068986,0.1227117431208868,-0.04331585090464096,0.00023034947321301071,1.0432668339446658,0.4510021970826324,0.2645911785776892,0.8808485957845877,0.26953169384411796,False,True,,False,3
B+E+PCT|invvol_shrunk|vt10|nobrake,B+E+PCT,invvol_shrunk,0.1,False,2006-04-13,0.03282628553427869,0.10427713787757412,0.225065488322741,-0.36938203379289236,0.08886811628928318,-0.08785405111473943,0.00022938626424048723,1.0432668339446658,0.4327965521824018,0.2645911785776892,0.4675043000634621,0.246319140918954,False,True,,False,3
B+C+D+E+PCT|invvol_shrunk|vt8|nobrake,B+C+D+E+PCT,invvol_shrunk,0.08,False,2006-04-13,0.029647562960244622,0.08063972870113208,0.2256268380902427,-0.30981769287154226,0.09569357606874054,-0.0633905965704068,0.00022665373544141225,1.0432668339446658,0.4336372185271195,0.2645911785776892,0.5192113316390679,0.2376000247339533,False,True,,False,5
B+E+PCT|eqrisk|vt8|nobrake,B+E+PCT,eqrisk,0.08,False,2006-04-13,0.030211085096571333,0.08528611343097571,0.22429554011447211,-0.30306984173320783,0.09968357433322624,-0.07186479074891194,0.00022590643192288242,1.0432668339446658,0.4314853406917153,0.2645911785776892,0.47381108465141053,0.22609142550163316,False,True,,False,3
B+C+D+E+TSMOM|minvar_lw|vt8|brake,B+C+D+E+TSMOM,minvar_lw,0.08,True,2006-05-08,0.02576616615566607,0.05557368549138987,0.23067196155041284,-0.20098434146951039,0.1281998685433653,-0.0418224551177534,0.00022494724844232682,1.0432668339446658,0.4417752999812707,0.2645911785776892,0.7528126844407418,0.23183066138502595,False,True,,False,5
B+E|minvar_lw|vt6|brake,B+E,minvar_lw,0.06,True,2006-05-08,0.024543185952501156,0.050461057101418884,0.22509447995817228,-0.20885194419771402,0.11751475930368568,-0.0394821469894151,0.00022388368185369403,1.0432668339446658,0.43272035760457084,0.2645911785776892,0.7233467810757865,0.24545773049344802,False,True,,False,2
A+D+TSMOM|eqrisk|vt8|brake,A+D+TSMOM,eqrisk,0.08,True,2007-02-26,0.025127596495884807,0.06872369112973607,0.21218602248499024,-0.18596887090466807,0.13511721813252173,-0.057705784028837526,0.00022188088530401514,1.0432668339446658,0.41235464814628625,0.2645911785776892,0.5939284596226251,0.21741222738033594,False,True,,False,3
A+C+D+E+TSMOM|minvar_lw|vt10|brake,A+C+D+E+TSMOM,minvar_lw,0.1,True,2006-05-08,0.027255700254020132,0.06616331309395286,0.2254128876178126,-0.19269586751810652,0.14144413476567716,-0.060777928925214386,0.00021895743358184709,1.0432668339446658,0.43312050816507675,0.2645911785776892,0.6491979515071664,0.293140508150054,False,True,,False,5
A+B+D+PCT|invvol_shrunk|vt10|brake,A+B+D+PCT,invvol_shrunk,0.1,True,2006-04-20,0.02952683686726476,0.08060645758846519,0.2245214947831784,-0.21578339087068532,0.1368355402523061,-0.05019098236461628,0.00021889359265706197,1.0432668339446658,0.4316859098949416,0.2645911785776892,0.4864514835006326,0.2521695114807379,False,True,,False,4
A+B+E|invvol_shrunk|vt10|nobrake,A+B+E,invvol_shrunk,0.1,False,2006-04-13,0.03286128235685726,0.10417037545955299,0.22538499905175952,-0.4134355663743632,0.07948344320019526,-0.07468925657316428,0.00021643221460925023,1.0432668339446658,0.43301756875557995,0.2645911785776892,0.698508021082441,0.26325808873948575,False,True,,False,3
A+B+E|invvol_shrunk|vt6|nobrake,A+B+E,invvol_shrunk,0.06,False,2006-04-13,0.027099036833921897,0.06463613408896259,0.22515207780252958,-0.2751002707361392,0.09850603476836917,-0.045497921012029874,0.0002163012160143712,1.0432668339446658,0.43263937898169735,0.2645911785776892,0.6823429577041273,0.2541104682319943,False,True,,False,3
A+B+E|invvol_shrunk|vt8|nobrake,A+B+E,invvol_shrunk,0.08,False,2006-04-13,0.03026974025139606,0.08495587114706087,0.22543591171072025,-0.3495028975282357,0.08660798083641244,-0.06037421762784689,0.0002161587168955838,1.0432668339446658,0.43309328913680395,0.2645911785776892,0.6914485120434887,0.2681624408348321,False,True,,False,3
A+C+D|minvar_lw|vt8|brake,A+C+D,minvar_lw,0.08,True,2006-05-08,0.027135298547580566,0.06597717278901012,0.2240987931056357,-0.1692880215121032,0.16029071818079305,-0.057896076560398746,0.0002143216385011676,1.0432668339446658,0.4308989389831306,0.2645911785776892,0.5679208471296697,0.25667803221723984,False,True,,False,3
A+B+C+D+E|invvol_shrunk|vt10|nobrake,A+B+C+D+E,invvol_shrunk,0.1,False,2006-04-13,0.031638929068396715,0.0952178164238965,0.22476413479423837,-0.39791188119386145,0.0795124010207233,-0.06474092996115866,0.00021263656554489977,1.0432668339446658,0.43192847457945294,0.2645911785776892,0.5966437872373406,0.27980838773969596,False,True,,False,5
B+D+E+TSMOM|invvol_shrunk|vt6|brake,B+D+E+TSMOM,invvol_shrunk,0.06,True,2006-04-13,0.024441674401432856,0.051406962451041927,0.2177686928859432,-0.17106845560998185,0.14287657133678294,-0.034321552964283186,0.00021090285459773896,1.0432668339446658,0.42074083770230847,0.2645911785776892,0.5889468572381402,0.18080680532823773,False,True,,False,4
B+E+PCT|eqrisk|vt8|brake,B+E+PCT,eqrisk,0.08,True,2006-04-13,0.027036774292791277,0.0664675174165096,0.21982647643542252,-0.19777655539447614,0.13670363627713586,-0.049952828624105106,0.0002100373119489007,1.0432668339446658,0.42397059748139776,0.2645911785776892,0.5156894017703705,0.25223381337411116,False,True,,False,3
B+E+PCT|eqrisk|vt6|nobrake,B+E+PCT,eqrisk,0.06,False,2006-04-13,0.026561563684286194,0.06440281409339346,0.21761845897681817,-0.22448754754402866,0.11832087781651533,-0.05375716544224929,0.00020323045029851299,1.0432668339446658,0.42028616490015797,0.2645911785776892,0.485035694091101,0.23137121925471252,False,True,,False,3
A+B+D+E+PCT|eqrisk|vt6|brake,A+B+D+E+PCT,eqrisk,0.06,True,2006-04-13,0.024424839839508827,0.05030337235414778,0.22104165955000457,-0.18159091836021557,0.1345047431890736,-0.042331741626440045,0.0002002175442619434,1.0432668339446658,0.42563944556811595,0.2645911785776892,0.6808117943665126,0.1848200083946724,False,True,,False,5
B+E+PCT|invvol_shrunk|vt8|nobrake,B+E+PCT,invvol_shrunk,0.08,False,2006-04-13,0.029460856277027547,0.08508446299855739,0.21606805662671194,-0.29791083544950625,0.09889152313837525,-0.07022785950791688,0.00019827529343574527,1.0432668339446658,0.41769497868531374,0.2645911785776892,0.48034007681689883,0.22468051421860658,False,True,,False,3
B+C+D+E+PCT|minvar_lw|vt8|brake,B+C+D+E+PCT,minvar_lw,0.08,True,2006-05-08,0.02538547981883066,0.05586396836661753,0.22309635830267324,-0.20450658529284083,0.12413037840556683,-0.041403741646395265,0.00019648279338170736,1.0432668339446658,0.4288353946804804,0.2645911785776892,0.7065500580464481,0.22027193110592191,False,True,,False,5
B+E+PCT|invvol_shrunk|vt6|nobrake,B+E+PCT,invvol_shrunk,0.06,False,2006-04-13,0.026364734217852126,0.0641995373752964,0.21512132011469515,-0.22010200897070098,0.11978415981365115,-0.052510078976671704,0.000195737477931275,1.0432668339446658,0.4161281053729148,0.2645911785776892,0.47956648494559323,0.23258932457068252,False,True,,False,3
C+D+E+PCT|eqrisk|vt6|nobrake,C+D+E+PCT,eqrisk,0.06,False,2006-04-13,0.026356992455937922,0.06193115664853599,0.22050659599124012,-0.23518714240381644,0.11206816914626631,-0.04321726716684671,0.00019509273728480017,1.0432668339446658,0.42464148982054356,0.2645911785776892,0.5018816876537081,0.2543207873011606,False,True,,False,4
A+D+E+PCT|invvol_shrunk|vt10|brake,A+D+E+PCT,invvol_shrunk,0.1,True,2006-04-13,0.02805977005705418,0.07314954476044022,0.21966370297250765,-0.22969013325769605,0.12216358473514884,-0.05272470655556871,0.00019499713370307043,1.0432668339446658,0.42329324322962897,0.2645911785776892,0.522254952341545,0.23758622900279586,False,True,,False,4
C+D|invvol_shrunk|vt6|nobrake,C+D,invvol_shrunk,0.06,False,2006-04-28,0.026564948788219134,0.06291991396811458,0.22233418659800275,-0.2076953715342459,0.12790342217057526,-0.06052791026664206,0.00019364990811168955,1.0432668339446658,0.42753183943659706,0.2645911785776892,0.5317446613845993,0.21052178666161475,False,True,,False,2
A+B+C+D+E|eqrisk|vt10|nobrake,A+B+C+D+E,eqrisk,0.1,False,2006-04-13,0.030162803296233553,0.08805306507753645,0.21932359132585036,-0.3511540773910643,0.085896206930961,-0.05612803323204285,0.00019228642404284842,1.0432668339446658,0.4226720634944215,0.2645911785776892,0.6614221564114628,0.2755096139440318,False,True,,False,5
A+B|invvol_shrunk|vt6|brake,A+B,invvol_shrunk,0.06,True,2006-04-20,0.02593575447959151,0.06214580184295532,0.21391856156812672,-0.15125046473197767,0.17147553579786207,-0.0430708473707363,0.00018822197468437962,1.0432668339446658,0.4139976195673251,0.2645911785776892,0.5278140350160082,0.2717300115418271,False,True,,False,2
B+C+D+PCT|eqrisk|vt10|brake,B+C+D+PCT,eqrisk,0.1,True,2006-04-20,0.027822778382151636,0.07346773891167231,0.21628047943597284,-0.19447622875205783,0.14306518879293742,-0.05603608865253906,0.0001862306113161068,1.0432668339446658,0.4176531551932318,0.2645911785776892,0.6205465637124178,0.255513940111456,False,True,,False,4
C+D|invvol_shrunk|vt6|brake,C+D,invvol_shrunk,0.06,True,2006-04-28,0.025375916752741645,0.05620249248457565,0.22119287305533183,-0.16471298769788956,0.15406141985163435,-0.06052791026664206,0.00018594388985508054,1.0432668339446658,0.42547820439441986,0.2645911785776892,0.5647626299310574,0.25409578223913215,False,True,,False,2
B+C+D+E+TSMOM|minvar_lw|vt10|brake,B+C+D+E+TSMOM,minvar_lw,0.1,True,2006-05-08,0.025898171006057957,0.06101778320247988,0.21736659646463152,-0.21132780229880077,0.12254975788486172,-0.04461982445936141,0.00018358769157198975,1.0432668339446658,0.41929054216506767,0.2645911785776892,0.7957443055546973,0.22077451987091312,False,True,,False,5
A+C+D+E|minvar_lw|vt6|brake,A+C+D+E,minvar_lw,0.06,True,2006-05-08,0.024203408560353745,0.051781468116737644,0.21421492378602333,-0.18502147239442357,0.13081405226717469,-0.04521080058860594,0.0001809910688424637,1.0432668339446658,0.41421918646652095,0.2645911785776892,0.6377523123620373,0.26410004026812833,False,True,,False,4
A+D+TSMOM|eqrisk|vt6|nobrake,A+D+TSMOM,eqrisk,0.06,False,2007-02-26,0.023835285953792695,0.06570204921172997,0.19966190440813103,-0.20598833495455748,0.11571182396833748,-0.054419737969135795,0.00018081395761357526,1.0432668339446658,0.3918466045250398,0.2645911785776892,0.6106591149437415,0.20393250258748769,False,True,,False,3
A+D+E+TSMOM|invvol_shrunk|vt6|nobrake,A+D+E+TSMOM,invvol_shrunk,0.06,False,2006-04-13,0.025882785512806317,0.06242505302642112,0.21183772848770013,-0.19681348367635143,0.1315092087662504,-0.04466674528211445,0.0001760798371629033,1.0432668339446658,0.4103132337918072,0.2645911785776892,0.49655066364252476,0.19500246146076228,False,True,,False,4
A+B+D+PCT|invvol_shrunk|vt10|nobrake,A+B+D+PCT,invvol_shrunk,0.1,False,2006-04-20,0.03094215104563336,0.1017637195828687,0.2103074478117149,-0.3559471266242843,0.08692906538979868,-0.08743475068210127,0.0001740822114295736,1.0432668339446658,0.4078486765994964,0.2645911785776892,0.44436624809952197,0.23210907389507784,False,True,,False,4
B+C+D+PCT|eqrisk|vt10|nobrake,B+C+D+PCT,eqrisk,0.1,False,2006-04-20,0.029415356874196386,0.08973025861427343,0.2091956411117736,-0.27783016532233096,0.10587531717468293,-0.08014022757441286,0.00017364514648411194,1.0432668339446658,0.40610229002223863,0.2645911785776892,0.5253228799490063,0.24923537668088253,False,True,,False,4
B+C+D+E+TSMOM|eqrisk|vt10|nobrake,B+C+D+E+TSMOM,eqrisk,0.1,False,2006-04-13,0.02950138116355072,0.08903770101205773,0.21071052302915863,-0.29801867628762235,0.09899171934808035,-0.07385277747289187,0.00017345156375427842,1.0432668339446658,0.4084534060175119,0.2645911785776892,0.6770077168243552,0.27682607543930127,False,True,,False,5
B+C+D+E|invvol_shrunk|vt6|nobrake,B+C+D+E,invvol_shrunk,0.06,False,2006-04-13,0.025962516120463297,0.06366421793924117,0.21023956256438175,-0.292084798821286,0.08888691306509461,-0.045523432275013986,0.0001715722168070967,1.0432668339446658,0.40764673046120503,0.2645911785776892,0.6608462856394274,0.23665866767777738,False,True,,False,4
B+C+D+E|minvar_lw|vt8|brake,B+C+D+E,minvar_lw,0.08,True,2006-05-08,0.02449342645630903,0.053779972065273296,0.21347194133625247,-0.2234132129145181,0.10963284640501837,-0.041350713539135886,0.00017023950825881983,1.0432668339446658,0.4126664119663681,0.2645911785776892,0.8319542796204847,0.2182514839443673,False,True,,False,4
A+B+D+E+TSMOM|eqrisk|vt10|brake,A+B+D+E+TSMOM,eqrisk,0.1,True,2006-04-13,0.027254234320471582,0.07283133698270573,0.2095696891998221,-0.21274862513962067,0.12810533700316715,-0.07013136258186137,0.00016999367250309286,1.0432668339446658,0.4065413247293338,0.2645911785776892,0.6180381309962321,0.2195505176882956,False,True,,False,5
A+C+D+E|eqrisk|vt10|nobrake,A+C+D+E,eqrisk,0.1,False,2006-04-13,0.029067745905689613,0.08459109344980716,0.21216747578415393,-0.28430639175928574,0.10224091595626333,-0.057191568957670746,0.0001687610111353639,1.0432668339446658,0.4105574209922403,0.2645911785776892,0.6974237542039228,0.25442862975176916,False,True,,False,4
C+D+E+TSMOM|eqrisk|vt10|nobrake,C+D+E+TSMOM,eqrisk,0.1,False,2006-04-13,0.02931723037997025,0.08707632305741897,0.21133956666810844,-0.27253598521941,0.10757196102513905,-0.05848762360560489,0.00016802728173561805,1.0432668339446658,0.409229891153731,0.2645911785776892,0.7062935471971172,0.2568687553647012,False,True,,False,4
B+E|eqrisk|vt8|brake,B+E,eqrisk,0.08,True,2006-04-13,0.025743168510317327,0.06313279899112412,0.2080631725597528,-0.24841832198232283,0.1036283004606608,-0.049952828624105106,0.00016562299331740035,1.0432668339446658,0.4040232150629932,0.2645911785776892,0.8049138445327928,0.2106642208738957,False,True,,False,2
A+C+D+E|minvar_lw|vt8|brake,A+C+D+E,minvar_lw,0.08,True,2006-05-08,0.024717169168741338,0.058173859940662064,0.20537227086118273,-0.2110638062213669,0.11710756861277105,-0.054829857629596246,0.0001653898393839946,1.0432668339446658,0.3998556999373491,0.2645911785776892,0.7337591003374456,0.2470413764764799,False,True,,False,4
A+B+D+E+PCT|eqrisk|vt8|brake,A+B+D+E+PCT,eqrisk,0.08,True,2006-04-13,0.025579301061743775,0.061772674935652,0.2086092741546891,-0.21561361841570303,0.11863490464886539,-0.0568511738020393,0.000164850079201016,1.0432668339446658,0.40483987923284587,0.2645911785776892,0.6828197597453598,0.19869708518315912,False,True,,False,5
B+C+D+E|minvar_lw|vt6|brake,B+C+D+E,minvar_lw,0.06,True,2006-05-08,0.023590751374600982,0.04837481908669795,0.21340660958606136,-0.19770232154161127,0.11932460474236634,-0.038420253955187,0.0001635368759473332,1.0432668339446658,0.41231182321389903,0.2645911785776892,0.8073565525885505,0.23315641370482515,False,True,,False,4
B+C+D+TSMOM|minvar_lw|vt10|brake,B+C+D+TSMOM,minvar_lw,0.1,True,2006-05-08,0.02549409627752719,0.0610367722304559,0.2108770781914134,-0.21109819193846135,0.120768899266362,-0.04708957275032666,0.00016264143315860267,1.0432668339446658,0.40829261689183455,0.2645911785776892,0.6210943186224698,0.22896578046600508,False,True,,False,4
A+D+PCT|eqrisk|vt6|brake,A+D+PCT,eqrisk,0.06,True,2007-02-26,0.02244104454365936,0.0571123239816302,0.19659253126815393,-0.16866744150520185,0.13304905999280994,-0.044806654856219486,0.0001603207107654899,1.0432668339446658,0.38630332629817066,0.2645911785776892,0.5514847485742334,0.1678987643402886,False,True,,False,3
A+E|invvol_shrunk|vt10|nobrake,A+E,invvol_shrunk,0.1,False,2006-04-13,0.03061648824831309,0.10322206397512014,0.20536828682845157,-0.3602573184467399,0.08498505562723052,-0.07457258803571176,0.00015371871779828525,1.0432668339446658,0.3993300266018244,0.2645911785776892,0.6692953068361986,0.25796135750227717,False,True,,False,2
C+D|eqrisk|vt6|brake,C+D,eqrisk,0.06,True,2006-04-28,0.024262112830007787,0.051949278132878494,0.21394339409604668,-0.19137732519518058,0.12677631900886643,-0.057437673078521434,0.00015320447685904427,1.0432668339446658,0.41275797914573104,0.2645911785776892,0.6153731226513045,0.23270135488603133,False,True,,False,2
A+C+D+E|minvar_lw|vt10|nobrake,A+C+D+E,minvar_lw,0.1,False,2006-05-08,0.0272490367560545,0.07698405696533253,0.20366421392172712,-0.25525213529291224,0.1067534135406355,-0.06567204533561288,0.00015156980988567374,1.0432668339446658,0.39660149639946046,0.2645911785776892,0.640634398003921,0.20373833422010718,False,True,,False,4
A+D+E+PCT|eqrisk|vt10|brake,A+D+E+PCT,eqrisk,0.1,True,2006-04-13,0.02675206874180258,0.07169730958615338,0.20488315776929142,-0.23509835794381706,0.11379096381522023,-0.05272470655556871,0.0001513019392435141,1.0432668339446658,0.39846780451058417,0.2645911785776892,0.5457388722350529,0.1848200083946724,False,True,,False,4
B+C+D+PCT|minvar_lw|vt8|brake,B+C+D+PCT,minvar_lw,0.08,True,2006-05-08,0.024471462826372026,0.055635308298509246,0.20776338334438113,-0.20860643338498752,0.11730924319677827,-0.04418182831697626,0.00015066183162190707,1.0432668339446658,0.4029102074663327,0.2645911785776892,0.6657559151018768,0.21246374979101273,False,True,,False,4
B+E|invvol_shrunk|vt8|brake,B+E,invvol_shrunk,0.08,True,2006-04-13,0.025333777801214596,0.06324402765531985,0.20150196531236886,-0.24932791134905008,0.10160827026601214,-0.046904749070797114,0.0001495167432138661,1.0432668339446658,0.39318597427598956,0.2645911785776892,0.8062653022147687,0.18516110277014558,False,True,,False,2
B+C+D|eqrisk|vt8|brake,B+C+D,eqrisk,0.08,True,2006-04-20,0.02546409927610105,0.0634684852904661,0.20342453097196098,-0.1956732236662555,0.13013583973826265,-0.057227870809525405,0.0001490739336567343,1.0432668339446658,0.3961122316724223,0.2645911785776892,0.6343816322838315,0.25281666625081034,False,True,,False,3
A+D+E+TSMOM|invvol_shrunk|vt8|nobrake,A+D+E+TSMOM,invvol_shrunk,0.08,False,2006-04-13,0.027642805128050396,0.08078739359113295,0.20117222997351258,-0.24833394996114788,0.11131303284297271,-0.05843462302687674,0.00014809263280091776,1.0432668339446658,0.39261062355106696,0.2645911785776892,0.5264198795470677,0.20033521071785607,False,True,,False,4
C+D+E|eqrisk|vt10|brake,C+D+E,eqrisk,0.1,True,2006-04-13,0.026056018962281602,0.06663562390377956,0.20501876703745148,-0.23758519798710653,0.10967021170946697,-0.04689594403455932,0.00014469530504513108,1.0432668339446658,0.3983603743678867,0.2645911785776892,1.009259742726489,0.24847791533174385,False,True,,False,3
C+D+E+PCT|invvol_shrunk|vt8|nobrake,C+D+E+PCT,invvol_shrunk,0.08,False,2006-04-13,0.027376980281014873,0.07981859871994203,0.19939933718327477,-0.28681588809478764,0.09545140774058954,-0.06260367459866467,0.000142088984276763,1.0432668339446658,0.3895939252224341,0.2645911785776892,0.5174047010838321,0.23765084971136397,False,True,,False,4
A+D+E+PCT|eqrisk|vt8|brake,A+D+E+PCT,eqrisk,0.08,True,2006-04-13,0.02494394376417919,0.06121113852759993,0.19983176967984836,-0.2203307813701001,0.11321134345854136,-0.05001297318590836,0.00013950826421137112,1.0432668339446658,0.3901133308298464,0.2645911785776892,0.6535838828669721,0.20674621596199028,False,True,,False,4
A+C+D|minvar_lw|vt10|brake,A+C+D,minvar_lw,0.1,True,2006-05-08,0.025155308711331648,0.06628546895695582,0.19430068989336274,-0.19426636588546775,0.129488749103189,-0.06127593962342326,0.00013793942173433166,1.0432668339446658,0.3816602639857286,0.2645911785776892,0.6071257567194679,0.2620713413782262,False,True,,False,3
B+C+D+PCT|minvar_lw|vt6|brake,B+C+D+PCT,minvar_lw,0.06,True,2006-05-08,0.023348276372703092,0.05049502183188037,0.2018311412793522,-0.19483388262766577,0.1198368377091907,-0.054943275573949846,0.00013788932405915829,1.0432668339446658,0.39308934950435714,0.2645911785776892,0.7349653886709925,0.23315641370482515,False,True,,False,4
C+D|invvol_shrunk|vt8|nobrake,C+D,invvol_shrunk,0.08,False,2006-04-28,0.02619012052379377,0.07079551869569647,0.19985070026789764,-0.21854052879372088,0.11984102293682318,-0.07147634905795663,0.0001377066689165442,1.0432668339446658,0.3900435475459333,0.2645911785776892,0.5328393138013253,0.21067410714120777,False,True,,False,2
A+B+D+E+PCT|eqrisk|vt10|brake,A+B+D+E+PCT,eqrisk,0.1,True,2006-04-13,0.02627619947217652,0.07219798804297757,0.19756240068646988,-0.2454704591202891,0.10704424298689345,-0.07013136258186137,0.0001376868176284372,1.0432668339446658,0.38656045566554564,0.2645911785776892,0.5934670244642558,0.20674621596199028,False,True,,False,5
D+E+TSMOM|invvol_shrunk|vt8|brake,D+E+TSMOM,invvol_shrunk,0.08,True,2006-04-13,0.024862889999905935,0.06213223357188811,0.19653857440875488,-0.19494678891954553,0.1275368019022198,-0.05001297318590836,0.00013737774763594848,1.0432668339446658,0.3849937732818719,0.2645911785776892,0.6454294467511624,0.1320624143972978,False,True,,False,3
B+C+D+E|eqrisk|vt6|nobrake,B+C+D+E,eqrisk,0.06,False,2006-04-13,0.02508386611099156,0.06330876823850057,0.1975166230709229,-0.2844402272168237,0.08818677427040085,-0.043570066029840704,0.00013734092876868838,1.0432668339446658,0.3864714149570905,0.2645911785776892,0.7559887461073227,0.22647499913417649,False,True,,False,4
B+C+D+E|minvar_lw|vt10|brake,B+C+D+E,minvar_lw,0.1,True,2006-05-08,0.02464580626280033,0.05988260995363479,0.19995088065286207,-0.22225320022488504,0.11089066991099646,-0.04461982445936141,0.00013733985928478042,1.0432668339446658,0.3901764104448006,0.2645911785776892,0.871965125750071,0.21343927546115693,False,True,,False,4
A+E|invvol_shrunk|vt8|nobrake,A+E,invvol_shrunk,0.08,False,2006-04-13,0.027805277468064826,0.08435658077300073,0.1979932192400977,-0.30117543150209336,0.09232252886428274,-0.06060891005753677,0.00013542862553863737,1.0432668339446658,0.3870854209916247,0.2645911785776892,0.6921585928386937,0.2476132776647615,False,True,,False,2
C+D|invvol_shrunk|vt10|nobrake,C+D,invvol_shrunk,0.1,False,2006-04-28,0.026737784791255548,0.07547506430430505,0.19901402768441281,-0.22324907189720156,0.11976661118469227,-0.0749609482623006,0.0001336055228593402,1.0432668339446658,0.388535495599216,0.2645911785776892,0.4974623886877826,0.2110924434329502,False,True,,False,2
A+B+D+E+PCT|invvol_shrunk|vt6|nobrake,A+B+D+E+PCT,invvol_shrunk,0.06,False,2006-04-13,0.024880676756275033,0.06370015994704216,0.19354151728063262,-0.22550405895327896,0.11033360938939876,-0.04798872971347723,0.0001311414908739656,1.0432668339446658,0.3801104440842438,0.2645911785776892,0.5831843781722825,0.15263140239583844,False,True,,False,5
A+C+D+E|minvar_lw|vt6|nobrake,A+C+D+E,minvar_lw,0.06,False,2006-05-08,0.024673807669494563,0.06267452325396355,0.19422506668969144,-0.22928815638077715,0.10761047608808434,-0.04521080058860594,0.00012980221774292725,1.0432668339446658,0.3810530097682866,0.2645911785776892,0.5811039527748684,0.26086502507582643,False,True,,False,4
A+C+D+E|minvar_lw|vt10|brake,A+C+D+E,minvar_lw,0.1,True,2006-05-08,0.024798253635802014,0.06481520389694752,0.19181108097136854,-0.19851318305790544,0.1249199335470253,-0.06567204533561288,0.00012945444696192893,1.0432668339446658,0.37741669393594224,0.2645911785776892,0.8079679704215823,0.21981390570191797,False,True,,False,4
A+B+D+TSMOM|eqrisk|vt6|nobrake,A+B+D+TSMOM,eqrisk,0.06,False,2006-04-20,0.025019341045220855,0.06574498469327776,0.1920238075322675,-0.19550103144512354,0.1279754938389862,-0.05924383517654519,0.0001292428725736187,1.0432668339446658,0.3777203692815115,0.2645911785776892,0.5245118382854822,0.18256479766208533,False,True,,False,4
A+C+D+E|invvol_shrunk|vt10|nobrake,A+C+D+E,invvol_shrunk,0.1,False,2006-04-13,0.028471406978986646,0.09250328767940277,0.19530919265606042,-0.3248196814571013,0.08765296133309228,-0.06972619261717716,0.00012869829054278767,1.0432668339446658,0.38261782673385664,0.2645911785776892,0.7367654170588961,0.24762873183849016,False,True,,False,4
B+D+E+PCT|invvol_shrunk|vt6|brake,B+D+E+PCT,invvol_shrunk,0.06,True,2006-04-13,0.02260552786950676,0.049378349350120476,0.1882880779287528,-0.18578422843817843,0.12167624808383008,-0.034321552964283186,0.0001238543365671157,1.0432668339446658,0.37181465273862613,0.2645911785776892,0.7038349138883304,0.10230415822110035,False,True,,False,4
B+C+D|eqrisk|vt8|nobrake,B+C+D,eqrisk,0.08,False,2006-04-20,0.02632764539958865,0.07894694292902543,0.1882151179846578,-0.26017590298766524,0.10119171336492613,-0.06516203833585221,0.00012178718909006403,1.0432668339446658,0.3715615394556785,0.2645911785776892,0.6055981049218351,0.2230674833379661,False,True,,False,3
B+C+D|minvar_lw|vt8|brake,B+C+D,minvar_lw,0.08,True,2006-05-08,0.02360966442361434,0.054778416816824015,0.19479350878101212,-0.21470293325757528,0.10996433101959649,-0.043618154379819196,0.00012139030738666662,1.0432668339446658,0.3813702443270614,0.2645911785776892,0.7154250924347064,0.2106176623403168,False,True,,False,3
A+D+E+TSMOM|invvol_shrunk|vt10|nobrake,A+D+E+TSMOM,invvol_shrunk,0.1,False,2006-04-13,0.028260868879603773,0.09675725400057252,0.188832692948012,-0.29891782634007913,0.09454393946867308,-0.06722724761811305,0.00012089081563649357,1.0432668339446658,0.3724116122736443,0.2645911785776892,0.5150186926898945,0.20650497923060634,False,True,,False,4
A+B+D+TSMOM|eqrisk|vt8|nobrake,A+B+D+TSMOM,eqrisk,0.08,False,2006-04-20,0.026621616970023076,0.08199629937879899,0.18765587028082492,-0.23843395996389516,0.11165195165174563,-0.06939880975396762,0.00012038590907744908,1.0432668339446658,0.37063565824158184,0.2645911785776892,0.5392907064479232,0.17226665644082367,False,True,,False,4
B+C+D+E+PCT|eqrisk|vt8|nobrake,B+C+D+E+PCT,eqrisk,0.08,False,2006-04-13,0.026164874523784354,0.0773131099573624,0.18808840027601725,-0.2970132556358911,0.08809328885933598,-0.0605748679410002,0.00012011647651457132,1.0432668339446658,0.3712549881155761,0.2645911785776892,0.6254365163314243,0.24229677568003935,False,True,,False,5
A+E|invvol_shrunk|vt6|nobrake,A+E,invvol_shrunk,0.06,False,2006-04-13,0.024827563561635513,0.06453257201443634,0.19103879943126537,-0.23385091670815983,0.10616833968891257,-0.046086154235569055,0.00011952200007826042,1.0432668339446658,0.3755974891459003,0.2645911785776892,0.6979424492150372,0.2392932640975735,False,True,,False,2
B+D+TSMOM|invvol_shrunk|vt6|nobrake,B+D+TSMOM,invvol_shrunk,0.06,False,2006-04-20,0.024426791900883815,0.0659408451688359,0.18295416491887342,-0.17296617071519194,0.1412229443473386,-0.05757009797496093,0.00011925722060696905,1.0432668339446658,0.36367176084370834,0.2645911785776892,0.5843807249166378,0.14196031826996658,False,True,,False,3
A+C+D+E|minvar_lw|vt8|nobrake,A+C+D+E,minvar_lw,0.08,False,2006-05-08,0.025267614750422274,0.07132947259440131,0.18690190350445002,-0.25483880896774813,0.09915136102217496,-0.054829857629596246,0.00011677238904127053,1.0432668339446658,0.3692583975606495,0.2645911785776892,0.6574892078516281,0.23743302818075712,False,True,,False,4
B+D+PCT|invvol_shrunk|vt8|brake,B+D+PCT,invvol_shrunk,0.08,True,2006-04-20,0.02489142918033349,0.07057187010975048,0.18184254305669853,-0.1964939690500319,0.1266778278268457,-0.04934597767181148,0.00011596623266231431,1.0432668339446658,0.36180480323670344,0.2645911785776892,0.6854708627520011,0.09389264745402896,False,True,,False,3
D+E+TSMOM|invvol_shrunk|vt6|brake,D+E+TSMOM,invvol_shrunk,0.06,True,2006-04-13,0.022387586997034914,0.04888068161953029,0.18532138445313995,-0.16749534258560983,0.1336609523073289,-0.04466674528211445,0.00011459103640880494,1.0432668339446658,0.3667678833140139,0.2645911785776892,0.6525719221216315,0.12962457932401303,False,True,,False,3
A+B+D+TSMOM|eqrisk|vt10|nobrake,A+B+D+TSMOM,eqrisk,0.1,False,2006-04-20,0.02773594980510019,0.09622101865384114,0.1843655474356424,-0.26276886625197393,0.10555264860983826,-0.07888307168432973,0.00011403883663227687,1.0432668339446658,0.36532450497786134,0.2645911785776892,0.5584989789127949,0.16603689623182288,False,True,,False,4
B+D+E+TSMOM|invvol_shrunk|vt8|brake,B+D+E+TSMOM,invvol_shrunk,0.08,True,2006-04-13,0.02414647618862431,0.0633387661641903,0.18299626433614483,-0.20061860799951303,0.12036010233249611,-0.046904749070797114,0.0001134760416418054,1.0432668339446658,0.3632818021376205,0.2645911785776892,0.6440247315023219,0.1600093839151157,False,True,,False,4
A+E|invvol_shrunk|vt6|brake,A+E,invvol_shrunk,0.06,True,2006-04-13,0.02316517139532226,0.05445268871130237,0.1856066690879979,-0.17192713652204172,0.1347383075408366,-0.046086154235569055,0.00011154948362221767,1.0432668339446658,0.36694928098687707,0.2645911785776892,0.6702352768252615,0.27889276867900387,False,True,,False,2
B+C+D+E|invvol_shrunk|vt8|nobrake,B+C+D+E,invvol_shrunk,0.08,False,2006-04-13,0.026235686313964557,0.08168185122730338,0.18312758648970726,-0.36717349577460956,0.07145310491057177,-0.0605950175010429,0.00010924746240611044,1.0432668339446658,0.3631298044233059,0.2645911785776892,0.7823325258691413,0.21793320032731223,False,True,,False,4
B+C+D+E+PCT|minvar_lw|vt10|brake,B+C+D+E+PCT,minvar_lw,0.1,True,2006-05-08,0.02384461061275145,0.06075206384050521,0.18506362101257995,-0.21920760956006768,0.10877638171688335,-0.04461982445936141,0.00010917735660421133,1.0432668339446658,0.3659605909676956,0.2645911785776892,0.8514818281981051,0.2202314773836524,False,True,,False,5
C+D|invvol_shrunk|vt8|brake,C+D,invvol_shrunk,0.08,True,2006-04-28,0.02383469286821205,0.06021980099781188,0.18531368537892473,-0.18652906661637847,0.1277800468343694,-0.07147634905795663,0.00010669290575451787,1.0432668339446658,0.36612530903111473,0.2645911785776892,0.6481654450620966,0.24519359140943525,False,True,,False,2
B+C+D+PCT|minvar_lw|vt10|brake,B+C+D+PCT,minvar_lw,0.1,True,2006-05-08,0.02411422584335199,0.06340362400902953,0.18406983221918224,-0.20671911832795864,0.11665213183182657,-0.060426799477222404,0.00010582312075675742,1.0432668339446658,0.364223274831609,0.2645911785776892,0.6551542700264629,0.20479726231186668,False,True,,False,4
A+D+E+TSMOM|eqrisk|vt6|brake,A+D+E+TSMOM,eqrisk,0.06,True,2006-04-13,0.02227637982980757,0.04930223212478809,0.18192329067492832,-0.18305342936526847,0.1216933214911633,-0.04466674528211445,0.00010527181601399714,1.0432668339446658,0.3610375121926692,0.2645911785776892,0.7979543985237662,0.22515706420961612,False,True,,False,4
A+D+PCT|eqrisk|vt10|brake,A+D+PCT,eqrisk,0.1,True,2007-02-26,0.02206463807898973,0.07236627080817137,0.16371991257770227,-0.2139819851478616,0.10311446575160549,-0.07259186862994127,0.00010485848920276501,1.0432668339446658,0.33536703535528173,0.2645911785776892,0.6652023785333315,0.17388468296268172,False,True,,False,3
A+B+D+E+TSMOM|eqrisk|vt6|nobrake,A+B+D+E+TSMOM,eqrisk,0.06,False,2006-04-13,0.02402108165943262,0.06347358486414681,0.18076404788852823,-0.22906891693072362,0.10486399456237538,-0.04758047984284497,0.00010401521141792294,1.0432668339446658,0.35924201458435134,0.2645911785776892,0.6634533674703971,0.14806372379093816,False,True,,False,5
B+D+E+TSMOM|invvol_shrunk|vt10|brake,B+D+E+TSMOM,invvol_shrunk,0.1,True,2006-04-13,0.02502059298563153,0.07359441227095433,0.17861734632033066,-0.2386506053219969,0.10484194226900347,-0.059341690771765765,0.00010390709426045679,1.0432668339446658,0.35612892724982026,0.2645911785776892,0.7098088937098376,0.1381617332419493,False,True,,False,4
A+B+D+E|invvol_shrunk|vt10|brake,A+B+D+E,invvol_shrunk,0.1,True,2006-04-13,0.025343242502077867,0.07510368818657838,0.1806582196725184,-0.2837229742215648,0.08932389973568668,-0.05257890189724668,0.00010178187589933632,1.0432668339446658,0.35888869366443676,0.2645911785776892,0.6983438199410585,0.14430963144762685,False,True,,False,4
B+D+TSMOM|invvol_shrunk|vt8|nobrake,B+D+TSMOM,invvol_shrunk,0.08,False,2006-04-20,0.025708299420919456,0.08584603317965148,0.17276346682466281,-0.24622733069598013,0.10440879713983418,-0.0767542205236601,0.0001001531898625581,1.0432668339446658,0.3474289788532463,0.2645911785776892,0.6225561262182656,0.11304461392366205,False,True,,False,3
C+D+E+PCT|eqrisk|vt8|nobrake,C+D+E+PCT,eqrisk,0.08,False,2006-04-13,0.025372163483151633,0.0761768017731272,0.17953310475163467,-0.27926278151278516,0.09085408139856277,-0.05496636842553604,9.946807388744524e-05,1.0432668339446658,0.35704413972261995,0.2645911785776892,0.6434524384259424,0.20995296658725743,False,True,,False,4
A+B+D+TSMOM|eqrisk|vt6|brake,A+B+D+TSMOM,eqrisk,0.06,True,2006-04-20,0.023262383499706996,0.06003611410591921,0.17571567131899438,-0.1606146362275347,0.14483352231207836,-0.05924383517654519,9.757753684084807e-05,1.0432668339446658,0.35136957987497375,0.2645911785776892,0.6177886242809708,0.16822086485754417,False,True,,False,4
B+D+TSMOM|invvol_shrunk|vt10|nobrake,B+D+TSMOM,invvol_shrunk,0.1,False,2006-04-20,0.02685817529037071,0.10344983690738326,0.17037324915392602,-0.3139171506170867,0.08555816475007469,-0.09548714092633581,9.565343214832154e-05,1.0432668339446658,0.34360972175560833,0.2645911785776892,0.6503410931604293,0.10867170815921548,False,True,,False,3
C+D+E+TSMOM|minvar_lw|vt6|brake,C+D+E+TSMOM,minvar_lw,0.06,True,2006-05-08,0.022125213348348716,0.047429929300064316,0.1864110514142074,-0.21841436474103093,0.10129925920660983,-0.04595404318789076,9.254838166661048e-05,1.0432668339446658,0.3665117239626807,0.2645911785776892,0.9168636292523068,0.17607982290961852,False,True,,False,4
A+D+TSMOM|eqrisk|vt10|brake,A+D+TSMOM,eqrisk,0.1,True,2007-02-26,0.021326829331717922,0.0747837398345091,0.1511768346572095,-0.19475803134716263,0.10950423550801941,-0.07129081223898526,8.756402849128406e-05,1.0432668339446658,0.3166600806581432,0.2645911785776892,0.7639022757205005,0.21631127978718756,False,True,,False,3
A+D+E+PCT|eqrisk|vt6|brake,A+D+E+PCT,eqrisk,0.06,True,2006-04-13,0.021685093806133926,0.048543682284447824,0.17207761610287495,-0.19907121623781754,0.1089313373171345,-0.04466674528211445,8.737951664752963e-05,1.0432668339446658,0.34511781921470136,0.2645911785776892,0.8509697529554069,0.19821215047400115,False,True,,False,4
A+B+D+E|invvol_shrunk|vt6|brake,A+B+D+E,invvol_shrunk,0.06,True,2006-04-13,0.021635941249155355,0.048775098970198806,0.17057117949043893,-0.20492002079318383,0.10558236899161501,-0.0344435823603354,8.731714452882652e-05,1.0432668339446658,0.34297953790991487,0.2645911785776892,0.7214823861708511,0.1360567516984182,False,True,,False,4
A+B+D+E+PCT|invvol_shrunk|vt8|nobrake,A+B+D+E+PCT,invvol_shrunk,0.08,False,2006-04-13,0.025155063677643863,0.08244439760162352,0.16938842258844053,-0.3183961083087098,0.07900556263474826,-0.06409307658733954,8.697724878091222e-05,1.0432668339446658,0.3412757545102293,0.2645911785776892,0.6605549888131397,0.1647079497419345,False,True,,False,5
C+D+E+TSMOM|minvar_lw|vt8|brake,C+D+E+TSMOM,minvar_lw,0.08,True,2006-05-08,0.022394649773544772,0.052322791029535805,0.17864887557894987,-0.23262106172563046,0.09627094643716565,-0.04983068738125973,8.522882702505745e-05,1.0432668339446658,0.3543281518174656,0.2645911785776892,0.9943185226399298,0.17162816470353423,False,True,,False,4
B+C+D|minvar_lw|vt10|brake,B+C+D,minvar_lw,0.1,True,2006-05-08,0.02285631496086693,0.05999879565741985,0.1705381070428673,-0.22197449943190461,0.1029682013896312,-0.045685414275387415,8.31684914561566e-05,1.0432668339446658,0.3424504866095135,0.2645911785776892,0.7691616071544474,0.1973721947169371,False,True,,False,3
A+B+D+E|invvol_shrunk|vt8|brake,A+B+D+E,invvol_shrunk,0.08,True,2006-04-13,0.023014017630073047,0.061936610123638484,0.16781826519854104,-0.2421742628883108,0.09503081523029953,-0.04398468985812609,8.24763609785822e-05,1.0432668339446658,0.3385394197848365,0.2645911785776892,0.7264655181592453,0.15100594729776023,False,True,,False,4
B+C+D+E+PCT|invvol_shrunk|vt10|nobrake,B+C+D+E+PCT,invvol_shrunk,0.1,False,2006-04-13,0.025770728216607974,0.09606266929962957,0.1643154920935858,-0.3786314893077867,0.06806282346912552,-0.07928023846207966,8.104204844752339e-05,1.0432668339446658,0.3334864231843442,0.2645911785776892,0.6755620559928065,0.241027348471818,False,True,,False,5
B+E+PCT|invvol_shrunk|vt8|brake,B+E+PCT,invvol_shrunk,0.08,True,2006-04-13,0.023038726215561134,0.06569448807485469,0.1622590329805384,-0.19848641825863855,0.11607205378425654,-0.04754632841750528,8.019456879302586e-05,1.0432668339446658,0.3305443554839095,0.2645911785776892,0.7168715146061488,0.24152865145599228,False,True,,False,3
D+E+TSMOM|invvol_shrunk|vt10|brake,D+E+TSMOM,invvol_shrunk,0.1,True,2006-04-13,0.023979042356014446,0.07348270109886579,0.16490501410863215,-0.24607554836577183,0.09744585561329928,-0.05272470655556871,8.007859031502843e-05,1.0432668339446658,0.3341791928400756,0.2645911785776892,0.813050199360633,0.13601483371934842,False,True,,False,3
B+C+D|eqrisk|vt10|brake,B+C+D,eqrisk,0.1,True,2006-04-20,0.023369410815922365,0.06868353501150694,0.16320104322090878,-0.2155346939956616,0.10842528589106289,-0.05603608865253906,7.604190674394459e-05,1.0432668339446658,0.3312861213777174,0.2645911785776892,0.7554540985000752,0.23024515807635182,False,True,,False,3
A+B+D+E+TSMOM|eqrisk|vt8|nobrake,A+B+D+E+TSMOM,eqrisk,0.08,False,2006-04-13,0.024163829202901388,0.07979628936358321,0.16016776544600497,-0.27205548595395335,0.08881948885600208,-0.05899561068520498,7.319274542033601e-05,1.0432668339446658,0.3267170519035594,0.2645911785776892,0.6853666178341731,0.1583618650121998,False,True,,False,5
C+D+TSMOM|minvar_lw|vt6|brake,C+D+TSMOM,minvar_lw,0.06,True,2006-05-08,0.021356125129554426,0.04631447147905181,0.17351077024028716,-0.2192293264013252,0.09741454521672668,-0.04643390713287998,7.157846144105647e-05,1.0432668339446658,0.34523715035667135,0.2645911785776892,0.9050256383196382,0.17162816470353423,False,True,,False,3
B+E|eqrisk|vt10|brake,B+E,eqrisk,0.1,True,2006-04-13,0.023398225923047633,0.07460314626154518,0.15595953732097448,-0.2880160708710905,0.08123930672438119,-0.06310404217152454,6.865369052244093e-05,1.0432668339446658,0.3203158324735505,0.2645911785776892,1.1358321170841288,0.22343828870537968,False,True,,False,2
C+D|eqrisk|vt8|brake,C+D,eqrisk,0.08,True,2006-04-28,0.0218528956598254,0.05474068341687824,0.16268847466291855,-0.20957459533917322,0.10427263678815132,-0.06376262260757026,6.807465832318768e-05,1.0432668339446658,0.3294297710955556,0.2645911785776892,0.7691656670146758,0.20868396253400384,False,True,,False,2
C+D+E|invvol_shrunk|vt6|nobrake,C+D+E,invvol_shrunk,0.06,False,2006-04-13,0.022566287844683064,0.06374101676353347,0.15796186771227524,-0.2630425462485456,0.0857894974273875,-0.04575602419701841,6.738900975584155e-05,1.0432668339446658,0.32282966137209135,0.2645911785776892,0.9335330073540704,0.21628687458119225,False,True,,False,3
B+D+E+TSMOM|eqrisk|vt6|brake,B+D+E+TSMOM,eqrisk,0.06,True,2006-04-13,0.02086736062255312,0.05021874478661212,0.15208154818482655,-0.19076683548346585,0.10938673155461416,-0.0366365816017884,6.538593312191945e-05,1.0432668339446658,0.3145849610873784,0.2645911785776892,0.9433157886668274,0.08880695704969874,False,True,,False,4
C+D+E+PCT|minvar_lw|vt6|brake,C+D+E+PCT,minvar_lw,0.06,True,2006-05-08,0.020947077004318526,0.04823275788759126,0.16020665326012004,-0.21783625526919803,0.09615973694751828,-0.052910762622196406,6.486521064616126e-05,1.0432668339446658,0.3254985797665382,0.2645911785776892,0.9240827334208354,0.17089440153761698,False,True,,False,4
B+C+D+TSMOM|minvar_lw|vt6|nobrake,B+C+D+TSMOM,minvar_lw,0.06,False,2006-05-08,0.021955911038259446,0.064267187759576,0.14972709571271028,-0.24041445396120298,0.09132525385434019,-0.06217934193236219,6.445728421108295e-05,1.0432668339446658,0.311304990809976,0.2645911785776892,0.7815448354289015,0.13653047015216302,False,True,,False,4
C+D|invvol_shrunk|vt10|brake,C+D,invvol_shrunk,0.1,True,2006-04-28,0.022248318265297717,0.06316383820912806,0.15497890333388006,-0.19422723141851783,0.11454788343946161,-0.0749609482623006,6.44569233243831e-05,1.0432668339446658,0.31831018685275253,0.2645911785776892,0.7449584446663996,0.23453100530556775,False,True,,False,2
B+D+TSMOM|invvol_shrunk|vt6|brake,B+D+TSMOM,invvol_shrunk,0.06,True,2006-04-20,0.021229375272157736,0.05788710213455962,0.14577635243914128,-0.16160436495302688,0.13136634816966994,-0.05523657091562317,6.431334465746078e-05,1.0432668339446658,0.3061075068614836,0.2645911785776892,0.8353798512222785,0.10809456792298563,False,True,,False,3
B+C+D|eqrisk|vt10|nobrake,B+C+D,eqrisk,0.1,False,2006-04-20,0.024027790578710295,0.08947335691174751,0.15087317690597873,-0.2898961953929934,0.08288411838636718,-0.07929123257855941,6.365955523301944e-05,1.0432668339446658,0.3126827104294348,0.2645911785776892,0.678952730219787,0.1987053795482157,False,True,,False,3
B+E|minvar_lw|vt10|nobrake,B+E,minvar_lw,0.1,False,2006-05-08,0.0247998493583097,0.1073298914711794,0.14988469999498974,-0.4488427839940239,0.05525286412678498,-0.08810455148592422,6.27447800347273e-05,1.0432668339446658,0.31121245800928976,0.2645911785776892,0.851060848247088,0.19237979260904603,False,True,,False,2
B+C+D+E+TSMOM|minvar_lw|vt6|nobrake,B+C+D+E+TSMOM,minvar_lw,0.06,False,2006-05-08,0.021566211957899872,0.0629253954313239,0.1455011797117203,-0.2432463605017875,0.08865995739221509,-0.055497442939911545,6.037145849289868e-05,1.0432668339446658,0.30502789451669704,0.2645911785776892,0.8742190461817283,0.13755295199332923,False,True,,False,5
B+E|eqrisk|vt6|brake,B+E,eqrisk,0.06,True,2006-04-13,0.020520217051422263,0.049796615179383115,0.14613728695402337,-0.21047063600518412,0.09749681685247925,-0.03948783444863313,5.8680725516580645e-05,1.0432668339446658,0.3055343888665901,0.2645911785776892,1.089652817331501,0.21657882625896252,False,True,,False,2
B+E|minvar_lw|vt8|nobrake,B+E,minvar_lw,0.08,False,2006-05-08,0.023313870324657815,0.08644136044474067,0.14594618036708548,-0.37522841491001124,0.06213247557557452,-0.0705135034551494,5.8626921306438824e-05,1.0432668339446658,0.3052744429804225,0.2645911785776892,0.8682337775509898,0.2009933780654396,False,True,,False,2
C+D+E+TSMOM|minvar_lw|vt10|brake,C+D+E+TSMOM,minvar_lw,0.1,True,2006-05-08,0.021236838972123806,0.05425383911470618,0.15330085764020118,-0.24387776163391883,0.08707985028992557,-0.05355714170585979,5.859149423856811e-05,1.0432668339446658,0.31501446067209365,0.2645911785776892,1.1851090319325568,0.18252996349657863,False,True,,False,4
B+E|minvar_lw|vt6|nobrake,B+E,minvar_lw,0.06,False,2006-05-08,0.02176249450501433,0.06502662588740091,0.145777003415985,-0.29025502259134195,0.07497715047520244,-0.05278913376551264,5.850053791666503e-05,1.0432668339446658,0.30502919221461056,0.2645911785776892,0.8667151453932114,0.187489589976581,False,True,,False,2
C+D+E+PCT|minvar_lw|vt8|brake,C+D+E+PCT,minvar_lw,0.08,True,2006-05-08,0.02115845980403508,0.05239161611418678,0.15537775166102658,-0.23236397111044937,0.09105740318914521,-0.04913240133510244,5.848457339444205e-05,1.0432668339446658,0.3178007123286435,0.2645911785776892,1.0465578361736583,0.16942776441953494,False,True,,False,4
B+E|invvol_shrunk|vt10|brake,B+E,invvol_shrunk,0.1,True,2006-04-13,0.022667463531203857,0.07459450263837433,0.14639890828216465,-0.2890320149619374,0.07842544201959403,-0.059341690771765765,5.832742893889431e-05,1.0432668339446658,0.30580800046300083,0.2645911785776892,1.1760276168000774,0.22015768508168773,False,True,,False,2
C+D+TSMOM|minvar_lw|vt8|brake,C+D+TSMOM,minvar_lw,0.08,True,2006-05-08,0.021042915570391063,0.050595462167257424,0.15684527799286105,-0.23174351613043398,0.09080260764899811,-0.05037737117606789,5.802341832543057e-05,1.0432668339446658,0.31971361956794714,0.2645911785776892,0.9706376229779237,0.17607982290961852,False,True,,False,3
C+D+E+PCT|invvol_shrunk|vt10|nobrake,C+D+E+PCT,invvol_shrunk,0.1,False,2006-04-13,0.023849045145636794,0.0949088462927522,0.1453242482704416,-0.36833722503547117,0.06474785475005984,-0.07732274082933444,5.6785689617073305e-05,1.0432668339446658,0.30410091545806667,0.2645911785776892,0.6680953693240189,0.22278257407663243,False,True,,False,4
B+C+D+E|eqrisk|vt8|nobrake,B+C+D+E,eqrisk,0.08,False,2006-04-13,0.022807008778625182,0.07792490609691687,0.14514851563056919,-0.34872734118672266,0.06540069012373019,-0.05772589801417072,5.662427561982258e-05,1.0432668339446658,0.3038395107545448,0.2645911785776892,1.063830340567524,0.18815175913033752,False,True,,False,4
A+B+D+TSMOM|eqrisk|vt10|brake,A+B+D+TSMOM,eqrisk,0.1,True,2006-04-20,0.023089971075146876,0.08355060867635257,0.14441792218282087,-0.18781461327227555,0.12294022639054852,-0.047652588815004226,5.6530576202871836e-05,1.0432668339446658,0.30287000146109444,0.2645911785776892,0.7576192029831667,0.16344625298810195,False,True,,False,4
A+D+PCT|eqrisk|vt10|nobrake,A+D+PCT,eqrisk,0.1,False,2007-02-26,0.01998303606895524,0.09142199638858076,0.12433782552135171,-0.31349435853891783,0.06374288890584455,-0.0891678758327239,5.625279774271464e-05,1.0432668339446658,0.27778605630327,0.2645911785776892,0.7247628985352992,0.10580916194395482,False,True,,False,3
B+D+E+PCT|invvol_shrunk|vt8|brake,B+D+E+PCT,invvol_shrunk,0.08,True,2006-04-13,0.021406185372843112,0.06274652306245335,0.1414014215099008,-0.23403528976360677,0.09146563065110808,-0.046904749070797114,5.480416212721489e-05,1.0432668339446658,0.2986162211001039,0.2645911785776892,0.8533956387916234,0.1278950414615888,False,True,,False,4
B+D+E+TSMOM|eqrisk|vt8|brake,B+D+E+TSMOM,eqrisk,0.08,True,2006-04-13,0.021328530394165046,0.06283529648579753,0.14009628878161237,-0.23012785351947318,0.092681220756097,-0.049952828624105106,5.3639283886817455e-05,1.0432668339446658,0.29669403489861157,0.2645911785776892,0.9845472620837603,0.09426867856973156,False,True,,False,4
B+E|invvol_shrunk|vt6|brake,B+E,invvol_shrunk,0.06,True,2006-04-13,0.02024003727895729,0.04971657704638643,0.14077498440282254,-0.210589833069025,0.09611117965188383,-0.03972853965280598,5.362622223651811e-05,1.0432668339446658,0.29756061417866714,0.2645911785776892,1.1010486504925414,0.21329822263527057,False,True,,False,2
A+B+D+TSMOM|eqrisk|vt8|brake,A+B+D+TSMOM,eqrisk,0.08,True,2006-04-20,0.022087457699439872,0.07229504544292238,0.14122024824446433,-0.17590184714733303,0.1255669457577652,-0.04456426063714658,5.345786843792177e-05,1.0432668339446658,0.2980960241625479,0.2645911785776892,0.7728637584797635,0.18168577079990966,False,True,,False,4
A+D|invvol_shrunk|vt10|brake,A+D,invvol_shrunk,0.1,True,2007-02-26,0.018867497625139062,0.06956264663790926,0.12242189152517867,-0.22124628422272763,0.08527825762779924,-0.059345403412254694,5.235820214435137e-05,1.0432668339446658,0.27460644335101825,0.2645911785776892,1.0119794097703778,0.07353080534367004,False,True,,False,2
B+D+E+TSMOM|invvol_shrunk|vt6|nobrake,B+D+E+TSMOM,invvol_shrunk,0.06,False,2006-04-13,0.021307648165045157,0.06422223665500715,0.13814428410079185,-0.2239024126270266,0.09516488864521139,-0.053144141423421165,5.2288993158416555e-05,1.0432668339446658,0.29390858013304055,0.2645911785776892,0.7431677446339116,0.11799914235646188,False,True,,False,4
C+D|minvar_lw|vt6|brake,C+D,minvar_lw,0.06,True,2006-05-08,0.020359433458296605,0.04728077671421296,0.15025855861418821,-0.22352788116165567,0.09108229967774192,-0.047147368373620435,5.0183777180289265e-05,1.0432668339446658,0.30924136785709344,0.2645911785776892,1.0647435645698546,0.15883639747887685,False,True,,False,2
A+B+D+E+PCT|invvol_shrunk|vt10|nobrake,A+B+D+E+PCT,invvol_shrunk,0.1,False,2006-04-13,0.023071939017405896,0.09850835863933576,0.1358743822032364,-0.4045057247209497,0.057037360925663506,-0.08010868375751723,4.87009504790786e-05,1.0432668339446658,0.2902003668814789,0.2645911785776892,0.7875372618779573,0.1814649699345366,False,True,,False,5
A+B+D+E+TSMOM|eqrisk|vt10|nobrake,A+B+D+E+TSMOM,eqrisk,0.1,False,2006-04-13,0.0228787389347489,0.09350637497728159,0.13595968213587134,-0.33270750952046513,0.06876532173176454,-0.07333366004932618,4.827643656016488e-05,1.0432668339446658,0.2902050766794171,0.2645911785776892,0.7420692138949918,0.1704659066672666,False,True,,False,5
A+B+D+PCT|eqrisk|vt6|brake,A+B+D+PCT,eqrisk,0.06,True,2006-04-20,0.020523843827698673,0.056709507626541186,0.13532494686428204,-0.1787956455193398,0.11478939416048961,-0.0658466573103369,4.795791726651327e-05,1.0432668339446658,0.2893265224749326,0.2645911785776892,0.8341829121962515,0.14682474779934152,False,True,,False,4
C+D+PCT|minvar_lw|vt6|brake,C+D+PCT,minvar_lw,0.06,True,2006-05-08,0.02004356226083548,0.04705909865196224,0.14416202471746656,-0.2232279563032018,0.08978965982921554,-0.0459710710105643,4.5591170866519404e-05,1.0432668339446658,0.30010054160464716,0.2645911785776892,0.9774031238011028,0.16685871175020361,False,True,,False,3
B+C+D+TSMOM|minvar_lw|vt8|nobrake,B+C+D+TSMOM,minvar_lw,0.08,False,2006-05-08,0.021064657027554112,0.07374042805069117,0.1275597605926057,-0.2660457715572956,0.0791768157195373,-0.07640635553063257,4.4685749167789826e-05,1.0432668339446658,0.2788447885656994,0.2645911785776892,0.9052664117315796,0.13755295199332923,False,True,,False,4
C+D+E|minvar_lw|vt6|brake,C+D+E,minvar_lw,0.06,True,2006-05-08,0.020002811170793944,0.04789575922053838,0.14162964361988936,-0.22999294561885986,0.08697141174035068,-0.04438397565983965,4.421312588543709e-05,1.0432668339446658,0.2964497909322424,0.2645911785776892,1.2655619356474594,0.17330885233716373,False,True,,False,3
A+B+D+E|eqrisk|vt8|brake,A+B+D+E,eqrisk,0.08,True,2006-04-13,0.02073773147519198,0.06229671532731339,0.13144071510508157,-0.23496904510829653,0.08825729136207716,-0.0568511738020393,4.413244343172391e-05,1.0432668339446658,0.2834795848638272,0.2645911785776892,0.9619916178224465,0.10538510646615448,False,True,,False,4
A+D+E+PCT|invvol_shrunk|vt6|nobrake,A+D+E+PCT,invvol_shrunk,0.06,False,2006-04-13,0.020634197437590762,0.06266627847066752,0.12941593771149154,-0.22167060035737074,0.09308495309853866,-0.04466674528211445,4.302852616701827e-05,1.0432668339446658,0.2806686234115646,0.2645911785776892,0.8074732817918693,0.1521528453998306,False,True,,False,4
C+D+E|eqrisk|vt6|nobrake,C+D+E,eqrisk,0.06,False,2006-04-13,0.020866090000729365,0.06319629440436096,0.1324228282015267,-0.2773626726398777,0.07523034661488676,-0.04593612170287853,4.280627227890319e-05,1.0432668339446658,0.28434181347381404,0.2645911785776892,1.183074888165697,0.17773924539159908,False,True,,False,3
B+C+D+E+TSMOM|minvar_lw|vt8|nobrake,B+C+D+E+TSMOM,minvar_lw,0.08,False,2006-05-08,0.02083954278794109,0.07255943745595174,0.12537880827394818,-0.27490635404079067,0.07580596985709874,-0.06473958172591232,4.258887748256822e-05,1.0432668339446658,0.27560504779198225,0.2645911785776892,1.0606964271516877,0.13653047015216302,False,True,,False,5
B+C+D+E|invvol_shrunk|vt10|nobrake,B+C+D+E,invvol_shrunk,0.1,False,2006-04-13,0.0222784038935413,0.09799252256825342,0.12814587140563916,-0.4347064626252376,0.05124930455139704,-0.0753694639444239,4.2109146794834676e-05,1.0432668339446658,0.27884548879957505,0.2645911785776892,1.1343348154012827,0.1966835745270445,False,True,,False,4
B+C+D+TSMOM|minvar_lw|vt10|nobrake,B+C+D+TSMOM,minvar_lw,0.1,False,2006-05-08,0.02109717183286941,0.08058632647212226,0.1236570491282124,-0.2676936991045109,0.07881086444486246,-0.07668360271019703,4.1154867979297465e-05,1.0432668339446658,0.27310469724842884,0.2645911785776892,0.8844217071019902,0.138643428152658,False,True,,False,4
C+D+E+PCT|minvar_lw|vt10|brake,C+D+E+PCT,minvar_lw,0.1,True,2006-05-08,0.02017317751980774,0.05583154640341146,0.1318380086169922,-0.24150177569587428,0.08353221197517004,-0.05308259275357641,4.088729589848752e-05,1.0432668339446658,0.2830681663536929,0.2645911785776892,1.2074917647797767,0.1577922024605733,False,True,,False,4
B+D+E+TSMOM|invvol_shrunk|vt8|nobrake,B+D+E+TSMOM,invvol_shrunk,0.08,False,2006-04-13,0.02141056572518285,0.08337849329592203,0.12457983233765728,-0.3202517225439191,0.06685542720928417,-0.07087681410832203,4.062537507344852e-05,1.0432668339446658,0.2740617095514871,0.2645911785776892,0.8463187352400744,0.12478136823802916,False,True,,False,4
C+D+E|invvol_shrunk|vt8|nobrake,C+D+E,invvol_shrunk,0.08,False,2006-04-13,0.02162105583757601,0.08043904736709727,0.12856896712961927,-0.32039323954757726,0.0674828715740282,-0.06213495818597248,4.0574845201101335e-05,1.0432668339446658,0.27892021907605535,0.2645911785776892,1.208326338503317,0.191263461836491,False,True,,False,3
A+D+PCT|eqrisk|vt6|nobrake,A+D+PCT,eqrisk,0.06,False,2007-02-26,0.017625961814164093,0.06621274999024793,0.1067492082732807,-0.23076043086155507,0.07638208053415711,-0.06248972510395778,3.99867411875209e-05,1.0432668339446658,0.2530866484547143,0.2645911785776892,0.8760012155192404,0.12113582490052019,False,True,,False,3
C+D|eqrisk|vt10|brake,C+D,eqrisk,0.1,True,2006-04-28,0.02021349661960259,0.057601948388944814,0.12950947630871498,-0.21348833915491072,0.09468197045148839,-0.07040558471671354,3.987333132864772e-05,1.0432668339446658,0.2798735686535959,0.2645911785776892,0.8933628770107395,0.18410990512918013,False,True,,False,2
A+D+PCT|eqrisk|vt8|nobrake,A+D+PCT,eqrisk,0.08,False,2007-02-26,0.017955037478810443,0.08035615974884516,0.10486911561462893,-0.28927727598026387,0.062068606730227356,-0.08232480068207282,3.979730142362846e-05,1.0432668339446658,0.2509279254049619,0.2645911785776892,0.8612708996649998,0.1155435168973162,False,True,,False,3
C+D+TSMOM|minvar_lw|vt10|brake,C+D+TSMOM,minvar_lw,0.1,True,2006-05-08,0.019864036008112373,0.05321113819512423,0.1299689128897963,-0.2400323521772525,0.08275566117622231,-0.05792273146204452,3.859129734063423e-05,1.0432668339446658,0.28005465282817427,0.2645911785776892,1.114447214137891,0.16517802411657412,False,True,,False,3
A+D+E+TSMOM|eqrisk|vt6|nobrake,A+D+E+TSMOM,eqrisk,0.06,False,2006-04-13,0.020302520571935823,0.06278003773331838,0.12409803826609894,-0.23709078013216434,0.08563184346779891,-0.04466674528211445,3.8585953138886276e-05,1.0432668339446658,0.27285172233383215,0.2645911785776892,0.9186747159860894,0.15047061617201207,False,True,,False,4
C+D+E+PCT|eqrisk|vt10|nobrake,C+D+E+PCT,eqrisk,0.1,False,2006-04-13,0.021590724931988214,0.08798093339900934,0.1244239858471184,-0.3406364720143843,0.06338347976747624,-0.05914207348876277,3.839790207617848e-05,1.0432668339446658,0.27318743335552576,0.2645911785776892,0.9518184349256013,0.19543633570987157,False,True,,False,4
C+D+PCT|minvar_lw|vt8|brake,C+D+PCT,minvar_lw,0.08,True,2006-05-08,0.019711552768072682,0.05064154426231464,0.13096924957300243,-0.2387777552137661,0.08255188072450839,-0.04992375812804528,3.79047597482572e-05,1.0432668339446658,0.2810880970894406,0.2645911785776892,1.0546293281594854,0.1561115148269438,False,True,,False,3
A+D+E|invvol_shrunk|vt10|brake,A+D+E,invvol_shrunk,0.1,True,2006-04-13,0.020712864606361014,0.07448265468080775,0.12080099769671267,-0.2734668368105454,0.07574177859347034,-0.05272470655556871,3.690131662514434e-05,1.0432668339446658,0.2683396131255288,0.2645911785776892,1.170762669028065,0.1181212243675,False,True,,False,3
B+C+D+PCT|minvar_lw|vt6|nobrake,B+C+D+PCT,minvar_lw,0.06,False,2006-05-08,0.019829967381506552,0.06412155046438654,0.11743821882723635,-0.2430481994825886,0.08158862079094367,-0.06141832502907052,3.655043421119041e-05,1.0432668339446658,0.26423040372360385,0.2645911785776892,0.994527411148931,0.13186611073869078,False,True,,False,4
A+D+E+TSMOM|eqrisk|vt8|nobrake,A+D+E+TSMOM,eqrisk,0.08,False,2006-04-13,0.020844185014583294,0.07843235849362026,0.1201771844554959,-0.2974367448633535,0.07007938788517673,-0.0537366530159884,3.6198256509405894e-05,1.0432668339446658,0.26735864097515144,0.2645911785776892,0.8412850393703047,0.14213290185605196,False,True,,False,4
A+B+D+PCT|eqrisk|vt6|nobrake,A+B+D+PCT,eqrisk,0.06,False,2006-04-20,0.020057770252501106,0.06607776396331998,0.11793382427968867,-0.21715217269871523,0.09236734775999678,-0.0658466573103369,3.531294181658696e-05,1.0432668339446658,0.26438933631543615,0.2645911785776892,0.8215368970254184,0.11192983054033942,False,True,,False,4
B+C+D+E+PCT|minvar_lw|vt6|nobrake,B+C+D+E+PCT,minvar_lw,0.06,False,2006-05-08,0.01953998455457051,0.06284817853813485,0.1140051257646713,-0.24821042817830274,0.0787234633854058,-0.05500753266250025,3.454849286156512e-05,1.0432668339446658,0.2595108723131295,0.2645911785776892,1.0602547144779992,0.13146969926947832,False,True,,False,5
B+C+D+E+PCT|eqrisk|vt10|nobrake,B+C+D+E+PCT,eqrisk,0.1,False,2006-04-13,0.020921731280993283,0.08995497624127868,0.11644475088819063,-0.35973240048264254,0.05815915178316772,-0.07403758315731035,3.4346206500404036e-05,1.0432668339446658,0.26229046932754885,0.2645911785776892,0.9597715366392666,0.19864202069389542,False,True,,False,5
A+B+D+E+PCT|eqrisk|vt6|nobrake,A+B+D+E+PCT,eqrisk,0.06,False,2006-04-13,0.01990962521555395,0.0637859457648438,0.11711045280739815,-0.2443642964357392,0.08147518072792442,-0.055607058082932204,3.417944735106087e-05,1.0432668339446658,0.26301424175565097,0.2645911785776892,1.0134091823813869,0.10210381311222153,False,True,,False,5
C+D|eqrisk|vt6|nobrake,C+D,eqrisk,0.06,False,2006-04-28,0.019835916677317433,0.06323117464823093,0.11752793330356674,-0.24476741153298553,0.08103985964914406,-0.057437673078521434,3.39322340826194e-05,1.0432668339446658,0.26341763317899225,0.2645911785776892,0.9864061958833931,0.2181387903470247,False,True,,False,2
B+D+PCT|invvol_shrunk|vt6|brake,B+D+PCT,invvol_shrunk,0.06,True,2006-04-20,0.018992646035376426,0.055289866123126113,0.1102641719028068,-0.17449352683264907,0.10884441606588444,-0.05645148724716642,3.2594743197684675e-05,1.0432668339446658,0.25446332835639507,0.2645911785776892,1.0821601772032667,0.12102385658509443,False,True,,False,3
A+D+E|invvol_shrunk|vt8|brake,A+D+E,invvol_shrunk,0.08,True,2006-04-13,0.019582784124699604,0.06164641927057054,0.11382055720982132,-0.24524872422070554,0.07984866868084729,-0.05001297318590836,3.249033727844454e-05,1.0432668339446658,0.25853087893956994,0.2645911785776892,1.201817425273695,0.100365407971156,False,True,,False,3
A+D+E+TSMOM|eqrisk|vt10|nobrake,A+D+E+TSMOM,eqrisk,0.1,False,2006-04-13,0.020676468945654225,0.09168039856478563,0.11330442421041026,-0.3438238045570786,0.06013681621692863,-0.05877986126569501,3.212381417511021e-05,1.0432668339446658,0.2577894094140604,0.2645911785776892,0.9141765452647548,0.13002886020098514,False,True,,False,4
B+E|eqrisk|vt10|nobrake,B+E,eqrisk,0.1,False,2006-04-13,0.02087191271534672,0.10691626492078934,0.11309637721864534,-0.45400912388505,0.04597245213211013,-0.08539994842933574,3.196098349154335e-05,1.0432668339446658,0.25748449818689434,0.2645911785776892,1.1066468254596722,0.1529221186579821,False,True,,False,2
B+D+E+TSMOM|invvol_shrunk|vt10|nobrake,B+D+E+TSMOM,invvol_shrunk,0.1,False,2006-04-13,0.020627904504539663,0.10040946332003747,0.11141845237526647,-0.4006435318485715,0.05148692756716275,-0.08799020802093316,3.189954583657015e-05,1.0432668339446658,0.2555193549433229,0.2645911785776892,0.9505961049620891,0.13136205821922456,False,True,,False,4
A+D+E+PCT|invvol_shrunk|vt8|nobrake,A+D+E+PCT,invvol_shrunk,0.08,False,2006-04-13,0.02018024458095602,0.08131510088228229,0.11076417351902855,-0.3311640103596494,0.060937311874680926,-0.054341993155476165,3.083955477021231e-05,1.0432668339446658,0.2543433615469841,0.2645911785776892,0.9382677328782902,0.14940218014996604,False,True,,False,4
A+B+D+PCT|eqrisk|vt10|brake,A+B+D+PCT,eqrisk,0.1,True,2006-04-20,0.020024384680225493,0.07820537025169752,0.11039987143895934,-0.20774126680485572,0.09639098186031397,-0.05110379093461748,3.0775364473354224e-05,1.0432668339446658,0.25389852236736177,0.2645911785776892,0.9155880098583326,0.13987143452355144,False,True,,False,4
B+D+TSMOM|invvol_shrunk|vt10|brake,B+D+TSMOM,invvol_shrunk,0.1,True,2006-04-20,0.019771216071613917,0.08279449422540369,0.10592496394316447,-0.20825817887852272,0.09493608451818113,-0.05500655394380549,3.061011714166894e-05,1.0432668339446658,0.24874195386250086,0.2645911785776892,0.9761560081863697,0.12364287397440406,False,True,,False,3
A+B+D+E+TSMOM|minvar_lw|vt10|brake,A+B+D+E+TSMOM,minvar_lw,0.1,True,2006-05-08,0.019258642067818688,0.06612060059391626,0.10736040553657974,-0.23046665194284544,0.08356368223110532,-0.05839531236673534,3.056316619096728e-05,1.0432668339446658,0.25034384530558496,0.2645911785776892,1.1545159748434353,0.0918274724005144,False,True,,False,5
C+D|minvar_lw|vt8|brake,C+D,minvar_lw,0.08,True,2006-05-08,0.019024175928088694,0.051137108979494715,0.11701068427660079,-0.24027313334360667,0.07917729154046886,-0.05125515098433342,3.044500381181028e-05,1.0432668339446658,0.2614739960237138,0.2645911785776892,1.2843672875994463,0.15355191830352463,False,True,,False,2
B+C+D+E+TSMOM|minvar_lw|vt10|nobrake,B+C+D+E+TSMOM,minvar_lw,0.1,False,2006-05-08,0.019708651768045593,0.07978813618380574,0.10701227345115907,-0.28795893236560066,0.06844257827370655,-0.06494257071603982,3.026647232327262e-05,1.0432668339446658,0.2498264810119179,0.2645911785776892,1.2360131706165178,0.13543999399283424,False,True,,False,5
A+B+D+PCT|eqrisk|vt8|brake,A+B+D+PCT,eqrisk,0.08,True,2006-04-20,0.019401675479864933,0.06807955771453562,0.10697809493291593,-0.19805600593809813,0.09796055104700473,-0.04191294050681604,2.8870652706359708e-05,1.0432668339446658,0.2491929202006073,0.2645911785776892,1.0606407564943934,0.13827259755437318,False,True,,False,4
B+E|invvol_shrunk|vt10|nobrake,B+E,invvol_shrunk,0.1,False,2006-04-13,0.020216283020541903,0.10674981001789387,0.10709620563978563,-0.45636461439170384,0.04429853319694502,-0.08350384236520325,2.8735889294782397e-05,1.0432668339446658,0.2492680014580731,0.2645911785776892,1.179180444866517,0.1481418041385772,False,True,,False,2
B+D+TSMOM|invvol_shrunk|vt8|brake,B+D+TSMOM,invvol_shrunk,0.08,True,2006-04-20,0.019132782121634717,0.07184261242696109,0.10150939550966684,-0.1811006673992238,0.10564722039073346,-0.04417092324447369,2.829483907811235e-05,1.0432668339446658,0.24281507241566674,0.2645911785776892,1.181449868966314,0.15926990963190205,False,True,,False,3
A+B+D+E|eqrisk|vt10|brake,A+B+D+E,eqrisk,0.1,True,2006-04-13,0.019573072621560605,0.072898351718706,0.10647497473401363,-0.27140518313768336,0.0721175343642248,-0.07013136258186137,2.813385350726936e-05,1.0432668339446658,0.24829815674229505,0.2645911785776892,1.235190132031762,0.11786797665168845,False,True,,False,4
B+C+D|minvar_lw|vt6|nobrake,B+C+D,minvar_lw,0.06,False,2006-05-08,0.018944908932927218,0.06533119362938779,0.10316430871187153,-0.2666183059057191,0.07105629476029478,-0.06668500969564495,2.7979569822403544e-05,1.0432668339446658,0.24451024333364713,0.2645911785776892,1.0911090531618355,0.13358265726997332,False,True,,False,3
B+E|eqrisk|vt8|nobrake,B+E,eqrisk,0.08,False,2006-04-13,0.019821958666787376,0.08609593459263382,0.10518811624581693,-0.37998467843623485,0.052165152417095934,-0.06831976144818586,2.772267546620668e-05,1.0432668339446658,0.24666061136424972,0.2645911785776892,1.1821128558020817,0.17700467646341914,False,True,,False,2
A+B+D+E|eqrisk|vt6|brake,A+B+D+E,eqrisk,0.06,True,2006-04-13,0.018362807260137837,0.049171040244021184,0.10429523819829534,-0.21058346483785895,0.08719966344117512,-0.042331741626440045,2.7167816322231687e-05,1.0432668339446658,0.24540261047689,0.2645911785776892,1.3373186988505974,0.1189578449195476,False,True,,False,4
A+D+E+PCT|minvar_lw|vt10|brake,A+D+E+PCT,minvar_lw,0.1,True,2006-05-08,0.01868020765205558,0.06431794483647976,0.0997084535989944,-0.23513969750600905,0.07944301983112913,-0.062352716232321304,2.646219708665136e-05,1.0432668339446658,0.239976466186469,0.2645911785776892,1.0014228922982973,0.06395976735140399,False,True,,False,4
B+C+D+PCT|minvar_lw|vt8|nobrake,B+C+D+PCT,minvar_lw,0.08,False,2006-05-08,0.01885608803955119,0.07394630856165973,0.09811900971540113,-0.2717973200493602,0.06937554805958646,-0.0759269612271708,2.6094690033918115e-05,1.0432668339446658,0.23805733318270716,0.2645911785776892,1.1511632245980365,0.12249898970992103,False,True,,False,4
A+D+E+TSMOM|minvar_lw|vt10|brake,A+D+E+TSMOM,minvar_lw,0.1,True,2006-05-08,0.018519917385640072,0.06410879226936766,0.09739187820215943,-0.22669773218815858,0.08169432136298825,-0.06370240449511855,2.5650195575679905e-05,1.0432668339446658,0.23704544556413493,0.2645911785776892,1.2091612239741028,0.07879385294530397,False,True,,False,4
C+D|minvar_lw|vt10|brake,C+D,minvar_lw,0.1,True,2006-05-08,0.018506471306845462,0.05316556350634985,0.1049798471843681,-0.24187226335824685,0.07651340856489516,-0.05741988219558869,2.5471799031015263e-05,1.0432668339446658,0.24536250560854994,0.2645911785776892,1.3982404736307443,0.12973919459925565,False,True,,False,2
B+E|eqrisk|vt6|nobrake,B+E,eqrisk,0.06,False,2006-04-13,0.018820982214654114,0.06482627101218078,0.09982357164894941,-0.2935977072355248,0.06410466345895499,-0.05112119170809426,2.5195695026818343e-05,1.0432668339446658,0.23947993725821554,0.2645911785776892,1.2408504230282749,0.1459571451850042,False,True,,False,2
C+D+PCT|minvar_lw|vt10|brake,C+D+PCT,minvar_lw,0.1,True,2006-05-08,0.018460914492336,0.05309352902938128,0.1041977650596365,-0.2458977383403137,0.07507557660732428,-0.05868363925996256,2.492264742443155e-05,1.0432668339446658,0.24420919392584067,0.2645911785776892,1.2294716136019135,0.13800001666722939,False,True,,False,3
C+D+E|minvar_lw|vt8|brake,C+D+E,minvar_lw,0.08,True,2006-05-08,0.018387837559175058,0.051211107749858036,0.10471150051880955,-0.2545177051002,0.07224580919404419,-0.04743976291029606,2.4917116713381685e-05,1.0432668339446658,0.24478455198657567,0.2645911785776892,1.7243679198562192,0.16701331361998822,False,True,,False,3
A+D|invvol_shrunk|vt8|brake,A+D,invvol_shrunk,0.08,True,2007-02-26,0.015719724889893483,0.06305031920447618,0.07915706164862914,-0.21558631168267528,0.07291615486715863,-0.047597439397886965,2.4915601636094556e-05,1.0432668339446658,0.21763667012416993,0.2645911785776892,1.3876580254570936,0.09667572874239161,False,True,,False,2
B+D+PCT|invvol_shrunk|vt6|nobrake,B+D+PCT,invvol_shrunk,0.06,False,2006-04-20,0.018574630637377743,0.06545538721357427,0.09627136073104757,-0.23436844999424278,0.07925397227243695,-0.05645148724716642,2.4871012646087915e-05,1.0432668339446658,0.2354345758372125,0.2645911785776892,1.0470873798481115,0.07515618650311076,False,True,,False,3
D+E+TSMOM|eqrisk|vt8|brake,D+E+TSMOM,eqrisk,0.08,True,2006-04-13,0.01867590736691893,0.061888445057902065,0.09921981468596343,-0.2418934043690596,0.07720717898709169,-0.05001297318590836,2.484297066756965e-05,1.0432668339446658,0.23863710098102509,0.2645911785776892,1.480135054903021,0.08742570307737473,False,True,,False,3
B+C+D+E+PCT|minvar_lw|vt8|nobrake,B+C+D+E+PCT,minvar_lw,0.08,False,2006-05-08,0.01856655557357567,0.07268878795773451,0.09461553188853798,-0.28306655324576213,0.0655907784253689,-0.06549092136403833,2.432446698567822e-05,1.0432668339446658,0.2333625740878279,0.2645911785776892,1.2802708374062022,0.11969196701930973,False,True,,False,5
A+B+D+PCT|eqrisk|vt8|nobrake,A+B+D+PCT,eqrisk,0.08,False,2006-04-20,0.01905245421082169,0.08312302630524894,0.0971738951463167,-0.2866246869503636,0.06647178375853267,-0.08263087095676214,2.4244631930001217e-05,1.0432668339446658,0.23608975278065786,0.2645911785776892,0.956325553063022,0.10592360527377243,False,True,,False,4
B+E|invvol_shrunk|vt8|nobrake,B+E,invvol_shrunk,0.08,False,2006-04-13,0.019145904230920108,0.08594417878297433,0.09751230334358983,-0.3824818451677192,0.05005702747152504,-0.06678160578783254,2.4164173777670684e-05,1.0432668339446658,0.2364162867161389,0.2645911785776892,1.286920067836283,0.17372407283972718,False,True,,False,2
A+D+E+PCT|invvol_shrunk|vt10|nobrake,A+D+E+PCT,invvol_shrunk,0.1,False,2006-04-13,0.019125235194434653,0.09767349726319297,0.09659905635829684,-0.4022540661903873,0.04754516312429931,-0.06959449434089637,2.3825250658018118e-05,1.0432668339446658,0.2352425262186016,0.2645911785776892,1.0169136691394014,0.13264515995736398,False,True,,False,4
A+B+D+E+TSMOM|minvar_lw|vt6|brake,A+B+D+E+TSMOM,minvar_lw,0.06,True,2006-05-08,0.017781992619668507,0.04923123304993993,0.09491090641377468,-0.20064825993412216,0.08862271033652014,-0.035592462837753414,2.3749049223871706e-05,1.0432668339446658,0.23337463916970008,0.2645911785776892,1.4686679055741039,0.08162657888284777,False,True,,False,5
B+C+D+PCT|minvar_lw|vt10|nobrake,B+C+D+PCT,minvar_lw,0.1,False,2006-05-08,0.01855442852977962,0.08091510027716883,0.09265990404560119,-0.274456088179415,0.06760436123993133,-0.07585948808552745,2.3325800114063343e-05,1.0432668339446658,0.23073005209912317,0.2645911785776892,1.1467443837966114,0.12054763397772437,False,True,,False,4
C+D+E|eqrisk|vt8|nobrake,C+D+E,eqrisk,0.08,False,2006-04-13,0.018982046409488973,0.07582211226374717,0.0975376296672012,-0.3213869255733911,0.059062907974936525,-0.05394872126265682,2.3311563799079628e-05,1.0432668339446658,0.23598812340086478,0.2645911785776892,1.6653752245192768,0.13878567191604796,False,True,,False,3
B+C+D+E|minvar_lw|vt6|nobrake,B+C+D+E,minvar_lw,0.06,False,2006-05-08,0.0181447284723939,0.06388800876366534,0.09174710042636149,-0.27421029757143633,0.06617085001217687,-0.0623639058423775,2.293998741576843e-05,1.0432668339446658,0.22954395006988443,0.2645911785776892,1.421749161962479,0.1297531527381958,False,True,,False,4
D+E+PCT|invvol_shrunk|vt6|brake,D+E+PCT,invvol_shrunk,0.06,True,2006-04-13,0.017800727093425728,0.04779415392507375,0.09434414453939391,-0.1823413923569961,0.09762307319982877,-0.04466674528211445,2.2874086088916145e-05,1.0432668339446658,0.23228531671171787,0.2645911785776892,1.272094383023402,0.0515218423579823,False,True,,False,3
B+D+E+PCT|invvol_shrunk|vt10|brake,B+D+E+PCT,invvol_shrunk,0.1,True,2006-04-13,0.01862536803319137,0.07373740918534795,0.09353104994263925,-0.29769591326815803,0.06256507799760772,-0.059341690771765765,2.2812237318178883e-05,1.0432668339446658,0.23137728566618826,0.2645911785776892,0.9719096224088472,0.09855934085516509,False,True,,False,4
D+E+TSMOM|eqrisk|vt10|brake,D+E+TSMOM,eqrisk,0.1,True,2006-04-13,0.01861009103217115,0.07324677194076971,0.09341232111836616,-0.2866517728038117,0.06492229526488275,-0.05272470655556871,2.2245078566409998e-05,1.0432668339446658,0.23092890436734576,0.2645911785776892,1.6463890595700372,0.0853783137449415,False,True,,False,3
B+E|invvol_shrunk|vt6|nobrake,B+E,invvol_shrunk,0.06,False,2006-04-13,0.018341821972834627,0.0647219882259368,0.09261423227143885,-0.2957219745320897,0.06202387225993684,-0.04995155873030854,2.213041967610145e-05,1.0432668339446658,0.23000870213851238,0.2645911785776892,1.3495644290201265,0.14327599390940376,False,True,,False,2
C+D|eqrisk|vt8|nobrake,C+D,eqrisk,0.08,False,2006-04-28,0.018429919867434696,0.07117330476144698,0.09253013396397188,-0.27600330073498114,0.06677427341758908,-0.07275446172351197,2.212358743939823e-05,1.0432668339446658,0.22991491941023956,0.2645911785776892,1.1630438201570832,0.17545179632378816,False,True,,False,2
A+B+D+E+TSMOM|minvar_lw|vt8|brake,A+B+D+E+TSMOM,minvar_lw,0.08,True,2006-05-08,0.01780154723057925,0.05852517401369048,0.08874403838725413,-0.21339043248294454,0.08342242444258628,-0.047313901243884016,2.1590130313573204e-05,1.0432668339446658,0.2255932278886345,0.2645911785776892,1.3348905051576156,0.08584787959849957,False,True,,False,5
B+D+E+TSMOM|eqrisk|vt10|brake,B+D+E+TSMOM,eqrisk,0.1,True,2006-04-13,0.018295620394464862,0.07300633357365593,0.0893175424534997,-0.2789007831034145,0.06559902841033248,-0.06310404217152454,2.1240446009716925e-05,1.0432668339446658,0.22598694000962594,0.2645911785776892,1.6522300124502745,0.11675430494998926,False,True,,False,4
B+D+E+PCT|eqrisk|vt6|brake,B+D+E+PCT,eqrisk,0.06,True,2006-04-13,0.01757107926055257,0.04941421785249911,0.08829637164589778,-0.20145981858827655,0.08721877833347297,-0.0366365816017884,2.0823876274155132e-05,1.0432668339446658,0.22466023357336778,0.2645911785776892,1.643406295301357,0.04941295624561035,False,True,,False,4
B+D+PCT|invvol_shrunk|vt8|nobrake,B+D+PCT,invvol_shrunk,0.08,False,2006-04-20,0.018123701677390747,0.08572292479173454,0.08627589939839109,-0.3198607933910961,0.05666121654125571,-0.07476933517625306,2.0649713377763513e-05,1.0432668339446658,0.2224438517947756,0.2645911785776892,1.1894846273233914,0.08015391716943901,False,True,,False,3
C+D|eqrisk|vt10|nobrake,C+D,eqrisk,0.1,False,2006-04-28,0.01816179721116451,0.07572224290960111,0.08787381265728426,-0.2809698037227706,0.06463967647243876,-0.07754006648169232,2.0146586506833893e-05,1.0432668339446658,0.22379435494625882,0.2645911785776892,1.1417374201013735,0.14019132660734684,False,True,,False,2
C+D+E|invvol_shrunk|vt10|nobrake,C+D+E,invvol_shrunk,0.1,False,2006-04-13,0.0183386133062875,0.09496203947125628,0.08837877715562724,-0.39656689962402114,0.04624342910029569,-0.07230613189184887,1.988098084769321e-05,1.0432668339446658,0.2241544427469308,0.2645911785776892,1.7702325346175074,0.1516430579913584,False,True,,False,3
A+B+D+PCT|eqrisk|vt10|nobrake,A+B+D+PCT,eqrisk,0.1,False,2006-04-20,0.01799846759596213,0.09745459894584363,0.08553346944574912,-0.3459489502174331,0.05202636858602946,-0.08991929112690289,1.9560412711610352e-05,1.0432668339446658,0.22097831392285805,0.2645911785776892,1.038262563191876,0.114166847859324,False,True,,False,4
A+B+D+E+PCT|eqrisk|vt8|nobrake,A+B+D+E+PCT,eqrisk,0.08,False,2006-04-13,0.018147863276004372,0.08048325328027206,0.08627380194475438,-0.3261728760727136,0.055638787303572954,-0.07070734804635537,1.949547700722698e-05,1.0432668339446658,0.22170440962024807,0.2645911785776892,1.267359007776272,0.10714217397685744,False,True,,False,5
A+B+D|invvol_shrunk|vt6|brake,A+B+D,invvol_shrunk,0.06,True,2006-04-20,0.017602630746846648,0.056815686476854525,0.08474764835353979,-0.1639150312286316,0.10738875266597232,-0.03260764356072543,1.9233839497967297e-05,1.0432668339446658,0.21994962758565956,0.2645911785776892,1.090884195863002,0.0737177246568364,False,True,,False,3
C+D+E|minvar_lw|vt10|brake,C+D+E,minvar_lw,0.1,True,2006-05-08,0.017619736149291576,0.05391137335138448,0.08809414082295725,-0.2652368706410121,0.06643019164986007,-0.05316696424735945,1.9038883160854113e-05,1.0432668339446658,0.2233043466017502,0.2645911785776892,2.064292491939885,0.14746525063004529,False,True,,False,3
B+C+D+E|eqrisk|vt10|nobrake,B+C+D+E,eqrisk,0.1,False,2006-04-13,0.017984984481586253,0.09005883813761506,0.08440725493477957,-0.39979720516830664,0.044985268153675394,-0.0698951061189822,1.8942064707581117e-05,1.0432668339446658,0.21940253725346393,0.2645911785776892,1.8005177950384879,0.14801084626827396,False,True,,False,4
D+E+TSMOM|eqrisk|vt6|brake,D+E+TSMOM,eqrisk,0.06,True,2006-04-13,0.017199703453437687,0.04857402788748578,0.0814390850363833,-0.19801549061856216,0.0868603935970319,-0.04466674528211445,1.791558005957673e-05,1.0432668339446658,0.21564718484749745,0.2645911785776892,1.7340790986338466,0.09631606790216479,False,True,,False,3
A+D+E|invvol_shrunk|vt6|brake,A+D+E,invvol_shrunk,0.06,True,2006-04-13,0.017097396767335127,0.047744727447448745,0.07992981824559935,-0.20482008276838304,0.08347519704241795,-0.04466674528211445,1.747320853693977e-05,1.0432668339446658,0.21379539208835951,0.2645911785776892,1.6573820810310969,0.11731077745326698,False,True,,False,3
A+B+D|invvol_shrunk|vt8|brake,A+B+D,invvol_shrunk,0.08,True,2006-04-20,0.017511652140620892,0.0693178229034672,0.07953090027496189,-0.2101885195929214,0.08331402768589002,-0.043589980641463466,1.7446030377602267e-05,1.0432668339446658,0.21337238536744718,0.2645911785776892,1.2361663542177572,0.08195235500108447,False,True,,False,3
B+C+D+E+PCT|minvar_lw|vt10|nobrake,B+C+D+E+PCT,minvar_lw,0.1,False,2006-05-08,0.017278572396549174,0.08003412684187065,0.0771141946841913,-0.2975627898834834,0.0580669794207634,-0.0654548873242925,1.7393046494019495e-05,1.0432668339446658,0.21090797241191267,0.2645911785776892,1.5510463088171131,0.11050869960791518,False,True,,False,5
A+D+E|eqrisk|vt10|brake,A+D+E,eqrisk,0.1,True,2006-04-13,0.017551859310399154,0.0709677118234077,0.07946653691534689,-0.27393384362632067,0.06407335098886884,-0.05272470655556871,1.7232612201494608e-05,1.0432668339446658,0.2131497323724441,0.2645911785776892,1.7491515458386355,0.0885279963062871,False,True,,False,3
A+B+D+E+PCT|minvar_lw|vt8|brake,A+B+D+E+PCT,minvar_lw,0.08,True,2006-05-08,0.01708402119881991,0.05817481472744693,0.07678485278322444,-0.21826184617872801,0.07827305366431439,-0.046812056615306186,1.7101185358346193e-05,1.0432668339446658,0.21036201582510927,0.2645911785776892,1.559335734959677,0.075165932894277,False,True,,False,5
A+B+D+E+PCT|minvar_lw|vt10|brake,A+B+D+E+PCT,minvar_lw,0.1,True,2006-05-08,0.017133758934371413,0.06584351603681787,0.0758227464101126,-0.23714307043094085,0.07225072570425788,-0.05808044667243906,1.6935421599360122e-05,1.0432668339446658,0.20928022791985884,0.2645911785776892,1.4218147494566584,0.08824665319110941,False,True,,False,5
D+E+PCT|invvol_shrunk|vt8|brake,D+E+PCT,invvol_shrunk,0.08,True,2006-04-13,0.017339440202641443,0.06154250510485249,0.07810402590647657,-0.24103770427136784,0.07193663022578474,-0.05001297318590836,1.686146461427757e-05,1.0432668339446658,0.21149984368171315,0.2645911785776892,1.4221824795141582,0.05964190167444097,False,True,,False,3
D+E+TSMOM|invvol_shrunk|vt6|nobrake,D+E+TSMOM,invvol_shrunk,0.06,False,2006-04-13,0.017293829547868178,0.06254692470834745,0.07714423045879623,-0.23273056804878833,0.07430837166281826,-0.04466674528211445,1.6719916060944738e-05,1.0432668339446658,0.2104311492220794,0.2645911785776892,1.3066891719098586,0.0513035090469212,False,True,,False,3
A+B+D+E+PCT|minvar_lw|vt6|brake,A+B+D+E+PCT,minvar_lw,0.06,True,2006-05-08,0.016754253379482664,0.04897351264531366,0.07450911937844142,-0.2024688482655107,0.08274978359886609,-0.03588431910394241,1.616404034332697e-05,1.0432668339446658,0.2073818762093136,0.2645911785776892,1.8806740802007191,0.07630379959666853,False,True,,False,5
A+D+E|eqrisk|vt8|brake,A+D+E,eqrisk,0.08,True,2006-04-13,0.01686923338827695,0.061780499782390856,0.07058101787856058,-0.24765080600991585,0.06811701387154585,-0.05001297318590836,1.474382524855562e-05,1.0432668339446658,0.20236197513303256,0.2645911785776892,1.8891753664090056,0.0966435470625841,False,True,,False,3
B+D+E+PCT|eqrisk|vt8|brake,B+D+E+PCT,eqrisk,0.08,True,2006-04-13,0.01672455831943842,0.06238799561679713,0.06823140706193487,-0.25910110689696086,0.06454838622549548,-0.049952828624105106,1.428576338271654e-05,1.0432668339446658,0.19969311194746348,0.2645911785776892,1.9828717008918049,0.05944543853759181,False,True,,False,4
B+C+D|minvar_lw|vt8|nobrake,B+C+D,minvar_lw,0.08,False,2006-05-08,0.016366544925767723,0.07481176027025478,0.06515177778702988,-0.30334364662557,0.053953808190252445,-0.08251212516761708,1.4047015779130535e-05,1.0432668339446658,0.19654690036300265,0.2645911785776892,1.6901851352220332,0.11536203465223863,False,True,,False,3
A+B+D|invvol_shrunk|vt10|brake,A+B+D,invvol_shrunk,0.1,True,2006-04-20,0.01661586500232448,0.0802690440420324,0.06790454903871093,-0.24378351099638684,0.06815828082224457,-0.05136899245619442,1.4038689000811495e-05,1.0432668339446658,0.1991568499999487,0.2645911785776892,1.3775917852195836,0.10358476993935922,False,True,,False,3
B+C+D|minvar_lw|vt10|nobrake,B+C+D,minvar_lw,0.1,False,2006-05-08,0.016251275308468704,0.08141542733708382,0.06478604464126643,-0.3069665742286942,0.052941514395509676,-0.082817215505685,1.3800831518719357e-05,1.0432668339446658,0.19597519393517476,0.2645911785776892,1.6368893420591561,0.11341067892004197,False,True,,False,3
A+D+E|eqrisk|vt6|brake,A+D+E,eqrisk,0.06,True,2006-04-13,0.016500412117529173,0.04936525882361046,0.06699917454470514,-0.21421086393947464,0.07702882950974592,-0.04466674528211445,1.3670520631039287e-05,1.0432668339446658,0.1979523709227376,0.2645911785776892,1.8793865288858083,0.07969817758047312,False,True,,False,3
B+D+PCT|invvol_shrunk|vt10|nobrake,B+D+PCT,invvol_shrunk,0.1,False,2006-04-20,0.015594963668283057,0.10422297139597739,0.06403647360783044,-0.402939227056322,0.03870301678546483,-0.09295325778293029,1.350344205722071e-05,1.0432668339446658,0.1949907712751186,0.2645911785776892,1.6327023191020393,0.07099657979941024,False,True,,False,3
A+B+D|invvol_shrunk|vt6|nobrake,A+B+D,invvol_shrunk,0.06,False,2006-04-20,0.016515652204847964,0.06729444801288405,0.0653272580145669,-0.21501826046740613,0.07681046330179717,-0.048491430481260256,1.3401154980043043e-05,1.0432668339446658,0.19611054561392866,0.2645911785776892,1.374326367261748,0.05408007411551221,False,True,,False,3
A+D|invvol_shrunk|vt6|brake,A+D,invvol_shrunk,0.06,True,2007-02-26,0.013520325311212167,0.05625228183234466,0.04298633436991274,-0.18876340110386558,0.07162577720123148,-0.03621225957005403,1.3104213491021103e-05,1.0432668339446658,0.17582461625045087,0.2645911785776892,2.354159774317628,0.08233873329956956,False,True,,False,2
B+C+D+E|minvar_lw|vt8|nobrake,B+C+D+E,minvar_lw,0.08,False,2006-05-08,0.015988352403848438,0.07340232993428304,0.059893530316595237,-0.31390588629970273,0.05093358583465206,-0.07368235768480125,1.2675542602249598e-05,1.0432668339446658,0.19032709413360965,0.2645911785776892,2.1722313160286637,0.10999717008124307,False,True,,False,4
B+D+E|invvol_shrunk|vt8|brake,B+D+E,invvol_shrunk,0.08,True,2006-04-13,0.016363601552882967,0.061867684115877945,0.06252837604625543,-0.2725317797388237,0.0600429115773755,-0.046904749070797114,1.2639287574782e-05,1.0432668339446658,0.19273407714440682,0.2645911785776892,2.432867858754084,0.045267194470014316,False,True,,False,3
A+D+E+TSMOM|minvar_lw|vt8|brake,A+D+E+TSMOM,minvar_lw,0.08,True,2006-05-08,0.01596449313676418,0.05777999543708976,0.05787925229161353,-0.2205149338909248,0.07239642619697056,-0.05059210137519443,1.2106726527675404e-05,1.0432668339446658,0.1878945779450899,0.2645911785776892,1.9548435307024872,0.07042041333997476,False,True,,False,4
A+B+D|invvol_shrunk|vt8|nobrake,A+B+D,invvol_shrunk,0.08,False,2006-04-20,0.015741957358175407,0.08752674039299825,0.05939136118398681,-0.2970421975128825,0.05299569384411348,-0.06453679183644279,1.193192370773109e-05,1.0432668339446658,0.18909470733133993,0.2645911785776892,1.5339886821863589,0.05704802253080225,False,True,,False,3
A+D+E+PCT|eqrisk|vt6|nobrake,A+D+E+PCT,eqrisk,0.06,False,2006-04-13,0.0161909684495829,0.063020689216037,0.05979127120155031,-0.28398911189101117,0.05701263806126708,-0.05017954051438778,1.1852326341291168e-05,1.0432668339446658,0.1893778455585824,0.2645911785776892,1.8865150021548407,0.11192983054033942,False,True,,False,4
B+D+PCT|invvol_shrunk|vt10|brake,B+D+PCT,invvol_shrunk,0.1,True,2006-04-20,0.015640534603280187,0.07902912581302282,0.05571726020042938,-0.24142646134165902,0.06478384563300293,-0.06142522908885151,1.1591360390046319e-05,1.0432668339446658,0.1853783760860498,0.2645911785776892,1.824685235020306,0.09972800694290186,False,True,,False,3
B+D+E|invvol_shrunk|vt6|brake,B+D+E,invvol_shrunk,0.06,True,2006-04-13,0.016014732031634393,0.04802173499641234,0.057580376812557274,-0.2194416113867368,0.07297946788866104,-0.034321552964283186,1.1564218346636073e-05,1.0432668339446658,0.18703904506317937,0.2645911785776892,2.55296525829139,0.04774119408686339,False,True,,False,3
C+D+E|eqrisk|vt10|nobrake,C+D+E,eqrisk,0.1,False,2006-04-13,0.01575191989365332,0.08595463852663945,0.05860514125518333,-0.3648493989000182,0.04317375865533469,-0.06021534869753242,1.1458900493262149e-05,1.0432668339446658,0.18785968211298548,0.2645911785776892,2.7370255585409575,0.1109808077571598,False,True,,False,3
D+E+TSMOM|invvol_shrunk|vt8|nobrake,D+E+TSMOM,invvol_shrunk,0.08,False,2006-04-13,0.015683014039017396,0.08170242240260654,0.05657177120641867,-0.3502719044221867,0.04477382810616315,-0.058547964321707835,1.1318510953464627e-05,1.0432668339446658,0.18584943546810528,0.2645911785776892,1.7052241289485623,0.06158973867310999,False,True,,False,3
A+B+D+E+PCT|eqrisk|vt10|nobrake,A+B+D+E+PCT,eqrisk,0.1,False,2006-04-13,0.01528926587847379,0.09410719617775273,0.05654330909439398,-0.4016675669031219,0.03806447704093919,-0.07643208586327677,1.1219950490587698e-05,1.0432668339446658,0.18571279414424235,0.2645911785776892,1.7649879555809793,0.10169212737607627,False,True,,False,5
A+D+E+PCT|minvar_lw|vt8|brake,A+D+E+PCT,minvar_lw,0.08,True,2006-05-08,0.01562274394792329,0.05816691868359667,0.0520967882926954,-0.23296779371222665,0.06705967249370648,-0.049582123543692846,1.0843372487039857e-05,1.0432668339446658,0.18129114157160797,0.2645911785776892,2.0317385119346363,0.06733205253741899,False,True,,False,4
B+C+D+E|minvar_lw|vt10|nobrake,B+C+D+E,minvar_lw,0.1,False,2006-05-08,0.015056213373921379,0.08046325005617895,0.04995977384848221,-0.3261141583457423,0.04616853635026469,-0.07391509690962061,1.0376705181975981e-05,1.0432668339446658,0.17884863593203315,0.2645911785776892,2.5969561670284964,0.08807717768057052,False,True,,False,4
A+B+D|invvol_shrunk|vt10|nobrake,A+B+D,invvol_shrunk,0.1,False,2006-04-20,0.01392805315056922,0.1055805235561163,0.04876878704703761,-0.36792375525186183,0.0378558137433523,-0.07924760031277722,9.715119560085522e-06,1.0432668339446658,0.1769760571090277,0.2645911785776892,1.885613765022048,0.06235930959927685,False,True,,False,3
A+D+E+PCT|eqrisk|vt8|nobrake,A+D+E+PCT,eqrisk,0.08,False,2006-04-13,0.015160518589956151,0.07906306715586518,0.04922023037461414,-0.36515733263079275,0.04151777120489817,-0.06515781578172142,9.713184710394136e-06,1.0432668339446658,0.17736814715882,0.2645911785776892,2.054378299260113,0.09557145877969166,False,True,,False,4
A+D+E+TSMOM|minvar_lw|vt6|brake,A+D+E+TSMOM,minvar_lw,0.06,True,2006-05-08,0.015323070598537658,0.050177313048212685,0.04587560269838801,-0.20729969363093637,0.073917478266118,-0.039963059252072775,9.620082482841144e-06,1.0432668339446658,0.17434519691075173,0.2645911785776892,2.721928686854916,0.0763950793526941,False,True,,False,4
B+D+E+PCT|invvol_shrunk|vt6|nobrake,B+D+E+PCT,invvol_shrunk,0.06,False,2006-04-13,0.015340774331321194,0.06397019619344728,0.046829229409417236,-0.28012715574228375,0.05476361008510958,-0.05211044479235383,9.47431494394283e-06,1.0432668339446658,0.17497588411648485,0.2645911785776892,2.1844537149502434,0.0642330128747057,False,True,,False,4
A+B+D+E|invvol_shrunk|vt8|nobrake,A+B+D+E,invvol_shrunk,0.08,False,2006-04-13,0.014815678155248646,0.08281118666057853,0.04656334545779041,-0.37769464934463437,0.03922660323877083,-0.05494125847138398,9.250247766556437e-06,1.0432668339446658,0.17444622029044532,0.2645911785776892,2.6163563372856893,0.05048495526369706,False,True,,False,4
D+E+TSMOM|invvol_shrunk|vt10|nobrake,D+E+TSMOM,invvol_shrunk,0.1,False,2006-04-13,0.014049164776720025,0.09867573002671445,0.04603524688742374,-0.43127959906849656,0.032575537556295844,-0.07057246334905587,9.232789803293044e-06,1.0432668339446658,0.17396717253167787,0.2645911785776892,2.1688601618485164,0.06685800083260746,False,True,,False,3
A+D|invvol_shrunk|vt10|nobrake,A+D,invvol_shrunk,0.1,False,2007-02-26,0.010365689327693994,0.090056382922152,0.019611737543369916,-0.29198449323511666,0.035500821337615215,-0.07458429405402556,8.74083469777814e-06,1.0432668339446658,0.15201377093505614,0.2645911785776892,4.878983366399461,0.01310808384968739,False,True,,False,2
A+D+E+PCT|eqrisk|vt10|nobrake,A+D+E+PCT,eqrisk,0.1,False,2006-04-13,0.01409997321059353,0.09225121823396287,0.043081847106996064,-0.41724189119632027,0.03379328276498302,-0.07355106225185493,8.646483040375168e-06,1.0432668339446658,0.1706232929819429,0.2645911785776892,2.0171391144940194,0.07819516377992358,False,True,,False,4
A+B+D+E|invvol_shrunk|vt6|nobrake,A+B+D+E,invvol_shrunk,0.06,False,2006-04-13,0.01500828789340991,0.06371606679315636,0.04157854934340732,-0.29800415002777625,0.05036268082847512,-0.041285912362987065,8.423176532696232e-06,1.0432668339446658,0.1690271237186997,0.2645911785776892,2.9629727650091193,0.055945301736178656,False,True,,False,4
A+D+E+PCT|minvar_lw|vt6|brake,A+D+E+PCT,minvar_lw,0.06,True,2006-05-08,0.014826593667963905,0.049847370928445794,0.036025241625089195,-0.21248324507054317,0.06977770724012411,-0.04060580232960875,7.906282649878258e-06,1.0432668339446658,0.16363259191972002,0.2645911785776892,3.515563824902938,0.06330295383556842,False,True,,False,4
A+B+D+E|invvol_shrunk|vt10|nobrake,A+B+D+E,invvol_shrunk,0.1,False,2006-04-13,0.013147971567850192,0.1007514448704874,0.03825290380754294,-0.44633431123185163,0.02945767608939296,-0.06834130360314328,7.876508824876563e-06,1.0432668339446658,0.16541899105543179,0.2645911785776892,3.1848400076045915,0.04766606625241401,False,True,,False,4
B+D+E|invvol_shrunk|vt10|brake,B+D+E,invvol_shrunk,0.1,True,2006-04-13,0.014045311629945045,0.07473357291548965,0.03295401212747136,-0.3295498610741514,0.042619686089883486,-0.059341690771765765,7.145996106900166e-06,1.0432668339446658,0.1598950719250351,0.2645911785776892,4.766331932823351,0.06005437642940635,False,True,,False,3
B+D+E+PCT|invvol_shrunk|vt8|nobrake,B+D+E+PCT,invvol_shrunk,0.08,False,2006-04-13,0.013568748496728622,0.08345485090838012,0.03219466501836383,-0.3844405586650166,0.035294789248685364,-0.06969550414773007,7.098979860148507e-06,1.0432668339446658,0.15920408009723996,0.2645911785776892,3.2473739776994557,0.06655256440390417,False,True,,False,4
B+D+E+PCT|eqrisk|vt10|brake,B+D+E+PCT,eqrisk,0.1,True,2006-04-13,0.013951370875576963,0.07272759630911078,0.030594505429285834,-0.3171925935865273,0.04398391121881966,-0.06310404217152454,6.87431752887112e-06,1.0432668339446658,0.15753311600690922,0.2645911785776892,3.4411729496928234,0.07826388935391632,False,True,,False,4
C+D+E+TSMOM|minvar_lw|vt6|nobrake,C+D+E+TSMOM,minvar_lw,0.06,False,2006-05-08,0.013788083070423118,0.06253594453485402,0.023737962476252046,-0.30442495787429313,0.04529222297245636,-0.06637526360668633,6.180791932031112e-06,1.0432668339446658,0.15088852304361094,0.2645911785776892,5.459598660086335,0.07947663910503533,False,True,,False,4
B+D+TSMOM|eqrisk|vt10|brake,B+D+TSMOM,eqrisk,0.1,True,2006-04-20,0.013157659471726868,0.07813888002483724,0.024142498098084567,-0.23009811157299687,0.05718282250027376,-0.05122815194430064,6.176740940655223e-06,1.0432668339446658,0.15119101786709405,0.2645911785776892,5.241816695440659,-0.009252580987423603,False,False,,False,3
D+E+PCT|invvol_shrunk|vt10|brake,D+E+PCT,invvol_shrunk,0.1,True,2006-04-13,0.013511376805454445,0.07330516908972491,0.024939658809488032,-0.29927030761460316,0.04514773588181772,-0.05272470655556871,6.089307528956641e-06,1.0432668339446658,0.15163264593152154,0.2645911785776892,4.110222157770481,0.0858175379245579,False,True,,False,3
A+B+D+TSMOM|minvar_lw|vt10|brake,A+B+D+TSMOM,minvar_lw,0.1,True,2006-05-08,0.012898271932960448,0.07134865020797759,0.01681057156280581,-0.2039000751447847,0.06325780862906345,-0.054762277304029494,5.418166729481163e-06,1.0432668339446658,0.14409964593839725,0.2645911785776892,5.480642367943402,-0.00400997001062212,False,False,,False,4
B+D+TSMOM|eqrisk|vt8|brake,B+D+TSMOM,eqrisk,0.08,True,2006-04-20,0.013176505079776524,0.06673777624340868,0.016097690372564342,-0.21082266982192055,0.0625004184365304,-0.05290915864632162,5.235234487965546e-06,1.0432668339446658,0.14316699210304917,0.2645911785776892,8.462332363828898,-0.00523017712466349,False,False,,False,3
A+B+D+E|minvar_lw|vt10|brake,A+B+D+E,minvar_lw,0.1,True,2006-05-08,0.013074580897156629,0.06474691577724889,0.014283453648728784,-0.27003214825924204,0.04841860860435214,-0.07279658290783864,5.163180433537025e-06,1.0432668339446658,0.14167610466890163,0.2645911785776892,8.885030684612767,0.03075296715992291,False,True,,False,4
C+D+E+TSMOM|minvar_lw|vt8|nobrake,C+D+E+TSMOM,minvar_lw,0.08,False,2006-05-08,0.012748208165999753,0.0697663947167846,0.013452098498350346,-0.3292408227636059,0.03872001065661573,-0.07744709347743672,5.058978393063643e-06,1.0432668339446658,0.14083181081579632,0.2645911785776892,9.901565629226786,0.07455838537510011,False,True,,False,4
C+D+TSMOM|minvar_lw|vt6|nobrake,C+D+TSMOM,minvar_lw,0.06,False,2006-05-08,0.013077411563342523,0.06312868183199664,0.012992647017862092,-0.30015525154188827,0.043568824787053574,-0.07186875443661134,4.998708828802973e-06,1.0432668339446658,0.14035822609675697,0.2645911785776892,8.864564457438936,0.08673252909448116,False,True,,False,3
A+D+TSMOM|minvar_lw|vt10|brake,A+D+TSMOM,minvar_lw,0.1,True,2007-03-09,0.009960891039170194,0.06069451724026003,-0.012397259791108294,-0.24039811864542893,0.04143497917245284,-0.07507682720014819,4.834094094501946e-06,1.0432668339446658,0.12284031831868081,0.2645911785776892,,-0.008097308819031956,False,False,,False,3
C+D+E+TSMOM|minvar_lw|vt10|nobrake,C+D+E+TSMOM,minvar_lw,0.1,False,2006-05-08,0.012308080255503562,0.073908954879575,0.010838296318329109,-0.3366272009415079,0.036562940312248285,-0.07990076382682354,4.7986040328591806e-06,1.0432668339446658,0.13833134630020594,0.2645911785776892,12.30273583961552,0.06537511796370556,False,True,,False,4
C+D+TSMOM|minvar_lw|vt10|nobrake,C+D+TSMOM,minvar_lw,0.1,False,2006-05-08,0.012263337259401208,0.07405410608370916,0.010396802330785531,-0.33174742655359557,0.03696588512170418,-0.08920693472591212,4.763826617324978e-06,1.0432668339446658,0.13793144627411752,0.2645911785776892,10.04267047150502,0.06832484807303725,False,True,,False,3
B+D+E+PCT|invvol_shrunk|vt10|nobrake,B+D+E+PCT,invvol_shrunk,0.1,False,2006-04-13,0.010391655158645152,0.10094595910578967,0.011515965387165374,-0.47979493686158436,0.021658534428517808,-0.08717521875289658,4.699193395131703e-06,1.0432668339446658,0.13857098577507,0.2645911785776892,9.08991093250753,0.055432851508623836,False,True,,False,4
D+E+PCT|eqrisk|vt8|brake,D+E+PCT,eqrisk,0.08,True,2006-04-13,0.013040826653365478,0.061785050689855625,0.009508025664147735,-0.28135372974282424,0.0463502888882463,-0.055676498827936904,4.499734420116065e-06,1.0432668339446658,0.13663514726714593,0.2645911785776892,14.14083758752776,0.037874739331842044,False,True,,False,3
D+E+PCT|eqrisk|vt6|brake,D+E+PCT,eqrisk,0.06,True,2006-04-13,0.013546249358795448,0.04875081831023637,0.007518071601749221,-0.2149009284023221,0.0630348573154376,-0.04787098941248158,4.326062217804091e-06,1.0432668339446658,0.1347773729727061,0.2645911785776892,17.932373180550474,0.04547355535026552,False,True,,False,3
A+B+D+TSMOM|minvar_lw|vt8|brake,A+B+D+TSMOM,minvar_lw,0.08,True,2006-05-08,0.012497094019751076,0.06359872037783144,0.004377319769864054,-0.20139837681202466,0.06205161241897818,-0.05086298531965572,4.216835771931815e-06,1.0432668339446658,0.13230221971333195,0.2645911785776892,23.449683011839436,-0.000518881391713185,False,False,,False,4
A+D|eqrisk|vt6|brake,A+D,eqrisk,0.06,True,2007-02-26,0.009915094251142564,0.05534412878982888,-0.021620562766190777,-0.20257348807505615,0.04894566581915641,-0.048878923892781034,4.097744323255123e-06,1.0432668339446658,0.11531730273154667,0.2645911785776892,,0.02194382939295044,False,True,,False,2
A+D|invvol_shrunk|vt8|nobrake,A+D,invvol_shrunk,0.08,False,2007-02-26,0.007399602976603692,0.08215143862417497,-0.022552619347662832,-0.2761374059333803,0.026796814982715116,-0.06932900854791435,3.985684529183461e-06,1.0432668339446658,0.1144537704361488,0.2645911785776892,,0.03950154936367836,False,True,,False,2
A+D|invvol_shrunk|vt6|nobrake,A+D,invvol_shrunk,0.06,False,2007-02-26,0.008302282877114653,0.0723954094635501,-0.023633687018235653,-0.2330373970609535,0.035626397229896536,-0.05245023626651213,3.9336914288335464e-06,1.0432668339446658,0.11366929331076803,0.2645911785776892,,0.031299035956641325,False,True,,False,2
A+B+D|eqrisk|vt6|brake,A+B+D,eqrisk,0.06,True,2006-04-20,0.012836023328617552,0.05558174253064523,0.0009013244159881439,-0.18814205125766792,0.06822516945474415,-0.04639621371361946,3.8258426325928396e-06,1.0432668339446658,0.12882194148360476,0.2645911785776892,116.02719282875609,0.038969391414480636,False,True,,False,3
C+D+E+PCT|minvar_lw|vt6|nobrake,C+D+E+PCT,minvar_lw,0.06,False,2006-05-08,0.012249906879374217,0.06239827783085927,-0.0006805967377945398,-0.3131015069770038,0.0391243945059451,-0.06503066130073776,3.8076542101969874e-06,1.0432668339446658,0.12770612034609236,0.2645911785776892,,0.06887154412046168,False,True,,False,4
C+D+TSMOM|minvar_lw|vt8|nobrake,C+D+TSMOM,minvar_lw,0.08,False,2006-05-08,0.011620117851007583,0.07018935834198486,-0.002053858047025664,-0.3286132257378528,0.03536107782916014,-0.08714434855979158,3.7014455797975896e-06,1.0432668339446658,0.12647197212889555,0.2645911785776892,,0.07050592954547803,False,True,,False,3
B+D+E+TSMOM|eqrisk|vt6|nobrake,B+D+E+TSMOM,eqrisk,0.06,False,2006-04-13,0.012165425133174201,0.06455449956511261,-0.0015304836900244933,-0.2979750414426128,0.04082699367798275,-0.05327471631588865,3.6085225086797564e-06,1.0432668339446658,0.12653245750895015,0.2645911785776892,,-0.0206466585292192,False,False,,False,4
A+B+D+E+TSMOM|minvar_lw|vt10|nobrake,A+B+D+E+TSMOM,minvar_lw,0.1,False,2006-05-08,0.01033351956931905,0.0840103434778245,-0.004229406990300548,-0.35349727305993695,0.029232246913449198,-0.07819080420970792,3.545120188494674e-06,1.0432668339446658,0.12455323725221895,0.2645911785776892,,-0.035852788420089404,False,False,,False,5
C+D|minvar_lw|vt6|nobrake,C+D,minvar_lw,0.06,False,2006-05-08,0.011690061566591137,0.06421102092329796,-0.007508894352480891,-0.30857991953148745,0.037883416342644693,-0.07339672677129494,3.3215836476555965e-06,1.0432668339446658,0.12170043787662027,0.2645911785776892,,0.05807847786486681,False,True,,False,2
C+D+PCT|minvar_lw|vt6|nobrake,C+D+PCT,minvar_lw,0.06,False,2006-05-08,0.0117726220520733,0.06291798875714354,-0.0076535289476932005,-0.30759418396244864,0.03827322708257225,-0.07048337774202607,3.308146803326247e-06,1.0432668339446658,0.12156262387571382,0.2645911785776892,,0.06521543292254922,False,True,,False,3
A+B+D|eqrisk|vt10|brake,A+B+D,eqrisk,0.1,True,2006-04-20,0.01097202460047586,0.07512151474986715,-0.006808865524578517,-0.23362929986320558,0.046963392891645826,-0.06577030532758832,3.2682175154238536e-06,1.0432668339446658,0.12197071825987554,0.2645911785776892,,0.03440293672734954,False,True,,False,3
A+D+TSMOM|minvar_lw|vt8|brake,A+D+TSMOM,minvar_lw,0.08,True,2007-03-09,0.009195999198325477,0.05530963700236091,-0.03300518920086972,-0.22990492620924918,0.03999913942668497,-0.060330382622727385,3.1950357633769506e-06,1.0432668339446658,0.10603577179856721,0.2645911785776892,,-0.00400997001062212,False,True,,False,3
C+D+E+PCT|minvar_lw|vt8|nobrake,C+D+E+PCT,minvar_lw,0.08,False,2006-05-08,0.010906607463101015,0.06999894008918559,-0.012361366082118028,-0.3393795997187675,0.032136897657192576,-0.07633551070924494,3.000954143140675e-06,1.0432668339446658,0.11751188002872542,0.2645911785776892,,0.05403381519344416,False,True,,False,4
C+D+PCT|minvar_lw|vt10|nobrake,C+D+PCT,minvar_lw,0.1,False,2006-05-08,0.010453367278166592,0.07437339104118151,-0.013394525232457965,-0.3356786387511279,0.031140996391839867,-0.08760910649280607,2.934962879461201e-06,1.0432668339446658,0.11662714072881747,0.2645911785776892,,0.05152835318819336,False,True,,False,3
A+B+D+E|minvar_lw|vt8|brake,A+B+D+E,minvar_lw,0.08,True,2006-05-08,0.011750387059526357,0.057551811043277216,-0.014316812090266771,-0.2598802600346951,0.04521461944803977,-0.0627040782572722,2.867946734927356e-06,1.0432668339446658,0.11580619812406262,0.2645911785776892,,0.04553415321597661,False,True,,False,4
B+D+E|eqrisk|vt6|brake,B+D+E,eqrisk,0.06,True,2006-04-13,0.012487110577264593,0.04962729264727589,-0.012795107258827614,-0.2370032952144584,0.05268749772430513,-0.0366365816017884,2.867360326772847e-06,1.0432668339446658,0.11674539182301241,0.2645911785776892,,0.017161297262198123,False,True,,False,3
B+D+E+TSMOM|eqrisk|vt8|nobrake,B+D+E+TSMOM,eqrisk,0.08,False,2006-04-13,0.009934679244808287,0.08170483652706366,-0.012840906014483698,-0.3821064634499288,0.02599976759123868,-0.07010653561933633,2.8615636237486926e-06,1.0432668339446658,0.11669493730236796,0.2645911785776892,,-0.0149914473669896,False,False,,False,4
C+D+E+PCT|minvar_lw|vt10|nobrake,C+D+E+PCT,minvar_lw,0.1,False,2006-05-08,0.010280264884449997,0.07426719083895279,-0.015857149999088636,-0.33997906797964517,0.03023793478093035,-0.07818756869828691,2.7965162885271557e-06,1.0432668339446658,0.11458854641598326,0.2645911785776892,,0.043976245501260204,False,True,,False,4
A+B+D+TSMOM|minvar_lw|vt6|brake,A+B+D+TSMOM,minvar_lw,0.06,True,2006-05-08,0.01198571882481625,0.051557897323744925,-0.01784833434623218,-0.2108212565957588,0.05685251581532112,-0.042994814662217884,2.671980883388065e-06,1.0432668339446658,0.11289023397050796,0.2645911785776892,,0.010593945666334932,False,True,,False,4
A+D+TSMOM|minvar_lw|vt6|brake,A+D+TSMOM,minvar_lw,0.06,True,2007-03-09,0.009205091072896687,0.04939467424747798,-0.04308583394809176,-0.21495358487588168,0.042823622030829976,-0.045498728812843225,2.6274457332615416e-06,1.0432668339446658,0.09854570649834404,0.2645911785776892,,-0.015122797068670236,False,True,,False,3
A+B+D+E|minvar_lw|vt6|brake,A+B+D+E,minvar_lw,0.06,True,2006-05-08,0.011979226963253042,0.04909535031695077,-0.021416909264380026,-0.23911696901974355,0.05009777019323097,-0.04741092641635558,2.489566327609751e-06,1.0432668339446658,0.1100083752353968,0.2645911785776892,,0.0443962865135851,False,True,,False,4
A+B+D+E|eqrisk|vt6|nobrake,A+B+D+E,eqrisk,0.06,False,2006-04-13,0.010976740377052874,0.06434189834639167,-0.020065058900979003,-0.2924527460608952,0.03753338111849109,-0.049042837376335635,2.48221133056026e-06,1.0432668339446658,0.11077735094838287,0.2645911785776892,,0.006954453609988184,False,True,,False,4
D+E|invvol_shrunk|vt10|brake,D+E,invvol_shrunk,0.1,True,2006-04-13,0.010166489273716772,0.07276012064670394,-0.02088561172854462,-0.37513375511451297,0.027100971680389996,-0.05272470655556871,2.456111344973306e-06,1.0432668339446658,0.11017885329299915,0.2645911785776892,,-0.001920404482371017,False,True,,False,2
C+D+PCT|minvar_lw|vt8|nobrake,C+D+PCT,minvar_lw,0.08,False,2006-05-08,0.010174896767090491,0.07044560095978357,-0.022086103638687817,-0.331460135022809,0.030697196108938767,-0.08599299682282635,2.447187262713432e-06,1.0432668339446658,0.10943286908091243,0.2645911785776892,,0.048032575834187734,False,True,,False,3
B+D+E|eqrisk|vt10|brake,B+D+E,eqrisk,0.1,True,2006-04-13,0.009833093348990296,0.07431137718400993,-0.02325778228816103,-0.3474514317425301,0.028300626938492095,-0.06310404217152454,2.3098219822904537e-06,1.0432668339446658,0.10813957145577091,0.2645911785776892,,0.008899699085229109,False,True,,False,3
A+D|eqrisk|vt8|brake,A+D,eqrisk,0.08,True,2007-02-26,0.007429990685615229,0.061787515432884015,-0.05312321209420577,-0.2240551732108087,0.0331614333163578,-0.060965836954074204,2.2259095971663252e-06,1.0432668339446658,0.09178599629406542,0.2645911785776892,,0.024480227556184904,False,True,,False,2
C+D|minvar_lw|vt10|nobrake,C+D,minvar_lw,0.1,False,2006-05-08,0.009296644223445893,0.07540552663494704,-0.027399340799075005,-0.34795715576779307,0.02671778427126226,-0.09120454840573122,2.2046725048551285e-06,1.0432668339446658,0.10527113773720354,0.2645911785776892,,0.03759142348602598,False,True,,False,2
A+B+D+E|eqrisk|vt8|nobrake,A+B+D+E,eqrisk,0.08,False,2006-04-13,0.008773740339646174,0.08120593475259236,-0.027669642123430954,-0.3714499519311796,0.023620248956908545,-0.06118090579748381,2.1277531163657657e-06,1.0432668339446658,0.10475037701609252,0.2645911785776892,,0.013249143278405703,False,True,,False,4
A+D+E|minvar_lw|vt10|brake,A+D+E,minvar_lw,0.1,True,2006-05-08,0.010399399877704107,0.06340724743048679,-0.02844014358925235,-0.2887288610611287,0.03601787448433283,-0.07821264732979505,2.119298464477407e-06,1.0432668339446658,0.10427363972064135,0.2645911785776892,,0.04687499528203783,False,True,,False,3
D+E|invvol_shrunk|vt6|brake,D+E,invvol_shrunk,0.06,True,2006-04-13,0.011865856749144976,0.047325283592493994,-0.028780467774230066,-0.22372935443759634,0.05303665573510899,-0.04466674528211445,2.0858844459463827e-06,1.0432668339446658,0.1039182727591042,0.2645911785776892,,0.018347382542006328,False,True,,False,2
B+D+E+TSMOM|eqrisk|vt10|nobrake,B+D+E+TSMOM,eqrisk,0.1,False,2006-04-13,0.006860431622197849,0.09675244938688385,-0.02845241104395471,-0.4589894340984374,0.014946818189123114,-0.087027150205642,2.070761861408971e-06,1.0432668339446658,0.10402825376577463,0.2645911785776892,,-0.007185694852254096,False,True,,False,4
A+B+D|eqrisk|vt8|brake,A+B+D,eqrisk,0.08,True,2006-04-20,0.010182754421214746,0.06593579986845961,-0.029463368672520376,-0.2174191862494882,0.04683466347597332,-0.055516942569597494,2.047988122795328e-06,1.0432668339446658,0.10334654312018948,0.2645911785776892,,0.040216112345475015,False,True,,False,3
A+D+PCT|minvar_lw|vt10|brake,A+D+PCT,minvar_lw,0.1,True,2007-03-09,0.007142604435382616,0.061612301747940364,-0.05668561845375299,-0.24841685478190334,0.02875249524293929,-0.07354131677008358,1.9594832599626906e-06,1.0432668339446658,0.08880576096053877,0.2645911785776892,,-0.032170861232481925,False,False,,False,3
B+D+E|eqrisk|vt8|brake,B+D+E,eqrisk,0.08,True,2006-04-13,0.010332301390251653,0.063105270153001,-0.03177636226651016,-0.2994390221270936,0.034505527425434286,-0.049952828624105106,1.9353439695339967e-06,1.0432668339446658,0.10148313514156593,0.2645911785776892,,0.024866634393713907,False,True,,False,3
C+D|minvar_lw|vt8|nobrake,C+D,minvar_lw,0.08,False,2006-05-08,0.009197548444367598,0.07141976837278585,-0.03438746211992414,-0.34099796265996685,0.02697244397773462,-0.08890046926098927,1.898192666615358e-06,1.0432668339446658,0.09985705753059404,0.2645911785776892,,0.031548959870002106,False,True,,False,2
D+E+PCT|invvol_shrunk|vt6|nobrake,D+E+PCT,invvol_shrunk,0.06,False,2006-04-13,0.010309558535921859,0.06256922837055687,-0.0329621532713888,-0.307683975912851,0.03350697255303915,-0.04736302060711528,1.8970849560024128e-06,1.0432668339446658,0.10062880457281964,0.2645911785776892,,0.001278005673700091,False,True,,False,3
A+B+D+E+TSMOM|minvar_lw|vt8|nobrake,A+B+D+E+TSMOM,minvar_lw,0.08,False,2006-05-08,0.008717599665123643,0.07550791335023957,-0.03489112366627702,-0.33910767221181626,0.025707468097856494,-0.07709026222802606,1.8956361545819624e-06,1.0432668339446658,0.09957021881743189,0.2645911785776892,,-0.027018653702549394,False,False,,False,5
D+E|invvol_shrunk|vt8|brake,D+E,invvol_shrunk,0.08,True,2006-04-13,0.010267576805289114,0.06167142314621311,-0.03506299147328302,-0.29746067980652413,0.03451742533489604,-0.05001297318590836,1.837041763652074e-06,1.0432668339446658,0.09916140600506723,0.2645911785776892,,0.020821382158855404,False,True,,False,2
A+D+E+TSMOM|minvar_lw|vt10|nobrake,A+D+E+TSMOM,minvar_lw,0.1,False,2006-05-08,0.007849077752833278,0.08169209440564279,-0.03681445317390178,-0.37570489237075144,0.020891603788559893,-0.07921916955549191,1.8122893026413479e-06,1.0432668339446658,0.09808355805717056,0.2645911785776892,,-0.035033768154717884,False,False,,False,4
A+B+D+E|eqrisk|vt10|nobrake,A+B+D+E,eqrisk,0.1,False,2006-04-13,0.0062211842510879745,0.09594568392323191,-0.03625359137813157,-0.43715184481224945,0.014231174647701385,-0.07013136258186137,1.7886173645245743e-06,1.0432668339446658,0.09825266131138555,0.2645911785776892,,0.009093922453281968,False,True,,False,4
B+D+TSMOM|eqrisk|vt6|brake,B+D+TSMOM,eqrisk,0.06,True,2006-04-20,0.010868319406544202,0.055202744438149175,-0.03460285234741155,-0.20590888036894084,0.052782179122487095,-0.04370309708553333,1.7778805272875587e-06,1.0432668339446658,0.09908230932220774,0.2645911785776892,,0.020120094235324452,False,True,,False,3
D+E+PCT|eqrisk|vt10|brake,D+E+PCT,eqrisk,0.1,True,2006-04-13,0.009142302614801867,0.07130140619555393,-0.03696159220665507,-0.34789308359284077,0.026279058268090287,-0.05899244902796019,1.7574769157812597e-06,1.0432668339446658,0.09769854213506546,0.2645911785776892,,0.017223842236817884,False,True,,False,3
B+D+TSMOM|eqrisk|vt8|nobrake,B+D+TSMOM,eqrisk,0.08,False,2006-04-20,0.0076316162353722294,0.0847141548626413,-0.03593926959120044,-0.3153870428068215,0.02419762133362812,-0.08295791992076318,1.7535022898647598e-06,1.0432668339446658,0.09822352982369748,0.2645911785776892,,-0.025350454839557657,False,False,,False,3
A+D+PCT|minvar_lw|vt8|brake,A+D+PCT,minvar_lw,0.08,True,2007-03-09,0.00742584033504734,0.05599667261745855,-0.0633010775706109,-0.2375366375673864,0.031261873583357074,-0.05912433712387277,1.7418945957216388e-06,1.0432668339446658,0.08458042155964618,0.2645911785776892,,-0.03849816687329073,False,False,,False,3
A+B+D+PCT|minvar_lw|vt6|brake,A+B+D+PCT,minvar_lw,0.06,True,2006-05-08,0.010793776066527316,0.05225518338894781,-0.039461051065924235,-0.21219717430474894,0.05086672855985224,-0.04827236484628605,1.6881248706115597e-06,1.0432668339446658,0.09597523792330531,0.2645911785776892,,-0.030919739445971955,False,False,,False,4
B+D+TSMOM|eqrisk|vt6|nobrake,B+D+TSMOM,eqrisk,0.06,False,2006-04-20,0.009440050012949452,0.06762068315643688,-0.03786000366463162,-0.2583091919491475,0.036545544282480996,-0.06751709561091279,1.679737944758731e-06,1.0432668339446658,0.09677141873934797,0.2645911785776892,,-0.03527106096930599,False,False,,False,3
A+B+D+E+PCT|minvar_lw|vt10|nobrake,A+B+D+E+PCT,minvar_lw,0.1,False,2006-05-08,0.007163902220022944,0.08410460282560119,-0.041499614213345457,-0.39028241984757606,0.018355687716656032,-0.08473653502056544,1.6544329800761912e-06,1.0432668339446658,0.09471212828682507,0.2645911785776892,,-0.035033768154717884,False,False,,False,5
B+D+PCT|eqrisk|vt6|brake,B+D+PCT,eqrisk,0.06,True,2006-04-20,0.010561045021374005,0.055477274154612816,-0.03966168793098733,-0.20768524548095113,0.05085120513456341,-0.04344559107376289,1.6091588622985737e-06,1.0432668339446658,0.09539849328646222,0.2645911785776892,,-0.06666342413540177,False,False,,False,3
A+B+D|eqrisk|vt6|nobrake,A+B+D,eqrisk,0.06,False,2006-04-20,0.00911086798324634,0.06852892966634615,-0.04132010393340959,-0.2417644449447589,0.03768489607861113,-0.06066299773274564,1.607513373458968e-06,1.0432668339446658,0.09452341456838903,0.2645911785776892,,-0.009581867242495429,False,True,,False,3
A+D+E|invvol_shrunk|vt10|nobrake,A+D+E,invvol_shrunk,0.1,False,2006-04-13,0.005300890635106192,0.09868680586698242,-0.041820766859221176,-0.48069210246086524,0.011027621647971126,-0.0725676840748879,1.5951616372431642e-06,1.0432668339446658,0.09418856106332146,0.2645911785776892,,0.028932320675456428,False,True,,False,3
C+D+E|minvar_lw|vt6|nobrake,C+D+E,minvar_lw,0.06,False,2006-05-08,0.009334923283013996,0.06392621461676487,-0.044278254011942624,-0.34717951649969814,0.026887886062892517,-0.07188139189310194,1.559384073370364e-06,1.0432668339446658,0.09270591846671589,0.2645911785776892,,0.05774253145130677,False,True,,False,3
A+D+PCT|minvar_lw|vt6|brake,A+D+PCT,minvar_lw,0.06,True,2007-03-09,0.007797753069207047,0.05059355394974035,-0.06844757750386452,-0.2140221141515085,0.036434333433819535,-0.04904295368351996,1.5397309441419459e-06,1.0432668339446658,0.08111083176276546,0.2645911785776892,,-0.041273442507008,False,False,,False,3
A+B+D+PCT|minvar_lw|vt8|brake,A+B+D+PCT,minvar_lw,0.08,True,2006-05-08,0.009695112291233654,0.06070316520510772,-0.043991144545711736,-0.2349067489724036,0.04127217431446645,-0.056116990665069366,1.5264355429349212e-06,1.0432668339446658,0.09264538966070723,0.2645911785776892,,-0.01754186564803009,False,True,,False,4
D+E+PCT|invvol_shrunk|vt8|nobrake,D+E+PCT,invvol_shrunk,0.08,False,2006-04-13,0.007332316046523957,0.0818310185570205,-0.044273218062017054,-0.4267739202035591,0.01718079690302221,-0.06286343309221232,1.4993444970545544e-06,1.0432668339446658,0.09232857661416849,0.2645911785776892,,-0.00038374412651248635,False,True,,False,3
B+D+TSMOM|eqrisk|vt10|nobrake,B+D+TSMOM,eqrisk,0.1,False,2006-04-20,0.004942294282066051,0.0994505242149082,-0.043741782371960934,-0.3656841243558867,0.01351520055942098,-0.09263719961365235,1.4789909372842899e-06,1.0432668339446658,0.09246750225273087,0.2645911785776892,,-0.03219584031757757,False,False,,False,3
A+B+D+E+TSMOM|minvar_lw|vt6|nobrake,A+B+D+E+TSMOM,minvar_lw,0.06,False,2006-05-08,0.008964745065891844,0.06404429170798394,-0.04980790041479824,-0.3005295276102842,0.0298298311556161,-0.06691744237689712,1.3909618362490077e-06,1.0432668339446658,0.08884350060193708,0.2645911785776892,,-0.019560265328288785,False,True,,False,5
A+B+D+TSMOM|minvar_lw|vt10|nobrake,A+B+D+TSMOM,minvar_lw,0.1,False,2006-05-08,0.006029612259177863,0.08706057680450767,-0.05000907325694982,-0.29307916347128915,0.02057332287891746,-0.08475866603596627,1.3512565601327579e-06,1.0432668339446658,0.08847098472983717,0.2645911785776892,,-0.04539167291887089,False,False,,False,4
A+D+E|minvar_lw|vt6|brake,A+D+E,minvar_lw,0.06,True,2006-05-08,0.010416007345339207,0.0505565548939826,-0.04989044455300426,-0.238395894823748,0.0436920583428671,-0.0497423059535107,1.332209828332927e-06,1.0432668339446658,0.08839527437842293,0.2645911785776892,,0.0073041661803545845,False,True,,False,3
A+D+E|invvol_shrunk|vt8|nobrake,A+D+E,invvol_shrunk,0.08,False,2006-04-13,0.0068030290733516185,0.0818373227388901,-0.05073729487152212,-0.4117423588139286,0.016522538737448654,-0.05748318758149207,1.3258040406587745e-06,1.0432668339446658,0.08793585212950877,0.2645911785776892,,0.012005363055063788,False,True,,False,3
A+D+E|minvar_lw|vt8|brake,A+D+E,minvar_lw,0.08,True,2006-05-08,0.009591435233046175,0.057133923679717015,-0.05220783464487067,-0.27365461838483895,0.03504941845913886,-0.06628102182331896,1.2623326006667734e-06,1.0432668339446658,0.08676325512620875,0.2645911785776892,,0.018889988101214315,False,True,,False,3
A+B+D+PCT|minvar_lw|vt10|brake,A+B+D+PCT,minvar_lw,0.1,True,2006-05-08,0.008284694311922136,0.0685017745740126,-0.05194446267385556,-0.23695500638408484,0.03496315371574517,-0.06933397896722049,1.2573482970457768e-06,1.0432668339446658,0.08685355433386599,0.2645911785776892,,-0.011325239751559213,False,True,,False,4
A+B+D|eqrisk|vt10|nobrake,A+B+D,eqrisk,0.1,False,2006-04-20,0.003952655852672571,0.09918435341133072,-0.05431611484683479,-0.3532514330568153,0.011189355464091902,-0.0785130909227969,1.2314193325642061e-06,1.0432668339446658,0.08552251992732768,0.2645911785776892,,-0.021531228451355043,False,True,,False,3
A+B+D|eqrisk|vt8|nobrake,A+B+D,eqrisk,0.08,False,2006-04-20,0.005893968660490856,0.08551042496605658,-0.055162042604960486,-0.30721176485387813,0.01918536115729245,-0.07815844731114285,1.2052679975413265e-06,1.0432668339446658,0.0849227641153335,0.2645911785776892,,-0.028566505397975665,False,False,,False,3
A+D+E|invvol_shrunk|vt6|nobrake,A+D+E,invvol_shrunk,0.06,False,2006-04-13,0.008712793364130889,0.06355659447513642,-0.05640008056351546,-0.3044850463401676,0.028614848147245447,-0.04466674528211445,1.1813745992911632e-06,1.0432668339446658,0.08415518218919221,0.2645911785776892,,0.008972431162585835,False,True,,False,3
D+E+PCT|invvol_shrunk|vt10|nobrake,D+E+PCT,invvol_shrunk,0.1,False,2006-04-13,0.003738601350830928,0.0991278025600024,-0.05682030694867301,-0.5163643651200398,0.007240238876596008,-0.07658909924799684,1.1534282713840528e-06,1.0432668339446658,0.08373913115408999,0.2645911785776892,,-0.010723093942111715,False,True,,False,3
A+D+TSMOM|minvar_lw|vt10|nobrake,A+D+TSMOM,minvar_lw,0.1,False,2007-03-09,0.0020522966440752466,0.08197641730827969,-0.08655393884744124,-0.3126029636253659,0.006565186139869068,-0.08532804912695735,1.0715528371948438e-06,1.0432668339446658,0.07037493044933933,0.2645911785776892,,-0.043411763215425794,False,False,,False,3
A+B+D+E+PCT|minvar_lw|vt8|nobrake,A+B+D+E+PCT,minvar_lw,0.08,False,2006-05-08,0.006348226278133806,0.07545972068083853,-0.06614010746666182,-0.36684565126697244,0.01730489718553015,-0.08241193266145586,9.901204869368121e-07,1.0432668339446658,0.07814400523619515,0.2645911785776892,,-0.038195368939811236,False,False,,False,5
A+D+E+PCT|minvar_lw|vt10|nobrake,A+D+E+PCT,minvar_lw,0.1,False,2006-05-08,0.005410725836190622,0.0820479535982317,-0.06583812931913523,-0.4128315009520963,0.013106378325568876,-0.08542730313921576,9.864504063903531e-07,1.0432668339446658,0.07824413956497046,0.2645911785776892,,-0.03915703369362362,False,False,,False,4
B+D+E+TSMOM|minvar_lw|vt8|brake,B+D+E+TSMOM,minvar_lw,0.08,True,2006-05-08,0.008552826506349698,0.05737972904982117,-0.06977030880888235,-0.3097444071569294,0.027612529261961716,-0.05369765026095463,9.160943237439201e-07,1.0432668339446658,0.0758915396155434,0.2645911785776892,,-0.09883336820593601,False,False,,False,4
B+D|invvol_shrunk|vt6|brake,B+D,invvol_shrunk,0.06,True,2006-04-20,0.009293850037065843,0.05290994897875596,-0.06799562508947049,-0.20041548555215283,0.04637291380683936,-0.03576815823803714,8.834694235336064e-07,1.0432668339446658,0.07634196637302337,0.2645911785776892,,-0.023476373943464947,False,True,,False,2
B+D+E+TSMOM|minvar_lw|vt10|brake,B+D+E+TSMOM,minvar_lw,0.1,True,2006-05-08,0.007250783191524279,0.06429502300578782,-0.07582909674535197,-0.3354270242783085,0.021616574296971978,-0.06772419790025375,8.128174266620115e-07,1.0432668339446658,0.07233163458248114,0.2645911785776892,,-0.0846580479413434,False,False,,False,4
C+D+E|minvar_lw|vt8|nobrake,C+D+E,minvar_lw,0.08,False,2006-05-08,0.006398493186692722,0.0710260685457393,-0.07407274409175899,-0.377936600564195,0.01693007022114519,-0.08549621150653464,8.092209848630126e-07,1.0432668339446658,0.0730191591839013,0.2645911785776892,,0.03667281440747279,False,True,,False,3
C+D+E|minvar_lw|vt10|nobrake,C+D+E,minvar_lw,0.1,False,2006-05-08,0.005760084870009008,0.07501405008431156,-0.0747207002331598,-0.377208837790561,0.015270280791266083,-0.08753168442728476,8.059619056470633e-07,1.0432668339446658,0.0727169339857427,0.2645911785776892,,0.03039903508340566,False,True,,False,3
A+D|eqrisk|vt10|nobrake,A+D,eqrisk,0.1,False,2007-02-26,-0.0004837039359694151,0.08864136434456145,-0.10323749630790473,-0.3393828578828515,-0.0014252456325781206,-0.08153824209729388,8.009337992526424e-07,1.0432668339446658,0.06185909562152185,0.2645911785776892,,-0.07740288854198932,False,False,,False,2
A+D+E+TSMOM|minvar_lw|vt8|nobrake,A+D+E+TSMOM,minvar_lw,0.08,False,2006-05-08,0.005672573624325272,0.07458887255588419,-0.07675636364650255,-0.3668648565661802,0.015462297690272152,-0.0783071947494004,7.773844346311616e-07,1.0432668339446658,0.07157970774860896,0.2645911785776892,,-0.035852788420089404,False,True,,False,4
A+B+D+E+PCT|minvar_lw|vt6|nobrake,A+B+D+E+PCT,minvar_lw,0.06,False,2006-05-08,0.007047811511471602,0.06418594188340337,-0.07919401452157258,-0.32234447031298363,0.02186422340246277,-0.07120025732032509,7.51146243018824e-07,1.0432668339446658,0.07031045889272358,0.2645911785776892,,-0.04565375731407185,False,False,,False,5
B+D+E+PCT|eqrisk|vt6|nobrake,B+D+E+PCT,eqrisk,0.06,False,2006-04-13,0.0072579407552180175,0.06458348374481017,-0.0767593626361314,-0.33424065356371147,0.021714715663199664,-0.06109990497165707,7.360575118088311e-07,1.0432668339446658,0.07112501586238167,0.2645911785776892,,-0.04643551706986955,False,False,,False,4
D+E+TSMOM|eqrisk|vt10|nobrake,D+E+TSMOM,eqrisk,0.1,False,2006-04-13,0.0016772831772886576,0.09431647213019,-0.08644012183501554,-0.5081747104262584,0.0033006034005150465,-0.07115805527129859,6.112853839524711e-07,1.0432668339446658,0.06582415423197407,0.2645911785776892,,-0.058823831980632596,False,False,,False,3
A+D|minvar_lw|vt10|brake,A+D,minvar_lw,0.1,True,2007-03-09,0.003889802073322901,0.061108564525816714,-0.1105835210511735,-0.2592555627808547,0.01500373620376624,-0.08274557245282332,6.079078032308944e-07,1.0432668339446658,0.05728649438354578,0.2645911785776892,,-0.07718224288705444,False,False,,False,2
A+B+D+TSMOM|minvar_lw|vt8|nobrake,A+B+D+TSMOM,minvar_lw,0.08,False,2006-05-08,0.00426540409981091,0.07809377601084751,-0.08775541198152166,-0.28879078536766445,0.014769876034585216,-0.08314170267035881,5.950031994895559e-07,1.0432668339446658,0.06511575303240526,0.2645911785776892,,-0.04245009846161342,False,True,,False,4
B+D+E|invvol_shrunk|vt10|nobrake,B+D+E,invvol_shrunk,0.1,False,2006-04-13,-0.00015914412986672843,0.10310293039122027,-0.08846518681334352,-0.5325478713524934,-0.0002988353506372218,-0.08352898727540348,5.841304446521246e-07,1.0432668339446658,0.06470582490377269,0.2645911785776892,,-0.04229031246818556,False,True,,False,3
D+E+TSMOM|eqrisk|vt8|nobrake,D+E+TSMOM,eqrisk,0.08,False,2006-04-13,0.003999880366613029,0.07969301025790868,-0.08919525291731048,-0.445161319587719,0.00898523791401614,-0.06109607689818297,5.728745392071933e-07,1.0432668339446658,0.06428251774054622,0.2645911785776892,,-0.04964051392474962,False,False,,False,3
A+B+D+PCT|minvar_lw|vt10|nobrake,A+B+D+PCT,minvar_lw,0.1,False,2006-05-08,0.002437146496885534,0.08751463958834096,-0.09018607954194932,-0.34165184292132655,0.007133421192891808,-0.09168501102725268,5.652390138393074e-07,1.0432668339446658,0.06381188841522457,0.2645911785776892,,-0.05097676796540269,False,False,,False,4
D+E|eqrisk|vt8|brake,D+E,eqrisk,0.08,True,2006-04-13,0.006580283577133805,0.062467394046731295,-0.09235037583084081,-0.3458284473627272,0.01902759483008053,-0.05001297318590836,5.499084943586571e-07,1.0432668339446658,0.06280809688717177,0.2645911785776892,,-0.03341967686989659,False,True,,False,2
B+D+E+PCT|eqrisk|vt8|nobrake,B+D+E+PCT,eqrisk,0.08,False,2006-04-13,0.003412511707077126,0.08207833680011936,-0.0913405504497146,-0.43912326843153615,0.007771193084953028,-0.07857198213948147,5.345926567531678e-07,1.0432668339446658,0.06295944357415653,0.2645911785776892,,-0.04480013432530755,False,True,,False,4
A+D|eqrisk|vt6|nobrake,A+D,eqrisk,0.06,False,2007-02-26,0.000980513018218332,0.07173851970823888,-0.1260546186758118,-0.28803415948978783,0.0034041553264209127,-0.058838474931998785,5.261219226814264e-07,1.0432668339446658,0.05146173860357227,0.2645911785776892,,-0.03247689547582262,False,True,,False,2
D+E+TSMOM|minvar_lw|vt10|brake,D+E+TSMOM,minvar_lw,0.1,True,2006-05-08,0.006021236013691089,0.06245937051904816,-0.09954578707380445,-0.3488589411147177,0.017259801323856808,-0.04914869027641677,5.227492280015639e-07,1.0432668339446658,0.05987287329891432,0.2645911785776892,,-0.10367181768809491,False,False,,False,3
D+E+TSMOM|eqrisk|vt6|nobrake,D+E+TSMOM,eqrisk,0.06,False,2006-04-13,0.006336623430387878,0.06316860929155252,-0.09441139192806958,-0.3586141982616796,0.017669750559524876,-0.053261548812451265,5.079079760184916e-07,1.0432668339446658,0.06146185390196339,0.2645911785776892,,-0.043985302762520016,False,True,,False,3
A+B+D|minvar_lw|vt8|brake,A+B+D,minvar_lw,0.08,True,2006-05-08,0.006530207026395951,0.06057446908663086,-0.09608740527348617,-0.24004428496799513,0.02720417620967988,-0.045301680407619505,5.031791343479476e-07,1.0432668339446658,0.06079646627989379,0.2645911785776892,,-0.036727256609116056,False,True,,False,3
B+D+E|invvol_shrunk|vt8|nobrake,B+D+E,invvol_shrunk,0.08,False,2006-04-13,0.0026710968695187187,0.08405323334544124,-0.0960965903235365,-0.4505084869442536,0.005929071142780143,-0.0670000939129537,4.929335890464886e-07,1.0432668339446658,0.06063916267565932,0.2645911785776892,,-0.028135260897489845,False,True,,False,3
A+D+E+TSMOM|minvar_lw|vt6|nobrake,A+D+E+TSMOM,minvar_lw,0.06,False,2006-05-08,0.005744519813448923,0.06450577459039153,-0.09853805732268446,-0.33353939842280855,0.017222912317443616,-0.0634437050769533,4.884646991527303e-07,1.0432668339446658,0.05971716681712477,0.2645911785776892,,-0.04331117679435001,False,True,,False,4
A+D+E+PCT|minvar_lw|vt8|nobrake,A+D+E+PCT,minvar_lw,0.08,False,2006-05-08,0.003927098292098474,0.074631615496372,-0.0999612832597696,-0.39577705513813266,0.009922501168562824,-0.08330548215754052,4.7371123205117926e-07,1.0432668339446658,0.058999149046301894,0.2645911785776892,,-0.06598911839289853,False,False,,False,4
A+B+D|minvar_lw|vt10|brake,A+B+D,minvar_lw,0.1,True,2006-05-08,0.00542778071270722,0.06674190891610318,-0.09767886732035588,-0.2527452463983476,0.02147530285951485,-0.050669996717385035,4.644852430802594e-07,1.0432668339446658,0.059643027172553154,0.2645911785776892,,-0.029376664099217038,False,True,,False,3
A+D+E|eqrisk|vt10|nobrake,A+D+E,eqrisk,0.1,False,2006-04-13,0.0008010183175886088,0.09201914150761407,-0.10048966223714384,-0.48549475702110034,0.0016499010669105852,-0.06785071283821953,4.6081796086203896e-07,1.0432668339446658,0.058615533789839205,0.2645911785776892,,-0.03903717911867637,False,True,,False,3
B+D+E|invvol_shrunk|vt6|nobrake,B+D+E,invvol_shrunk,0.06,False,2006-04-13,0.005897896362297983,0.06395387905856074,-0.09932480351961316,-0.3493268334176993,0.016883605260423016,-0.05013890853751268,4.580984187336627e-07,1.0432668339446658,0.05897153236671076,0.2645911785776892,,-0.023443318734968098,False,True,,False,3
A+D|eqrisk|vt8|nobrake,A+D,eqrisk,0.08,False,2007-02-26,-0.0016404284988541518,0.08186453718613235,-0.1329890958487313,-0.336000875692242,-0.004882214951001176,-0.07786343063263312,4.421312736156295e-07,1.0432668339446658,0.048300484055785776,0.2645911785776892,,-0.054142627349583125,False,True,,False,2
B+D+PCT|eqrisk|vt6|nobrake,B+D+PCT,eqrisk,0.06,False,2006-04-20,0.0053341687601100585,0.06739251415285046,-0.09872399592339198,-0.2918015413487839,0.01828012537375272,-0.07306911968130048,4.4165968521350553e-07,1.0432668339446658,0.058910583681206094,0.2645911785776892,,-0.05821052528355936,False,False,,False,3
A+D+TSMOM|minvar_lw|vt8|nobrake,A+D+TSMOM,minvar_lw,0.08,False,2007-03-09,-0.00019423794069473033,0.07557494604799075,-0.13027787379541284,-0.3233688480054736,-0.0006006699219568686,-0.08396210525476022,4.213142488048022e-07,1.0432668339446658,0.04873770748476189,0.2645911785776892,,-0.0816551512469719,False,False,,False,3
A+D+E|eqrisk|vt6|nobrake,A+D+E,eqrisk,0.06,False,2006-04-13,0.005308792012201913,0.06495791584780872,-0.1058228020155238,-0.36085674184740346,0.014711633167842703,-0.04466674528211445,4.0888794199028035e-07,1.0432668339446658,0.05596771145098629,0.2645911785776892,,-0.03823256973224723,False,True,,False,3
A+D+PCT|minvar_lw|vt10|nobrake,A+D+PCT,minvar_lw,0.1,False,2007-03-09,-0.0017328373452218937,0.08223133254597335,-0.13206447343399905,-0.36153274743885067,-0.004793030112756201,-0.09184950439750617,4.077887771491892e-07,1.0432668339446658,0.04802249843716705,0.2645911785776892,,-0.07619603408328823,False,False,,False,3
A+B+D+TSMOM|minvar_lw|vt6|nobrake,A+B+D+TSMOM,minvar_lw,0.06,False,2006-05-08,0.004928972549147925,0.06660872784737751,-0.10550098342860537,-0.26994813101575865,0.018258961566435843,-0.07054387461101141,4.0498853397369444e-07,1.0432668339446658,0.056005305892832986,0.2645911785776892,,-0.049908486835874025,False,True,,False,4
A+D+E|eqrisk|vt8|nobrake,A+D+E,eqrisk,0.08,False,2006-04-13,0.002545000075588444,0.08018952077271571,-0.10626993438558491,-0.43880050385860303,0.005799902354735063,-0.058924601540554455,4.0310665103924636e-07,1.0432668339446658,0.05572037812490438,0.2645911785776892,,-0.03920346849747654,False,True,,False,3
B+D|invvol_shrunk|vt8|brake,B+D,invvol_shrunk,0.08,True,2006-04-20,0.005171299711772326,0.0660537137333309,-0.10453312469948717,-0.27609194805421733,0.01873035323274555,-0.04570170423147646,3.7948379291819065e-07,1.0432668339446658,0.055863273635439775,0.2645911785776892,,-0.002733624521607532,False,True,,False,2
A+D|minvar_lw|vt6|brake,A+D,minvar_lw,0.06,True,2007-03-09,0.004582616404108064,0.049656392544420114,-0.135036408216337,-0.23523449534816288,0.019481056115198937,-0.05041521876122024,3.5969634507141785e-07,1.0432668339446658,0.046393977999317,0.2645911785776892,,-0.05916901102843439,False,True,,False,2
D+E|eqrisk|vt6|brake,D+E,eqrisk,0.06,True,2006-04-13,0.0074726483993938775,0.04933750082023676,-0.11383624729517448,-0.2787315157915857,0.026809485027812056,-0.04466674528211445,3.431200589281422e-07,1.0432668339446658,0.05220273657926806,0.2645911785776892,,-0.02078778751652884,False,True,,False,2
B+D|invvol_shrunk|vt10|brake,B+D,invvol_shrunk,0.1,True,2006-04-20,0.002320747364216169,0.07899385552259115,-0.11143961062378456,-0.3181982160673027,0.007293401556108359,-0.05691986084918399,3.293110958008275e-07,1.0432668339446658,0.05266771489063551,0.2645911785776892,,-0.017520806480999566,False,True,,False,2
B+D+E+PCT|minvar_lw|vt10|brake,B+D+E+PCT,minvar_lw,0.1,True,2006-05-08,0.005020233468837176,0.06443364508360334,-0.1097330134500194,-0.3679652310503473,0.01364322779765645,-0.07759541471617559,3.2504517341523437e-07,1.0432668339446658,0.05311462763977269,0.2645911785776892,,-0.1109093037236305,False,False,,False,4
A+D|minvar_lw|vt8|brake,A+D,minvar_lw,0.08,True,2007-03-09,0.003080237550558973,0.05581922470699609,-0.14110338104716463,-0.257796187793602,0.01194834406560382,-0.0666201187489891,3.1655570183476076e-07,1.0432668339446658,0.0439913640298229,0.2645911785776892,,-0.05821214483240834,False,True,,False,2
B+D+E+PCT|eqrisk|vt10|nobrake,B+D+E+PCT,eqrisk,0.1,False,2006-04-13,-0.0016877963482062608,0.09744013209511099,-0.11505240266006259,-0.5291669203743266,-0.003189534876844405,-0.08841802240156893,3.148269501536406e-07,1.0432668339446658,0.05125191122522551,0.2645911785776892,,-0.052605886840043053,False,True,,False,4
A+D+E+PCT|minvar_lw|vt6|nobrake,A+D+E+PCT,minvar_lw,0.06,False,2006-05-08,0.004063624447297354,0.06445331521431664,-0.12462889195542264,-0.35713647691242034,0.011378351722649338,-0.06778122280564425,2.7634453737433286e-07,1.0432668339446658,0.04759020596346312,0.2645911785776892,,-0.0725160719203539,False,False,,False,4
A+B+D+PCT|minvar_lw|vt8|nobrake,A+B+D+PCT,minvar_lw,0.08,False,2006-05-08,0.0014779973834928573,0.0783708486022793,-0.12264908602427524,-0.33247334504422177,0.00444546128441145,-0.088834292464951,2.7517376633478596e-07,1.0432668339446658,0.0481277252630662,0.2645911785776892,,-0.07694775972409174,False,False,,False,4
A+D|eqrisk|vt10|brake,A+D,eqrisk,0.1,True,2007-02-26,0.0004988563676215918,0.0647414640901267,-0.1544424406924946,-0.2391371696597827,0.002086067876153708,-0.07201755038330304,2.7363938746303216e-07,1.0432668339446658,0.03984875402673931,0.2645911785776892,,0.036328835695384185,False,True,,False,2
D+E+TSMOM|minvar_lw|vt8|brake,D+E+TSMOM,minvar_lw,0.08,True,2006-05-08,0.005275836520045152,0.05586198934861606,-0.13151453863083787,-0.3296792468418559,0.0160029379179452,-0.04632719821222808,2.593270269524321e-07,1.0432668339446658,0.04528765135160305,0.2645911785776892,,-0.0846580479413434,False,False,,False,3
B+D+E+TSMOM|minvar_lw|vt6|brake,B+D+E+TSMOM,minvar_lw,0.06,True,2006-05-08,0.00728765119859065,0.04741594222144379,-0.12183763966652005,-0.2853468243360222,0.02553962608677491,-0.05554948499641865,2.4738595931647406e-07,1.0432668339446658,0.047683677449075756,0.2645911785776892,,-0.07279970277711717,False,False,,False,4
A+B+D|minvar_lw|vt6|brake,A+B+D,minvar_lw,0.06,True,2006-05-08,0.006305275097679974,0.051061042654582584,-0.12875474472533818,-0.24401894523239276,0.025839285108273505,-0.05225939743043906,2.2408597729212942e-07,1.0432668339446658,0.04513930350782044,0.2645911785776892,,-0.030438980165152132,False,True,,False,3
A+D+TSMOM|minvar_lw|vt6|nobrake,A+D+TSMOM,minvar_lw,0.06,False,2007-03-09,-0.00026856211320258616,0.06641985938000299,-0.1591559105406001,-0.3164336897820197,-0.0008487152976270933,-0.06716242649268211,2.2083585734737675e-07,1.0432668339446658,0.0375627808015513,0.2645911785776892,,-0.09254599808506285,False,False,,False,3
B+D+PCT|eqrisk|vt8|nobrake,B+D+PCT,eqrisk,0.08,False,2006-04-20,-0.00041276447741322997,0.08551778301312413,-0.12853623096042904,-0.3856150442763562,-0.0010704055340678483,-0.09654958123644541,2.1967957792218467e-07,1.0432668339446658,0.04507779694808572,0.2645911785776892,,-0.0950322731865533,False,False,,False,3
A+B+D+E|minvar_lw|vt10|nobrake,A+B+D+E,minvar_lw,0.1,False,2006-05-08,-0.0011682851898124902,0.08580333948725344,-0.13577692506096667,-0.4398278326265084,-0.0026562329692413327,-0.0823366276794546,2.100710837536536e-07,1.0432668339446658,0.042890238925752236,0.2645911785776892,,-0.03887660279573851,False,True,,False,4
A+D+PCT|minvar_lw|vt8|nobrake,A+D+PCT,minvar_lw,0.08,False,2007-03-09,-0.0028800305960262618,0.07568018111135598,-0.16554536202726045,-0.3555731264368307,-0.008099685780212957,-0.08926859632563333,1.9634646132342027e-07,1.0432668339446658,0.035540768704042804,0.2645911785776892,,-0.11130518464202242,False,False,,False,3
A+B+D+PCT|minvar_lw|vt6|nobrake,A+B+D+PCT,minvar_lw,0.06,False,2006-05-08,0.002629957371360403,0.06674641561218808,-0.13946999441999397,-0.29708972818519186,0.008852400880453902,-0.07478673722406903,1.8970532345454413e-07,1.0432668339446658,0.04135681006631149,0.2645911785776892,,-0.08469004703176095,False,False,,False,4
B+D+PCT|eqrisk|vt10|brake,B+D+PCT,eqrisk,0.1,True,2006-04-20,0.0021118185562163383,0.07027418598701239,-0.1374495463078191,-0.2872365488655261,0.0073521930428325005,-0.07055334691451287,1.6837251718199272e-07,1.0432668339446658,0.04118180161088706,0.2645911785776892,,-0.007759594916451382,False,True,,False,3
B+D+PCT|eqrisk|vt10|nobrake,B+D+PCT,eqrisk,0.1,False,2006-04-20,-0.004999564172953774,0.10076037872992594,-0.14054460438259914,-0.4483307579610416,-0.011151508309827404,-0.10421692723886833,1.6472900588560191e-07,1.0432668339446658,0.04028865956861656,0.2645911785776892,,-0.10688819929172728,False,False,,False,3
B+D+E|minvar_lw|vt10|brake,B+D+E,minvar_lw,0.1,True,2006-05-08,0.0025530889716036675,0.06333855198231869,-0.15173831346405003,-0.3944994989037841,0.006471716640193628,-0.06772419790025375,1.4999371905330804e-07,1.0432668339446658,0.037133292819935666,0.2645911785776892,,-0.0927810550976857,False,False,,False,3
B+D|invvol_shrunk|vt10|nobrake,B+D,invvol_shrunk,0.1,False,2006-04-20,-0.007848215534934755,0.10891379379478376,-0.14856851794705112,-0.493906284087814,-0.01589009046408363,-0.09802085430090945,1.4375577201900475e-07,1.0432668339446658,0.03763122109164001,0.2645911785776892,,-0.09995239871856404,False,False,,False,2
B+D+E+PCT|minvar_lw|vt8|brake,B+D+E+PCT,minvar_lw,0.08,True,2006-05-08,0.004139470825835323,0.057387400073609304,-0.14598951070190902,-0.34071370646496213,0.012149410919754156,-0.07201082816351112,1.278376262077993e-07,1.0432668339446658,0.037603431713729804,0.2645911785776892,,-0.08975166112945088,False,False,,False,4
B+D|invvol_shrunk|vt6|nobrake,B+D,invvol_shrunk,0.06,False,2006-04-20,0.0015404322557865946,0.06746462418018985,-0.15465061368656047,-0.3255247584106916,0.004732150830269997,-0.06072243878279848,1.2414399995824615e-07,1.0432668339446658,0.035496704664324634,0.2645911785776892,,-0.08366021430454182,False,False,,False,2
B+D|invvol_shrunk|vt8|nobrake,B+D,invvol_shrunk,0.08,False,2006-04-20,-0.0035205991281799243,0.08902899712626967,-0.15507041829320306,-0.42057145313168975,-0.008370989286040655,-0.08062642629383032,1.230012045597491e-07,1.0432668339446658,0.03535769874038371,0.2645911785776892,,-0.10031485751151184,False,False,,False,2
B+D+E|minvar_lw|vt8|brake,B+D+E,minvar_lw,0.08,True,2006-05-08,0.003108408411190755,0.05622037305501104,-0.16867131811819364,-0.3646248011426497,0.00852495058331118,-0.05369765026095463,1.0146496674992149e-07,1.0432668339446658,0.03160060449997245,0.2645911785776892,,-0.10787990975539569,False,False,,False,3
B+D+E+PCT|minvar_lw|vt6|brake,B+D+E+PCT,minvar_lw,0.06,True,2006-05-08,0.005349988920610782,0.04748513611582842,-0.16213558644878728,-0.2964874792869472,0.01804456948225103,-0.054260681276765976,9.163399517556705e-08,1.0432668339446658,0.03241937598796503,0.2645911785776892,,-0.11578532655826973,False,False,,False,4
A+D+PCT|minvar_lw|vt6|nobrake,A+D+PCT,minvar_lw,0.06,False,2007-03-09,-0.0028432941559366487,0.06616729696575983,-0.19899355575230965,-0.33941772324106967,-0.008376976101266267,-0.07144458758513095,9.05099255504664e-08,1.0432668339446658,0.025756228343472912,0.2645911785776892,,-0.12834668269471083,False,False,,False,3
A+B+D+E|minvar_lw|vt8|nobrake,A+B+D+E,minvar_lw,0.08,False,2006-05-08,-0.0022425974502623403,0.07734899768184066,-0.17342790196673402,-0.42954049640847125,-0.00522092205278299,-0.08270384984620405,8.464457892537397e-08,1.0432668339446658,0.029855241915240787,0.2645911785776892,,-0.05051561556646943,False,True,,False,4
D+E+PCT|eqrisk|vt10|nobrake,D+E+PCT,eqrisk,0.1,False,2006-04-13,-0.00699666131805643,0.09483383433194188,-0.17714192431994222,-0.5690165462625226,-0.012296059515338655,-0.08538038931796266,7.885090606167629e-08,1.0432668339446658,0.028857876012724527,0.2645911785776892,,-0.10074626224753906,False,False,,False,3
D+E+PCT|eqrisk|vt8|nobrake,D+E+PCT,eqrisk,0.08,False,2006-04-13,-0.0031764372543712227,0.08010596081047347,-0.1778580365101651,-0.5007631696917848,-0.006343192643992351,-0.0723959551315495,7.680955904378949e-08,1.0432668339446658,0.028614048791538546,0.2645911785776892,,-0.09026790168351254,False,False,,False,3
D+E+PCT|minvar_lw|vt10|brake,D+E+PCT,minvar_lw,0.1,True,2006-05-08,0.0012677828253542245,0.06306378183445055,-0.1728631698771615,-0.38418884472320114,0.0032998949416858567,-0.08526260159093657,7.540952103514637e-08,1.0432668339446658,0.029443338214338345,0.2645911785776892,,-0.10463940026191193,False,False,,False,3
A+D+E|minvar_lw|vt10|nobrake,A+D+E,minvar_lw,0.1,False,2006-05-08,-0.004456968565264452,0.08387590457639803,-0.18012896587340216,-0.4664457772451879,-0.009555169716804276,-0.0841463714360795,7.263136949580929e-08,1.0432668339446658,0.02796890380223591,0.2645911785776892,,-0.08316389577813954,False,True,,False,3
D+E+PCT|eqrisk|vt6|nobrake,D+E+PCT,eqrisk,0.06,False,2006-04-13,0.0008117876302864424,0.06333503113504155,-0.1809067483734327,-0.4028344026797047,0.0020151894299154437,-0.05459396761082447,7.055456916051518e-08,1.0432668339446658,0.027708827223969994,0.2645911785776892,,-0.08558537728210049,False,True,,False,3
A+B+D+E|minvar_lw|vt6|nobrake,A+B+D+E,minvar_lw,0.06,False,2006-05-08,-2.8956204842778277e-05,0.06580844229202878,-0.18276547000984783,-0.38293625169016854,-7.561625391948154e-05,-0.0665781442897897,6.880137867775915e-08,1.0432668339446658,0.027280884099243456,0.2645911785776892,,-0.0645009574681854,False,True,,False,4
D+E|invvol_shrunk|vt10|nobrake,D+E,invvol_shrunk,0.1,False,2006-04-13,-0.009948741695127827,0.10023217451557163,-0.1921407460509824,-0.5973197855096999,-0.016655637292574278,-0.08040738042951745,5.876255498008944e-08,1.0432668339446658,0.025090335933769806,0.2645911785776892,,-0.07264274688100826,False,True,,False,2
A+D|minvar_lw|vt10|nobrake,A+D,minvar_lw,0.1,False,2007-03-09,-0.009882548403563285,0.08511676826958321,-0.2210487597997715,-0.40077589053373275,-0.02465854018913716,-0.08845678433315896,5.550147619977318e-08,1.0432668339446658,0.020736741342026133,0.2645911785776892,,-0.12132399724258627,False,False,,False,2
D+E+TSMOM|minvar_lw|vt6|brake,D+E+TSMOM,minvar_lw,0.06,True,2006-05-08,0.004188842275290927,0.047758970435345625,-0.18513417292862572,-0.313510109608902,0.013361107495118513,-0.0657472702339228,5.250114932602192e-08,1.0432668339446658,0.02577352362525323,0.2645911785776892,,-0.11069171337016225,False,False,,False,3
D+E|eqrisk|vt10|brake,D+E,eqrisk,0.1,True,2006-04-13,-0.001129732504446146,0.06487661920909128,-0.20517156729248912,-0.41756912104184074,-0.002705498197825183,-0.05272470655556871,5.055402847626463e-08,1.0432668339446658,0.022557131902122083,0.2645911785776892,,-0.03010968724740805,False,True,,False,2
B+D+E|minvar_lw|vt6|brake,B+D+E,minvar_lw,0.06,True,2006-05-08,0.00389210806351592,0.04850380900073081,-0.18764198455430567,-0.3219967058736829,0.01208741577947312,-0.06495494635930155,4.6252165722277083e-08,1.0432668339446658,0.02486833473573046,0.2645911785776892,,-0.13678797656528505,False,False,,False,3
B+D+TSMOM|minvar_lw|vt10|brake,B+D+TSMOM,minvar_lw,0.1,True,2006-05-08,-0.0009274509355110538,0.0661622394217001,-0.19493832815604673,-0.3272613343191352,-0.0028339765143371083,-0.051413115566399825,4.52991887544643e-08,1.0432668339446658,0.023654068089750135,0.2645911785776892,,-0.14144056289172074,False,False,,False,3
B+D+E|eqrisk|vt8|nobrake,B+D+E,eqrisk,0.08,False,2006-04-13,-0.005688219826639362,0.0834324622302016,-0.19772548384116642,-0.5012289205430069,-0.011348546728861979,-0.07396574993079641,4.5189892457387893e-08,1.0432668339446658,0.023227097339880307,0.2645911785776892,,-0.09371857038662555,False,True,,False,3
D+E|invvol_shrunk|vt8|nobrake,D+E,invvol_shrunk,0.08,False,2006-04-13,-0.005809764122441496,0.08233764933376832,-0.20303730059471964,-0.5137657139489922,-0.011308197422878832,-0.06650290610840226,4.486548723301116e-08,1.0432668339446658,0.02242670222428688,0.2645911785776892,,-0.07341694259752932,False,True,,False,2
D+E|invvol_shrunk|vt6|nobrake,D+E,invvol_shrunk,0.06,False,2006-04-13,-0.0006672520338549814,0.06311446968345909,-0.20527314304147484,-0.3946848958966157,-0.0016905942963415614,-0.05105412944359067,4.25514440758724e-08,1.0432668339446658,0.021920164675912783,0.2645911785776892,,-0.07786244204156431,False,True,,False,2
B+D+E|eqrisk|vt6|nobrake,B+D+E,eqrisk,0.06,False,2006-04-13,-0.0011480647178334635,0.06529109443358583,-0.20360548119664337,-0.4008543955007925,-0.002864044228326776,-0.05828837010230936,3.885081625134976e-08,1.0432668339446658,0.021831372877652962,0.2645911785776892,,-0.08804208307787229,False,True,,False,3
B+D|eqrisk|vt8|brake,B+D,eqrisk,0.08,True,2006-04-20,-0.0002561444410549285,0.06256586115765488,-0.2005061488401493,-0.3196127221612959,-0.0008014212930036701,-0.05396059992326685,3.785673922394072e-08,1.0432668339446658,0.022178568265832508,0.2645911785776892,,-0.15319844708524633,False,False,,False,2
D+E+PCT|minvar_lw|vt8|brake,D+E+PCT,minvar_lw,0.08,True,2006-05-08,0.0014777382939861194,0.057189541007883246,-0.19308964823212893,-0.3663398700187822,0.004033790517833497,-0.0852916907304746,3.712678417411224e-08,1.0432668339446658,0.023196266764617588,0.2645911785776892,,-0.13875202466637343,False,False,,False,3
B+D+E|eqrisk|vt10|nobrake,B+D+E,eqrisk,0.1,False,2006-04-13,-0.01109075647704938,0.09907837403316949,-0.20704357802655307,-0.5779463817903512,-0.019189940151009593,-0.0820753045839393,3.639040760326028e-08,1.0432668339446658,0.021128310504116572,0.2645911785776892,,-0.10175879473670305,False,True,,False,3
B+D+TSMOM|minvar_lw|vt8|brake,B+D+TSMOM,minvar_lw,0.08,True,2006-05-08,0.00037131159365366706,0.05837641539043289,-0.20705202903808953,-0.3080678747974793,0.0012052915088850583,-0.05063042780374949,3.47450963745771e-08,1.0432668339446658,0.02096854121529009,0.2645911785776892,,-0.13235431848246454,False,False,,False,3
D+E|minvar_lw|vt10|brake,D+E,minvar_lw,0.1,True,2006-05-08,-0.0016050415361978931,0.06182855094099818,-0.22426445525932218,-0.40387858270985066,-0.0039740694478740575,-0.05299682167721198,3.295932301812595e-08,1.0432668339446658,0.018607344640460828,0.2645911785776892,,-0.16230074167060576,False,False,,False,2
A+D+E|minvar_lw|vt8|nobrake,A+D+E,minvar_lw,0.08,False,2006-05-08,-0.005241372355520801,0.07724158244334936,-0.212728106634207,-0.4533693434321988,-0.01156093245264751,-0.08223481880445316,3.254993976431537e-08,1.0432668339446658,0.019998900057891206,0.2645911785776892,,-0.10311560882267726,False,True,,False,3
B+D+PCT|eqrisk|vt8|brake,B+D+PCT,eqrisk,0.08,True,2006-04-20,0.0002179787680438583,0.060425640933754764,-0.20186376947100546,-0.26545018196961234,0.0008211663914730773,-0.057675386405146356,3.141910065096916e-08,1.0432668339446658,0.021335759179969754,0.2645911785776892,,-0.011781998779211494,False,True,,False,3
A+B+D|minvar_lw|vt10|nobrake,A+B+D,minvar_lw,0.1,False,2006-05-08,-0.008948053581087745,0.08922777339785506,-0.2146908314526943,-0.41310057722209437,-0.021660714301730503,-0.08980593107372337,2.8241113382668843e-08,1.0432668339446658,0.019288244703116644,0.2645911785776892,,-0.0939324734311526,False,True,,False,3
B+D|eqrisk|vt6|brake,B+D,eqrisk,0.06,True,2006-04-20,0.0024819335405983356,0.05022584558689748,-0.20921206341099086,-0.2658188477438457,0.009336935893236706,-0.052603117503156493,2.6664387156714506e-08,1.0432668339446658,0.01980228248743902,0.2645911785776892,,-0.05382865651022891,False,True,,False,2
A+D|minvar_lw|vt8|nobrake,A+D,minvar_lw,0.08,False,2007-03-09,-0.010536670973232631,0.07857591242184739,-0.2546802803408823,-0.40546665031146434,-0.025986529262366595,-0.0855503610788414,2.4837994870311132e-08,1.0432668339446658,0.014577824483859164,0.2645911785776892,,-0.15332437153721254,False,False,,False,2
D+E|minvar_lw|vt8|brake,D+E,minvar_lw,0.08,True,2006-05-08,-0.0009492366622660953,0.055740798111553296,-0.24336714522542388,-0.3796015418607457,-0.002500613294701307,-0.04877911262850643,2.0490591566704035e-08,1.0432668339446658,0.015152624919262742,0.2645911785776892,,-0.15009292837451577,False,False,,False,2
D+E+PCT|minvar_lw|vt6|brake,D+E+PCT,minvar_lw,0.06,True,2006-05-08,0.0024144728125865544,0.047864084995236936,-0.22156683096162252,-0.32858449023183023,0.007348103408298554,-0.06355115599953887,2.0085793958663117e-08,1.0432668339446658,0.017420497225219267,0.2645911785776892,,-0.1674993781629744,False,False,,False,3
A+D+E|minvar_lw|vt6|nobrake,A+D+E,minvar_lw,0.06,False,2006-05-08,-0.0037618291886377664,0.06753688728904056,-0.2317106030294701,-0.4190966848387959,-0.00897604138788342,-0.06337451319133025,1.9670472616444822e-08,1.0432668339446658,0.016236946778368948,0.2645911785776892,,-0.11522584698547322,False,True,,False,3
B+D+TSMOM|minvar_lw|vt6|brake,B+D+TSMOM,minvar_lw,0.06,True,2006-05-08,0.0016398590262924895,0.04884475545340856,-0.2320438239410814,-0.28284800130109866,0.005797668778811059,-0.0431536783494475,1.9665772614555797e-08,1.0432668339446658,0.016200779235883467,0.2645911785776892,,-0.1583879839112834,False,False,,False,3
A+D|minvar_lw|vt6|nobrake,A+D,minvar_lw,0.06,False,2007-03-09,-0.008296495275124993,0.06894695817351795,-0.26775779119118076,-0.3793328192210266,-0.02187128256437748,-0.06456699949993938,1.724064000770683e-08,1.0432668339446658,0.012538524274237461,0.2645911785776892,,-0.1790747331464549,False,False,,False,2
B+D|eqrisk|vt10|brake,B+D,eqrisk,0.1,True,2006-04-20,-0.005063398922538487,0.0720418470716206,-0.2321199837574327,-0.3574741214696312,-0.014164378953424862,-0.0600794913626439,1.6422206946602665e-08,1.0432668339446658,0.015699516463227123,0.2645911785776892,,-0.12444457846580184,False,False,,False,2
A+B+D|minvar_lw|vt8|nobrake,A+B+D,minvar_lw,0.08,False,2006-05-08,-0.008358611108408076,0.08065391429971876,-0.23925173881782844,-0.4095054832261601,-0.02041147542777056,-0.08975321734093478,1.5670717562893493e-08,1.0432668339446658,0.014853826317051129,0.2645911785776892,,-0.1093682456488807,False,True,,False,3
B+D+PCT|minvar_lw|vt8|brake,B+D+PCT,minvar_lw,0.08,True,2006-05-08,-0.0016002343173310285,0.058373034738516905,-0.24085697691445263,-0.32530463799246856,-0.004919186911094938,-0.05342052408339515,1.4626935992315873e-08,1.0432668339446658,0.01452092761017473,0.2645911785776892,,-0.2044578992545475,False,False,,False,3
A+B+D|minvar_lw|vt6|nobrake,A+B+D,minvar_lw,0.06,False,2006-05-08,-0.005470673925668801,0.06929485037569057,-0.24886821840787393,-0.3758856853174217,-0.014554089552649542,-0.06941020416781063,1.2490180323196602e-08,1.0432668339446658,0.013389608324899237,0.2645911785776892,,-0.1341123695726661,False,False,,False,3
B+D+PCT|minvar_lw|vt6|brake,B+D+PCT,minvar_lw,0.06,True,2006-05-08,0.00035710942883548924,0.048878413285704914,-0.2580648268103915,-0.29407922728482394,0.0012143306826959892,-0.04497569141763469,1.0051053116354208e-08,1.0432668339446658,0.012110559362390225,0.2645911785776892,,-0.19708970519493435,False,False,,False,3
B+D+E+TSMOM|minvar_lw|vt10|nobrake,B+D+E+TSMOM,minvar_lw,0.1,False,2006-05-08,-0.012595477804513755,0.08737843373168212,-0.26326054327043985,-0.5650955451996478,-0.022289111835174322,-0.0935829328502108,7.50124596569295e-09,1.0432668339446658,0.011088469164494495,0.2645911785776892,,-0.18375600242391657,False,False,,False,4
B+D+PCT|minvar_lw|vt10|brake,B+D+PCT,minvar_lw,0.1,True,2006-05-08,-0.00619691001994116,0.06499879946252037,-0.28091301558295306,-0.3452185272594276,-0.017950687841513952,-0.05480364758321865,4.25760788596479e-09,1.0432668339446658,0.008845687154840812,0.2645911785776892,,-0.16619393723193293,False,False,,False,3
D+E|minvar_lw|vt6|brake,D+E,minvar_lw,0.06,True,2006-05-08,-0.0009626281829050454,0.04944023845864978,-0.28121341537411776,-0.35923392396431797,-0.0026796694818851836,-0.0732681727179294,3.9273329191740925e-09,1.0432668339446658,0.008694092099984547,0.2645911785776892,,-0.18638807874146568,False,False,,False,2
B+D+E+TSMOM|minvar_lw|vt8|nobrake,B+D+E+TSMOM,minvar_lw,0.08,False,2006-05-08,-0.011731472829837997,0.07841964323118596,-0.29168290810248115,-0.5333034298405321,-0.021997744948585706,-0.09252453828108764,3.181104497083897e-09,1.0432668339446658,0.007765434279032141,0.2645911785776892,,-0.1665154260396611,False,False,,False,4
B+D|eqrisk|vt6|nobrake,B+D,eqrisk,0.06,False,2006-04-20,-0.009120481390489932,0.07007721557281513,-0.2989849355284327,-0.41144542080348,-0.02216692890318052,-0.07445665011801883,2.905822195359467e-09,1.0432668339446658,0.007251814145189398,0.2645911785776892,,-0.17912804744160193,False,False,,False,2
B+D|minvar_lw|vt6|brake,B+D,minvar_lw,0.06,True,2006-05-08,-0.0029287198908304335,0.05046325388531415,-0.3136425348749566,-0.3211138671395929,-0.00912050269556648,-0.03897296373191006,2.8538113266594688e-09,1.0432668339446658,0.006526639712193534,0.2645911785776892,,-0.2206279436760361,False,False,,False,2
B+D+E+TSMOM|minvar_lw|vt6|nobrake,B+D+E+TSMOM,minvar_lw,0.06,False,2006-05-08,-0.007986402717808372,0.06642918585599071,-0.30060852060894605,-0.4694156565965414,-0.017013498816194395,-0.07475291494000269,2.6664781372488218e-09,1.0432668339446658,0.007050979168017386,0.2645911785776892,,-0.19254909146847995,False,False,,False,4
D+E|eqrisk|vt10|nobrake,D+E,eqrisk,0.1,False,2006-04-13,-0.0203721502694707,0.09480909332476128,-0.32024380948661196,-0.6387868920716079,-0.03189193535797692,-0.07902383371444865,2.2956035330072854e-09,1.0432668339446658,0.0059678209519959755,0.2645911785776892,,-0.19865615667173575,False,False,,False,2
B+D+E+PCT|minvar_lw|vt10|nobrake,B+D+E+PCT,minvar_lw,0.1,False,2006-05-08,-0.016477196305483388,0.08759393409085138,-0.3073455291651668,-0.5869571193354697,-0.028072231791205184,-0.09974833831171526,2.2318317077297826e-09,1.0432668339446658,0.006494791637853913,0.2645911785776892,,-0.18915647296525123,False,False,,False,4
B+D|eqrisk|vt10|nobrake,B+D,eqrisk,0.1,False,2006-04-20,-0.023346604219217193,0.10412858370708941,-0.3113407395333986,-0.5674221865650706,-0.04114503234451842,-0.10323286414240296,1.9671131479635033e-09,1.0432668339446658,0.00615867486195766,0.2645911785776892,,-0.1778060479868021,False,False,,False,2
B+D|minvar_lw|vt8|brake,B+D,minvar_lw,0.08,True,2006-05-08,-0.007090934657888237,0.06001094037830722,-0.3246064416949137,-0.3641091816981704,-0.01947474827417643,-0.05139675788665832,1.8838018855985033e-09,1.0432668339446658,0.005561380033047419,0.2645911785776892,,-0.20377908893911942,False,False,,False,2
D+E|eqrisk|vt8|nobrake,D+E,eqrisk,0.08,False,2006-04-13,-0.015253744662315438,0.08099680695955475,-0.3255040362503151,-0.5781940525198676,-0.026381704543374386,-0.06795603745246814,1.8823119688990852e-09,1.0432668339446658,0.0055256133878558225,0.2645911785776892,,-0.18779176017566576,False,False,,False,2
B+D|eqrisk|vt8|nobrake,B+D,eqrisk,0.08,False,2006-04-20,-0.017869630792218705,0.08897503886859405,-0.31810883709519255,-0.5129303134148706,-0.034838320771588535,-0.09871778660254882,1.5893965385558092e-09,1.0432668339446658,0.005625745104585641,0.2645911785776892,,-0.17639795106718476,False,False,,False,2
D+E|eqrisk|vt6|nobrake,D+E,eqrisk,0.06,False,2006-04-13,-0.009539910535077523,0.06529410946200079,-0.332797904229733,-0.4875070025796422,-0.019568766160479967,-0.05110252072094312,1.4176523950017424e-09,1.0432668339446658,0.004952942724779061,0.2645911785776892,,-0.19225611478503804,False,False,,False,2
B+D+E+PCT|minvar_lw|vt6|nobrake,B+D+E+PCT,minvar_lw,0.06,False,2006-05-08,-0.01056194031492863,0.06665590274476979,-0.3383517020633309,-0.48416125726620907,-0.021814922520992423,-0.07864856656074459,9.294854976017385e-10,1.0432668339446658,0.0043625526974877754,0.2645911785776892,,-0.23137205352886667,False,False,,False,4
B+D+E+PCT|minvar_lw|vt8|nobrake,B+D+E+PCT,minvar_lw,0.08,False,2006-05-08,-0.015198176994007051,0.07863796283285553,-0.33532683524513657,-0.5516576177295471,-0.027550017448427645,-0.09752740481369782,9.254617329822177e-10,1.0432668339446658,0.004454640584732027,0.2645911785776892,,-0.2188362094021951,False,False,,False,4
D+E+TSMOM|minvar_lw|vt10|nobrake,D+E+TSMOM,minvar_lw,0.1,False,2006-05-08,-0.01765864751070856,0.08371067412714871,-0.33995903235302416,-0.588071464375307,-0.030028063901156775,-0.09718970423892415,9.186023963151304e-10,1.0432668339446658,0.004301859262477707,0.2645911785776892,,-0.18140316517212215,False,False,,False,3
B+D+TSMOM|minvar_lw|vt10|nobrake,B+D+TSMOM,minvar_lw,0.1,False,2006-05-08,-0.022041600802582773,0.09035382750351688,-0.35782561169069,-0.5488432403810334,-0.040160102522681033,-0.10151486887224415,3.669881905417485e-10,1.0432668339446658,0.0031107791650894587,0.2645911785776892,,-0.2290994357132433,False,False,,False,3
D+E+PCT|minvar_lw|vt10|nobrake,D+E+PCT,minvar_lw,0.1,False,2006-05-08,-0.020703851615875735,0.08415215561604344,-0.3746081401290912,-0.6082780721613766,-0.03403682059803561,-0.10283417040960807,3.3182218702123197e-10,1.0432668339446658,0.0026882406941028075,0.2645911785776892,,-0.2422437267425545,False,False,,False,3
D+E+TSMOM|minvar_lw|vt8|nobrake,D+E+TSMOM,minvar_lw,0.08,False,2006-05-08,-0.017408751822723167,0.076844631330341,-0.37418403999236977,-0.5666088304445496,-0.030724462605117926,-0.09169001941738375,2.793015966418678e-10,1.0432668339446658,0.0025966275355004116,0.2645911785776892,,-0.21159872336665952,False,False,,False,3
B+D+E|minvar_lw|vt10|nobrake,B+D+E,minvar_lw,0.1,False,2006-05-08,-0.02348594985226804,0.08887187819175249,-0.38206901589103537,-0.6349126034899573,-0.03699083893306196,-0.09999075734700291,2.3196828485762556e-10,1.0432668339446658,0.0023502807766902934,0.2645911785776892,,-0.23515206064849647,False,False,,False,3
B+D+TSMOM|minvar_lw|vt8|nobrake,B+D+TSMOM,minvar_lw,0.08,False,2006-05-08,-0.019797915804664612,0.08155989285502722,-0.3777403615474772,-0.5280501366127581,-0.037492492534252055,-0.10002672690679892,2.1688983144667557e-10,1.0432668339446658,0.002391811199894035,0.2645911785776892,,-0.24936746857028536,False,False,,False,3
D+E+TSMOM|minvar_lw|vt6|nobrake,D+E+TSMOM,minvar_lw,0.06,False,2006-05-08,-0.014253892849281913,0.06675125368042485,-0.3937316012255422,-0.5189470514055596,-0.027466950261448592,-0.06977758729117,1.6710703385111316e-10,1.0432668339446658,0.002001415814119958,0.2645911785776892,,-0.24287134676878588,False,False,,False,3
B+D+TSMOM|minvar_lw|vt6|nobrake,B+D+TSMOM,minvar_lw,0.06,False,2006-05-08,-0.015554047409873095,0.06979234257490026,-0.3924777923492443,-0.4835236802133378,-0.03216811925945472,-0.07827815757475032,1.546286608447663e-10,1.0432668339446658,0.0019853444482826666,0.2645911785776892,,-0.2663261722750137,False,False,,False,3
B+D+E|minvar_lw|vt6|nobrake,B+D+E,minvar_lw,0.06,False,2006-05-08,-0.015296466315601775,0.06848717350743609,-0.3975166008550058,-0.5337372843963876,-0.028659167651929742,-0.07399956444440181,1.469630514447364e-10,1.0432668339446658,0.001889508907799501,0.2645911785776892,,-0.2521070009027947,False,False,,False,3
B+D+E|minvar_lw|vt8|nobrake,B+D+E,minvar_lw,0.08,False,2006-05-08,-0.020860919241674436,0.08065733078566074,-0.39639451989530633,-0.6006980090822331,-0.034727798205202075,-0.09608552047484553,1.3912095876615177e-10,1.0432668339446658,0.0018820305160938977,0.2645911785776892,,-0.2447041959718238,False,False,,False,3
B+D+PCT|minvar_lw|vt10|nobrake,B+D+PCT,minvar_lw,0.1,False,2006-05-08,-0.025847605434357268,0.09104355754586725,-0.39723206638404496,-0.5770784565480138,-0.04479045291167737,-0.10795000984140757,1.0761985529455197e-10,1.0432668339446658,0.001764414621828459,0.2645911785776892,,-0.29412927237405995,False,False,,False,3
D+E+PCT|minvar_lw|vt8|nobrake,D+E+PCT,minvar_lw,0.08,False,2006-05-08,-0.020238668075503674,0.07724699100790075,-0.4091435234970017,-0.5840181842158338,-0.03465417451458006,-0.09664414169305913,9.185395857797805e-11,1.0432668339446658,0.0015537202842446894,0.2645911785776892,,-0.2642082417386328,False,False,,False,3
D+E+PCT|minvar_lw|vt6|nobrake,D+E+PCT,minvar_lw,0.06,False,2006-05-08,-0.01607203200747498,0.06685075692032667,-0.4206522769682112,-0.5310969619984447,-0.030261954327507612,-0.07379469725964038,7.254140996710168e-11,1.0432668339446658,0.0013469726177385345,0.2645911785776892,,-0.2799592665124767,False,False,,False,3
B+D+PCT|minvar_lw|vt8|nobrake,B+D+PCT,minvar_lw,0.08,False,2006-05-08,-0.023082821624069716,0.08191782204793577,-0.41670080899796896,-0.5523851995055313,-0.04178754543882122,-0.10533045511356376,6.49788960746312e-11,1.0432668339446658,0.0013532066825651902,0.2645911785776892,,-0.2880919060797946,False,False,,False,3
B+D+PCT|minvar_lw|vt6|nobrake,B+D+PCT,minvar_lw,0.06,False,2006-05-08,-0.017676623454178753,0.07007183481898586,-0.4214343599739652,-0.5004575868589054,-0.03532092212873644,-0.08201786441317027,6.459555470488668e-11,1.0432668339446658,0.0013029993886684642,0.2645911785776892,,-0.2982082644368612,False,False,,False,3
B+D|minvar_lw|vt10|brake,B+D,minvar_lw,0.1,True,2006-05-08,-0.01672027769748219,0.06402587632774538,-0.45248208448838,-0.38524246327391753,-0.04340195926323322,-0.056315757388042176,2.5297055248830164e-11,1.0432668339446658,0.0008182746397573668,0.2645911785776892,,-0.2135291559567397,False,True,,False,2
D+E|minvar_lw|vt10|nobrake,D+E,minvar_lw,0.1,False,2006-05-08,-0.030398821554639466,0.08636791853044003,-0.4779110512947371,-0.6581075963384709,-0.04619126374436357,-0.10483380016301969,1.112634097412941e-11,1.0432668339446658,0.000546041337721641,0.2645911785776892,,-0.3301014209198181,False,False,,False,2
B+D|minvar_lw|vt6|nobrake,B+D,minvar_lw,0.06,False,2006-05-08,-0.023972062549515116,0.07244411022912015,-0.49403015829862357,-0.5469133632636407,-0.043831553879877194,-0.07668760939262265,6.299499412380633e-12,1.0432668339446658,0.000415276177420278,0.2645911785776892,,-0.35306016361210046,False,False,,False,2
D+E|minvar_lw|vt8|nobrake,D+E,minvar_lw,0.08,False,2006-05-08,-0.028066157245037915,0.07985866148732956,-0.49358361569670034,-0.6315954644022096,-0.04443692019163228,-0.09777078820278728,5.629545479904294e-12,1.0432668339446658,0.00040490091256495343,0.2645911785776892,,-0.34984403812134246,False,False,,False,2
D+E|minvar_lw|vt6|nobrake,D+E,minvar_lw,0.06,False,2006-05-08,-0.02262889705708193,0.06938018523481458,-0.49916918543384425,-0.5780947083699253,-0.039143926988865645,-0.0732681727179294,5.256265833302916e-12,1.0432668339446658,0.0003802596685164988,0.2645911785776892,,-0.3632647527276376,False,False,,False,2
B+D|minvar_lw|vt8|nobrake,B+D,minvar_lw,0.08,False,2006-05-08,-0.0318624531708489,0.0846183463543923,-0.5073858783915328,-0.6042240574058163,-0.052732844348580867,-0.10164373249789593,3.3330944255612344e-12,1.0432668339446658,0.00031600715301167563,0.2645911785776892,,-0.3511734016211955,False,False,,False,2
B+D|minvar_lw|vt10|nobrake,B+D,minvar_lw,0.1,False,2006-05-08,-0.036491261562139665,0.09266618753521676,-0.5071555004598229,-0.629570590507311,-0.0579621445352694,-0.10927204008487101,2.5733461497709044e-12,1.0432668339446658,0.00029593417712500144,0.2645911785776892,,-0.36994731379086265,False,False,,False,2
