,A,B,C,D,E,PCT,TSMOM
2005-01-03,0.0,0.0,0.0,0.0,0.0,0.0,0.0
2005-01-04,0.0,0.0,0.0,0.0,0.0,0.0,0.0
2005-01-05,0.0,0.0,0.0,0.0,0.0,0.0,0.0
2005-01-06,0.0,0.0,0.0,0.0,0.0,0.0,0.0
2005-01-07,0.0,0.0,0.0,0.0,0.0,0.0,0.0
2005-01-10,0.0,0.0,0.0,0.0,0.0,0.0,0.0
2005-01-11,0.0,0.0,0.0,0.0,0.0,0.0,0.0
2005-01-12,0.0,0.0,0.0,0.0,0.0,0.0,0.0
2005-01-13,0.0,0.0,0.0,0.0,0.0,0.0,0.0
2005-01-14,0.0,0.0,0.0,0.0,0.0,0.0,0.0
2005-01-18,0.0,0.0,0.0,0.0,0.0,0.0,0.0
2005-01-19,0.0,0.0,0.0,0.0,0.0,0.0,0.0
2005-01-20,0.0,0.0,0.0,0.0,0.0,0.0,0.0
2005-01-21,0.0,0.0,0.0,0.0,0.0,0.0,0.0
2005-01-24,0.0,0.0,0.0,0.0,0.0,0.0,0.0
2005-01-25,0.0,0.0,0.0,0.0,0.0,0.0,0.0
2005-01-26,0.0,0.0,0.0,0.0,0.0,0.0,0.0
2005-01-27,0.0,0.0,0.0,0.0,0.0,0.0,0.0
2005-01-28,0.0,0.0,0.0,0.0,0.0,0.0,0.0
2005-01-31,0.0,0.0,0.0,0.0,0.0,0.0,0.0
2005-02-01,0.0,0.0,0.0,0.0,0.0,0.0,0.0
2005-02-02,0.0,0.0,0.0,0.0,0.0,0.0,0.0
2005-02-03,0.0,0.0,0.0,0.0,0.0,0.0,0.0
2005-02-04,0.0,0.0,0.0,0.0,0.0,0.0,0.0
2005-02-07,0.0,0.0,0.0,0.0,0.0,0.0,0.0
2005-02-08,0.0,0.0,0.0,0.0,0.0,0.0,0.0
2005-02-09,0.0,0.0,0.0,0.0,0.0,0.0,0.0
2005-02-10,0.0,0.0,0.0,0.0,0.0,0.0,0.0
2005-02-11,0.0,0.0,0.0,0.0,0.0,0.0,0.0
2005-02-14,0.0,0.0,0.0,0.0,0.0,0.0,0.0
2005-02-15,0.0,0.0,0.0,0.0,0.0,0.0,0.0
2005-02-16,0.0,0.0,0.0,0.0,0.0,0.0,0.0
2005-02-17,0.0,0.0,0.0,0.0,0.0,0.0,0.0
2005-02-18,0.0,0.0,0.0,0.0,0.0,0.0,0.0
2005-02-22,0.0,0.0,0.0,0.0,0.0,0.0,0.0
2005-02-23,0.0,0.0,0.0,0.0,0.0,0.0,0.0
2005-02-24,0.0,0.0,0.0,0.0,0.0,0.0,0.0
2005-02-25,0.0,0.0,0.0,0.0,0.0,0.0,0.0
2005-02-28,0.0,0.0,0.0,0.0,0.0,0.0,0.0
2005-03-01,0.0,0.0,0.0,0.0,0.0,0.0,0.0
2005-03-02,0.0,0.0,0.0,0.0,0.0,0.0,0.0
2005-03-03,0.0,0.0,0.0,0.0,0.0,0.0,0.0
2005-03-04,0.0,0.0,0.0,0.0,0.0,0.0,0.0
2005-03-07,0.0,0.0,0.0,0.0,0.0,0.0,0.0
2005-03-08,0.0,0.0,0.0,0.0,0.0,0.0,0.0
2005-03-09,0.0,0.0,0.0,0.0,0.0,0.0,0.0
2005-03-10,0.0,0.0,0.0,0.0,0.0,0.0,0.0
2005-03-11,0.0,0.0,0.0,0.0,0.0,0.0,0.0
2005-03-14,0.0,0.0,0.0,0.0,0.0,0.0,0.0
2005-03-15,0.0,0.0,0.0,0.0,0.0,0.0,0.0
2005-03-16,0.0,0.0,0.0,0.0,0.0,0.0,0.0
2005-03-17,0.0,0.0,0.0,0.0,0.0,0.0,0.0
2005-03-18,0.0,0.0,0.0,0.0,0.0,0.0,0.0
2005-03-21,0.0,0.0,0.0,0.0,0.0,0.0,0.0
2005-03-22,0.0,0.0,0.0,0.0,0.0,0.0,0.0
2005-03-23,0.0,0.0,0.0,0.0,0.0,0.0,0.0
2005-03-24,0.0,0.0,0.0,0.0,0.0,0.0,0.0
2005-03-28,0.0,0.0,0.0,0.0,0.0,0.0,0.0
2005-03-29,0.0,0.0,0.0,0.0,0.0,0.0,0.0
2005-03-30,0.0,0.0,0.0,0.0,0.0,0.0,0.0
2005-03-31,0.0,0.0,0.0,0.0,0.0,0.0,0.0
2005-04-01,0.0,0.0,0.0,0.0,0.0,0.0,0.0
2005-04-04,0.0,0.0,0.0,0.0,0.0,0.0,0.0
2005-04-05,0.0,0.0,0.0,0.0,0.0,0.0,0.0
2005-04-06,0.0,0.0,0.0,0.0,0.0,0.0,0.0
2005-04-07,0.0,0.0,0.0,0.0,0.0,0.0,0.0
2005-04-08,0.0,0.0,0.0,0.0,0.0,0.0,0.0
2005-04-11,0.0,0.0,0.0,0.0,0.0,0.0,0.0
2005-04-12,0.0,0.0,0.0,0.0,0.0,0.0,0.0
2005-04-13,0.0,0.0,0.0,0.0,-0.0013574996491198372,0.0,0.0
2005-04-14,0.0,0.0,0.0,0.0,0.0038030674880719134,0.0,0.0
2005-04-15,0.0,0.0,0.0,0.0,0.012795444097458065,0.0,0.0
2005-04-18,0.0,0.0,0.0,0.0,-0.004461433650504698,0.0,0.0
2005-04-19,0.0,-0.007516707271846663,0.0,0.0,0.011101326445365423,0.0,0.0
2005-04-20,0.0,0.012959694254810427,0.0,0.0,-0.0005859566728102958,0.0,0.0
2005-04-21,0.0,-0.01783377292239943,0.0,0.0,0.0,0.0,0.0
2005-04-22,0.0,0.003583456873337251,0.0,0.0,0.0,0.0,0.0
2005-04-25,0.0,-0.005975233352723232,0.0,0.0,0.0,0.0,0.0
2005-04-26,0.0,-0.009108251334770123,0.0,0.0,0.0,0.0,0.0
2005-04-27,0.0,0.00330710694135258,0.0024181648471889644,0.0,-0.004016063823029151,0.0,0.0
2005-04-28,0.0,-0.011026816069965624,0.00547403212035978,0.0,0.006708873284041211,0.0,0.0
2005-04-29,0.0,0.011732465747305723,-0.003407090045210518,0.0,-0.00461406961073026,0.0,0.0
2005-05-02,0.0,0.004795354013224402,-0.00027428763063769496,0.0,0.001089689456653928,0.0,0.0
2005-05-03,0.0,0.0013989238632304423,0.0,0.0,0.001432909703355306,0.0,0.0
2005-05-04,0.0,0.006631033073646745,0.0,0.0,-0.00036598023604203,0.0,0.0
2005-05-05,0.0,-0.00026177212735337797,0.0,0.0,0.0,0.0,0.0
2005-05-06,0.0,0.0,0.0,0.0,0.013834857588780272,0.0,0.0
2005-05-09,0.0,0.0,0.0,0.0,0.00042642538896505604,0.0,0.0
2005-05-10,0.0,0.0,0.0,0.0,-0.006850450598527776,0.0,0.0
2005-05-11,0.0,0.0,0.0,0.0,-0.002384352767081463,0.0,0.0
2005-05-12,0.0,0.0,0.0,0.0,-0.00042588585653266926,0.0,0.0
2005-05-13,0.0,0.0,0.0,0.0,0.004425006100504746,0.0,0.0
2005-05-16,0.0,0.0,0.0,0.0,4.654253188926923e-06,0.0,0.0
2005-05-17,0.0,0.0,0.0,0.0,0.0023417789081661886,0.0,0.0
2005-05-18,0.0,-0.00840478095279976,0.0,0.0,0.006295172103148443,0.0,0.0
2005-05-19,0.0,-0.0032962978611723397,0.0,0.0,-0.00059805721477304,0.0,0.0
2005-05-20,0.0,0.0012201934691564358,0.0,0.0,0.0,0.0,0.0
2005-05-23,0.0,-0.004355631524702488,0.0,0.0,0.0,0.0,0.0
2005-05-24,0.0,0.0019516808154658306,0.0,0.0,0.0,0.0,0.0
2005-05-25,0.0,-0.0011864761700633851,0.0,0.0,0.003896207206144345,0.0,0.0
2005-05-26,0.0,0.004254299175165656,0.0003311616140706241,0.0,-0.00015266025713764195,0.0,0.0
2005-05-27,0.0,0.0012576399339346623,0.0018545136806557862,0.0,0.0010523877109392548,0.0,0.0
2005-05-31,0.0,-0.005287946553046365,0.01018924929788237,0.0,0.005799991950437434,0.0,0.0
2005-06-01,0.0,0.006829822637454839,-0.0005969055279112219,0.0,0.00711843760335449,0.0,0.0
2005-06-02,0.0,0.0016564984155738038,0.0,0.0,-0.00035292072647858487,0.0,0.0
2005-06-03,0.0,-0.004191748301322748,0.0,0.0,0.0,0.0,0.0
2005-06-06,0.0,-0.0002430902459484895,0.0,0.0,0.0,0.0,0.0
2005-06-07,0.0,0.0,0.0,0.0,0.0,0.0,0.0
2005-06-08,0.0,0.0,0.0,0.0,0.0032880688812782994,0.0,0.0
2005-06-09,0.0,0.0,0.0,0.0,-0.0005061259116529416,0.0,0.0
2005-06-10,0.0,0.0,0.0,0.0,-0.013528332791927845,0.0,0.0
2005-06-13,0.0,0.0,0.0,0.0,-0.00557283969848294,0.0,0.0
2005-06-14,0.0,0.0,0.0,0.0,-0.0025610043103428217,0.0,0.0
2005-06-15,0.0,0.0,0.0,0.0,-0.0009047681135726997,0.0,0.0
2005-06-16,0.0,0.0,0.0,0.0,-0.0005518917723553154,0.0,0.0
2005-06-17,0.0,0.0,0.0,0.0,0.0,0.0,0.0
2005-06-20,0.0,-0.00046041014401528805,0.0,0.0,0.0,0.0,0.0
2005-06-21,0.0,-0.00041449201882380837,0.0,0.0,0.0,0.0,0.0
2005-06-22,0.0,-0.0006310917629719587,0.0,0.0,0.0,0.0,0.0
2005-06-23,0.0,0.012458841180054756,0.0,0.0,0.0,0.0,0.0
2005-06-24,0.0,0.006541492700885041,0.0,0.0,0.0,0.0,0.0
2005-06-27,0.0,0.0006131390382529513,0.0,0.0,0.0,0.0,0.0
2005-06-28,0.0,0.007180599187357728,-0.007003317615322206,0.0,0.0,0.0,0.0
2005-06-29,0.0,-0.002417859328497583,-0.0007030085057141495,0.0,0.0001710047232175522,0.0,0.0
2005-06-30,0.0,-0.0048156480200833495,0.005007402726714994,0.0,0.002938699512791193,0.0,0.0
2005-07-01,0.0,0.002442862628592668,-0.0004490163079493689,0.0,-0.00949492365306697,0.0,0.0
2005-07-05,0.0,0.006865161128067626,0.0,0.0,-0.0045467280547791915,0.0,0.0
2005-07-06,0.0,-0.007386108015787639,0.0,0.0,0.002001734810006967,0.0,0.0
2005-07-07,0.0,-0.0002601879350247327,0.0,0.0,-0.0003062264803080102,0.0,0.0
2005-07-08,0.0,0.0,0.0,0.0,0.0,0.0,0.0
2005-07-11,0.0,0.0,0.0,0.0,0.0,0.0,0.0
2005-07-12,0.0,0.0,0.0,0.0,0.0,0.0,0.0
2005-07-13,0.0,0.0,0.0,0.0,0.0011829590903602452,0.0,0.0
2005-07-14,0.0,0.0,0.0,0.0,-0.0032027675092767315,0.0,0.0
2005-07-15,0.0,0.0,0.0,0.0,0.00017306409101923664,0.0,0.0
2005-07-18,0.0,0.0,0.0,0.0,-0.002821735704236387,0.0,0.0
2005-07-19,0.0,-0.005399435901454875,0.0,0.0,0.002082851659867331,0.0,0.0
2005-07-20,0.0,-0.0031489810509915824,0.0,0.0,-0.0004903840930105211,0.0,0.0
2005-07-21,0.0,0.0056747921308742824,0.0,0.0,0.0,0.0,0.0
2005-07-22,0.0,-0.006263990375552743,0.0,0.0,0.0,0.0,0.0
2005-07-25,0.0,0.0028154508628627636,0.0,0.0,0.0,0.0,0.0
2005-07-26,0.0,0.0005452637542665267,0.0,0.0,0.0,0.0,0.0
2005-07-27,0.0,0.003721000590887168,-0.001724718184550215,0.0,0.0013290442398429523,0.0,0.0
2005-07-28,0.0,0.006527341011029997,0.0039539601193677495,0.0,0.0039150649619446,0.0,0.0
2005-07-29,0.0,-0.007190441038262549,-0.00572015718483856,0.0,-0.006631138148234105,0.0,0.0
2005-08-01,0.0,-0.0009132728499389769,-0.00028071159124167764,0.0,-0.0023504899009556524,0.0,0.0
2005-08-02,0.0,0.006188906367058332,0.0,0.0,-0.0011767923313241652,0.0,0.0
2005-08-03,0.0,0.0026655468517145166,0.0,0.0,-0.00032435052385550395,0.0,0.0
2005-08-04,0.0,-0.0003173974376964913,0.0,0.0,0.0,0.0,0.0
2005-08-05,0.0,0.0,0.0,0.0,0.010307331017657524,0.0,0.0
2005-08-08,0.0,0.0,0.0,0.0,0.005483248381152553,0.0,0.0
2005-08-09,0.0,0.0,0.0,0.0,-0.005488713194632132,0.0,0.0
2005-08-10,0.0,0.0,0.0,0.0,0.001198056810473483,0.0,0.0
2005-08-11,0.0,0.0,0.0,0.0,-0.00048747612583346196,0.0,0.0
2005-08-12,0.0,0.0,0.0,0.0,0.0071990062093392326,0.0,0.0
2005-08-15,0.0,0.0,0.0,0.0,-0.0028749443645268735,0.0,0.0
2005-08-16,0.0,0.0,0.0,0.0,0.009185406240386851,0.0,0.0
2005-08-17,0.0,0.0,0.0,0.0,-0.008045102530003073,0.0,0.0
2005-08-18,0.0,0.0,0.0,0.0,-0.0006023490327877951,0.0,0.0
2005-08-19,0.0,-0.002980500311951007,0.0,0.0,0.0,0.0,0.0
2005-08-22,0.0,0.00014963542845380131,0.0,0.0,0.0,0.0,0.0
2005-08-23,0.0,0.0024203176921055954,0.0,0.0,0.0,0.0,0.0
2005-08-24,0.0,0.010920778498944711,0.0,0.0,-0.000691112227846921,0.0,0.0
2005-08-25,0.0,-0.004243023809794606,0.0,0.0,-0.0001617043093781308,0.0,0.0
2005-08-26,0.0,-0.009029325840185043,0.0,0.0,-0.0019339797913808536,0.0,0.0
2005-08-29,0.0,0.009020473944996067,0.0005354204237492205,0.0,0.0006165237517475986,0.0,0.0
2005-08-30,0.0,-0.006436472327480533,0.0091065001846651,0.0,0.004940282045308123,0.0,0.0
2005-08-31,0.0,0.014912000707695754,0.01279892548495427,0.0,-0.00032537560554737866,0.0,0.0
2005-09-01,0.0,-0.001038093612557419,-0.0005961282037915327,0.0,0.0,0.0,0.0
2005-09-02,0.0,-0.0023022138759831797,0.0,0.0,0.0,0.0,0.0
2005-09-06,0.0,0.013785964496352407,0.0,0.0,0.0,0.0,0.0
2005-09-07,0.0,-0.0003570213535928836,0.0,0.0,0.0,0.0,0.0
2005-09-08,0.0,0.0,0.0,0.0,-4.114894813302014e-05,0.0,0.0
2005-09-09,0.0,0.0,0.0,0.0,0.0006962782360289774,0.0,0.0
2005-09-12,0.0,0.0,0.0,0.0,-0.006582710161128673,0.0,0.0
2005-09-13,0.0,0.0,0.0,0.0,0.005824750150939284,0.0,0.0
2005-09-14,0.0,0.0,0.0,0.0,-0.004470363582814353,0.0,0.0
2005-09-15,0.0,0.0,0.0,0.0,-0.0006005988390134984,0.0,0.0
2005-09-16,0.0,0.0,0.0,0.0,0.0,0.0,0.0
2005-09-19,0.0,0.0,0.0,0.0,0.0,0.0,0.0
2005-09-20,0.0,0.008920228717075032,0.0,0.0,0.0,0.0,0.0
2005-09-21,0.0,0.010189584925926738,0.0,0.0,0.0,0.0,0.0
2005-09-22,0.0,-0.0037061711839771316,0.0,0.0,0.0,0.0,0.0
2005-09-23,0.0,-0.0007580603019307255,0.0,0.0,0.0,0.0,0.0
2005-09-26,0.0,-0.001107738458582043,0.0,0.0,0.0,0.0,0.0
2005-09-27,0.0,-0.0010728323815942518,0.0,0.0,0.0,0.0,0.0
2005-09-28,0.0,0.0009352843950463534,0.003144333588167553,0.0,-0.00250268226087564,0.0,0.0
2005-09-29,0.0,0.00877101163412934,-0.004752167950652213,0.0,-0.0034472722525793094,0.0,0.0
2005-09-30,0.0,0.0032456046106190705,-0.005946434871100257,0.0,-0.0034349804218734704,0.0,0.0
2005-10-03,0.0,-0.004075111086240673,-0.000601710605329682,0.0,-0.004630573100497454,0.0,0.0
2005-10-04,0.0,-0.012496012367776619,0.0,0.0,0.00039352385314723727,0.0,0.0
2005-10-05,0.0,-0.014534316172727657,0.0,0.0,-0.000367865379841926,0.0,0.0
2005-10-06,0.0,-0.0003293569545433064,0.0,0.0,0.0,0.0,0.0
2005-10-07,0.0,0.0,0.0,0.0,0.0,0.0,0.0
2005-10-10,0.0,0.0,0.0,0.0,0.0,0.0,0.0
2005-10-11,0.0,0.0,0.0,0.0,0.0,0.0,0.0
2005-10-12,0.0,0.0,0.0,0.0,0.0,0.0,0.0
2005-10-13,0.0,0.0,0.0,0.0,-0.0038555596246741906,0.0,0.0
2005-10-14,0.0,0.0,0.0,0.0,-0.0002863488663183482,0.0,0.0
2005-10-17,0.0,0.0,0.0,0.0,-0.0025664827168393593,0.0,0.0
2005-10-18,0.0,0.0,0.0,0.0,0.002457887926930164,0.0,0.0
2005-10-19,0.0,-0.01766100735500927,0.0,0.0,-0.0005715406337926578,0.0,0.0
2005-10-20,0.0,0.018654096182647247,0.0,0.0,0.0,0.0,0.0
2005-10-21,0.0,-0.003976180439317262,0.0,0.0,0.0,0.0,0.0
2005-10-24,0.0,-0.016142087948600458,0.0,0.0,0.0,0.0,0.0
2005-10-25,0.0,0.0022406974019452113,0.0,0.0,0.0,0.0,0.0
2005-10-26,0.0,-0.003325734078312087,0.0,0.0,0.004751573869986949,0.0,0.0
2005-10-27,0.0,-0.00962840438147235,0.0024730587448442806,0.0,0.0019477592968938598,0.0,0.0
2005-10-28,0.0,0.01270939149700164,-0.0016593090896892017,0.0,-0.0015784577184453738,0.0,0.0
2005-10-31,0.0,0.0023201786050693284,0.0007640633556384077,0.0,0.0007347635468585074,0.0,0.0
2005-11-01,0.0,0.002537388268159235,-0.00040341273618640656,0.0,-0.0010284901534055862,0.0,0.0
2005-11-02,0.0,0.009195617129999192,0.0,0.0,-0.0003942360294933375,0.0,0.0
2005-11-03,0.0,0.0036746354211604692,0.0,0.0,0.0,0.0,0.0
2005-11-04,0.0,-0.0002678421136585293,0.0,0.0,0.0006570573827366679,0.0,0.0
2005-11-07,0.0,0.0,0.0,0.0,-0.0033641257790292586,0.0,0.0
2005-11-08,0.0,0.0,0.0,0.0,-0.009667525237635219,0.0,0.0
2005-11-09,0.0,0.0,0.0,0.0,0.0108988764105084,0.0,0.0
2005-11-10,0.0,0.0,0.0,0.0,-0.000407624616325806,0.0,0.0
2005-11-11,0.0,0.0,0.0,0.0,0.0015175544126201724,0.0,0.0
2005-11-14,0.0,0.0,0.0,0.0,-0.009233827030569628,0.0,0.0
2005-11-15,0.0,0.0,0.0,0.0,0.006467498090584707,0.0,0.0
2005-11-16,0.0,0.0,0.0,0.0,0.009820997238781125,0.0,0.0
2005-11-17,0.0,-0.008423595083865086,0.0,0.0,-0.0005969904956997086,0.0,0.0
2005-11-18,0.0,-0.0033747259490494643,0.0,0.0,0.0,0.0,0.0
2005-11-21,0.0,-0.004353546111170732,0.0,0.0,0.0,0.0,0.0
2005-11-22,0.0,-0.0036973759262002733,0.0,0.0,0.0,0.0,0.0
2005-11-23,0.0,-0.005018635653439554,0.0,0.0,0.0032889477680267433,0.0,0.0
2005-11-25,0.0,2.552243289738091e-05,0.0,0.0,0.0029472762126289617,0.0,0.0
2005-11-28,0.0,-0.006404744779090994,0.0017170492279557973,0.0,0.0015155511240335128,0.0,0.0
2005-11-29,0.0,-0.00111927290201347,-0.011278753261255116,0.0,-0.00733595739763859,0.0,0.0
2005-11-30,0.0,-0.004910653274928061,-0.0012698037387325193,0.0,-0.0008236298558481621,0.0,0.0
2005-12-01,0.0,0.008900855328231514,-0.0006002883149981557,0.0,-0.00038972160466304727,0.0,0.0
2005-12-02,0.0,0.0009807656744416596,0.0,0.0,0.0,0.0,0.0
2005-12-05,0.0,-0.002023470386950359,0.0,0.0,0.0,0.0,0.0
2005-12-06,0.0,-0.00026557338704888276,0.0,0.0,0.0,0.0,0.0
2005-12-07,0.0,0.0,0.0,0.0,0.0008914078883937422,0.0,0.0
2005-12-08,0.0,0.0,0.0,0.0,-0.0016769292583905758,0.0,0.0
2005-12-09,0.0,0.0,0.0,0.0,-0.009860563217319996,0.0,0.0
2005-12-12,0.0,0.0,0.0,0.0,-0.004884223651747432,0.0,0.0
2005-12-13,0.0,0.0,0.0,0.0,0.004524529533703947,0.0,0.0
2005-12-14,0.0,0.0,0.0,0.0,0.012219196130108922,0.0,0.0
2005-12-15,0.0,0.0,0.0,0.0,-0.0005962895601843032,0.0,0.0
2005-12-16,0.0,0.0,0.0,0.0,0.0,0.0,0.0
2005-12-19,0.0,0.004626532118524451,0.0,0.0,0.0,0.0,0.0
2005-12-20,0.0,-0.0007564635446670945,0.0,0.0,0.0,0.0,0.0
2005-12-21,0.0,-0.0013426527707473604,0.0,0.0,0.0,0.0,0.0
2005-12-22,0.0,-0.0047273444018966215,0.0,0.0,0.0,0.0,0.0
2005-12-23,0.0,-0.0003829491101868565,0.0,0.0,0.0,0.0,0.0
2005-12-27,0.0,-0.010386196203877238,0.0,0.0,0.0,0.0,0.0
2005-12-28,0.0,0.001975574619718347,-0.0061369948421090646,0.0,0.0,0.0,0.0
2005-12-29,0.0,-0.004382009938882145,0.0018071565197137467,0.0,-0.0017548098441869451,0.0,0.0
2005-12-30,0.0,-0.0053146416203445025,0.000347556463644057,0.0,-0.0005204911830353236,0.0,0.0
2006-01-03,0.0,0.01656899901343393,-0.0005223581968381552,0.0,-0.00036652018933127565,0.0,0.0
2006-01-04,0.0,0.004347508145404754,0.0,0.0,0.002121600434684069,0.0,0.0
2006-01-05,0.0,0.00044261215156007975,0.0,0.0,9.392933188344182e-05,0.0,0.0
2006-01-06,0.0,-0.0002852304332233089,0.0,0.0,-0.0003977741534944554,0.0,0.0
2006-01-09,0.0,0.0,0.0,0.0,0.0,0.0,0.0
2006-01-10,0.0,0.0,0.0,0.0,0.0,0.0,0.0
2006-01-11,0.0,0.0,0.0,0.0,0.004729589693444376,0.0,0.0
2006-01-12,0.0,0.0,0.0,0.0,0.005657831017860988,0.0,0.0
2006-01-13,0.0,0.0,0.0,0.0,0.008498320686462538,0.0,0.0
2006-01-17,0.0,0.0,0.0,0.0,0.0020360544085707127,0.0,0.0
2006-01-18,0.0,0.0,0.0,0.0,0.0003739329117995468,0.0,0.0
2006-01-19,0.0,-0.003879083281929394,0.0,0.0,-0.0005995190151217196,0.0,0.0
2006-01-20,0.0,0.01794101782990728,0.0,0.0,0.0,0.0,0.0
2006-01-23,0.0,-0.003341151194542071,0.0,0.0,0.0,0.0,0.0
2006-01-24,0.0,-0.0008505827441299185,0.0,0.0,0.0,0.0,0.0
2006-01-25,0.0,-0.0006925818608172488,0.0,0.0,0.008630033817703204,0.0,0.0
2006-01-26,0.0,0.004987946800143873,0.0,0.0,-0.004216676947009276,0.0,0.0
2006-01-27,0.0,0.009501999603394231,0.0004939901274880453,0.0,0.0007679909293719584,0.0,0.0
2006-01-30,0.0,-0.0009952116191867567,-0.00466469162172095,0.0,-0.0033676572675118903,0.0,0.0
2006-01-31,0.0,-0.007828149378019338,0.002537342658659727,0.0,0.0018500851862359635,0.0,0.0
2006-02-01,0.0,0.007112772435364048,-0.0005991368499936229,0.0,-0.00043836736149786967,0.0,0.0
2006-02-02,0.0,-0.012308040013275954,0.0,0.0,0.0,0.0,0.0
2006-02-03,0.0,-0.005369285451008638,0.0,0.0,-0.006316688070242828,0.0,0.0
2006-02-06,0.0,-0.0003135490494330092,0.0,0.0,0.0032093811455435575,0.0,0.0
2006-02-07,0.0,0.0,0.0,0.0,0.0027335313549639367,0.0,0.0
2006-02-08,0.0,0.0,0.0,0.0,0.0015306076953849979,0.0,0.0
2006-02-09,0.0,0.0,0.0,0.0,-0.0016084364821124426,0.0,0.0
2006-02-10,0.0,0.0,0.0,0.0,-0.0073453331114159874,0.0,0.0
2006-02-13,0.0,0.0,0.0,0.0,-0.0003549225675460242,0.0,0.0
2006-02-14,0.0,0.0,0.0,0.0,-0.003259102543052143,0.0,0.0
2006-02-15,0.0,-0.003957109727934954,0.0,0.0,0.0032820840474973452,0.0,0.0
2006-02-16,0.0,-0.007924913343274533,0.0,0.0,-0.0005989133485510478,0.0,0.0
2006-02-17,0.0,0.0031036971184574256,0.0,0.0,0.0,0.0,0.0
2006-02-21,0.0,0.0028638715177836684,0.0,0.0,0.002141096709832463,0.0,0.0
2006-02-22,0.0002840073135095253,-0.006389505278782212,0.0,0.0,-0.007160425514153382,0.0,0.0
2006-02-23,-0.0010047817950100575,-0.0024001535054818716,0.0,0.0,0.0016144220981561905,0.0,0.0
2006-02-24,-0.0013150686191629782,0.0025296855169193717,-0.003368585723159202,0.0,-0.003599517184234113,0.0,0.0
2006-02-27,-0.0011903505845399479,0.00022063233810650017,-0.004223696850964235,0.0,-0.004223696850964235,0.0,0.0
2006-02-28,0.004356337259614365,-0.010296020265719201,0.007628796366974355,0.0,0.007628796366974355,0.0,0.0
2006-03-01,-0.00023199997839583862,0.009266037373140973,-0.00059762262119148,0.0,-0.004301765507777105,0.0,0.0
2006-03-02,0.0,-0.0002719750673183845,0.0,0.0,-0.0006011875944077598,0.0,0.0
2006-03-03,0.0,-0.005123171883111065,0.0,0.0,0.0,0.0,0.0
2006-03-06,0.0,-0.00031917692651766116,0.0,0.0,0.0,0.0,0.0
2006-03-07,0.0,0.0,0.0,0.0,0.0,0.0,0.0
2006-03-08,0.0,0.0,0.0,0.0,-0.0012490296157729509,0.0,0.0
2006-03-09,0.0,0.0,0.0,0.0,-0.0016230042290560228,0.0,0.0
2006-03-10,0.0,0.0,0.0,0.0,-0.005466834852339891,0.0,0.0
2006-03-13,0.0,0.0,0.0,0.0,-0.002069548751144807,0.0,0.0
2006-03-14,0.0,0.0,0.0,0.0,0.01115243195409869,0.0,0.0
2006-03-15,0.0,0.0,0.0,0.0,-0.004013540819654693,0.0,0.0
2006-03-16,0.0,0.0,0.0,0.0,-0.0006010996735306592,0.0,0.0
2006-03-17,0.0,0.0,0.0,0.0,0.0,0.0,0.0
2006-03-20,0.0,0.0,0.0,0.0,0.0,0.0,0.0
2006-03-21,0.0,0.006332073584842128,0.0,0.0,0.0,0.0,0.0
2006-03-22,0.0,-0.00609953644620808,0.0,0.0,0.0,0.0,0.0
2006-03-23,0.0,0.0022997906585573904,0.0,0.0,0.0,0.0,0.0
2006-03-24,0.0,-0.0006186262735782412,0.0,0.0,0.0,0.0,0.0
2006-03-27,-0.0025538097072973875,0.0016718216896723635,0.0,0.0,0.004100616638337143,0.0,0.0
2006-03-28,-0.0028772421820405115,-0.007086155964972234,0.0,0.0,0.003525456601595713,0.0,0.0
2006-03-29,-0.004548799578970125,0.006223163612963714,-0.002912689411215574,0.0,0.0008916441731769574,0.0,0.0
2006-03-30,-0.002792067785029912,-0.0019900887437055304,-0.0062282083140209965,0.0,-0.007062298930087136,0.0,0.0
2006-03-31,0.0006433407201682146,5.278999753941969e-05,0.0011107937365928938,0.0,0.0011107937365928938,0.0,0.0
2006-04-03,-0.0005191140555013185,-0.0009718402426221049,-0.0005995592598274576,0.0,-0.002574681822473485,-0.005911110247076654,-0.006125534854265634
2006-04-04,0.0,0.006353747813964855,0.0,0.0,-0.00011530191157268813,0.0022739416440548613,0.0023510044694289734
2006-04-05,0.0,0.0033381998228832364,0.0,0.0,-0.0005999258378593538,-0.0008796926064654093,0.0005087695022967003
2006-04-06,0.0,-0.000306581619535772,0.0,0.0,0.0,0.008013298120876448,0.005253401268009852
2006-04-07,0.0,0.0,0.0,0.0,0.0,0.0021337927431994497,-0.0021924088641277753
2006-04-10,0.0,0.0,0.0,0.0,0.0,0.0017326892601550615,-5.288899783163298e-05
2006-04-11,0.0,0.0,0.0,0.0,0.0,-0.010146343427214863,-0.009588038393706914
2006-04-12,0.0,0.0,0.0,0.0,0.0,0.007970836622398964,0.006117605084169079
2006-04-13,0.0,0.0,0.0,0.0,0.0,0.009767552726718668,0.0057263164182958385
2006-04-17,0.0,0.0,0.0,0.0,0.0,-0.0034747001374370035,-0.0020335893364947784
2006-04-18,0.0,-0.017396364769714855,0.0,0.0,0.0,0.004687771420096868,0.01060924754804837
2006-04-19,0.0,-0.0019064328935640069,0.0,0.0,0.0,0.008133734996244655,0.008188931141430598
2006-04-20,0.0,-0.0013111535882786153,0.0,0.0,0.0,-0.0040589719125334114,-0.0023269412985868106
2006-04-21,0.0,2.013945252587443e-05,0.0,0.0,0.0,-0.0021624032618351974,-0.001451624340287717
2006-04-24,0.0011633106175842696,0.0021786197957890914,0.0,0.0,0.0,-0.005957082351136209,-0.005603889642051688
2006-04-25,-0.0035317051885506256,-0.005529878393647365,0.0,0.0,0.0,0.013208341776203034,0.007667256341607715
2006-04-26,-0.0005468080266749426,5.027958966374795e-05,-0.001142046649794129,0.0,0.0007405994649181533,0.00440033511885337,0.003616584786856569
2006-04-27,0.00037215460000563684,0.005245224029404728,0.0029647745807824797,0.0,-0.002268402028535236,-0.005067929776755155,-0.003132901631866474
2006-04-28,0.00010496693065135032,0.003582511897706366,0.0018035166123442378,0.0,0.0022799839378331204,4.1573826867606086e-05,0.0011683000793369254
2006-05-01,-0.0003350894715827461,-0.009398586930159518,-0.0003487231148285883,0.0,-0.011204754749690368,0.0041151665129607095,0.000940071551280518
2006-05-02,0.0,0.008273614065165887,0.0,0.0,0.0028703465205625863,0.0021435456171702435,0.004084526400607421
2006-05-03,0.0,-0.00442090802812494,0.0,0.0,-0.0031168785675245473,0.0018760728484345634,0.00022679103231369187
2006-05-04,0.0,-0.0003388075792719237,0.0,0.0,-0.000600825130871608,0.008277385507459843,0.00879311394131333
2006-05-05,0.0,0.0,0.0,0.0,-0.004997212894358765,-0.0019924984332093643,0.0037810862445093736
2006-05-08,0.0,0.0,0.0,0.0,-0.0006467998880501276,-0.001299491538667183,-0.00022623035038574804
2006-05-09,0.0,0.0,0.0,0.0,0.0010996239251670579,0.0040197291167371,0.002185842893857315
2006-05-10,0.0,0.0,0.0,0.0,-0.0006366122887515799,-0.0033825881385827097,-0.004015368994937617
2006-05-11,0.0,0.0,0.0,0.0,0.003325177967792105,-0.0024550422714591613,-0.0091886333057289
2006-05-12,0.0,0.0,0.0,0.0,-0.00897724944017739,0.002955998867732622,-0.005968332595801886
2006-05-15,0.0,0.0,0.0,0.0,0.0038805638270816836,-0.011637668027957519,-0.006232412053320984
2006-05-16,0.0,0.0,0.0,0.0,0.0071226819767840985,-0.006818198785515619,-0.005414961280212154
2006-05-17,0.0,0.0,0.0,0.0,-0.006104282450449668,-0.000858113012874335,-0.011112282343453236
2006-05-18,0.0,0.0056186683094611445,0.0,0.0,-0.0006017283726349248,-0.016768108539772578,-0.014992597335316094
2006-05-19,0.0,-0.007857047761527583,0.0,0.0,0.0,-0.002580134989817698,0.0037755463439455975
2006-05-22,0.0,0.00890964072744828,0.0,0.0,0.0,-0.007105492637593313,-0.011538446993098124
2006-05-23,0.0,0.008886183485261014,0.0,0.0,0.0,0.0006469871760718782,-0.003800025522901545
2006-05-24,0.003750768774442448,-0.008929027695349536,0.0,0.0,-0.0032242526473019004,-0.004083118515180971,-0.00035153344179014777
2006-05-25,0.014137473671523779,0.01189866106326283,0.0,0.0,0.000881390020865032,0.009407184428544003,0.014837180618979082
2006-05-26,0.0030998494126578003,0.005054129728726686,0.0007633521907639641,0.0,0.0005503101084687956,0.001725892929146281,0.0035208491893888886
2006-05-30,-0.014120235433970594,-0.018504928718963243,-0.0021115700888087634,0.0,-0.0021115700888087634,-0.0053513468443095865,-0.011960752306332166
2006-05-31,0.015800396126137962,0.011334725796727157,-0.0065732314413360455,0.0,-0.0065732314413360455,0.004951454639914474,0.009182301295759738
2006-06-01,-0.0008055056839405876,0.009672754972316065,-0.0006018705466153972,0.0,0.0029686192600987937,-0.0031636268217572834,0.0013949050167020587
2006-06-02,0.0,0.001970558650318176,0.0,0.0,-0.000599000054318516,-0.00492490009819392,-0.007498495814374279
2006-06-05,0.0,-0.015219905274440447,0.0,0.0,0.0,0.0014742841294795028,-0.004776256722121678
2006-06-06,0.0,-0.0003094718542697931,0.0,0.0,0.0,-0.009016608409556247,-0.007435782270874949
2006-06-07,0.0,0.0,0.0,0.0,0.0024736567410377263,0.002506080446235457,-0.0009742680496880696
2006-06-08,0.0,0.0,0.0,0.0,-0.0023750450535831476,-0.00738367478191343,-0.009038786347683682
2006-06-09,0.0,0.0,0.0,0.0,0.0033716506182518815,-0.0033756717854736044,-0.0059858964240042545
2006-06-12,0.0,0.0,0.0,0.0,-0.0013717357230836511,-0.004556318827958917,-0.006157581081515342
2006-06-13,0.0,0.0,0.0,0.0,0.0023384748195982496,-0.016881344204606963,-0.017881881515952755
2006-06-14,0.0,0.0,0.0,0.0,-0.013699628072562111,0.008327530454729297,0.013560865911434121
2006-06-15,0.0,0.0,0.0,0.0,-0.0006040500203529634,0.019322615027352583,0.0225748139361709
2006-06-16,0.0,0.0,0.0,0.0,0.0,-0.0001882720830478511,-0.001578400902369468
2006-06-19,0.0,0.0,0.0,0.0,0.0,-0.005602132471310973,-0.006090559359018687
2006-06-20,0.0,-0.002876256831692226,0.0,0.0,0.0,0.0025043423208522065,0.004373631052002457
2006-06-21,0.0,-0.005918878541112324,0.0,0.0,0.0,0.006940310484913229,0.008721688252093608
2006-06-22,0.0,0.0037404387176125454,0.0,0.0,0.0,0.003405969815960026,0.002091531671002859
2006-06-23,0.0,0.00027651356422069104,0.0,0.0,0.0,0.0009654408317383949,0.002172041484966611
2006-06-26,0.0013170534635111694,-0.003464722641329441,0.0,0.0,0.001017494545717609,0.007538801638664816,0.0061463069969009436
2006-06-27,-0.003841883995815676,-0.007652720628548787,0.0,0.0,-0.004900427468820764,-0.003376239511167236,-0.007860186313474134
2006-06-28,0.0039411466155286545,0.005337805564734922,-0.0074903461967669675,0.0,0.002172856486284407,0.007951724118266676,0.009823625761174428
2006-06-29,0.0023104509010271486,0.01621667142831102,0.007891743730112718,0.0,0.00707176452467689,0.0077255210554184805,0.010931230676783841
2006-06-30,-0.0022583729391985304,-9.354802814169405e-05,0.006607756101118035,0.0,0.006607756101118035,-0.0007048045829484843,-0.002402668280296261
2006-07-03,-0.00027743537349615905,0.0031520750717302453,-0.000597915565837709,0.0,-0.0013469791232361998,0.010393744504443544,0.010140276541685507
2006-07-05,0.0,-0.004787444977275272,0.0,0.0,-0.00763880897141127,0.0022519307523686106,8.238173141816103e-05
2006-07-06,0.0,0.002203271047590016,0.0,0.0,-0.0006021912558034853,-0.003515717991991069,-0.0028782208100874423
2006-07-07,0.0,-0.00024331137101602835,0.0,0.0,0.0,-0.010313252181160242,-0.010434466440821102
2006-07-10,0.0,0.0,0.0,0.0,0.0,-0.001077600123232547,-0.00012607162261851003
2006-07-11,0.0,0.0,0.0,0.0,0.0,0.0027844737493235177,0.0023502132735303263
2006-07-12,0.0,0.0,0.0,0.0,0.0,-0.004458134903633677,-0.007459930014223412
2006-07-13,0.0,0.0,0.0,0.0,0.0,-0.011226161621441966,-0.013089601206468399
2006-07-14,0.0,0.0,0.0,0.0,0.0,-0.0038431965831222385,-0.004822751180144683
2006-07-17,0.0,0.0,0.0,0.0,0.0,-0.005390161179953555,-0.004177963671517647
2006-07-18,0.0,0.0,0.0,0.0,0.0,0.010204272101133543,0.010400093986224138
2006-07-19,0.0,-0.010348443169141333,0.0,0.0,0.0,0.0012309922757120768,0.00427660798359693
2006-07-20,0.0,0.005192813513127151,0.0,0.0,0.0,-0.01260052036959211,-0.012821164488575286
2006-07-21,0.0,0.005349372512524624,0.0,0.0,0.0,-0.0031727980867411404,-0.004426860833091595
2006-07-24,0.0,-0.01335404640943531,0.0,0.0,0.0,0.009273291758330724,0.012499619481940664
2006-07-25,0.00297665069500072,-0.002506681725247502,0.0,0.0,0.0,0.0030190467161127065,0.003117996061936231
2006-07-26,-0.0030155556758884885,0.00037605542494490926,0.0,0.0,-0.0051785675591337794,-0.0030672865139759124,-0.0025875689901362882
2006-07-27,-0.00011155239844144564,-0.0008112884916527156,-0.0009083657207157274,0.0,-0.00013575779647415133,0.0024167447949920303,0.0012387697836098504
2006-07-28,0.001122884349868972,0.006971153410062926,0.003687289502574226,0.0,0.00420955017296162,0.0023798240484846182,0.004785675793893225
2006-07-31,-0.002865656963134031,-0.0008613195405219778,0.0020531096034106487,0.0,0.002805652232600652,-0.0016800385990143564,-0.001960193754305341
2006-08-01,-0.0006316869679575271,-0.003636025124379359,-0.00043860511215283433,0.0,7.078656147793268e-05,-0.0005684100322030782,-0.0032365359020946356
2006-08-02,0.0,0.004655265403784102,0.0,0.0,0.0013331871525410325,0.001400025987192697,-0.002959493434070697
2006-08-03,0.0,0.0017422299408492027,0.0,0.0,-0.0005994825624548022,-0.0018059104793731757,-0.000908429340220233
2006-08-04,0.0,-0.00021298154737125168,0.0,0.0,-0.010090169403505583,-0.0038831952463527237,-0.006478085490138171
2006-08-07,0.0,0.0,0.0,0.0,0.003060974267554742,-0.0006639414508984228,0.00014471701578453776
2006-08-08,0.0,0.0,0.0,0.0,0.00012319702952052003,-0.0016972991338703722,-0.001987339271902299
2006-08-09,0.0,0.0,0.0,0.0,0.0013516216023062467,0.0034331506466543154,0.002582658854346592
2006-08-10,0.0,0.0,0.0,0.0,-0.00048303389267409947,-0.0013223882425736615,-0.0004302653578994011
2006-08-11,0.0,0.0,0.0,0.0,-0.007527011939636617,6.707405224042501e-06,0.0041588292775103985
2006-08-14,0.0,0.0,0.0,0.0,-0.0038475494209021374,0.001717346913170996,0.00404973729953641
2006-08-15,0.0,0.0,0.0,0.0,0.009232395298185925,-0.0020647146457609864,-0.008070332486880384
2006-08-16,0.0,0.0,0.0,0.0,0.007956533656505713,-0.003922429989962825,-0.00825369239728109
2006-08-17,0.0,0.0,0.0,0.0,-0.0005975153133654714,-0.003508740922938378,-0.0011631123861843738
2006-08-18,0.0,0.0,0.0,0.0,0.0,-0.0020026932906423702,-0.004567056998722767
2006-08-21,0.0,0.00313577621823916,0.0,0.0,0.0,0.0006277598122050781,-0.00016960818574917358
2006-08-22,0.0,0.00019526925947913344,0.0,0.0,0.0,-0.0015589837167551044,-0.001377504594287271
2006-08-23,0.0,0.0022190725507405776,0.0,0.0,0.0,-0.002374705667693528,0.00047109473054983127
2006-08-24,0.0,0.000775175056240105,0.0,0.0,0.0,-0.0023938192464044725,-0.0002652666906134648
2006-08-25,5.646189487168329e-05,-0.0007883191916066516,0.0,0.0,0.0,-0.0014808268525920139,-0.003197304801091998
2006-08-28,-0.0002321490129148315,0.0031147855067130722,0.0,0.0,1.4955046532843884e-05,0.0002662801422334916,0.002263372639533026
2006-08-29,4.736497801896265e-05,0.000744976216176274,0.0007121088818571284,0.0,-0.0013361382400699912,0.0004501949940236751,-0.0016907263106830783
2006-08-30,0.00011811394775149627,0.0003254511121186859,0.002040711111809339,0.0,-0.0011715408610537218,-0.00041635519243167073,-0.0015999044047439682
2006-08-31,0.0001655831629760832,-0.0002717280284517102,0.002279193660912317,0.0,0.0014459722322576684,-0.0008556582469455243,-0.0031436036314117137
2006-09-01,-5.236626457916983e-05,0.004509805955450508,-0.0005992010143320875,0.0,0.0025826167142403685,-0.00020723593667273398,0.0002236686681831807
2006-09-05,0.0,0.0013341078991313943,0.0,0.0,-0.0069509730388090845,0.00941828460570482,0.010863183339288691
2006-09-06,0.0,-0.007028518619589173,0.0,0.0,-0.001847360100199344,-0.0005193989631443463,-0.004270951066919221
2006-09-07,0.0,-0.0002337700475632788,0.0,0.0,-0.0006004390168238785,-0.003588592665091031,-0.006220345729429308
2006-09-08,0.0,0.0,0.0,0.0,0.0,-0.001450217295822775,0.00037193111382974136
2006-09-11,0.0,0.0,0.0,0.0,0.0034131358885671438,0.00029224389688960477,-0.0016908298033809252
2006-09-12,0.0,0.0,0.0,0.0,-0.005260448421023367,-0.0041018207908284365,0.000716545345147922
2006-09-13,0.0,0.0,0.0,0.0,0.0003634202929437018,-0.0026176690656863144,-0.00031678434275472686
2006-09-14,0.0,0.0,0.0,0.0,-0.004273366749446961,0.0031152472203687344,-0.000149160296016916
2006-09-15,0.0,0.0,0.0,0.0,-0.0016042091985911276,0.002598187759412475,0.004193115577315468
2006-09-18,0.0,0.0,0.0,0.0,-0.0033093511491376747,0.0033137589691968118,0.0029703154048158955
2006-09-19,0.0,0.002308521666120161,0.0,0.0,-0.0006008805102975971,-0.013360405016899876,-0.011611878080145799
2006-09-20,0.0,-0.0049853209704058925,0.0,0.0,0.0,0.00012104098924728713,0.0022077010578360127
2006-09-21,0.0,0.004860363299786217,0.0,0.0,0.0,-0.014512403999930687,-0.014521974157759498
2006-09-22,0.0,0.0031159672752272987,0.0,0.0,0.0,-0.005639518401816746,-0.005467779821919598
2006-09-25,-2.69032065809463e-06,-0.00729026819527383,0.0,0.0,0.0,-0.006705025584409093,-0.0039725028689503806
2006-09-26,-0.0009505515323021993,0.007403987670224043,0.0,0.0,0.0,0.007175412692406591,0.006817292623124363
2006-09-27,-0.00013433380757386291,0.0009938264768645007,-0.0009638948285228687,0.0,0.00023225006587604212,0.0035518673013203634,0.005338845959670723
2006-09-28,-0.00015728919435040815,-0.0005542376286299495,-0.0015211596859443458,0.0,0.0007820348951934019,0.001467976976923306,0.0007335554813082219
2006-09-29,-0.00014994015518648567,-0.0009969005316867218,-0.001682842006710745,0.0,-0.0034298058758444215,0.0014951715480393617,-1.4250542624315212e-05
2006-10-02,-6.83373764101109e-05,-0.0038744638057000885,-0.0003973325421826445,0.0,0.003148576158889964,0.016401926303989862,-0.005765208278108473
2006-10-03,0.0,0.00188601676448825,0.0,0.0,-0.000622615877905814,-0.00495900927384495,-0.0006207711154497242
2006-10-04,0.0,0.011338888177231587,0.0,0.0,0.008778965358403812,-0.007803251001016965,-0.0027731782681143825
2006-10-05,0.0,-0.00029566166409038887,0.0,0.0,-0.0005972769460235611,0.008581473628326139,0.009530752446190878
2006-10-06,0.0,0.0,0.0,0.0,0.0,0.006216837087337784,0.007060007070084797
2006-10-09,0.0,0.0,0.0,0.0,0.0,3.626252230379913e-05,0.0007126050944737949
2006-10-10,0.0,0.0,0.0,0.0,0.0,0.00758790703528273,0.00956251898984487
2006-10-11,0.0,0.0,0.0,0.0,0.0,0.0026314197800503215,0.0024012777620569855
2006-10-12,0.0,0.0,0.0,0.0,0.0,0.003943453302100138,0.005160298105776278
2006-10-13,0.0,0.0,0.0,0.0,0.0,0.009053368197993638,0.008999134431700598
2006-10-16,0.0,0.0,0.0,0.0,0.0,3.490076811677142e-05,-0.0009103411538423538
2006-10-17,0.0,0.0,0.0,0.0,0.0,-0.0028354593038568436,-0.003972768704667143
2006-10-18,0.0,0.0,0.0,0.0,0.0,0.002585325200165612,0.001918453809427586
2006-10-19,0.0,-0.002156681969579265,0.0,0.0,0.0,0.005965451179032079,0.004914071153211754
2006-10-20,0.0,-4.4215122252304914e-05,0.0,0.0,0.0,-0.002102804029158531,-0.0015460863111726737
2006-10-23,0.0,-0.005522896015394847,0.0,0.0,0.005373068388068329,-0.00025065361196543686,0.004334735097297625
2006-10-24,0.0,-0.0034992150182087192,0.0,0.0,-0.0023178382981225727,0.0025113727715845666,-0.0001719366160836306
2006-10-25,0.002274413107736932,-0.0040310291484633495,0.0,0.0,-0.003585455059142097,-0.003700778090209865,-0.004132517870734403
2006-10-26,0.003030867494839249,0.003421606578423312,0.0,0.0,-0.0030391782543864967,-0.0038277526979789336,-0.003344684146882058
2006-10-27,0.013234892685612242,-0.009413333855598071,0.005542381422434859,0.0,0.005257098708562558,-0.004935537320076938,-0.00836663353274171
2006-10-30,0.0015645943543161722,-0.0013440885466024567,0.0005690447990690774,0.0,0.0005690447990690774,-0.0009938513621013422,6.428317226367741e-05
2006-10-31,0.008744434247749889,-0.0004972265009745394,0.008532921520705119,0.0,0.008532921520705119,-0.005632311711996249,-0.007088257968861318
2006-11-01,-0.0009183161280486652,-0.010109822371858245,-0.0005973458705354582,0.0,0.006547725930769527,-0.0009703749540057902,-0.00969648437462634
2006-11-02,0.0,-0.0011367524047422683,0.0,0.0,-0.0005979316265005755,0.002587549984946467,-0.0007532220103535586
2006-11-03,0.0,-0.0028409644742989197,0.0,0.0,0.014946196918473004,-0.0005931130685996756,-0.0019483660267930036
2006-11-06,0.0,-0.00043702254443651255,0.0,0.0,-0.0015852862991149676,0.0045720204067641185,0.008505788054178537
2006-11-07,0.0,0.0,0.0,0.0,-0.006422972731607178,0.0014177917941177918,0.00035730722980698774
2006-11-08,0.0,0.0,0.0,0.0,-0.003986471482056321,-0.002865997338438192,0.0006482352850175927
2006-11-09,0.0,0.0,0.0,0.0,0.0005039199951170986,0.006086418095633346,-0.0010370666412115907
2006-11-10,0.0,0.0,0.0,0.0,0.002799277867900301,-0.0004481310263844985,0.002945200214255783
2006-11-13,0.0,0.0,0.0,0.0,-0.0013584871151942658,-0.0015785921333365518,0.001442368057455001
2006-11-14,0.0,0.0,0.0,0.0,0.0037003507649087733,0.0022839567393657394,0.007781459699262838
2006-11-15,0.0,0.0,0.0,0.0,-0.0059219368233309096,0.0007884666635942258,0.002188252290073127
2006-11-16,0.0,0.0,0.0,0.0,-0.000601667334286489,-0.0036068775922711554,0.001280685864864733
2006-11-17,0.0,-0.0006002622177770485,0.0,0.0,0.0,0.0018279805796361126,-0.00017229132204142815
2006-11-20,0.0,-0.0005793408105435614,0.0,0.0,0.0,-0.0015331421730501278,0.003419570302563843
2006-11-21,0.0,-0.0012201829214966,0.0,0.0,0.0,0.0044815659947288755,0.004569260601066996
2006-11-22,0.0,-0.002714896353717129,0.0,0.0,0.0,0.003677153961446273,0.003297094723835374
2006-11-24,0.0023380987047058764,0.0063458997544727225,0.0,0.0,0.0,0.002729583011923024,-0.0009053338063461498
2006-11-27,0.007333811743013537,-0.02250744230309462,0.0,0.0,-0.002147819954038591,-0.003983472425352458,-0.012519666633914878
2006-11-28,-0.000853858745187795,0.006407111494276793,0.002602899353283534,0.0,-0.0032284352201123055,0.002088625892183697,0.002420970696618711
2006-11-29,-0.006001750631291655,0.015848981775590666,-0.002781211878853994,0.0,0.0008203970569577441,0.002405096360210698,0.007697607159238189
2006-11-30,0.0035806335334169137,0.00035857628072297014,0.010135827453502087,0.0,0.009282608083383473,0.0065881112500129095,0.0029083232099113895
2006-12-01,-0.0003650313710125263,-0.003717500006659987,-0.0005968752587028096,0.0,0.004240597714295151,-0.0030306777794127044,-0.002021704997287622
2006-12-04,0.0,0.011516382671772483,0.0,0.0,-0.000626940002735621,0.005598208137112873,0.008419965911090684
2006-12-05,0.0,0.006384816459153267,0.0,0.0,-0.0030078117969642997,-0.001015248386046408,0.000702878867596181
2006-12-06,0.0,-0.00046348422080713506,0.0,0.0,-0.0006007886757336042,-0.005022159605979199,-0.003981393154286511
2006-12-07,0.0,0.0,0.0,0.0,0.0,2.8376386278295036e-05,-0.0025772017196762143
2006-12-08,0.0,0.0,0.0,0.0,0.0,-0.00873939918468619,-0.003376213374323247
2006-12-11,0.0,0.0,0.0,0.0,-0.006486249664533071,0.005980085545582941,0.0038853258062132336
2006-12-12,0.0,0.0,0.0,0.0,-0.003239570924802631,0.002966715046881233,-0.000598391824680719
2006-12-13,0.0,0.0,0.0,0.0,0.010630907243345486,-0.007160841429810218,-0.0029028721975432334
2006-12-14,0.0,0.0,0.0,0.0,-0.004698927714513412,-0.0007624529722186267,0.0030365300465089976
2006-12-15,0.0,0.0,0.0,0.0,0.0001006658295452637,0.0004074225773533567,-0.00048102782674057143
2006-12-18,0.0,0.003635842754867221,0.0,0.0,0.0005787207447834291,-6.274970174218922e-05,-0.003157585010320106
2006-12-19,0.0,-0.002392266463876534,0.0,0.0,-0.0008652217697718047,0.0013114960226423206,-0.00023127879929775913
2006-12-20,0.0,0.0010285100265555556,0.0,0.0,-0.0006001443112355099,-3.997367159944295e-05,0.0014513926350029618
2006-12-21,0.0,0.00532507134841466,0.0,0.0,0.0,0.0032845222274435096,-0.0010280630152013864
2006-12-22,-0.00151048901988484,0.008771379060171891,0.0,0.0,0.0,-0.006794409656878649,-0.005939812738053924
2006-12-26,-0.0031149252989462104,0.007209662271580914,0.0,0.0,-0.0016801210520113975,0.004083649625675578,0.005332593565202125
2006-12-27,-0.007161547692282354,0.008990206086073132,-0.0036397641593163724,0.0,0.005691016439381484,-0.00041675790011070236,0.004103021334453478
2006-12-28,-0.0011917493382009293,-0.0032417233370819303,-0.0028712387219470338,0.0,0.0013362994065918281,-0.0021183429844831023,-0.001742248011892428
2006-12-29,0.002060329523220988,-0.006124225953745547,-0.0007829330824372897,0.0,-0.0021661081473245292,-0.00142229455598293,-0.0018207224564358371
2007-01-03,-0.0005110230209466332,-0.002765686035906257,-0.00034578475256413733,0.0,0.0054312545762957316,0.002496051126132197,0.004610234240354287
2007-01-04,0.0,0.002717732447476679,0.0,0.0,0.006740441161217834,0.004100247207389149,-0.004062614476233287
2007-01-05,0.0,-0.0004226628255623677,0.0,0.0,-0.0005875412427449514,-0.008557850893035908,-0.008652675428351617
2007-01-08,0.0,0.0,0.0,0.0,0.0,0.00036394842717540183,0.0011729774085903488
2007-01-09,0.0,0.0,0.0,0.0,0.0,0.005047085845799947,0.0013412559347017836
2007-01-10,0.0,0.0,0.0,0.0,0.0,0.006792855190293305,0.004202348347956251
2007-01-11,0.0,0.0,0.0,0.0,0.0,0.007483832442120549,0.008856360267803372
2007-01-12,0.0,0.0,0.0,0.0,0.0,0.009851150831180181,0.010684721494429606
2007-01-16,0.0,0.0,0.0,0.0,0.0,-0.0014632719734396346,-0.001594604972422429
2007-01-17,0.0,0.0,0.0,0.0,0.0,-0.0008816731996634391,0.0009662348376349618
2007-01-18,0.0,0.0,0.0,0.0,0.0,-0.010080521368731225,-0.006729648381472515
2007-01-19,0.0,-0.002920623956522632,0.0,0.0,0.0,0.004376502327443964,0.006280581081556098
2007-01-22,0.0,0.004592030635349584,0.0,0.0,0.0,-0.007270564520317084,-0.0055029738900062705
2007-01-23,0.0,-0.0038875668278118597,0.0,0.0,0.0,0.006402598052155721,0.008972735378947352
2007-01-24,0.0,-0.011062909265979958,0.0,0.0,-0.00047000324842299683,0.008342005199538236,0.0061639523528167015
2007-01-25,0.001312926488215471,0.016759757786336593,0.0,0.0,0.0025609008817285336,-0.004499768478111018,-0.0046351506481519264
2007-01-26,0.00017577945503791114,-0.002350273135446603,0.0,0.0,-0.0014562825777902836,-0.00019182332592139904,0.0015849661240757112
2007-01-29,-0.0002803973152534059,-0.001046273783718244,-0.0024634524884798673,0.0,-0.0018635258743224727,0.0008558149118004614,0.0007410465779424673
2007-01-30,-0.001197382615823335,0.0068822280969273114,0.001558560619437111,0.0,0.001558560619437111,0.0015712355328046236,0.0028273232528315344
2007-01-31,-0.0001775582245120735,0.008961914256467867,0.006938193384677045,0.0,0.006938193384677045,0.003567948120903923,-0.00028826434720288124
2007-02-01,-0.0002678881191171019,0.007943575593587132,-0.0005978155790939193,0.0,-0.0005978155790939193,0.009152695489509524,0.009855052875645177
2007-02-02,0.0,0.0016250823586858205,0.0,0.0,-0.0019387437184379816,-0.00537560782810838,-0.0035594218487296964
2007-02-05,0.0,0.00010571489653560937,0.0,0.0,-0.001827858855400884,-0.0016112333818031432,-0.0016345752172746818
2007-02-06,0.0,-0.0004120063858833605,0.0,0.0,-0.005244009978951662,0.0005453587956503149,0.0016038194385653494
2007-02-07,0.0,0.0,0.0,0.0,-0.004014243190389202,-0.0011901168074944526,-0.00014136637134698707
2007-02-08,0.0,0.0,0.0,0.0,-0.0005115676719959382,0.0014585796915160814,-0.0012634072113912927
2007-02-09,0.0,0.0,0.0,0.0,-0.007184352318320953,0.00579361276928282,0.0023059031559278485
2007-02-12,0.0,0.0,0.0,0.0,-0.0030818845648987727,-0.002522699429951233,-0.0023383397976640403
2007-02-13,0.0,0.0,0.0,0.0,-0.0018634004577336605,0.006651629791758,0.009335764914541952
2007-02-14,0.0,0.0,0.0,0.0,0.011077215386316808,-0.004668188257366233,-0.005727826903811688
2007-02-15,0.0,-0.0018741710026015418,0.0,0.0,-0.0005965962414404645,-0.001389850672421921,-0.001147898840390623
2007-02-16,0.0,0.0008833137119587845,0.0,0.0,0.0,-0.0030962789194553027,-0.002281553522866285
2007-02-20,0.0,-0.00256613779467426,0.0,0.0,-0.002643699593161573,-0.005031487728653097,-0.0012190208804126494
2007-02-21,0.0,0.0007910567642122217,0.0,0.0,0.0006133099207533372,0.008525395085148777,0.002230446886957262
2007-02-22,-0.0006908068876349331,0.0012455299389626474,0.0,0.0,0.0024461607206087985,0.003192704196021989,0.002534443245208717
2007-02-23,0.0014747000561012914,-0.006264702256781878,0.0,0.0,0.006702829075112856,-0.005424016067716227,-0.007815946417429177
2007-02-26,0.0008794978555244101,-0.0014575124873419702,0.005276072653081821,0.0,0.005873690589062028,-0.005022202972991413,-0.005622955858457877
2007-02-27,0.006982982734941144,-0.052258570414232194,0.016457246728841277,0.0,0.016457246728841277,-0.03379534444795687,-0.04129873434963261
2007-02-28,-0.0021855899955714126,0.013376043771359062,-0.0073260604927519015,0.0,-0.0073260604927519015,0.011427378746864541,0.012813246282499318
2007-03-01,-0.00011385205184581839,-0.004232995573956325,-0.0006020915211964588,0.0,-0.0006020915211964588,-0.00791650894311711,-0.009287536446887994
2007-03-02,0.0,-0.017695601465674456,0.0,0.0,0.0,-0.0073644425688084445,-0.011661794102984825
2007-03-05,0.0,-0.0129361930144443,0.0,0.0,0.0,-0.007620562322372469,-0.017161438088210367
2007-03-06,0.0,-0.00040064210751354477,0.0,0.0,0.0,0.008247446436764984,0.019533679173071306
2007-03-07,0.0,0.0,0.0,0.0,0.0,-0.0010207101656068873,-0.002789745274641132
2007-03-08,0.0,0.0,0.0,0.0,0.0,0.005610537570416649,0.009643290112736317
2007-03-09,0.0,0.0,0.0,0.0,0.0,0.002383142422773452,0.0038647092535686644
2007-03-12,0.0,0.0,0.0,0.0,-0.005762503592261253,0.002216925433283917,0.003029838383620258
2007-03-13,0.0,0.0,0.0,0.0,-0.008510218274400844,-0.009930204582802638,-0.016924699158184
2007-03-14,0.0,0.0,0.0,0.0,-0.004224288977678942,0.0011008385190180378,0.0025680653913983955
2007-03-15,0.0,0.0,0.0,0.0,-0.0025440068699592706,0.0010651145797500579,0.003955542024403788
2007-03-16,0.0,0.0,0.0,0.0,-0.0006272525755704942,-0.0028424459000186645,-0.004955103691406138
2007-03-19,0.0,0.0,0.0,0.0,-0.0030261042055294393,0.002445435506908571,0.007409765599171802
2007-03-20,0.0,-0.0045781019705316535,0.0,0.0,-0.0006007925170042353,0.0053680168682357565,0.006523619686447731
2007-03-21,0.0,-0.013285458594541836,0.0,0.0,0.0,0.005910014788978235,0.012091204314870506
2007-03-22,0.0,0.0007689506304462154,0.0,0.0,0.0,0.0004307323652250737,-0.0003546938459112113
2007-03-23,0.0,-0.0010475490867804002,0.0,0.0,0.0,-0.002157557188626517,-0.0006091471457300665
2007-03-26,0.0006100584627939858,0.001230831576828835,0.0,0.0,0.0,-0.0003770616586632557,-0.0028434723314477196
2007-03-27,0.0003233376202762529,-0.0024808178841267373,0.0,0.0,0.0,-0.0007008727898184377,-0.0026949799736196013
2007-03-28,0.001735101756886323,-0.005824410880646645,-0.0007411955715709576,0.0,7.181123012208666e-06,-0.0002503921489880573,-0.003530694259555407
2007-03-29,-0.0015938943638911284,0.0006718579694511712,-0.0019701079042386766,0.0,0.0012048613648204675,0.0007902586413144337,0.002316875015963824
2007-03-30,-0.0011672742826498322,1.2904030124730588e-05,-0.0016814172495501272,0.0,-0.003672943110668139,0.0004065207886842135,0.002475903774039264
2007-04-02,-0.00032949135543834185,0.0007262314162706511,-0.00036135664146910555,0.0,0.0018330567055880277,0.0031302458351069352,0.0018975426395430634
2007-04-03,0.0,0.008234002801602998,0.0,0.0,-0.0020806679510594335,0.002914447118837868,0.005594707692416215
2007-04-04,0.0,0.0007151142432594293,0.0,0.0,0.0027506420309625686,0.0013044107186888628,0.0014729930178939454
2007-04-05,0.0,-0.00023381750046633253,0.0,0.0,-0.0005990604638186605,-0.0037736186466799213,-0.0037666223896120382
2007-04-09,0.0,0.0,0.0,0.0,0.0,-0.0012375410762090592,-0.0036994665584089057
2007-04-10,0.0,0.0,0.0,0.0,0.0,0.003087283789724454,0.004481206907492373
2007-04-11,0.0,0.0,0.0,0.0,0.0,-0.0006480840392659789,-0.00458471408880259
2007-04-12,0.0,0.0,0.0,0.0,0.0,-0.0023666270052861895,0.0030167881035363902
2007-04-13,0.0,0.0,0.0,0.0,0.0,0.006754767440741836,0.002985950852159862
2007-04-16,0.0,0.0,0.0,0.0,0.0,0.0007275945329499665,0.00629010140665691
2007-04-17,0.0,0.0,0.0,0.0,0.0,0.004614343278042649,0.0068476455245945304
2007-04-18,0.0,-0.0010469517534979847,0.0,0.0,0.0,0.0005636187888997191,0.00019068298871129972
2007-04-19,0.0,0.000352136263733695,0.0,0.0,0.0,-0.006474614153156922,-0.004588810544560565
2007-04-20,0.0,-0.007220215879566054,0.0,0.0,0.0,0.004748302229690884,0.005488600222944582
2007-04-23,0.0,0.0030744382739939175,0.0,0.0,0.0,-0.00023237751217109365,0.00030076018020631164
2007-04-24,0.002828805107203671,-0.00017669811286334428,0.0,0.0,0.0,-0.004019679413829499,0.00010310269749502605
2007-04-25,-0.00788490773344213,0.006487573580099832,0.0,0.0,0.0009621763323341862,-0.004204853121850182,-0.00011096495970561293
2007-04-26,-0.007489595148126303,0.0007313639763792891,-0.006754676152176273,0.0,0.002622498153718436,-0.00811217063844416,-0.006237186478923045
2007-04-27,0.0002390372915867018,-0.0007680614341864604,-0.00038348772598375126,-0.004733905173271506,-0.0012672905926174077,0.0028010711621701276,-0.001119289550696469
2007-04-30,0.014975127173351354,-0.006561324715753541,0.00830333318135279,0.0003817659638850662,0.00830333318135279,-0.0016536141870602192,-0.0015464966765751072
2007-05-01,-0.0008579547805901194,0.0018358365169649788,-0.0005974173785985961,-0.0004859440199798273,-0.0002828445551119286,-0.004186901846419392,-0.0022890421081289704
2007-05-02,0.0,0.004379769232657198,0.0,0.0,-0.0027903448679534822,-0.0012714390462426417,0.0048361296595883976
2007-05-03,0.0,0.004042848590253272,0.0,0.0,-0.0006007252724278065,-0.004246056205529125,-0.00010138170577585639
2007-05-04,0.0,-0.000232323185363384,0.0,0.0,-0.005320252958728818,0.004971475770018489,0.0049122535972757194
2007-05-07,0.0,0.0,0.0,0.0,-0.0013367542377587427,0.001699980682838967,0.0017075861131176098
2007-05-08,0.0,0.0,0.0,0.0,0.0003524474550458652,-0.0009807847660051787,-0.0027695803814830194
2007-05-09,0.0,0.0,0.0,0.0,-0.008078302129244399,-0.006877582067626925,-0.001182564295308287
2007-05-10,0.0,0.0,0.0,0.0,0.004695947189453039,0.0031354240285364383,-0.007237811647242059
2007-05-11,0.0,0.0,0.0,0.0,-0.004473754895641807,-0.004842539526191456,0.0034533084083403875
2007-05-14,0.0,0.0,0.0,0.0,-0.003274651685487395,-0.004091881207041813,-0.005352362589805277
2007-05-15,0.0,0.0,0.0,0.0,-0.000614960056848524,-0.00406564151701094,-0.00515574489414958
2007-05-16,0.0,0.0,0.0,0.0,-0.0015770766510331952,0.00014866834178880813,0.0017825499082432335
2007-05-17,0.0,0.0,0.0,0.0,-0.0006003635413012983,-0.006419455907359767,-0.008245566581601988
2007-05-18,0.0,-0.006869693911320015,0.0,0.0,0.0,-0.007996742997764913,-0.0010940757833227206
2007-05-21,0.0,0.0005407312734842062,0.0,0.0,0.0,0.003772314077391797,0.0032141768349516443
2007-05-22,0.0,0.000748662065501846,0.0,0.0,0.0,-0.008540456570939213,-0.002872937454401996
2007-05-23,0.0,3.579022958026849e-05,0.0,0.0,0.0,-0.0035186007757973207,-0.002924136826644361
2007-05-24,0.006627271569185829,0.007164473289279929,0.0,0.0,0.0,0.002000113033708828,-0.0063471523957130994
2007-05-25,-0.004657366125304657,0.0026053231147442806,0.0,0.0,0.0,-0.0016835285996539436,0.0017496898546917716
2007-05-29,-0.006176338606821849,0.00264584711900325,-0.0051302645152389355,0.0,0.003906454991429413,-0.004471485679607646,0.0034561885522135668
2007-05-30,-0.0030177341133547165,0.006126709807973573,0.0015834130258268978,-0.0012271781450304328,-0.001097028511827922,0.0018393510939018593,0.0051887562247721584
2007-05-31,-0.0003458928880910381,-0.0009438208568214953,-0.0010997753076062483,0.00029550537137402295,-0.0019976966490115188,-0.00155087655714477,0.00043942010535362864
2007-06-01,-0.0007288713147747751,0.00367365064290176,-0.0006002203946584981,-0.0007869516311836179,-0.008985280893145266,-0.008929465371369055,-0.004227691316949996
2007-06-04,0.0,-4.352734704505856e-05,0.0,0.0,0.0028297050327545804,0.00047635984787687243,0.0010369045955128755
2007-06-05,0.0,-0.0031908334732901394,0.0,0.0,-0.0067715137056078584,-0.0035958317449687983,-0.005972093892250717
2007-06-06,0.0,-0.00023074577753261777,0.0,0.0,-0.0006019316195468168,-0.004435763378757464,-0.008577502074262229
2007-06-07,0.0,0.0,0.0,0.0,0.0,-0.013688608359164304,-0.022882804961062826
2007-06-08,0.0,0.0,0.0,0.0,0.0,0.006429866555471437,0.012270079608740108
2007-06-11,0.0,0.0,0.0,0.0,0.0049675037968460395,-0.0034772935741633074,-0.005913689127820204
2007-06-12,0.0,0.0,0.0,0.0,0.014558609777561573,-0.009593952394390185,-0.0153284900199436
2007-06-13,0.0,0.0,0.0,0.0,0.004987976396909496,0.007908480510136342,0.01305195879875904
2007-06-14,0.0,0.0,0.0,0.0,0.0001410267648738382,0.0004145078617193492,0.0016460959880007905
2007-06-15,0.0,0.0,0.0,0.0,0.008410947287792446,0.006115422858421522,0.010314603607372698
2007-06-18,0.0,0.0,0.0,0.0,-0.0013569992366287635,-0.00017806705300657806,-0.0017508240716168405
2007-06-19,0.0,-0.002579205168441535,0.0,0.0,-0.0006002992352024841,0.004515929384798627,0.006720729149411375
2007-06-20,0.0,0.013855045143544242,0.0,0.0,0.0,-0.0064433276869854455,-0.013258093230475023
2007-06-21,0.0,-0.005315177314651422,0.0,0.0,0.0,-0.0007437994571217086,0.002805848782223109
2007-06-22,0.0,0.00943217119591369,0.0,0.0,0.0,-0.0024281084590580806,-0.004161914284323268
2007-06-25,0.002355413319367236,0.004876162276579693,0.0,0.0,-0.006714597087750844,0.00198812274517034,-0.0004380375249210429
2007-06-26,0.0022274193982038423,-0.010893742265203583,0.0,0.0,-0.00015349277463982795,0.0014340162213388233,-0.0012631399691310056
2007-06-27,-0.0031101712995496612,0.01383154926991502,-0.0007126024570055353,0.0,-7.210516065370593e-05,0.0032642560587807126,0.010358385018413399
2007-06-28,-0.00034045897574317064,-0.00031248734753670977,-0.0009415763779520286,0.0031674342791623033,-0.0024732990675305658,-0.0009622404959397737,-0.0014643277808176081
2007-06-29,0.0024848237060847924,0.00014426313760225706,0.0058819700451724615,-0.0067496839049506095,0.010042423034106173,0.005253019621176002,0.00578297818078599
2007-07-02,-0.00021375955819189716,0.008715336380859529,-0.0003511048294252212,-0.0010068199028946323,0.002661084494722964,0.0029814726597094093,0.005513603034388729
2007-07-03,0.0,0.0033801913450580722,0.0,0.0,-0.006316274373923862,0.0023699334451587786,0.0013314887722695975
2007-07-05,0.0,-0.001221949379160334,0.0,0.0,-0.0006017907105935013,-0.0003906273517809858,-0.0024789863479055224
2007-07-06,0.0,-0.00029543028203588283,0.0,0.0,0.0,0.003634341250015734,0.0034815209618963023
2007-07-09,0.0,0.0,0.0,0.0,0.0,0.0013853910377425378,0.0025456506782364978
2007-07-10,0.0,0.0,0.0,0.0,0.0,-0.003264849843428478,-0.0035273224058678743
2007-07-11,0.0,0.0,0.0,0.0,0.0,0.0004221502793028117,0.0006845087132501762
2007-07-12,0.0,0.0,0.0,0.0,0.0,0.009000583436931185,0.008192466861164075
2007-07-13,0.0,0.0,0.0,0.0,0.0,0.005331610293817276,0.004662147352815722
2007-07-16,0.0,0.0,0.0,0.0,0.0,-0.0020125056753021735,-0.0017188114626153388
2007-07-17,0.0,0.0,0.0,0.0,0.0,-0.0005961880936745012,-0.0021212586532592627
2007-07-18,0.0,0.0,0.0,0.0,0.0,0.003197281684980761,0.0015255741053191209
2007-07-19,0.0,-0.003536016321505014,0.0,0.0,0.0,0.0007441659491270004,0.0022854154639762826
2007-07-20,0.0,0.009097983517707093,0.0,0.0,0.0,-0.0008033721268011963,-0.0029266630124092233
2007-07-23,0.0,-0.0025488062737332993,0.0,0.0,0.0,-0.0013401299848270914,0.0007007285855029405
2007-07-24,0.0,0.015473277867786822,0.0,0.0,0.0,-0.010555735853821498,-0.012578510781903241
2007-07-25,-5.07705782643422e-05,-0.001658083790819384,0.0,0.0,-0.0029368452067222053,-0.003912032619333662,-0.0007254895989084696
2007-07-26,0.01148811059140361,-0.020472137598510576,0.0,0.0,-0.006355954511591595,-0.012730051746370206,-0.016609110548157793
2007-07-27,0.00655919215661756,-0.016595067456281167,0.002885255065910932,0.0,0.0026801662814530955,-0.013034320569215324,-0.012120937258563988
2007-07-30,-0.005989188242476575,0.012918757057694895,-0.005422872571602269,0.0015768235502261817,-0.005477171802504094,0.006948130075510003,0.009383922492871151
2007-07-31,0.005644820643320412,-0.009577879382099022,0.007804116280899729,0.0022681209484161067,0.00788219531009886,-0.009144592580464133,-0.005444499468791566
2007-08-01,-0.0002713599406378143,0.003915577367718535,-0.0005916671445511802,-0.0009041396156550417,-0.005329975014284953,0.0064447215833308485,0.005016724545223129
2007-08-02,0.0,0.006522718667639571,0.0,0.0,-0.0005352163212492021,0.0037414523246044867,0.005213912746558498
2007-08-03,0.0,-0.02168193121107358,0.0,0.0,-0.013159471792996607,-0.0047939363656656075,-0.014290953191489595
2007-08-06,0.0,-0.00024973975428335877,0.0,0.0,0.008327187957271737,0.0038617668209096987,0.008868290331279463
2007-08-07,0.0,0.0,0.0,0.0,0.0005943305615764274,0.0011846177066785672,0.004727127561384825
2007-08-08,0.0,0.0,0.0,0.0,0.014207630766846861,-0.003994540360760401,0.004782428755164936
2007-08-09,0.0,0.0,0.0,0.0,-0.008672822435896855,-0.005922200302537418,-0.016977387668812884
2007-08-10,0.0,0.0,0.0,0.0,-0.004349249019214298,0.0033995921617886882,-0.0031760633074654587
2007-08-13,0.0,0.0,0.0,0.0,0.0028009400580138147,-0.0030135460308591757,0.0020995882568378425
2007-08-14,0.0,0.0,0.0,0.0,0.006941160806953919,-0.005000910126760257,-0.011892089935148963
2007-08-15,0.0,0.0,0.0,0.0,0.003307831240231254,-0.0026375415543757426,-0.015215000622834469
2007-08-16,0.0,0.0,0.0,0.0,-0.000598913329820864,0.012127687680097527,0.006101972316503197
2007-08-17,0.0,0.0,0.0,0.0,0.0,-0.0004251403100337302,0.006111879305988084
2007-08-20,0.0,0.0,0.0,0.0,0.0,-0.0034126455811687656,-0.00296050043521493
2007-08-21,0.0,-0.0012616295149666772,0.0,0.0,0.0,0.0012262270442557387,0.0004982426033639552
2007-08-22,0.0,-0.006801352493509198,0.0,0.0,0.0,0.0008323913797836337,0.010018577245893705
2007-08-23,0.0,0.00059037231787552,0.0,0.0,0.0,0.0005070391155009969,0.0012071116568195689
2007-08-24,0.0,-0.007069679188156351,0.0,0.0,0.0,0.004112985004421168,0.008858746052076701
2007-08-27,-0.0014905977027514883,0.00548389063349828,0.0,0.0,0.0,0.002286671649455863,-0.002312649030451694
2007-08-28,-0.0029941476481100348,-0.012981453526413724,0.0,0.0,0.0,-0.0093193531956778,-0.01585851430360716
2007-08-29,0.0025251363646746007,0.011106947356618165,-0.008526341674995868,0.0,0.007302532151186345,0.007941472573834912,0.016101738190638933
2007-08-30,-0.0014159567936456584,-0.0016047156610932188,0.00973819828697934,-0.0026453632367530737,-0.0036352086755533277,-0.0005628769600683188,-0.0031517836594970954
2007-08-31,0.0007552473560165853,0.005533325303637263,0.00016291796671690374,9.113255624783366e-05,-0.000634934226627903,0.0007207580739776961,0.007331894933202301
2007-09-04,-9.736568090633349e-05,0.0056613830970705025,-0.0005998572029920085,-0.0006775934357712054,-0.0040694562077764045,0.004319372129456323,0.007410008856788631
2007-09-05,0.0,-0.005034373914038884,0.0,0.0,0.012094999469693357,-0.0004801870185777491,-0.00311696166823816
2007-09-06,0.0,0.0012173356464236311,0.0,0.0,-0.0037921740059528686,0.0026180421630373524,0.0021342974780604344
2007-09-07,0.0,-0.00017135288097955756,0.0,0.0,-0.00047891830889722003,-0.0019009298073399828,-0.005542870868624258
2007-09-10,0.0,0.0,0.0,0.0,0.0,2.6654579334663527e-05,1.93609798473395e-06
2007-09-11,0.0,0.0,0.0,0.0,0.0,0.006648488426438355,0.011539606512023582
2007-09-12,0.0,0.0,0.0,0.0,0.0,0.0017512231416823333,0.0031410430660198463
2007-09-13,0.0,0.0,0.0,0.0,0.010829345470240875,-0.0024247478351126037,-0.0023308581803997237
2007-09-14,0.0,0.0,0.0,0.0,0.001040083893863046,-0.0030902165253557904,-0.0018820152181347515
2007-09-17,0.0,0.0,0.0,0.0,0.0007703465913284315,-0.002721204884830291,-0.002060485572791685
2007-09-18,0.0,-0.016381789592614205,0.0,0.0,-0.002240011067204146,0.0063542315981982645,0.01639955498323448
2007-09-19,0.0,-0.003197600407313717,0.0,0.0,-0.006801423631296446,0.0002626654165113892,0.0035931953374285343
2007-09-20,0.0,0.00397088511256759,0.0,0.0,-0.0005512986567323478,-0.0029477633725629136,-0.0014180713031838213
2007-09-21,0.0,-0.0014221406185995111,0.0,0.0,0.0,0.00014827229026406234,0.0028523686558269493
2007-09-24,0.0018201834300035594,0.001095126465722227,0.0,0.0,0.0,-0.0009964022034882902,-0.0017047585485656174
2007-09-25,0.0008534013321915482,-0.0014547396297052283,0.0,0.0,0.0,0.0031769832246311518,0.0021265487297910694
2007-09-26,-0.0018934875575339566,0.0027329311346142335,-6.795800188833434e-05,0.0,-0.001054279545083694,-0.0007235979376768918,0.001463882640200802
2007-09-27,0.0015170030316438972,0.0030677933940413222,0.0024742580089567225,0.00031012948275566565,-0.002331572633218926,0.004929205429086958,0.011002452332942047
2007-09-28,0.0017269943360406729,-0.0018502539335179642,0.00016818204127996627,0.008994772829863424,-0.00036661906085295207,0.0006839889403708656,-0.0015294751064690699
2007-10-01,-0.0005092465074088798,0.005913154128805345,-0.00024053380764593648,-0.0006164913014818348,0.002091083773581845,0.001692441672324758,0.009119162853481555
2007-10-02,0.0,-0.0008058316784792434,0.0,0.0,0.003993842106783966,-0.013537277463393485,-0.008990907784649947
2007-10-03,0.0,-0.0011513780184287338,0.0,0.0,-0.0014531365730007656,-0.002802610628981358,-0.004290184714556004
2007-10-04,0.0,-0.00015937664000926472,0.0,0.0,-0.0004508294219377812,0.0007435821959078212,0.001971967992481789
2007-10-05,0.0,0.0,0.0,0.0,0.0,0.006257085749213418,0.010206001597668091
2007-10-08,0.0,0.0,0.0,0.0,0.0,-0.0047127503670844695,-0.006566171054662823
2007-10-09,0.0,0.0,0.0,0.0,0.0,0.007920456246849613,0.008442397458271538
2007-10-10,0.0,0.0,0.0,0.0,0.0,0.002847480349237224,0.0019341108000877137
2007-10-11,0.0,0.0,0.0,0.0,0.0,0.002417831635425387,0.0009017205062090873
2007-10-12,0.0,0.0,0.0,0.0,0.0,0.009803807153965357,0.009446511139809372
2007-10-15,0.0,0.0,0.0,0.0,0.0,0.0013781056589765319,-0.0004281081050632173
2007-10-16,0.0,0.0,0.0,0.0,0.0,-0.0038008303525798822,-0.005710345903375291
2007-10-17,0.0,0.0,0.0,0.0,0.0,-0.00312455772039618,-0.0011413184666671586
2007-10-18,0.0,0.0,0.0,0.0,0.0,0.00771409803687169,0.006041547816384272
2007-10-19,0.0,0.014071050402777023,0.0,0.0,0.0,-0.012635105103794146,-0.01731631329535036
2007-10-22,0.0,-0.0030758730016240067,0.0,0.0,0.0,-0.004140183790395459,-0.0007347497353097417
2007-10-23,0.0,-0.004311595085687415,0.0,0.0,0.0,0.007633477737442449,0.008536301562958695
2007-10-24,0.0,0.0010710294178675078,0.0,0.0,-0.01047658091972697,-0.001919792434520314,-0.0029058137509410074
2007-10-25,0.0007568488803649225,-0.0012111912316182,0.0,0.0,3.903491447369197e-05,0.007022197459832678,0.005972132412358912
2007-10-26,0.003755142033806725,0.006008886797337103,0.0,0.0,-0.005997452216298303,0.013679428416203662,0.014530817727088845
2007-10-29,0.00022040544969672004,0.0017323849200475334,0.0005910177654362991,0.0,0.0013384262493905039,0.006182924597740072,0.005619474848654935
2007-10-30,-0.0019098745445193111,-0.003886228913195381,0.001447867371342316,-0.001941455358260724,0.0018124344891441025,-0.00800687866260647,-0.008053154744587895
2007-10-31,0.0059383299582966296,0.005605462850105533,-0.010952254521821862,-0.003867898323489553,-0.010424680986137849,0.014278247177270942,0.015477204539542957
2007-11-01,-0.00022952838588241175,-0.012901363342498981,-0.00048119915013299997,-0.0005951236724045001,-0.0004511515879505191,0.0007748657014477792,-0.013043382774683684
2007-11-02,0.0,0.000538272025888889,0.0,0.0,-0.00576669096617218,0.013823058078365607,0.018139648570917512
2007-11-05,0.0,-0.004244150086324468,0.0,0.0,0.0026105325927139535,-0.0023663718118313373,-0.007376667217111255
2007-11-06,0.0,-0.00016373383907327486,0.0,0.0,0.0037953373339773655,0.006277502761217909,0.018555602430577085
2007-11-07,0.0,0.0,0.0,0.0,-0.007066443498163327,-0.0008281737992836928,-0.008818343432686828
2007-11-08,0.0,0.0,0.0,0.0,0.00022113082891060475,0.0010712031733102051,-0.001957541624983865
2007-11-09,0.0,0.0,0.0,0.0,0.011238855351501582,0.009685608779208734,-0.004295099535911033
2007-11-12,0.0,0.0,0.0,0.0,0.0032375560929333892,-0.007434807559154304,-0.023237357623720943
2007-11-13,0.0,0.0,0.0,0.0,-0.010504563704926374,-0.006327069867491844,0.011278696626795896
2007-11-14,0.0,0.0,0.0,0.0,0.0011354025056894662,0.005353032380192453,0.00812357585451924
2007-11-15,0.0,0.0,0.0,0.0,-0.0005995797525717443,0.002358027817722222,-0.011804041016459954
2007-11-16,0.0,0.0,0.0,0.0,0.0,0.0024357940673876786,0.003644773338983126
2007-11-19,0.0,0.007772754336725385,0.0,0.0,0.0,0.008862136199876856,-0.006664676265315925
2007-11-20,0.0,-0.003401030601140351,0.0,0.0,0.0,0.0050938567410106494,0.018200721488676422
2007-11-21,0.0,0.011633230263920885,0.0,0.0,0.0,0.008199655080133176,-0.008203412229637174
2007-11-23,0.0,-0.009721260598218278,0.0,0.0,0.0,0.004812314962593359,0.01562686076228648
2007-11-26,-0.03337244214742655,0.012535432485497105,0.0,0.0,0.0,0.02024908814814577,-0.002122803814550635
2007-11-27,0.020487797658179596,0.005848387460305545,0.0,0.0,0.0,-0.01685760144543028,-0.0037230454005455554
2007-11-28,0.022994319522818857,0.01730428033689355,-0.007939095762068773,0.0,0.006715286238259248,-0.0071877659209339095,0.008110625614050774
2007-11-29,-0.008274628481181483,0.0001192525484174594,0.011032324247254505,0.004976636423603713,-0.002885238571789103,0.00957237136143979,0.0005454236051523086
2007-11-30,0.0035216575564078027,0.0053945160205210755,0.0024975425293180804,0.0008650910650421277,0.001768346830713466,-0.0049203147365053015,-0.006790749473335681
2007-12-03,-0.000619459572630822,-0.003645252789611981,-0.0005991786561039937,-0.0005969059709925273,0.007666602463662496,0.01278910026924465,0.00605100430248207
2007-12-04,0.0,-0.00491911714703685,0.0,0.0,0.001584137279642265,0.0013917812390447514,0.0015097579600663825
2007-12-05,0.0,0.00902535630719704,0.0,0.0,-0.005069348018313421,-0.01081258575136915,-0.006334611782826185
2007-12-06,0.0,-0.00016415281338605475,0.0,0.0,-0.0003747834368086844,-0.006434189424531727,0.00012979149605685567
2007-12-07,0.0,0.0,0.0,0.0,0.0,-0.011628527307969252,-0.00833160868381334
2007-12-10,0.0,0.0,0.0,0.0,0.0,-0.003909050202170172,-0.0033075536722455925
2007-12-11,0.0,0.0,0.0,0.0,0.0,0.014276706816969725,0.008219534819443014
2007-12-12,0.0,0.0,0.0,0.0,0.011736186283628975,-0.00036004819768205813,0.006957358717230739
2007-12-13,0.0,0.0,0.0,0.0,0.010136181359592994,-0.016870261725154795,-0.01393970691463956
2007-12-14,0.0,0.0,0.0,0.0,-0.004842074796516369,-0.0035989348100709533,-0.0020182950974281157
2007-12-17,0.0,0.0,0.0,0.0,0.0076357254609383885,0.0019304357429850763,-0.004803103655770569
2007-12-18,0.0,-0.002849131087876917,0.0,0.0,0.002420995728496,0.006958130062627083,0.003782393886807639
2007-12-19,0.0,4.866750705173835e-05,0.0,0.0,0.010196121541148786,0.007627021880483879,0.005291764060769089
2007-12-20,0.0,-0.00306041868849261,0.0,0.0,-0.0003877048532393324,-5.615258569362007e-05,0.0014724374200162902
2007-12-21,0.0,-0.007059090255433966,0.0,0.0,0.0,-0.007927291884418323,-0.0014608492155535444
2007-12-24,0.0009306308360510114,-0.003607733766805195,0.0,0.0,0.0,-0.006981773222175881,-0.0026047789374638395
2007-12-26,0.0009620339861357578,0.0007174959273835036,0.0,0.0,0.009123991718317476,-0.004152390929162904,-0.00043561661661167556
2007-12-27,-0.0019727110372423236,-0.006415162982579602,0.007034118721561203,0.0,-0.002671981683028382,0.010004228209672165,0.006537010933248831
2007-12-28,-0.0015195833760324334,-0.0013291594840547526,0.008842540192742193,0.008451600152375489,0.014861694934914663,0.021163134995411358,0.015897874487057304
2007-12-31,-0.0012694633568834997,-0.0038059738331202315,0.00501830476512253,-0.0012007936811784046,0.00874160055358275,0.002786053183889465,8.960762076934981e-05
2008-01-02,-7.118887546038451e-05,-0.004488693671337328,-0.0003352784497522369,-0.0005409496711969851,0.013405760777524933,0.0041233915058931855,0.010189374474222917
2008-01-03,0.0,-0.00030797031559318334,0.0,0.0,0.0019096672511518986,0.0051950884543519454,0.010434013129820258
2008-01-04,0.0,-0.012447314398506585,0.0,0.0,-0.0003337817806753126,-0.01285324802777144,-0.011370128596404124
2008-01-07,0.0,-0.00014974873185070683,0.0,0.0,0.0,-0.0033252069986210186,-0.0031307436930891543
2008-01-08,0.0,0.0,0.0,0.0,0.0,0.0026174493691953423,0.00854127906288427
2008-01-09,0.0,0.0,0.0,0.0,0.0,0.0031017713213780055,0.0025536340206095496
2008-01-10,0.0,0.0,0.0,0.0,0.0,0.005882042573777454,-0.0007673170932165397
2008-01-11,0.0,0.0,0.0,0.0,0.0,-0.003200964642674909,0.00024408128757620249
2008-01-14,0.0,0.0,0.0,0.0,0.0,0.009883638274228782,0.013910043503648772
2008-01-15,0.0,0.0,0.0,0.0,0.0,-0.01473859293414789,-0.011895595349465968
2008-01-16,0.0,0.0,0.0,0.0,0.0,-0.010750486168988736,-0.017471029977918225
2008-01-17,0.0,0.0,0.0,0.0,0.0,-0.00674813707939624,-0.0004774966698354293
2008-01-18,0.0,0.004791443380995454,0.0,0.0,0.0,0.0015211281136683213,0.005233668121721952
2008-01-22,0.0,0.004865472421366801,0.0,0.0,0.0,-0.006539219036952387,-0.002339652813682308
2008-01-23,0.0,-0.011400565748495878,0.0,0.0,0.0,-0.0028060040606063433,-0.014945085667040033
2008-01-24,0.0,-0.0039848809570985815,0.0,0.0,0.0,0.012801456012923604,0.01305858768370473
2008-01-25,-0.018075337782701425,0.006910788990654873,0.0,0.0,0.0,-0.0023663615232940214,0.0038540614007061503
2008-01-28,0.011988911641672598,0.007302826770408342,0.0,0.0,0.006743396517900856,0.006939343617649022,0.0028062348637594554
2008-01-29,0.007059326756033087,0.0022417908590460413,-0.0028862511807959314,0.0,0.0007761887008129186,0.0008986044783306064,-0.0005435745802061188
2008-01-30,-0.002820059653023512,-0.0034316202529751107,-0.0003508399041103644,0.0061052366672969096,-0.0016976214447503258,0.00034807888752258487,0.0001715639809864757
2008-01-31,0.0023724178765739965,0.008369639352136764,0.003327993150102746,-0.00046420166658262636,0.009718879957059067,0.009236988885349318,0.007770085443152618
2008-02-01,-0.0004959321941388833,0.007377020132662775,-0.0001974332134102935,-0.0004884653677082261,-0.007524399494416441,0.00032535024570726396,-0.006836813552607389
2008-02-04,0.0,-0.005854156959852333,0.0,0.0,0.011264864161661923,-0.006469236548968459,0.0008595539561587645
2008-02-05,0.0,-0.012382082390902311,0.0,0.0,-0.013951311888009297,0.010866653319141963,0.011212692844452992
2008-02-06,0.0,-0.0001362703009104407,0.0,0.0,0.00367806228193707,0.0003765262010302396,0.002675690193782979
2008-02-07,0.0,0.0,0.0,0.0,0.01047148358634508,-0.01703996448392865,-0.010891639584837109
2008-02-08,0.0,0.0,0.0,0.0,0.015820022045015862,0.013705398546179514,0.015646279186467965
2008-02-11,0.0,0.0,0.0,0.0,0.004277563254080727,0.0038617560774462534,0.0048182893658335595
2008-02-12,0.0,0.0,0.0,0.0,-0.004408239595492349,-0.006267564656662586,-0.011475322183302349
2008-02-13,0.0,0.0,0.0,0.0,-0.008653668930947026,-0.011002219612004663,-0.010429033700166407
2008-02-14,0.0,0.0,0.0,0.0,-0.0006025645994397656,-0.007953290334713965,0.0011720825298955743
2008-02-15,0.0,0.0,0.0,0.0,0.0,0.004957648279744912,0.0022719459091589266
2008-02-19,0.0,-0.0014333869332218755,0.0,0.0,0.0,-0.00783977517341242,-0.0007906190476706523
2008-02-20,0.0,-0.0013588928052522627,0.0,0.0,0.0,0.003629423598050183,0.0053978566001127385
2008-02-21,0.0,0.003960311689828201,0.0,0.0,0.0,0.012372368609972472,0.01056537999474932
2008-02-22,0.0,-0.002875196050516384,0.0,0.0,0.0,-0.0043051420968794425,-0.0036350955584533834
2008-02-25,0.0022202863006018387,-0.005920321270041203,0.0,0.0,0.0,-0.010268552983263532,-0.010528542368833778
2008-02-26,0.0001775000088343049,0.003258451157010042,0.0,0.0,0.0,0.005119553433335527,0.007108645498728127
2008-02-27,-0.0005195471284277703,-0.0005210805416422802,0.003987312474174807,0.0,-0.0050693941519472105,0.004003434896840302,0.0038006128147591734
2008-02-28,-0.0029913503445227097,-0.004704868542669688,0.023284153400819057,-0.006762135484148206,-0.004707255080683509,0.020012014945881444,0.01850519252397312
2008-02-29,-0.0038599330760962724,-0.010688711555880179,0.021232488922513216,-0.005759825883466384,0.02052877267879953,0.01806158041816764,0.014423597905618176
2008-03-03,-8.128308090352073e-05,-0.0011763681870814138,-0.0005937193956054229,-0.0005031672359370519,-0.005225039858600809,-0.00028210861226219503,0.0056803787055356506
2008-03-04,0.0,-0.0018577478268069583,0.0,0.0,-0.007579871200288003,-0.013159062267946192,-0.005997838179445019
2008-03-05,0.0,0.0029910171775577327,0.0,0.0,-0.005411212792595131,0.010697869365749265,0.006420579672148851
2008-03-06,0.0,-0.000143896131737112,0.0,0.0,-0.00035289956503462564,-0.0016540907896766869,0.01119978270382634
2008-03-07,0.0,0.0,0.0,0.0,0.0,0.002231105928037158,0.001761942051625603
2008-03-10,0.0,0.0,0.0,0.0,0.0,-0.0007216694573228393,0.011006060270102185
2008-03-11,0.0,0.0,0.0,0.0,0.0,-0.008956414344162738,-0.01596032848208208
2008-03-12,0.0,0.0,0.0,0.0,-0.015744690740731055,0.01940667781179114,0.012224519654246644
2008-03-13,0.0,0.0,0.0,0.0,0.006934399768779656,0.001229726886892863,-0.0021385184768730903
2008-03-14,0.0,0.0,0.0,0.0,0.01246402944277028,0.009593749497195192,0.012683569623305586
2008-03-17,0.0,0.0,0.0,0.0,0.006544543522267075,-0.003061981258592812,-0.004830346485187631
2008-03-18,0.0,-0.02099940812741556,0.0,0.0,-0.009054674481477407,-0.014867476736556579,-0.02126736451997421
2008-03-19,0.0,0.012434533240552685,0.0,0.0,0.011485430014140836,-0.009254387427835327,-0.0024167465254309388
2008-03-20,0.0,-0.009300437093982374,0.0,0.0,-0.0003993544745081988,-0.02506488281735181,-0.024723942638429246
2008-03-24,0.0,-0.010022500870428639,0.0,0.0,0.0,-0.01537028956658147,-0.018698348557336365
2008-03-25,-0.0014575537976543604,-0.000469896028800432,0.0,0.0,0.0,0.021358361678457928,0.008279841677856628
2008-03-26,-0.002512871685377822,-0.005678994824201608,0.0,0.0,-0.0020368137500985616,0.007910964207115562,0.01035087955970031
2008-03-27,-1.6380423653817637e-05,-0.0014081441733241407,-0.001890520045693158,0.0,8.264922522769094e-05,-0.0004459185743990183,0.005719956065350724
2008-03-28,-0.003350865064532657,-0.004224031825566654,0.004424620866572642,0.0023103782798630703,0.007070704718670108,-0.004763248313452769,-0.0013914400030810305
2008-03-31,-8.874655805689508e-05,0.0015117755947433723,0.0019226805378152652,-0.002690636189198001,0.003384561995292193,-0.01058076296606617,-0.008727397204947132
2008-04-01,-0.00017876888485996253,0.015418608357908661,-0.0003405592951333553,-0.000438986546809566,-0.01759674424904466,-0.02184974468397191,-0.02912035243012826
2008-04-02,0.0,0.0002624758299652095,0.0,0.0,-0.00437263203807345,0.012478183782565612,0.00697527224243101
2008-04-03,0.0,0.001068428814636651,0.0,0.0,-0.0003686695732091831,-0.0004425912028145656,0.0005702749875681982
2008-04-04,0.0,-0.00013195035402141161,0.0,0.0,0.0,0.0046301065972025055,0.0042866095125143324
2008-04-07,0.0,0.0,0.0,0.0,0.0,0.004235462725645964,0.0009151681493581755
2008-04-08,0.0,0.0,0.0,0.0,0.0,-0.002074787064609078,-0.0004686554917443335
2008-04-09,0.0,0.0,0.0,0.0,0.0,0.01393369587751014,0.015371666812125425
2008-04-10,0.0,0.0,0.0,0.0,0.0,-0.005504846912118056,-0.00618450981498749
2008-04-11,0.0,0.0,0.0,0.0,0.0,0.006449007939256589,0.009694137225112321
2008-04-14,0.0,0.0,0.0,0.0,0.0,0.0005337482083994252,0.0005512673441627414
2008-04-15,0.0,0.0,0.0,0.0,0.0,0.0010920099363813623,-0.0025115061361578876
2008-04-16,0.0,0.0,0.0,0.0,0.0,-0.005426532620002882,-0.01039760690538721
2008-04-17,0.0,0.0,0.0,0.0,0.0,-0.0016812784056065098,-0.003536080157297696
2008-04-18,0.0,-0.0046037761731685094,0.0,0.0,0.0,-0.013452142652273376,-0.009336963266205065
2008-04-21,0.0,-0.00020212020713658119,0.0,0.0,0.0,-0.005417156708704167,-0.0008293940084649332
2008-04-22,0.0,0.001911890097584745,0.0,0.0,0.0,0.006878321615052379,0.007138588246692697
2008-04-23,0.0,0.0007018593688433362,0.0,0.0,0.0014858304597125593,-0.00900839080055944,-0.0074421350148938786
2008-04-24,-0.00875148945958079,-0.001859845381977022,0.0,0.0,0.0028875126479682442,-0.011110112683898818,-0.013938253378834645
2008-04-25,-0.0047133302357299026,0.0039259125560480055,0.0,0.0,-0.0035373514106624743,0.0004939928907511261,-0.0017374266259747781
2008-04-28,0.0014284774210198083,7.17741509098517e-05,0.001112853971864624,0.0,0.003499973315343233,0.00133265596616535,-6.291767949985594e-05
2008-04-29,0.0030098597880675506,-0.0018207720488063143,0.0013393126157608265,-0.003386287626432248,0.0034902510028063344,-0.008755851403827654,-0.0050314403941533236
2008-04-30,0.004906778651103547,-0.002712149506129739,0.002374035286592715,0.001272525433262676,0.0038721594899224286,0.006252929687078162,0.006918851315510955
2008-05-01,-0.0003690252990514399,0.009398488023173529,-0.00023035148320895278,-0.00042682490433863774,-0.0003947845566625579,-0.018170499731039045,-0.015219908172201911
2008-05-02,0.0,0.0012311347664234003,0.0,0.0,0.015693589201653608,-0.0013343373640137303,-0.0018671131053638432
2008-05-05,0.0,-0.0022169620515177214,0.0,0.0,-0.002869434031618738,0.007664034092378035,0.005578876562558409
2008-05-06,0.0,-0.00013632779891364582,0.0,0.0,0.006444355866389491,-0.00046990146794693256,-0.00349488098276527
2008-05-07,0.0,0.0,0.0,0.0,-0.007852732616762054,0.0022668525132353862,0.0062533547116041
2008-05-08,0.0,0.0,0.0,0.0,0.0009242792909217453,0.011350389841171975,0.0072014365004708595
2008-05-09,0.0,0.0,0.0,0.0,0.0015918115737730588,0.004063571750784316,0.0033502735378888476
2008-05-12,0.0,0.0,0.0,0.0,-0.0035085528503984932,-0.002856390416523434,-0.0066687435637175375
2008-05-13,0.0,0.0,0.0,0.0,-0.016792997810610083,-0.011936474369760263,-0.007995268410168219
2008-05-14,0.0,0.0,0.0,0.0,-0.0007969150033498571,-0.0028313402254779804,-0.001669110096021258
2008-05-15,0.0,0.0,0.0,0.0,-0.0005103387985960125,0.010194249200921754,0.004513946376519548
2008-05-16,0.0,0.0,0.0,0.0,0.0,0.003274257990780428,0.001721822426064802
2008-05-19,0.0,-0.0014349769984352688,0.0,0.0,0.0,0.0033250476680652397,0.0021925707697296698
2008-05-20,0.0,0.003940709449467457,0.0,0.0,0.0,0.012061039913729508,0.008356615844505307
2008-05-21,0.0,0.008186830036485073,0.0,0.0,0.0,0.006903819621570486,0.008060615301199689
2008-05-22,0.0,-4.322635010132815e-05,0.0,0.0,0.0,-0.010729337578986387,-0.009394209429549088
2008-05-23,0.0014989990852318405,0.006495085985508633,0.0,0.0,0.0,0.006369275717149647,0.006429766771887683
2008-05-27,-0.0012472410884560188,0.0032093222049118875,0.0,0.0,0.00924064667730433,-0.014510466942268497,-0.012358410708585423
2008-05-28,-0.001465289865886011,0.0021622247213224574,-0.010687041475045421,0.0,0.015096597380889275,-0.0080159950227524,-0.005703322811947994
2008-05-29,-0.0010625081097111085,0.0023573258075267538,-0.006475016054035737,-0.0017364466483599744,0.001658088989865571,-0.015195951361566174,-0.011639327395599513
2008-05-30,0.0003378361269181053,0.001155168275626072,0.004427592437621038,0.0012199637382916578,0.005785101912189631,0.006604998416945558,0.003870632239924578
2008-06-02,-6.62296187231147e-05,-0.004954684302451984,-0.000407181864188788,-0.00042161611258320706,0.011737069928278096,0.003797039361425203,0.0048387312271917894
2008-06-03,0.0,-0.002811921120506003,0.0,0.0,0.01036724711837922,0.004232666929660326,-0.00379987890956318
2008-06-04,0.0,-0.0002761097170013616,0.0,0.0,-0.005310261410714428,-0.004214221636548147,-0.00440944945713757
2008-06-05,0.0,-0.0001428271910745278,0.0,0.0,-0.0004152192753324639,-0.0015133165628789672,-0.001167480335917864
2008-06-06,0.0,0.0,0.0,0.0,0.0,0.014795822311518575,0.021396040149660872
2008-06-09,0.0,0.0,0.0,0.0,0.0,-0.00911624152350914,-0.005086809491053443
2008-06-10,0.0,0.0,0.0,0.0,0.0,-0.011008535934421885,-0.007584222731815486
2008-06-11,0.0,0.0,0.0,0.0,-0.0018299729444667557,0.0033666808196796466,0.009335774461948467
2008-06-12,0.0,0.0,0.0,0.0,0.01292656604682933,-0.012093467725259786,-0.00847404134214676
2008-06-13,0.0,0.0,0.0,0.0,-0.004551306658017309,-0.002374460717239979,-0.002792870983682908
2008-06-16,0.0,0.0,0.0,0.0,4.4858252202520664e-05,0.006725493969596748,0.002468537430641462
2008-06-17,0.0,0.0,0.0,0.0,0.005135433450609048,0.0025999566234699255,0.004404797541645417
2008-06-18,0.0,0.004769598609409854,0.0,0.0,0.008475555243504476,0.009069986035981232,0.008361600991771563
2008-06-19,0.0,-0.0006067395629861428,0.0,0.0,-0.0004720003657219372,-0.006008989704286856,-0.005527530136349744
2008-06-20,0.0,0.008179986228589635,0.0,0.0,0.0,0.0056322448872268985,0.007784466180540096
2008-06-23,0.0,0.0005233238161340637,0.0,0.0,0.0004466776110784488,-0.0053257663367386335,-0.001418679890348923
2008-06-24,-0.006470559885713314,0.0010227718477887509,0.0,0.0,-0.010507974719572393,0.0037215645683444107,0.00596104423739178
2008-06-25,0.0021369321057038686,0.002407561475690322,0.0,0.0,-0.00031042156949544436,0.0010293041207752646,-0.00011173066986924704
2008-06-26,-0.01701934504297174,-0.015990481868185077,0.010527726473391518,0.0,-0.00348075934088488,0.010945444938810915,0.01713800633816496
2008-06-27,-0.007138907317435121,-0.0032457623338787286,0.00969537999633066,-0.0019617772163819168,0.008909850777079356,0.010241528941860515,0.008651632442613327
2008-06-30,0.0008468738158712942,0.0020280728511317724,0.0012118496377483325,-0.0009271101563726705,0.0012118496377483325,-7.508331338043254e-05,-0.0015781926477348499
2008-07-01,-0.0004230693576834626,0.0017924763439245157,-0.0005995916020308371,-0.00048638465738136123,-0.0047645095839689705,0.0009023031139164351,0.0010866946951607582
2008-07-02,0.0,-0.010105938116145848,0.0,0.0,0.0039898950682528715,0.009779017990188902,0.010222542370190551
2008-07-03,0.0,0.0005615891189315636,0.0,0.0,-0.0005146126407375682,-0.001852644527705703,-0.0017579540377832342
2008-07-07,0.0,-0.00017625565950428208,0.0,0.0,0.0,0.0005006176479915439,0.0012676858628475785
2008-07-08,0.0,0.0,0.0,0.0,0.0,-0.009138964406565031,-0.011078932407326743
2008-07-09,0.0,0.0,0.0,0.0,0.0,0.011747056120007888,0.013141926993957475
2008-07-10,0.0,0.0,0.0,0.0,0.0,-0.0006401601341961305,0.0017324385291502854
2008-07-11,0.0,0.0,0.0,0.0,0.0,0.00850800252960812,0.002960394934039838
2008-07-14,0.0,0.0,0.0,0.0,0.0,0.005969677789397587,0.009076443241078895
2008-07-15,0.0,0.0,0.0,0.0,0.0,0.0071616756598259215,0.003333181142633198
2008-07-16,0.0,0.0,0.0,0.0,0.0,-0.014168566049468551,-0.016342933396585522
2008-07-17,0.0,0.0,0.0,0.0,0.0,-0.006501600452463717,-0.007499180128040935
2008-07-18,0.0,0.0,0.0,0.0,0.0,-0.006158170674617079,-0.0066018468812282065
2008-07-21,0.0,-0.000467479190938151,0.0,0.0,0.0,-0.0013076339376542837,0.0009358236746123425
2008-07-22,0.0,-0.006524041761006416,0.0,0.0,0.0,-0.008797356766114392,-0.012757243276470126
2008-07-23,0.0,-0.003100231755051186,0.0,0.0,0.002713864039506742,-0.007160995000670361,-0.008571989728984947
2008-07-24,0.0,0.012014596632662218,0.0,0.0,-0.005963477615197881,0.008474936290983249,0.00987010909060145
2008-07-25,-0.0010440575330891203,0.0001648653498687273,0.0,0.0,-0.012560169049210644,-0.002798148420816266,-0.00545115645114332
2008-07-28,0.0020209236892890555,-0.008595388271548423,0.0,0.0,0.011326937032294853,0.008367941663349648,0.008805069067408614
2008-07-29,-0.0020334771426081238,0.01192539022141391,-0.0031938256138478523,0.0,-0.005837409144138107,-0.008354413933712359,-0.009370928323897323
2008-07-30,-0.0009683394495498437,0.009944652376650506,0.0018638184411475577,-0.00030841486492459643,0.0030432120772224003,-0.004800974218200713,-0.002190789400986751
2008-07-31,0.002297494484426957,-0.007448863121110914,0.007864493893179,-0.0018526757747018888,-0.0005015506059691862,0.003122707398078161,0.0038337424490906976
2008-08-01,-7.230372925527775e-05,-0.002997316988712137,-0.00029785549282051235,-0.0005222470269342216,-0.0014926215576135185,0.0031183451298201514,0.0014132943652601538
2008-08-04,0.0,-0.005234888385960231,0.0,0.0,0.0014743845734746653,-0.014802140347283135,-0.001262247218985317
2008-08-05,0.0,0.015068428129697114,0.0,0.0,0.010336755567779982,-0.003920385999736525,-0.012292861153312906
2008-08-06,0.0,-0.00017005759260860156,0.0,0.0,-0.000591213147612468,-0.004991143316711314,-0.003456618989441596
2008-08-07,0.0,0.0,0.0,0.0,-0.006646391416101964,-0.001368701080343674,0.009018713570919648
2008-08-08,0.0,0.0,0.0,0.0,-0.0018438584952642169,-0.012502726986006947,-0.010033177923982471
2008-08-11,0.0,0.0,0.0,0.0,-0.009876657528610755,-0.012072735142911264,-0.010765035643596182
2008-08-12,0.0,0.0,0.0,0.0,0.01372474887684501,0.0009713674928640601,0.005717609355461376
2008-08-13,0.0,0.0,0.0,0.0,-0.0044389886996241325,0.010389070647673965,0.0032612153597662485
2008-08-14,0.0,0.0,0.0,0.0,-0.0006012926779529859,-0.009684859068960768,-0.004177738497909548
2008-08-15,0.0,0.0,0.0,0.0,0.0,-0.013903827089990065,-0.0027014389685369434
2008-08-18,0.0,0.0,0.0,0.0,0.0,0.0032081386328731156,0.00571644264126248
2008-08-19,0.0,0.005428277926333752,0.0,0.0,0.0,0.007294083058877508,0.005597509605628653
2008-08-20,0.0,-0.002339879742557188,0.0,0.0,0.0,0.0015434389364828358,-0.000697159845397068
2008-08-21,0.0,-0.0008508617999649292,0.0,0.0,0.0,0.012651768457004206,0.005291824302056311
2008-08-22,0.0,-0.007342271720351079,0.0,0.0,0.0,-0.014920909788710206,-0.009698819815684002
2008-08-25,-0.0012022453978965304,0.010352290166777824,0.0,0.0,0.0,0.004355912414416345,0.009763549849914416
2008-08-26,6.628723092214131e-05,0.001143516454732056,0.0,0.0,0.0,-0.001942562580335321,-0.0015638006832693712
2008-08-27,0.00019060160185272812,0.004904867062261969,0.002175106948132794,0.0,-0.003398916471942318,0.001124654299830928,-0.0019296785728609325
2008-08-28,0.0004995740460945088,0.006117278029504196,-0.0030376348561745492,-0.0015086372154177123,0.0006005679273327419,-0.0002757669198645892,-0.004339055885878467
2008-08-29,-0.00023621401575406412,-0.005490307601929368,-0.0025930064599487814,0.002900037542665704,-0.003391463799354347,-0.0009992181970804699,0.0008644950091982603
2008-09-02,-3.3451373729688176e-05,-0.0031858720842351407,-0.0006007392189936433,-0.0004978988475681236,0.010753485149652036,-0.00668199881796364,0.0015022402080258701
2008-09-03,0.0,-0.00047010751280085814,0.0,0.0,0.004775447801933401,-0.003564866635137132,-0.00018112820673946012
2008-09-04,0.0,-0.015306195621601897,0.0,0.0,0.008642975661103832,-0.0034297373722285084,0.008631512821290013
2008-09-05,0.0,-0.0001498960306592126,0.0,0.0,-0.000526489380143877,-0.006453821005082246,-0.0021475304851395548
2008-09-08,0.0,0.0,0.0,0.0,0.0,-0.0033418938571146105,-0.004992373299826367
2008-09-09,0.0,0.0,0.0,0.0,0.0,-0.010789727693057,0.005308677945060959
2008-09-10,0.0,0.0,0.0,0.0,0.004208903436302019,-0.009161470000804,-0.006263927599422211
2008-09-11,0.0,0.0,0.0,0.0,0.0033773415436250077,-0.00662337692976139,-0.0029452411895612724
2008-09-12,0.0,0.0,0.0,0.0,-0.010457001000161838,0.012563220668592277,0.000912704706451276
2008-09-15,0.0,0.0,0.0,0.0,0.03676937428150681,0.02459214182213064,0.029746721014280265
2008-09-16,0.0,0.0,0.0,0.0,-0.005473458484520781,-0.003983211259872262,0.0040192529807435255
2008-09-17,0.0,0.0,0.0,0.0,0.014921379724941383,0.061943398591798794,0.04789292117667337
2008-09-18,0.0,-0.012948217845344936,0.0,0.0,-0.000496723744446781,-0.037347828050906626,-0.035979903117509274
2008-09-19,0.0,-0.017149792481511363,0.0,0.0,0.0,0.003872715546318549,-0.02420357790767925
2008-09-22,0.0,0.009789440817942948,0.0,0.0,0.0,0.021811493523880243,0.020054016686292215
2008-09-23,0.0,0.009832749279518866,0.0,0.0,0.0,0.00033373349614243894,0.0035352872487895695
2008-09-24,-0.001524793413979813,-0.0013855192371356973,0.0,0.0,-0.005749873902428723,-0.00852691697000134,-0.003907980164627944
2008-09-25,0.006484593489091844,0.005475949617795593,0.0,0.0,0.0014645779258995158,0.008878213327613673,-0.0026260307001402953
2008-09-26,0.0006699158057965172,0.00016815199659230045,-0.0020175295482426194,0.0,-0.0022023731404423167,0.002119228162273278,0.006754854992806837
2008-09-29,-0.031499216476672004,-0.028708542009103173,0.027816154479874986,0.011829529451390137,0.027816154479874986,0.035428824601704316,0.059005578890326205
2008-09-30,0.02126115108747837,0.015137538121709647,-0.026481125802629395,0.003316243918139006,-0.026481125802629395,-0.038919744784878016,-0.05067333934473705
2008-10-01,-0.0003095725786938436,0.00020591038999715142,-0.0006081352502101193,-0.0003901106559879012,0.010242454169065707,-0.008497212391563655,5.888874869009518e-05
2008-10-02,0.0,-0.013292130390463223,0.0,0.0,-0.00044339467144586083,0.017369755475833346,0.016423482081307905
2008-10-03,0.0,-0.00495338448515962,0.0,0.0,0.0,0.0040952137055656115,0.004083473323632992
2008-10-06,0.0,-0.00010891039901229209,0.0,0.0,0.0,0.020933077636460778,0.017918408027288446
2008-10-07,0.0,0.0,0.0,0.0,0.0,0.016886900801043457,0.011683478856352082
2008-10-08,0.0,0.0,0.0,0.0,0.0,0.008499461560880198,-0.0015185204450932196
2008-10-09,0.0,0.0,0.0,0.0,0.0,0.0172619989885625,0.01070014767961154
2008-10-10,0.0,0.0,0.0,0.0,-0.0240631315385461,0.011552752504684318,-0.0027915823903005145
2008-10-13,0.0,0.0,0.0,0.0,-0.013712696957148681,-0.06024850676180632,-0.0438399414586247
2008-10-14,0.0,0.0,0.0,0.0,-0.00944760266213065,0.010066729522937566,0.008986561886419157
2008-10-15,0.0,0.0,0.0,0.0,0.015930152117495766,0.03713097889134686,0.032420127108229405
2008-10-16,0.0,0.0,0.0,0.0,-0.0005802053341936262,-0.013139138414015789,-0.013147145839093873
2008-10-17,0.0,0.0,0.0,0.0,0.0,0.003219988719436548,0.004599982819202323
2008-10-20,0.0,0.0,0.0,0.0,0.0,-0.01591917885793965,-0.008864358232316563
2008-10-21,0.0,0.005653660852287374,0.0,0.0,0.0,0.010833658356389608,0.011380790311316535
2008-10-22,0.0,0.01040938530495629,0.0,0.0,0.0,0.013915116629133611,0.01798048368534723
2008-10-23,0.0,-0.0022124330204532244,0.0,0.0,0.0,-0.005201860034990236,-0.0030463090079140887
2008-10-24,0.0,0.009694576503879318,0.0,0.0,0.0,0.013584945200910992,0.009308842171331468
2008-10-27,-0.006253838371579315,0.006784572647778802,0.0,0.0,0.0005590120346377726,0.017706002464837146,0.011249586329359594
2008-10-28,0.028945916303839005,0.020863482339954966,0.0,0.0,0.0161548840859465,-0.03303642256912699,-0.03287695582207902
2008-10-29,-0.0027238637079890654,-0.0013114693635766638,0.002181150247071313,0.0,-0.0011709077890084208,-0.00732423890640556,-0.0012936189493520929
2008-10-30,0.013589739727553271,0.006207168953518286,-0.014660135492398047,-0.0026438027140713223,0.0038346963053096116,-0.01596098851475007,-0.01918183826958733
2008-10-31,0.0029435080124988705,0.0009833128575985563,-0.003941703989404588,-0.005117697005065636,-0.004872699593785589,-0.004389131356949805,-0.0047521609323376394
2008-11-03,-0.00033899657480326547,0.0005153645825253058,-0.0005739236286018073,-0.0002794314474733042,0.0031383572586233953,0.0007789405907961385,0.001963902869718952
2008-11-04,0.0,0.006096853292498237,0.0,0.0,0.014643820452591771,-0.019726547080611057,-0.01409100053606928
2008-11-05,0.0,-0.007548957350274435,0.0,0.0,0.006595640631366009,0.008952635504884815,0.014288475118571922
2008-11-06,0.0,-5.1984135474941916e-05,0.0,0.0,-0.0003744106019988137,0.011289473816025115,0.011769057753104512
2008-11-07,0.0,0.0,0.0,0.0,0.006594583326501469,-0.0029712921100249093,-0.008075256754762289
2008-11-10,0.0,0.0,0.0,0.0,-0.002038082876598102,-0.0009225560251936958,0.0026786174716191278
2008-11-11,0.0,0.0,0.0,0.0,-0.007440855175181652,0.00613355034059287,0.00987702943061051
2008-11-12,0.0,0.0,0.0,0.0,-0.012367207817064317,0.013176159148823986,0.01535706306656525
2008-11-13,0.0,0.0,0.0,0.0,-0.005364595981749675,-0.008677931265521866,-0.020530946089389
2008-11-14,0.0,0.0,0.0,0.0,0.019361043449243037,0.0044589175762935725,0.01499989535853325
2008-11-17,0.0,0.001995278438600016,0.0,0.0,0.008444546453396583,0.007208228824414992,0.006104909118696997
2008-11-18,0.0,-0.0028997647693687007,0.0,0.0,0.015504761049847158,0.006737207575836696,0.00528949800569702
2008-11-19,0.0,0.00985596230009561,0.0,0.0,0.021129063280564284,0.013615625691892739,0.02077425643835515
2008-11-20,0.0,0.011415495038405275,0.0,0.0,-0.0005823969871432547,0.01954458953267437,0.02640678641156831
2008-11-21,0.015915853775538887,-0.008304541013246129,0.0,0.0,0.0,-0.013261368687299335,-0.01952963304179562
2008-11-24,0.01869244577602633,0.010092384604997562,0.0,0.0,0.01628554312539918,-0.0151124671109524,-0.02267779007763512
2008-11-25,-0.014184934737620974,0.00108611984481848,0.02222142815621764,0.0,-0.008400628995050197,-0.001890759581853719,0.0024140727758947753
2008-11-26,0.0003487847299429117,0.005679993106735481,0.008017918632532935,0.0034275312943020378,0.010012833202771756,-0.011810251722620893,-0.00749744390154485
2008-11-28,7.547738057659764e-05,0.0018491044352066245,0.002657730893364748,0.00365851210223727,0.0034010571106703243,0.005808306722913442,0.00494799440298133
2008-12-01,-0.00031292027040086837,-0.013022591527267972,-0.0003950098433525974,-0.00023365916322115355,0.02285722856296031,0.006889293860939787,0.024749829412559942
2008-12-02,0.0,0.005653757816139991,0.0,0.0,0.005409221501191878,-0.0063958816150155445,-0.009841723099867345
2008-12-03,0.0,0.0035328850309442905,0.0,0.0,-0.00031982683875661706,-0.0008110848275880017,-0.005602652125142761
2008-12-04,0.0,-4.50037884173625e-05,0.0,0.0,0.0,0.00227093705360409,0.008094130337865626
2008-12-05,0.0,0.0,0.0,0.0,0.0,9.122157489821469e-06,-0.00772507258677725
2008-12-08,0.0,0.0,0.0,0.0,0.0,-0.013752526274928846,-0.011552149442877184
2008-12-09,0.0,0.0,0.0,0.0,0.0,0.00452962049947752,0.0074772778710694215
2008-12-10,0.0,0.0,0.0,0.0,0.0011332199943133612,-0.0064487616405531556,-0.004647100153738192
2008-12-11,0.0,0.0,0.0,0.0,-0.0032147452115399576,-0.006648973100131912,0.0025031300191953477
2008-12-12,0.0,0.0,0.0,0.0,0.004361046523898244,-0.0007399152442226968,-0.0055385261450830075
2008-12-15,0.0,0.0,0.0,0.0,0.003914483125775049,-0.008991061190837799,0.00376739322240875
2008-12-16,0.0,0.0,0.0,0.0,0.029807881176005576,-0.01363912433786121,-0.014315228181199655
2008-12-17,0.0,0.0,0.0,0.0,0.007844272648144843,-0.007576668625277387,-0.0013474833389257198
2008-12-18,0.0,0.0024833416398301355,0.0,0.0,-0.0003545918771008276,0.006752125103318781,0.005316860876299889
2008-12-19,0.0,0.0005791214803584253,0.0,0.0,0.0,0.007089928817790237,0.003261276904245381
2008-12-22,0.0,0.001730297612964318,0.0,0.0,0.0041972860829778665,-0.002718195281516306,0.00022265854182615594
2008-12-23,0.0,0.0013953095066702914,0.0,0.0,-0.00015145293928893843,0.006623608258069221,0.0012653593968274229
2008-12-24,0.0008597433618043188,-0.0007865857468597374,0.0,0.0,-0.0025253513840037675,-0.0009132655712466361,-0.00015591099755146595
2008-12-26,-0.0023605597589319354,0.0007076352601520903,0.0,0.0,0.009707320015058895,-0.006097701404461037,-0.0020076972231121417
2008-12-29,-0.0014428783770105847,-0.00039314587526561874,0.003162198812864408,0.0,0.004008890619436336,-0.000638929265966123,0.002252080547490854
2008-12-30,0.0013375800604995005,0.0032435150461922854,0.0023288573377949315,-0.002695837328669807,0.0014242700701736252,-0.0029821731631687314,-0.002700386714565725
2008-12-31,0.0071729945026794955,0.0019522831839822946,-0.018339857993839012,0.002490879831701532,-0.00034681310844475775,-0.0057723207457980544,-0.00894575987479901
2009-01-02,-0.00018453897220878897,0.00412453976506637,-0.0005017898767601773,-0.0002201206750030826,0.0,-0.0009439495424918934,-0.005501037404858579
2009-01-05,0.0,-0.0001637261609072246,0.0,0.0,0.0,-0.0037669303427786036,-0.003696712735796523
2009-01-06,0.0,0.0009131017284257826,0.0,0.0,0.0,-0.004434764781522022,-0.005541914779805807
2009-01-07,0.0,-4.129715188582773e-05,0.0,0.0,-0.000996009528629967,0.006265131678733628,0.006769393961923609
2009-01-08,0.0,0.0,0.0,0.0,-0.001630048499007247,-0.0013796353602631949,-0.0016927979562474384
2009-01-09,0.0,0.0,0.0,0.0,0.0083071437573967,0.002714407090875042,0.0038102479007729208
2009-01-12,0.0,0.0,0.0,0.0,0.012468971146565826,0.006448048297038986,0.008398314842151249
2009-01-13,0.0,0.0,0.0,0.0,0.001414468753473243,0.0006830795300339832,0.0004996198167845134
2009-01-14,0.0,0.0,0.0,0.0,0.006976719167166374,0.008123131893662585,0.008809564207487878
2009-01-15,0.0,0.0,0.0,0.0,-0.00038532871937094264,-0.001498497664369389,-0.0014856155398700309
2009-01-16,0.0,0.0,0.0,0.0,0.0,-0.0035069293797540457,-0.005499103492528948
2009-01-20,0.0,0.008888881027976941,0.0,0.0,0.0,0.016544794144648135,0.015856272994615984
2009-01-21,0.0,-0.007320173704558408,0.0,0.0,0.0,-0.009076073374772828,-0.010284840248174741
2009-01-22,0.0,0.002615868139498351,0.0,0.0,0.0,0.0029527833627654067,0.0012674967234196529
2009-01-23,0.0,-0.0007390419643924157,0.0,0.0,0.0,0.000902562935084868,-0.0016436120182587498
2009-01-26,0.001536317203433719,-0.0011630287415245945,0.0,0.0,0.004376669662785711,-0.00194333009607016,-0.0026865886524711753
2009-01-27,-0.0020563574571050456,0.0016608069643240856,0.0,0.0,-0.013146454161680702,-0.0037300756057064605,-0.0008085087430745275
2009-01-28,0.005754425891486908,0.005877916775287399,-0.003700048515519489,0.0,0.003163033603977982,-0.010910803637033955,-0.011565601443374623
2009-01-29,0.0030082186429165147,-0.0056504575486837245,-0.007170757838767135,-0.0020362846870332044,0.007324545659552087,0.008968590807594566,0.005641848502928468
2009-01-30,-0.0015610189862767872,-0.003538124415253641,-0.0002385735173293842,-0.002541252623496248,-0.0016247556636579516,0.002451108104829022,0.002087688567666134
2009-02-02,-0.00015897977302840652,-0.0005272386699069447,-0.0001650355445152332,-0.0002381094167818074,0.015850735990413704,0.007646185661401565,0.004017805576715411
2009-02-03,0.0,0.0024387167707326544,0.0,0.0,-0.01101058431847481,-0.0035940918926405546,-0.0042185826185115235
2009-02-04,0.0,-0.0008535831962061173,0.0,0.0,-0.006418481054483811,-0.0020562600453752447,-2.8351839024759832e-05
2009-02-05,0.0,-5.192147971391428e-05,0.0,0.0,-0.00037822409236658007,-6.16000716435729e-05,-0.001500471340312923
2009-02-06,0.0,0.0,0.0,0.0,0.011511094535780943,-0.006781915853758713,-0.008005288076656234
2009-02-09,0.0,0.0,0.0,0.0,0.0040530201428965506,-0.0010839751415710874,-0.00112471084742615
2009-02-10,0.0,0.0,0.0,0.0,-0.026780701105534765,0.005842516051501978,0.00818650313651671
2009-02-11,0.0,0.0,0.0,0.0,-0.015456846042956503,0.0021222970705302197,-0.0006972541079779909
2009-02-12,0.0,0.0,0.0,0.0,-0.0006801772637684145,-0.0012652338346421995,-0.0004565556673409757
2009-02-13,0.0,0.0,0.0,0.0,-0.01633148627839082,-0.0021689162706032953,0.00026466354719777456
2009-02-17,0.0,0.00856360534120673,0.0,0.0,0.033600310509328275,0.012316502441968606,0.010851390613262481
2009-02-18,0.0,0.00048052333153271703,0.0,0.0,-0.014594998563384278,-0.0009204103066269209,-3.406016451183908e-05
2009-02-19,0.0,0.0021682757497015377,0.0,0.0,-0.01113266316937276,-0.0027431417666319642,0.0006188000701514197
2009-02-20,0.0,0.001958851445232373,0.0,0.0,-0.0006033687341150929,0.0028825585577797077,-0.000214957681566505
2009-02-23,-0.004385222739038368,0.007212694152670334,0.0,0.0,-0.002488431883092068,0.0063162656924521015,0.007640307462915232
2009-02-24,0.005616820042884706,0.007985620550328636,0.0,0.0,0.007555131272849596,-0.0016399108310014188,-0.0038946832357401894
2009-02-25,0.002866687705672967,-0.001688787109157297,-0.01557097340461663,0.0,0.01544261036677819,0.0002479480575604979,0.0037545127300337568
2009-02-26,-0.0007029681018714919,-0.0034815412418587642,-0.004260183503914886,-0.002172404364321827,-0.0026180654216424962,0.0021104193617893243,0.0040831383617403105
2009-02-27,-0.002052171260886337,-0.004784289862490234,-0.0014354372275560503,0.0010852353059740804,-0.002105240717150701,0.003922377417258405,0.0037463913069934857
2009-03-02,-0.000154730455563469,-0.009639812338788304,-0.0004987134721298119,-0.00026726162706968933,0.020044154233361415,0.010306638376416192,0.011511785115368017
2009-03-03,0.0,-0.001610647742780582,0.0,0.0,-0.0025703078998042922,0.0007086621169849944,0.0007644867813567493
2009-03-04,0.0,0.005065706006461454,0.0,0.0,-0.006692724823600562,-0.002814330782337745,-0.006060758737094888
2009-03-05,0.0,-6.537066938806965e-05,0.0,0.0,-0.00038131758148465247,0.010536073248999071,0.008018100205158548
2009-03-06,0.0,0.0,0.0,0.0,0.0,-0.002158348774112488,-0.0015143402715036849
2009-03-09,0.0,0.0,0.0,0.0,-0.001451173204851249,0.008999549459994297,0.006665701578379683
2009-03-10,0.0,0.0,0.0,0.0,0.014596117962906522,-0.01199590957038511,-0.012041798061881902
2009-03-11,0.0,0.0,0.0,0.0,-0.014298901234133058,-0.0007780541835085079,-0.0010039813452653518
2009-03-12,0.0,0.0,0.0,0.0,0.0004838976363320976,-0.004470295837237726,-0.009479902760735312
2009-03-13,0.0,0.0,0.0,0.0,-0.001963042329257004,-0.003908272798370766,-0.0019104843018704115
2009-03-16,0.0,0.0,0.0,0.0,-0.011422208848274752,-0.0035075846648663315,-0.0002934017826368574
2009-03-17,0.0,0.0,0.0,0.0,-0.003846314200069132,-0.00023249165177315753,-0.004645857962108492
2009-03-18,0.0,0.0,0.0,0.0,0.06297790721963557,-0.002184619471997082,-0.007934639050848855
2009-03-19,0.0,0.003196099520346347,0.0,0.0,-0.000537062368850239,-0.003915635748608011,-0.002306523826194868
2009-03-20,0.0,0.005630864927524995,0.0,0.0,0.0,0.0034722403503487306,0.004367254732097503
2009-03-23,0.0,-0.019004485526307544,0.0,0.0,0.006207883929050766,-0.006162059566179899,-0.012145776683910077
2009-03-24,0.0,0.005203931336954886,0.0,0.0,0.0028871727005546567,0.004794543685270008,0.006642348480886437
2009-03-25,-0.00511877355636452,-0.002792896847459923,0.0,0.0,0.01063331897113438,-0.004394284149626792,-0.0034502890759497327
2009-03-26,-0.0019115017063222515,0.00495850205274039,0.0,0.0,0.0009322348892472992,-0.001745678318818237,-0.004429933868490835
2009-03-27,0.0025800363753897344,-0.004532771582288257,-0.0015379364124227413,0.0,-0.0016685730712842231,0.003944625777862498,0.006329859328681076
2009-03-30,0.007851954965962228,-0.008676282638295361,0.007055248013589879,-0.004555724997529236,0.008525858220126215,0.008586547710279217,0.00941310544306141
2009-03-31,-0.0005679492777511256,0.0023214653912478466,0.0029007860759945377,0.007408173789684046,0.003504610986934834,-0.0019658216994045594,-0.0032294559689041696
2009-04-01,-0.00020895836087861188,0.004858406781343474,-0.0004959282070505803,-0.0002941253506358138,0.0026094132364816273,-0.00328833362212515,-0.0025866314309822168
2009-04-02,0.0,0.0073358985952500936,0.0,0.0,-0.0003507731155189954,-0.010170979751816526,-0.010385237808890948
2009-04-03,0.0,0.0024933482450174263,0.0,0.0,0.0,-0.0041096166531695896,-0.004671423848816433
2009-04-06,0.0,-7.586304338785225e-05,0.0,0.0,0.0,0.0016562139306126689,0.002523287211205352
2009-04-07,0.0,0.0,0.0,0.0,0.0,0.005899804825070561,0.006217428236649311
2009-04-08,0.0,0.0,0.0,0.0,-0.01017088665685255,-0.003332418219357208,-0.0031001412580819072
2009-04-09,0.0,0.0,0.0,0.0,0.0018877135872603687,-0.007901899814679914,-0.008818605077150246
2009-04-13,0.0,0.0,0.0,0.0,0.010662536648376597,-0.0021157372144037334,-0.001957929206073115
2009-04-14,0.0,0.0,0.0,0.0,0.009841615056286352,0.002702575213179,0.004085612842348997
2009-04-15,0.0,0.0,0.0,0.0,0.0017847867205619927,-0.0022774760585111313,-0.0027853113920282544
2009-04-16,0.0,0.0,0.0,0.0,-0.004820304111717184,-0.0037014748989397323,-0.0029519218592373273
2009-04-17,0.0,0.0,0.0,0.0,-0.0003474999355219474,-0.00015627858995588613,8.362456377930713e-05
2009-04-20,0.0,0.010261920218286985,0.0,0.0,0.0,0.010841748490254838,0.01117691715374462
2009-04-21,0.0,-0.004823703261679282,0.0,0.0,0.0,-0.004474129388294807,-0.005045528464947847
2009-04-22,0.0,0.001504394106341883,0.0,0.0,0.0,-0.0012418733603266976,-0.0005542442830516585
2009-04-23,0.0,-0.0024237912541927786,0.0,0.0,0.0,-0.0031579887557556894,-0.0037617230850938072
2009-04-24,-0.004513440257374165,-0.0037297701301400917,0.0,0.0,0.0,-0.005083006472715563,-0.005170629247408128
2009-04-27,0.0035542292554322976,-0.0025673224568006454,0.0,0.0,-0.008875668321867283,0.003060147680037888,0.004165707271571556
2009-04-28,-0.0019928363391911665,-0.0008041430376860148,-0.0070394619461691225,0.0,0.009118720186843265,-0.0013504975898172332,-0.0005726535105902283
2009-04-29,-0.006026766412483247,0.005424674779741716,-0.007384346226701606,-0.006089160451357972,-0.003768534938839069,-0.00627960328656118,-0.006906591012767773
2009-04-30,-0.0009267903982031047,8.475278649884345e-05,-0.002336660503058431,-0.003410833719814955,-0.003854807008403157,-0.0004766507932123248,-0.00023357570546020986
2009-05-01,-0.00019886498546240638,0.0013701453992752903,-0.00040969111566789405,-0.00031204196114288456,0.00233397770444092,-0.0010496953664882232,-0.002055257053226848
2009-05-04,0.0,0.008676451496506716,0.0,0.0,-0.0017884824590687048,-0.00315824710239337,-0.00797624833217731
2009-05-05,0.0,-0.0008741243718090291,0.0,0.0,0.0003158277899946279,-0.0005554101017660556,0.00040028659833885494
2009-05-06,0.0,-7.633743853811925e-05,0.0,0.0,-0.0008676376308797879,-0.003971839262400061,-0.004968053676977906
2009-05-07,0.0,0.0,0.0,0.0,-0.0025957765053489525,0.0003868274877783137,0.001953257584525586
2009-05-08,0.0,0.0,0.0,0.0,0.0018346156150519512,-0.004919705768543774,-0.006877312934256793
2009-05-11,0.0,0.0,0.0,0.0,0.018789667712163286,0.003383764213779088,0.0036927454910647486
2009-05-12,0.0,0.0,0.0,0.0,-0.001308105554088841,-0.000825275131139967,-0.001821072358644245
2009-05-13,0.0,0.0,0.0,0.0,0.009194670443565969,0.006563117253793705,0.00654686307163024
2009-05-14,0.0,0.0,0.0,0.0,-0.0005968392094066994,-0.001088957952642471,-0.0020520785081780918
2009-05-15,0.0,0.0,0.0,0.0,0.0,0.0019094645027275413,0.0022166091705029273
2009-05-18,0.0,-0.007545549189715877,0.0,0.0,0.0,-0.007771185322523688,-0.0065710420415553885
2009-05-19,0.0,0.00031260623598460647,0.0,0.0,0.0,-0.002434669435121896,-0.002791938064765654
2009-05-20,0.0,0.0017580241530228934,0.0,0.0,0.0,-0.0017859333338106633,-0.0024596423920759222
2009-05-21,0.0,0.0037729194841703796,0.0,0.0,0.0,0.0013413052097805253,0.0002975164628622051
2009-05-22,-0.0016032984746484776,0.000557087528455275,0.0,0.0,0.0,-0.003674544852201165,-0.0024555835039907605
2009-05-26,-0.003892244225518499,0.006700467328841193,0.0,0.0,0.012708998050292382,-0.004637481177680982,-0.0041865626302234555
2009-05-27,-0.0018105402503803894,-0.004786004041208129,-0.01383367450757965,0.0,0.022596468377829554,-0.0015070750895746022,0.0008467381557839251
2009-05-28,0.0003847802077054314,0.003731714659893848,0.006208580598939637,0.006562802293373926,0.0023337460472188307,-2.752892516040193e-05,-0.0024490935868296767
2009-05-29,0.001804475993886255,0.004741578691782764,0.013413974981408321,-0.000996996504207132,0.022125542816042593,-0.0026940079970694257,-0.005892001770860597
2009-06-01,-0.00010957854279901198,0.00648260309143908,-0.000356207894380968,-0.00035037297083585816,-0.0326561571654422,-0.011252675172774255,-0.00914861442038068
2009-06-02,0.0,0.00022326293584879416,0.0,0.0,0.006667669654109328,-0.0008595742957462636,-0.0007102994721411992
2009-06-03,0.0,-0.0033907013668216857,0.0,0.0,0.0073748569994360426,0.01019730030224494,0.006565908539954701
2009-06-04,0.0,-7.962089084065772e-05,0.0,0.0,-0.0003728148094800867,-0.008036217397264067,-0.005096263450575523
2009-06-05,0.0,0.0,0.0,0.0,0.0,-0.0012053057117326087,0.00020557084743691242
2009-06-08,0.0,0.0,0.0,0.0,0.009549618901466923,-0.00019268066555930738,0.0010955144061210943
2009-06-09,0.0,0.0,0.0,0.0,-0.008641625422551095,-0.0020022291229283167,-0.0022471968957119928
2009-06-10,0.0,0.0,0.0,0.0,0.01144565415200504,-0.004098302737746422,-0.001006303892261207
2009-06-11,0.0,0.0,0.0,0.0,0.0022375514229373565,0.0012739999617690124,-0.0009673196563675202
2009-06-12,0.0,0.0,0.0,0.0,0.010126417022623806,0.008579372441286858,0.003255582073299954
2009-06-15,0.0,0.0,0.0,0.0,0.00896401713327969,0.012481723613069607,0.009073764327118688
2009-06-16,0.0,0.0,0.0,0.0,0.011160408593177254,0.001984432531760054,0.0024114874532486833
2009-06-17,0.0,0.0,0.0,0.0,-0.004078349070888716,-0.000880487874039781,-0.0002465655407151182
2009-06-18,0.0,-0.002483470811632188,0.0,0.0,-0.0004405512975247451,-0.009393582576594514,-0.0032394280353209297
2009-06-19,0.0,-0.0012035853760621817,0.0,0.0,0.0,0.0038010386831843408,4.299442939431267e-05
2009-06-22,0.0,0.009768288476999553,0.0,0.0,-0.011389161937317599,0.008519980196833624,0.008513591017456794
2009-06-23,0.0,-0.000260420211027817,0.0,0.0,-0.006496734251630039,0.0017013464063053755,-0.0006939075623177888
2009-06-24,0.0006314836924349395,-0.0028094697486492166,0.0,0.0,0.007556757026870979,-0.0013041684288216452,-0.0018628168688227835
2009-06-25,-0.0004848510801150034,0.007879369487687256,0.0,0.0,0.007398461716819535,0.006607545972368264,-0.0014636102005077692
2009-06-26,-0.00022232875736555551,-0.0009742279086310813,0.0020334807691220844,0.0,0.0022306824362275032,-0.0008505060431242316,-0.0003742181688980344
2009-06-29,0.00011635488372825951,0.0034807637425294637,0.00417221636165666,0.0030065768682202535,0.00417221636165666,0.0004410683771634201,-0.0010655202661231803
2009-06-30,-1.995429403846029e-05,-0.0030134908009290624,-0.005296776486103991,-0.00010944247980105108,-0.005296776486103991,-0.0011462544570208348,0.000711113022863761
2009-07-01,-3.985537603302615e-05,0.0015345081975315393,-0.0006015925430466397,-0.0003579120776390569,-0.0010943378656418042,-0.004139057850655761,-0.0021359766225271695
2009-07-02,0.0,-0.010158307329788391,0.0,0.0,-0.00042515164792280446,0.008087802682056928,0.007615189502362619
2009-07-06,0.0,-4.6127807364839596e-05,0.0,0.0,0.0,0.003080638256420259,0.0024383660641497805
2009-07-07,0.0,-0.00011161772781466277,0.0,0.0,-0.008546176095579465,0.004630016127059716,0.005046017382032392
2009-07-08,0.0,0.0,0.0,0.0,-0.02307092315441969,0.0049526255972165995,0.003626444390991634
2009-07-09,0.0,0.0,0.0,0.0,-0.0036546952071936207,-0.002508005344314534,-0.0019239214608243274
2009-07-10,0.0,0.0,0.0,0.0,0.011979947794349369,0.002778132457677107,0.0021448756038782934
2009-07-13,0.0,0.0,0.0,0.0,-0.0071787720469850234,-0.0037142745393734145,-0.003937023331361663
2009-07-14,0.0,0.0,0.0,0.0,-0.013302865615700465,-0.0037141345760327207,-0.0027302851004850034
2009-07-15,0.0,0.0,0.0,0.0,-0.02139834926464137,-0.01333375267885766,-0.011237891996906476
2009-07-16,0.0,0.0,0.0,0.0,-0.0004976295596878812,0.0003994740023782398,-0.00024782574322568436
2009-07-17,0.0,0.0,0.0,0.0,0.0,-0.002764068746210541,-0.002126092014597231
2009-07-20,0.0,0.0,0.0,0.0,0.0,-0.004988594016478989,-0.00469928900351136
2009-07-21,0.0,-0.002004281764065183,0.0,0.0,0.0,0.004502175845247528,0.0025952803139803905
2009-07-22,0.0,8.252321042586763e-05,0.0,0.0,0.0,-0.002714078902977716,-0.0019574801516278714
2009-07-23,0.0,-0.008980259116849403,0.0,0.0,0.0,-0.00514919070295507,-0.005700486049483345
2009-07-24,0.0,-0.0016712864641420372,0.0,0.0,0.0,-0.00015451519778003097,-0.00019061279559578318
2009-07-27,-0.003210968279890891,-0.0012049977085483075,0.0,0.0,0.008716193653953192,-0.0029909159861134012,-0.0023306417539944693
2009-07-28,0.002057582537972268,-0.002303111232323901,0.0,0.0,-0.004031669292299447,0.004762326866659061,0.003216582215660994
2009-07-29,0.0008851262951937998,-0.0010757972199836475,0.0005813192927066887,0.0,-0.0013478851437493152,0.004538627169061303,0.0038106463350083765
2009-07-30,-0.0003984796027328954,0.004565504372437377,0.006449977303133658,-0.0029961863304810866,0.0017162653070493569,-0.0015798299824131643,-0.0031349690478165303
2009-07-31,0.004675838972251706,0.0006169116267106912,0.01625854738624708,-0.002660309489631807,0.019739549191778644,-0.0019222357403678053,-0.0016001529627077801
2009-08-03,-0.00021790606616035112,0.007212313733487641,-0.0004811834945447673,-0.0003944524741759371,-0.021274034852392352,-0.008529232871344761,-0.006967301528844564
2009-08-04,0.0,0.0011277929971204828,0.0,0.0,-0.0058013927818498226,-0.0027871810010607497,-0.0014315496021402182
2009-08-05,0.0,-0.0012631974987924114,0.0,0.0,-0.007535058091019394,-0.002593260695427521,-0.0010755749031162154
2009-08-06,0.0,-0.00013101050278379418,0.0,0.0,-0.0003862345625556925,0.0030661374507948698,0.002755947261106405
2009-08-07,0.0,0.0,0.0,0.0,0.012622456336239403,-0.005258364001580203,-0.0032157545463515126
2009-08-10,0.0,0.0,0.0,0.0,-0.012887041879190687,0.0029347294337010747,0.001846404255544698
2009-08-11,0.0,0.0,0.0,0.0,-0.013931740917301158,0.004787922816960283,0.0034377522984631306
2009-08-12,0.0,0.0,0.0,0.0,0.005547869932526965,-0.004262759531213433,-0.003296775708470453
2009-08-13,0.0,0.0,0.0,0.0,0.0007387166061993407,0.004376219810060007,-0.0003694894268492812
2009-08-14,0.0,0.0,0.0,0.0,0.005646376207677608,0.004441324605976958,0.0036846830915792618
2009-08-17,0.0,0.0,0.0,0.0,0.013684940584081024,0.010399479440496337,0.007809419781723499
2009-08-18,0.0,0.0,0.0,0.0,-0.007042407972790601,-0.006127263629838258,-0.004128221315516705
2009-08-19,0.0,-0.00451978765960438,0.0,0.0,0.007197107086242186,0.0002697983336632581,-0.0010453986981166933
2009-08-20,0.0,-0.0051307150742836835,0.0,0.0,-0.000577482362445463,0.0004681339163485292,-0.001961184603495625
2009-08-21,0.0,-0.009759262222956349,0.0,0.0,0.0,-0.008388889643008485,-0.0049097980695733566
2009-08-24,0.0,4.142690891032296e-05,0.0,0.0,-0.012993269490168083,0.00408848641304064,0.0008247233627155347
2009-08-25,0.00036812199344402096,-0.0009692071611965457,0.0,0.0,-0.00529341941096787,0.0017265324090550622,0.0005539130721231223
2009-08-26,0.0004181049320489558,-0.0002560921103107086,0.0,0.0,-0.002556003741180806,0.0009458147151689131,0.0006779527830002729
2009-08-27,-0.0013216077164531516,0.001131205532581367,-0.004981370035235264,0.0,-0.0023764945499081336,-0.0007719932665317255,-0.0008721782004456562
2009-08-28,0.0008005717154873001,-0.00010157288894439913,0.0037626624682584103,0.0011697055484943973,0.004173853620505691,0.0004196102878900522,0.0003443614745684386
2009-08-31,0.0026024413419851746,-0.004531406016275033,0.004831408812527059,0.0009693410908963019,0.005900092708401966,0.003139808465988147,0.0027702980094605123
2009-09-01,-0.00015409017894525,-0.011227394716783613,-0.0004903588304022738,-0.00040482007229585156,0.005176185962427655,0.002610297624843806,0.004743344353636568
2009-09-02,0.0,-0.0019340952134748797,0.0,0.0,0.007225902471341666,0.007884437724903265,0.003514244874934972
2009-09-03,0.0,0.004227527003471697,0.0,0.0,-0.0004071350006622607,0.0008399699432249293,-0.0010767049362429971
2009-09-04,0.0,-0.00015327394546659523,0.0,0.0,0.0,-0.004181522274233749,-0.0034850002992982136
2009-09-08,0.0,0.0,0.0,0.0,0.0039920965841475494,-0.003237826068001155,-0.0036325708124914343
2009-09-09,0.0,0.0,0.0,0.0,-0.0017753830705448392,-0.0014552697600393827,-0.0019010534790215863
2009-09-10,0.0,0.0,0.0,0.0,0.002670486289016165,0.003617759409709432,-0.00044366130555753504
2009-09-11,0.0,0.0,0.0,0.0,0.005410181820131961,0.0033167378672246555,0.0014888582714727714
2009-09-14,0.0,0.0,0.0,0.0,-0.011748399910306575,-0.004830462204603068,-0.0024750393034558976
2009-09-15,0.0,0.0,0.0,0.0,-0.004168259249170531,0.0006908818541777572,-0.0011663236600315066
2009-09-16,0.0,0.0,0.0,0.0,-0.0014293225237161891,-0.0006338381706690105,-0.0032371889437633186
2009-09-17,0.0,0.0,0.0,0.0,-0.0005283125595958697,0.0018478026525112297,0.0008264222660023821
2009-09-18,0.0,-0.0005172043166288847,0.0,0.0,0.0,-0.004188279537591783,-0.0014966441681262966
2009-09-21,0.0,0.001378615129042687,0.0,0.0,0.0006994407820620308,0.0001512091802108831,0.0011334949042015512
2009-09-22,0.0,-0.0031883683700892904,0.0,0.0,-0.005284289231993162,0.0033864014480601097,-0.0002561830362569221
2009-09-23,0.0,0.004538315215628536,0.0,0.0,-0.004397382038910506,-0.0014906155103795603,0.0013364197973102273
2009-09-24,0.003469393517889715,0.006016848282669699,0.0,0.0,0.0010602914052871577,-0.0010737671619367559,0.0017508039306565275
2009-09-25,0.0029347409293954364,-0.0034370511644718285,0.0,0.0,0.0076576490154980845,0.0023218500832208515,0.0014570423828072724
2009-09-28,-0.0033155188585394704,0.010401959383286419,0.002485133283714529,0.0,0.003460711410453447,-0.0013206757243308111,-0.0034087369376190127
2009-09-29,0.0004901542202025048,-0.0017536245147659931,-0.0007616083505353378,-0.004968977200035881,-0.0008777189815962998,-0.00047284227701009846,0.0006343899790412263
2009-09-30,0.0011979926781279272,-0.002251173776717689,0.0013068219032317577,0.004790038906214287,0.0010455100890897648,0.0031569352267442775,0.0009293694530183673
2009-10-01,-0.00019644095266643262,-0.01442314826009414,-0.0005205000057489032,-0.0004930775654648555,-0.000468730561905364,-0.0026389621574208844,-0.004175603887086987
2009-10-02,0.0,-0.0027134538601216764,0.0,0.0,0.0,-0.00117830623524581,-0.00112744765142098
2009-10-05,0.0,0.008673633109838834,0.0,0.0,-0.0004036556505776176,0.004585641194682497,0.003598173773089475
2009-10-06,0.0,-0.0001754312114930267,0.0,0.0,0.006451944210134841,0.0027248179596673543,0.004194372789247274
2009-10-07,0.0,0.0,0.0,0.0,-0.012786417373161064,0.004877770988053165,0.00460201966861433
2009-10-08,0.0,0.0,0.0,0.0,-0.002668220585857192,0.0012551716701087992,8.445764503904222e-05
2009-10-09,0.0,0.0,0.0,0.0,-0.019650921683905972,-0.00771895626671382,-0.008173063623532286
2009-10-12,0.0,0.0,0.0,0.0,0.005870425912630326,0.0024700444939886896,0.0025120414382103886
2009-10-13,0.0,0.0,0.0,0.0,0.0045519441599504145,0.0033715413307359213,0.0032844908958412243
2009-10-14,0.0,0.0,0.0,0.0,-0.012902582664502909,-0.0017168147788196766,-0.0019222575983210166
2009-10-15,0.0,0.0,0.0,0.0,-0.0005689401468570502,-0.003180310456169428,-0.0034535936949711995
2009-10-16,0.0,0.0,0.0,0.0,0.0,0.0022258582384902144,0.001878549059632015
2009-10-19,0.0,0.0,0.0,0.0,0.0,0.005454595319768794,0.005263278816444533
2009-10-20,0.0,0.003189036196339361,0.0,0.0,0.0,-7.443400911755335e-05,0.0011257296267437257
2009-10-21,0.0,0.0057452918824219285,0.0,0.0,0.0,-0.00022865058618060983,-0.00043376335323465793
2009-10-22,0.0,-0.006525031649740017,0.0,0.0,0.0,-0.0019274570120495528,-0.0015946720378988907
2009-10-23,0.0,0.0073210426448025515,0.0,0.0,0.0,-0.003110205124212729,-0.0027549892498427726
2009-10-26,-0.0003946900576104998,0.006930778420158274,0.0,0.0,0.010784156767322283,-0.00713352508654601,-0.006421477974513081
2009-10-27,0.004622084307588127,-0.003312737164470235,0.0,0.0,-0.017227650711547637,0.002328313003701608,0.0025349531476576864
2009-10-28,0.0052100033684610945,-0.012075299844939534,0.002622992171615032,0.0,-0.006158311095013359,-0.0033819288837189584,-0.003564545679975232
2009-10-29,-0.006491167604616861,0.013710882578243997,-0.004561298076626284,0.0007595239444576921,-0.0042076143492701815,0.003896663690547566,0.0035021082027086275
2009-10-30,0.009170179478913083,-0.01852335327179858,0.007077215869561643,0.0032588311803911515,0.01450219058777045,0.00032115071464238767,0.0008988808900680349
2009-11-02,-0.00018779082885113285,0.00468770907133092,-0.00028527661941953557,-0.0005432290862794162,-0.005271758728518972,0.001075870971800771,0.0019165424723705552
2009-11-03,0.0,0.002020153278942248,0.0,0.0,-0.004623638128623673,0.0009046736256778551,0.0013319033886302729
2009-11-04,0.0,0.0016475211629325777,0.0,0.0,-0.00523115796799686,-0.00047623504962482734,0.0014682433311880945
2009-11-05,0.0,-0.00019194852003711778,0.0,0.0,-0.0005670177567371989,0.005251207814606013,0.0028696345604677237
2009-11-06,0.0,0.0,0.0,0.0,-0.0065834359233319815,0.0017723575910508524,0.0023671894226385327
2009-11-09,0.0,0.0,0.0,0.0,-0.0009050022757287467,0.005817386440450409,0.007769273177627378
2009-11-10,0.0,0.0,0.0,0.0,-0.0015598922325660816,-0.0008822693412518323,-0.0005500919795719705
2009-11-11,0.0,0.0,0.0,0.0,0.0002213215442537805,0.00293903023361721,0.003312112888114095
2009-11-12,0.0,0.0,0.0,0.0,0.00010529410513285512,-0.0026792997005722604,-0.005239929927069256
2009-11-13,0.0,0.0,0.0,0.0,0.0010269822266398426,0.003023284567169316,0.005638130305570493
2009-11-16,0.0,0.0,0.0,0.0,0.010728715591270872,0.007068751720924624,0.007975059763053289
2009-11-17,0.0,-0.0008623209492331612,0.0,0.0,0.004351838563553576,0.0006919377251234727,9.214289716713832e-05
2009-11-18,0.0,0.00036039169956889256,0.0,0.0,-0.005005772977664646,-0.0018045795879023444,-0.0007645844051065509
2009-11-19,0.0,0.007593249521978488,0.0,0.0,-0.0006015079304414764,-0.002784385251900269,-0.002905212414552821
2009-11-20,0.0,0.002061342273172386,0.0,0.0,0.0,-0.0015138929410513221,-0.0014155554011263342
2009-11-23,-0.0043299085960287025,-0.007415086198702847,0.0,0.0,0.0022131193006886822,0.002923852450693711,0.004266952656528134
2009-11-24,0.0030252394475619145,0.0005445480287903496,0.0,0.0,-0.01027369291915783,0.00127851388845647,0.0010241208550671264
2009-11-25,0.001369802315657652,0.002061580576843535,0.006121822814274971,0.0,0.00195053137754793,0.0020737477393610025,0.004213528798260388
2009-11-27,0.006995037829152839,-0.009540527225385627,0.009077482734287863,-0.0050728245622974465,0.008730515982563102,-0.005282196387369042,-0.0062378603739261275
2009-11-30,0.0002394183643259986,0.001979467283636686,0.0032206221701749755,0.004231043407508046,0.0032206221701749755,0.00285002572847173,0.0030731681774366472
2009-12-01,-0.0002733759200898248,0.007260300194090383,-0.0005990346908649072,-0.0005684828330774435,-0.011031803134827852,0.0019053529526407535,0.0037590298572959023
2009-12-02,0.0,-0.00026584025679793024,0.0,0.0,-0.004122832824251151,0.0006877730532188714,0.0009257217136244187
2009-12-03,0.0,-0.004592022879775255,0.0,0.0,-0.0006012397582101175,-0.002712454806799704,-0.0024167270089867966
2009-12-04,0.0,-0.00017553634419840698,0.0,0.0,0.0,-0.005411662724005129,-0.0036682917072729795
2009-12-07,0.0,0.0,0.0,0.0,-0.006111580782031233,-0.0006714878750415983,-0.0014274846274486789
2009-12-08,0.0,0.0,0.0,0.0,-0.007036971028637749,-0.0025569516568846678,-0.0035644982313772903
2009-12-09,0.0,0.0,0.0,0.0,0.0039014156151677727,-0.002326360750053482,-0.0010751734590327602
2009-12-10,0.0,0.0,0.0,0.0,-0.0026573247447820767,0.0004597540460922934,0.00036567084800664495
2009-12-11,0.0,0.0,0.0,0.0,-0.010314150315554898,-0.0029463088200030415,-0.0015922977126247042
2009-12-14,0.0,0.0,0.0,0.0,-6.167878509532187e-06,0.0056530134680483485,0.004584070946627171
2009-12-15,0.0,0.0,0.0,0.0,-0.006400786167781001,-0.003447381743003998,-0.0029350684537738187
2009-12-16,0.0,0.0,0.0,0.0,-5.106003364077793e-06,0.0037364546915454573,0.003423760740452008
2009-12-17,0.0,0.0,0.0,0.0,-0.0006,-0.003502736496749783,-0.005522249542853139
2009-12-18,0.0,-0.003596713015422552,0.0,0.0,0.0,0.0005902463402756735,0.0017361858561111543
2009-12-21,0.0,-0.006131506363045022,0.0,0.0,0.0,-0.002939797429840904,-0.0013781523075576045
2009-12-22,0.0,-0.002173818689047078,0.0,0.0,0.0,-0.0015314658505783268,-9.69577943856839e-05
2009-12-23,0.0,-0.001192875635872325,0.0,0.0,0.0,0.002745034711926479,0.0030999048627313956
2009-12-24,-0.0041897759308148555,-0.002860345223659055,0.0,0.0,0.0,0.0012851369244376795,0.00230492615910832
2009-12-28,-0.0025240040053924402,0.000918550502579399,0.0,0.0,0.004775024231822142,-0.0007033577676067344,0.0007816151818988802
2009-12-29,0.0022700371667128817,-0.0008567290197729837,0.004290641283676417,0.0,-0.005301158596977886,-0.0012137276251076546,-0.0014636589361445352
2009-12-30,0.0013718351833148991,-0.0002154069906282735,0.0032996555232816995,0.0020796048495949973,0.0005005819575505949,0.00014495828443103357,-5.162350440704939e-05
2009-12-31,-0.000690287449891356,-0.0057783630250181715,-0.008873983010863399,0.003702237337679216,-0.010041329054195627,-0.0018865352845824019,-0.002135608319822903
2010-01-04,-0.0002964760608927701,0.010205237762541279,-0.0005532079912477407,-0.00048491574419895587,0.004957816252086872,0.009216027236919222,0.008511787964759637
2010-01-05,0.0,0.0015906530378205364,0.0,0.0,0.008773854775493063,0.0005181400846910022,0.0011298651192464366
2010-01-06,0.0,0.00042196863725336964,0.0,0.0,-0.008053826448633776,0.003675350030335144,0.0023743082870388427
2010-01-07,0.0,-0.00018062157541651235,0.0,0.0,-0.0006007069711292348,-0.0004183068169378221,2.9628118444602977e-05
2010-01-08,0.0,0.0,0.0,0.0,0.0,0.0026930774162699437,0.0024169165796057374
2010-01-11,0.0,0.0,0.0,0.0,-0.001967730874468675,0.0012134053308462496,0.0008332516399331304
2010-01-12,0.0,0.0,0.0,0.0,-0.014401124142262979,-0.006749187029306489,-0.005606258101451778
2010-01-13,0.0,0.0,0.0,0.0,0.009559838195951242,0.004497779115566237,0.003306225457942004
2010-01-14,0.0,0.0,0.0,0.0,0.0017862798672444215,-0.0004341835505040042,0.00019565572018908004
2010-01-15,0.0,0.0,0.0,0.0,0.008480578564790708,-0.005451032159637007,-0.004631119823267007
2010-01-19,0.0,-0.008505746654209648,0.0,0.0,-0.003561743124446885,0.004606491372318988,0.004193974799712207
2010-01-20,0.0,0.006743787256365669,0.0,0.0,0.006890882233723728,-0.008881846419250577,-0.007383595353792896
2010-01-21,0.0,0.012762820118036243,0.0,0.0,0.007312282989653782,-0.007680783980727336,-0.006974627587394089
2010-01-22,0.0,0.014794501782170013,0.0,0.0,-0.0005978202241457158,-0.006563652962807516,-0.006438007177071284
2010-01-25,0.0009337230169861319,-0.0034198649380494644,0.0,0.0,0.0037933791878851488,0.0022604784846739956,0.0018276060085431656
2010-01-26,-0.0008966346509046452,-0.0029380143362323728,0.0,0.0,-0.004001899953923844,-0.002597740057110135,-0.002463782411214171
2010-01-27,0.0010260257521421557,0.0028953077499019593,-0.0023388291861325375,0.0,0.004613645321941197,-0.00048772454174774387,-0.0006666161083029881
2010-01-28,-0.0010510980628266836,-0.006990115115777625,-0.00029957927996027037,-0.0015834555175603814,-0.0010811448885696166,-0.004602571898153554,-0.0040972365583852
2010-01-29,-0.0020094166454054604,-0.006622606934466912,0.0034545487251796685,-0.005745028610499786,0.007370317706466067,-0.005082059883403134,-0.003724657551741174
2010-02-01,-0.00010227117667181418,0.009468653585050568,-0.0002678622839228811,-0.0004767050956284197,-0.0068684127263685,0.006898922188428957,0.0065088227477488395
2010-02-02,0.0,0.007368896804937999,0.0,0.0,0.003321342455882631,0.0044404015462262,0.0042486247594639495
2010-02-03,0.0,-0.003038481855723932,0.0,0.0,-0.009540053994637908,-0.001855960475499033,-0.0014685336878247435
2010-02-04,0.0,-0.00018237225617334394,0.0,0.0,-0.0006028868513506348,-0.014718463900772553,-0.014638266791011698
2010-02-05,0.0,0.0,0.0,0.0,-0.007019498149420768,-0.0007721145808747825,-0.0019471592116366444
2010-02-08,0.0,0.0,0.0,0.0,0.0017405897587971265,-0.003683835570598575,-0.0033692846281205297
2010-02-09,0.0,0.0,0.0,0.0,0.010781587023161702,0.005746287350955493,0.0059485589912779795
2010-02-10,0.0,0.0,0.0,0.0,0.005513148070238608,-0.0027021106286805236,-0.00265401513406281
2010-02-11,0.0,0.0,0.0,0.0,-0.0010994658734028505,0.005804876352397417,0.005410156840468972
2010-02-12,0.0,0.0,0.0,0.0,0.004161825826706757,-0.0005249017389274022,-0.0010884680181802557
2010-02-16,0.0,-0.010555821549950736,0.0,0.0,0.004428760332408044,0.00919586577925698,0.008845301766882824
2010-02-17,0.0,-0.0031284427001017474,0.0,0.0,-0.01063858117123066,0.0013318004403891398,0.0013735949495260072
2010-02-18,0.0,-0.00388564203887939,0.0,0.0,-0.007135482843161204,0.0037119582695152174,0.0036236109542086433
2010-02-19,0.0,-0.0013715588762320812,0.0,0.0,-0.0006021526330378501,0.0008899382643860228,0.00015926145738460014
2010-02-22,-0.0007058625908159393,-0.0001240165158710396,0.0,0.0,0.0009482271003780718,-7.05935178684267e-05,3.791770326569799e-05
2010-02-23,0.006911751622114853,-0.0084333887217587,0.0,0.0,-0.015211855650884013,-0.00566847758678608,-0.006330644443145437
2010-02-24,-0.0017847368866818877,0.006080653703433506,0.00047660767214862353,0.0,-0.0011349154289583057,0.003015160093071964,0.0025962651749627803
2010-02-25,0.0023069039132257475,-0.0008991954405178741,0.007003359746093444,0.005455735612707171,0.0019009261595593144,-0.0004340407848046854,-0.001194951331130104
2010-02-26,0.0006993615898856999,0.000414607486590644,0.00295054862803258,0.0033849801873102043,0.002704184925146875,0.0033779622276557306,0.0034447761367577593
2010-03-01,-0.00023255916958907837,0.00686693174312313,-0.0005743162352836274,-0.0004717924135283821,0.0020684496495433327,-0.0006325893452629592,0.002521641641944697
2010-03-02,0.0,0.0018281080844601263,0.0,0.0,0.0010917010875365787,0.009098759402981568,0.004073103459709536
2010-03-03,0.0,0.0005860212215935258,0.0,0.0,-0.001998741026193262,0.00341426761612562,0.002442514421267965
2010-03-04,0.0,-0.00019852686516298024,0.0,0.0,-0.0006005973769415997,-0.0003247800241118491,-0.0005398900754780648
2010-03-05,0.0,0.0,0.0,0.0,0.0,0.003410160000084723,0.005417640470648261
2010-03-08,0.0,0.0,0.0,0.0,0.004706781835728931,-0.002868550253305403,0.0001411371887667647
2010-03-09,0.0,0.0,0.0,0.0,-0.005127762380297341,0.003752309813989516,0.0009211445333420393
2010-03-10,0.0,0.0,0.0,0.0,0.003309338836052795,-0.00436126805700545,0.0010050777158852808
2010-03-11,0.0,0.0,0.0,0.0,-0.0012574348487879837,-0.0001492966659392869,0.0009029683720695296
2010-03-12,0.0,0.0,0.0,0.0,0.0026630359465654413,-0.0010550806974798123,0.0010231269475002732
2010-03-15,0.0,0.0,0.0,0.0,-1.4421907584566279e-05,-2.0322385473703548e-05,-0.0016719175595677476
2010-03-16,0.0,0.0,0.0,0.0,0.007753772439292036,0.007342428942057075,0.006304013919369783
2010-03-17,0.0,0.0,0.0,0.0,0.002417288444206341,-0.00017454759416369868,0.002420466377394676
2010-03-18,0.0,0.0,0.0,0.0,-0.0005992723178056132,-0.0005277325285237797,-0.0019989864254708507
2010-03-19,0.0,0.003283801458005162,0.0,0.0,0.0,-0.009024457831711937,-0.005419897835494791
2010-03-22,0.0,-0.003696795019440016,0.0,0.0,-0.007263157031563886,0.003229557007605686,0.003192327830920409
2010-03-23,0.0,-0.004862034797173905,0.0,0.0,0.0041809365282932205,0.0010167278252613307,0.0011981547462492958
2010-03-24,0.0,0.0033452057307521996,0.0,0.0,0.01990598082406328,-0.010510617073951727,-0.0070623580904921445
2010-03-25,-0.0032428860733132426,0.0011163466734183212,0.0,0.0,-0.0039403795208827926,-0.00020141369879866808,-0.0012690295953095786
2010-03-26,0.0024063461305002224,-0.0008430185334101914,0.0,0.0,0.0043531107184466645,0.005739761953197577,0.0026823967960555315
2010-03-29,-0.003672452808488989,0.0044557446883040416,-0.003521763267558046,0.0,-0.0029231702864270263,0.0049840317279759285,0.003388936838100469
2010-03-30,0.0006823915537955585,0.0004742978740042268,0.002003667549689026,0.003870346699313304,0.002003667549689026,-0.0017253626438117641,-0.00019575593307688476
2010-03-31,0.00342316384268838,-0.00239858538952753,0.004690638786041058,-0.0002974115640307587,0.004690638786041058,0.0021027797059840654,0.00042166738880807745
2010-04-01,-0.0003876576353172451,0.004799736230969601,-0.0005985954246937278,-0.0005168477101490356,-0.0005985954246937278,0.005063671917929254,0.004520242833634078
2010-04-05,0.0,0.005720499067678367,0.0,0.0,0.0,0.0036414169992419667,0.002973056655123351
2010-04-06,0.0,0.0016512487626205658,0.0,0.0,-0.006501918269082512,0.003770461196131645,0.0021707646689558156
2010-04-07,0.0,-0.0002109333019230014,0.0,0.0,-0.012443446120462172,0.00029746535513865894,-0.0009275728071324118
2010-04-08,0.0,0.0,0.0,0.0,-0.0014328709706905678,0.00020272170065819902,0.00016889244653117837
2010-04-09,0.0,0.0,0.0,0.0,0.0018085929225631905,0.003740724205826865,0.0038998597659842924
2010-04-12,0.0,0.0,0.0,0.0,0.005373604073051775,-0.00034753143679717784,8.229261841713977e-05
2010-04-13,0.0,0.0,0.0,0.0,0.0037949111264094096,0.0026556204301762336,0.0018288900658331548
2010-04-14,0.0,0.0,0.0,0.0,-0.005380470813706846,0.004407737370115913,0.005321479744404106
2010-04-15,0.0,0.0,0.0,0.0,-0.0006016186770389188,7.305857855161152e-05,-8.251427250118579e-05
2010-04-16,0.0,0.0,0.0,0.0,0.0,-0.008675571164891184,-0.008888796772441795
2010-04-19,0.0,0.0,0.0,0.0,0.0,-0.0013741948896610556,-0.0014100888996135695
2010-04-20,0.0,-0.006467234304579416,0.0,0.0,0.0,0.005740673206074749,0.004542263522830752
2010-04-21,0.0,0.0012669479775480853,0.0,0.0,0.0,0.0035604984406656087,0.0016757144281626527
2010-04-22,0.0,-0.0020937301321094473,0.0,0.0,0.0,0.0005681290314268825,-0.00011137047762541914
2010-04-23,0.0,-0.004575883662473972,0.0,0.0,0.0,0.004868717440163312,0.00458549780257695
2010-04-26,0.0007343222782256008,0.002638007769154493,0.0,0.0,-0.001950218824952714,-2.26702991860606e-05,-0.00034999005738889203
2010-04-27,0.007803479769693491,-0.01965185620981027,0.0,0.0,-0.01875520759080473,-0.007803675213566198,-0.010696267123800746
2010-04-28,-0.0033560186309140472,0.00615864971469605,-0.010123579888731993,0.0,0.010139869755927752,0.0005085430133475078,0.002051478187673625
2010-04-29,-0.00142244563817204,0.010055731939888074,0.0031144759824094635,0.0014101343660972857,0.0004905602016131536,0.010061000296682021,0.008166087603103852
2010-04-30,0.00534148281429489,-0.01377172921594109,0.011440205579615734,0.003786940314877576,0.011822555995112873,-0.004239977840343894,-0.0042192963447311
2010-05-03,-0.00017162967172854556,0.010513506652364963,-0.0005604363180311541,-0.0005186398371530784,-0.005256307605092644,0.00489442218709449,0.004415805018483214
2010-05-04,0.0,-0.01908994668936769,0.0,0.0,0.013508269127241726,-0.015622874709307769,-0.01478967869016454
2010-05-05,0.0,-0.004839926882461821,0.0,0.0,0.007693141446129554,-0.007651112331499923,-0.0084658486716526
2010-05-06,0.0,-0.00024320104154783548,0.0,0.0,-0.0005977049777844316,-0.014308355925754896,-0.01681674319081054
2010-05-07,0.0,0.0,0.0,0.0,0.004812826361374564,-0.0034086768610300756,-0.0023566240953937427
2010-05-10,0.0,0.0,0.0,0.0,0.015214964448039494,0.021547164510666707,0.02114929143626471
2010-05-11,0.0,0.0,0.0,0.0,-0.0024371093596379473,0.0022225004749000087,0.0019467083034456283
2010-05-12,0.0,0.0,0.0,0.0,0.00502462549615595,0.00850993371543906,0.007578621595316505
2010-05-13,0.0,0.0,0.0,0.0,-0.00017482658368004838,-0.006290419943084275,-0.005540902569578412
2010-05-14,0.0,0.0,0.0,0.0,0.012356934813801512,-0.009424053549594096,-0.009501021389857641
2010-05-17,0.0,0.0,0.0,0.0,-0.004367117535987479,-0.0030471022147135216,-0.002785886514353305
2010-05-18,0.0,0.007537578008052337,0.0,0.0,0.014590691216570311,-0.005646160212514753,-0.005241480973419786
2010-05-19,0.0,0.003221347578313519,0.0,0.0,0.0017136484123302731,-0.007122463648330545,-0.0057331006455803276
2010-05-20,0.0,0.02139986186964273,0.0,0.0,-0.000599481460115823,-0.020448360280101986,-0.018302627416326274
2010-05-21,0.0,-0.008288481317158748,0.0,0.0,0.0,0.008938638988142544,0.008634590787044061
2010-05-24,-0.007312725776594577,0.007266754403080506,0.0,0.0,-0.0006103174603174603,-0.0025579540639918243,-0.0032318076582932864
2010-05-25,-0.004632291177468705,0.00020172835160442115,0.0,0.0,-0.006861233172141629,-0.0010110526202636977,-0.002111067833184233
2010-05-26,-0.00011475016636101559,-0.0031109652482250753,-0.0021486990142642734,0.0,0.00403584359108176,-0.0018925835037901305,-0.002053377469580738
2010-05-27,0.03176274344204891,0.017262186699951828,-0.008766771522309511,0.001304663794280349,-0.0068401365347052065,0.01877444765912267,0.01700288667581448
2010-05-28,-0.013391153705437848,-0.006474409648158182,0.004168325665085932,-0.002884044919462948,0.008642012280014502,-0.003764261252143767,-0.0035571241666193507
2010-06-01,-0.0006158400759003503,-0.008675545352268211,-0.00027640746095116444,-0.00040660940050297784,0.0025680711324266884,-0.007721563797548685,-0.009652444984409729
2010-06-02,0.0,0.013416861883645256,0.0,0.0,-0.01141546408779635,0.006704898905764798,0.0076523887440445556
2010-06-03,0.0,0.0017704486684596277,0.0,0.0,-0.002511405223508849,-0.0024051055255253743,-0.0029859654263057886
2010-06-04,0.0,-0.00015488540160569974,0.0,0.0,-0.0005151808968960811,-0.008170580431302381,-0.0022247096674189587
2010-06-07,0.0,0.0,0.0,0.0,-0.008735995306793178,-0.0007693402118891177,0.0017901564168569023
2010-06-08,0.0,0.0,0.0,0.0,0.006152351039435792,0.0012844477791825138,0.00031117818174469444
2010-06-09,0.0,0.0,0.0,0.0,-0.0002344233554548671,-0.0018390933033595256,-0.002552114849752263
2010-06-10,0.0,0.0,0.0,0.0,-0.003837738099504149,0.007928577401353717,0.0017737544269549133
2010-06-11,0.0,0.0,0.0,0.0,0.012209609433156535,0.0076214588538433695,0.010811853362800845
2010-06-14,0.0,0.0,0.0,0.0,-0.0017203617213623762,0.000109418616182267,-0.0021883041491731
2010-06-15,0.0,0.0,0.0,0.0,-0.006224237782730204,0.011532877033680507,0.008607940259261381
2010-06-16,0.0,0.0,0.0,0.0,0.005081471441726703,0.000428927890604147,0.001606961845318992
2010-06-17,0.0,0.0,0.0,0.0,-0.0005504273623171859,0.007188658644381027,0.008420726741104433
2010-06-18,0.0,-0.0005848282713129813,0.0,0.0,0.0,0.0025101611885865937,0.001755780918815205
2010-06-21,0.0,0.0012005748471383129,0.0,0.0,0.0008818127488152335,-0.0038896166904736607,-0.0023992877079786067
2010-06-22,0.0,0.00693839019122945,0.0,0.0,-0.011996362659661695,-0.003137393619762552,-0.0005765164280926481
2010-06-23,0.0,0.0012984138243554676,0.0,0.0,-0.007469908867466107,0.0013911967319845723,0.0023587838434277757
2010-06-24,-0.0003148679862812966,0.0069612707266388536,0.0,0.0,-0.0011513612231168146,-0.008688066844778498,-0.01025932730508538
2010-06-25,-1.4228775010972468e-05,0.0015012168584464763,0.0,0.0,0.0027135304677895038,0.006726711318000868,0.006873705821794108
2010-06-28,-0.0005124500208103002,-0.0013214059710035552,0.01270367238230893,0.0,0.014173495474670075,0.0008273366866859879,0.00289849711592778
2010-06-29,-0.0009105216075569478,-0.012916858761238294,0.008051408962057128,-0.001605495384812407,0.00860275860000258,-0.01200119949609468,-0.010027320300661058
2010-06-30,-0.00028948295232304744,-0.003978811855794243,0.00272775763213004,-0.001811649178405,0.0020225618396007548,-0.0026475140685192026,-0.0019585137796091713
2010-07-01,-2.5072740194228738e-05,-0.0018674359568216683,-0.0005607957310975405,-0.0004006301722426724,-0.0004466553778403245,-0.008008538862761398,-0.010738606757791673
2010-07-02,0.0,-0.0022827978982747736,0.0,0.0,0.0,-0.003555423213985365,-0.00373122200968198
2010-07-06,0.0,0.002738786917309713,0.0,0.0,0.0,-0.003076711412647052,0.0024847173869382696
2010-07-07,0.0,-0.0001259589047248033,0.0,0.0,0.0,0.012800045140398321,0.010001726092034991
2010-07-08,0.0,0.0,0.0,0.0,0.0,0.0032835599183015456,0.0007441433591152539
2010-07-09,0.0,0.0,0.0,0.0,0.0,0.005689678361443391,0.0037850022804459277
2010-07-12,0.0,0.0,0.0,0.0,-0.003992842273717205,-0.00013737964738934596,-0.00029506960892318365
2010-07-13,0.0,0.0,0.0,0.0,0.009899263904972,0.007127785043622765,0.003989487878100187
2010-07-14,0.0,0.0,0.0,0.0,0.0008758140410920837,0.002163933583781035,0.00508219684502373
2010-07-15,0.0,0.0,0.0,0.0,0.00981864630262749,-0.0023003373952685605,-0.0003105196449481648
2010-07-16,0.0,0.0,0.0,0.0,0.011525759411846888,-0.015216587176854812,-0.01261006996374053
2010-07-19,0.0,0.0,0.0,0.0,-0.005234088600043135,-6.988099988065738e-05,-0.0009989521064313524
2010-07-20,0.0,-0.004351196572073657,0.0,0.0,0.001920187942026662,0.00799306305210667,0.00878133368580321
2010-07-21,0.0,0.004958503224068358,0.0,0.0,-0.0005640055585299186,-0.0029806188891412094,0.002267886539759167
2010-07-22,0.0,-0.008526609613435383,0.0,0.0,0.0,0.01152069517339025,0.007903986551500352
2010-07-23,0.0,-0.003319281117013903,0.0,0.0,0.0,0.004158389852936558,0.0014984739666463675
2010-07-26,-0.002122757076929114,-0.003980257945125287,0.0,0.0,1.6768592395084538e-05,0.006299396414700231,0.0035952562749786182
2010-07-27,-0.0019816989284006502,-0.0002637487283751664,0.0,0.0,0.0068996053885647685,-0.003936592279717673,-0.006703287682567693
2010-07-28,0.003540486271577643,-0.0024106939566562384,0.0026666174237368664,0.0,-0.008635426443087192,-0.002682306719959835,0.0001305939693848936
2010-07-29,0.0020037783058769443,-0.0018205981904963278,0.0013909193693556856,0.004797146019372994,0.000236530650704177,-0.00288152618646693,-0.0014940049605715947
2010-07-30,0.003395444124925124,-7.022870110735169e-05,0.0038931233858131055,0.0007308839446376828,0.01122975039074955,0.0037341072625420107,0.007999219534549826
2010-08-02,-0.00022248424232713292,0.008423175739301191,-0.00020024918447904643,-0.00037809388131185864,-0.006202358961353646,0.00604144579992235,0.005029348795806039
2010-08-03,0.0,-0.0017907471283730115,0.0,0.0,0.00938617049388321,0.00015051331698746022,0.0025880843203067772
2010-08-04,0.0,0.0024906773782094336,0.0,0.0,-0.006216557231252986,0.002180775104327617,-2.5697147036901502e-05
2010-08-05,0.0,-0.00011240409402669031,0.0,0.0,-0.0004370470076975468,-0.0008947738420153633,0.0010945736633355973
2010-08-06,0.0,0.0,0.0,0.0,-0.01370177088946634,0.0002030615593681969,0.003188229232236733
2010-08-09,0.0,0.0,0.0,0.0,0.00038912246416621804,0.0026973698249686895,0.0025992367873341874
2010-08-10,0.0,0.0,0.0,0.0,-0.010129725651754799,-0.0023254507658298294,-0.000270504019899483
2010-08-11,0.0,0.0,0.0,0.0,-0.011319864430848125,-0.011619763509645418,-0.009597006697717805
2010-08-12,0.0,0.0,0.0,0.0,-0.0007657962777815928,-0.0026468510998547993,-0.004508488587356181
2010-08-13,0.0,0.0,0.0,0.0,0.008009366703893283,0.002136647797133614,0.0044257704278736895
2010-08-16,0.0,0.0,0.0,0.0,0.01446237896501663,0.005027460247096402,0.01000410013674663
2010-08-17,0.0,0.0,0.0,0.0,-0.01014130598871617,0.004667848687746081,0.002764060767061122
2010-08-18,0.0,0.0,0.0,0.0,-0.0020509525280072217,0.000767515760518886,0.0007518602975478769
2010-08-19,0.0,0.007271134047453318,0.0,0.0,-0.0006006118009272723,-0.0054044628515092594,-0.0035056945425318837
2010-08-20,0.0,0.001374607523699949,0.0,0.0,0.0,-0.00096369686429248,-0.0019482908853206272
2010-08-23,0.0,0.0016191343911787777,0.0,0.0,-0.003255040048484308,-0.001902946109468498,-0.0014968077694265788
2010-08-24,0.0,0.0063117235688748075,0.0,0.0,-0.01586371208752781,-0.0030642533619457115,0.0009832464382915837
2010-08-25,0.003313180285457233,-0.0016581629060540297,0.0,0.0,0.009044328880355113,0.004635434133669434,0.004116439711558677
2010-08-26,-0.004134993632644183,-0.0032616128110946768,0.0,0.0,0.0012807856894587722,-0.0009785699886243231,0.0015337387656498076
2010-08-27,0.010129069613462084,0.0069220332308104725,-0.023187172031467206,0.0,-0.023460404962909336,0.0036141471525536362,-0.002507971866577778
2010-08-30,-0.007580432102128351,-0.006488638007666519,0.015013551584886578,0.002747091686570133,0.01527604738829505,-0.0011505122299641994,0.0028944519918728054
2010-08-31,-0.0027544639033399653,-3.5664768191146446e-06,0.008735618508764167,0.003667053961930727,0.008888339919544042,0.0022077083065913865,0.005001711091095517
2010-09-01,-0.00024557951847996946,0.013370406277297528,-0.0005871674766418875,-0.0005028783581905513,-0.010593178987009108,0.008594114349914406,0.00447415120223162
2010-09-02,0.0,0.004158688133979582,0.0,0.0,-0.0004356526255312574,0.0017976764750922687,0.002042874581273223
2010-09-03,0.0,0.005795848906611319,0.0,0.0,0.0,0.001429297662292761,-0.0007614730227874068
2010-09-07,0.0,-0.00013507783814413018,0.0,0.0,-0.016435172005339074,0.0035835998590597836,0.006858079422720729
2010-09-08,0.0,0.0,0.0,0.0,0.005476653057046107,0.0005522905877913352,-0.0007060676434817796
2010-09-09,0.0,0.0,0.0,0.0,-0.0027859618044401738,-0.004492052179666978,-0.007221200681816849
2010-09-10,0.0,0.0,0.0,0.0,-0.0063000205477960255,0.0013735657259632196,0.002703599526260871
2010-09-13,0.0,0.0,0.0,0.0,0.009490601062849064,0.008791905622660646,0.008689114177263828
2010-09-14,0.0,0.0,0.0,0.0,0.01006288640098524,0.005346726879616903,0.004916600473477547
2010-09-15,0.0,0.0,0.0,0.0,-0.006744590408171884,-0.0015318240540861325,-0.0010639940390445829
2010-09-16,0.0,0.0,0.0,0.0,-0.0005811567332888028,-0.0012972808173733964,-0.003243099392010233
2010-09-17,0.0,0.0,0.0,0.0,0.0,0.0033108822072999327,0.0026240273528667125
2010-09-20,0.0,-0.008106343917086459,0.0,0.0,0.0,0.008379713848061935,0.009106039168532145
2010-09-21,0.0,0.0010404508188976522,0.0,0.0,0.0,0.0040577587235458845,0.006975315752838448
2010-09-22,0.0,0.002550638689238385,0.0,0.0,0.0,-0.0023029127727184706,-0.0014033693003237299
2010-09-23,0.0,0.004211932878553117,0.0,0.0,0.0,-0.0017109995846918838,-0.0018082884260198708
2010-09-24,-0.012042809443526922,-0.010723981203972884,0.0,0.0,0.0,0.004487679597155501,0.002869026320622578
2010-09-27,0.008598795817703972,-0.002852032918121468,0.0,0.0,-0.016078730115854253,0.005015510686436481,0.004424805336357698
2010-09-28,0.0017551659704162657,0.00184483745208522,0.003660570090081813,0.0,-0.006689450674332292,0.005101067495520521,0.006466091460608033
2010-09-29,-0.0015640533301968477,-0.000924617950546231,-0.0029291863631666455,0.002767937211373783,-0.0015981996273246684,-4.090735693515421e-05,-0.0010833133346430488
2010-09-30,-5.54918440723142e-05,-0.0015719814119893568,-0.0014731634148083706,0.001037288121184211,-0.0029258457904070274,0.0018002162675582365,0.0013916231535250384
2010-10-01,-0.00037336981544521577,0.0022172645213029115,-0.00036303402728195055,-0.0004437032463923648,0.001058415653550918,0.0005245393628962457,0.0005379602069634774
2010-10-04,0.0,-0.003965465770574882,0.0,0.0,0.007072999425112197,-0.0028031068771535946,-0.0019009416543333314
2010-10-05,0.0,0.010627882016566035,0.0,0.0,0.00010879575781009619,0.012612149962922196,0.013552852999123193
2010-10-06,0.0,-0.00015990993303964282,0.0,0.0,-0.0004266736298094132,0.0007865853569255775,0.00503810831198934
2010-10-07,0.0,0.0,0.0,0.0,0.0,-0.004537538615783011,-0.004484649470990376
2010-10-08,0.0,0.0,0.0,0.0,0.0,0.008102810387183074,0.00874302428007025
2010-10-11,0.0,0.0,0.0,0.0,-0.0026143702987831224,0.002025356047491986,0.0014994014022158483
2010-10-12,0.0,0.0,0.0,0.0,0.005779613379341764,0.00018367170605816305,-0.0015630793000359084
2010-10-13,0.0,0.0,0.0,0.0,-1.86774329610353e-05,0.008523434464842407,0.008506748735210852
2010-10-14,0.0,0.0,0.0,0.0,-0.002051126230314923,0.0005691738934759774,-0.0028728482628704133
2010-10-15,0.0,0.0,0.0,0.0,-0.009205476731994042,-4.652668877253349e-05,-0.0040341424236895905
2010-10-18,0.0,0.0,0.0,0.0,0.009498281238303206,0.002510464009009595,0.005454150193763865
2010-10-19,0.0,0.007901431382865526,0.0,0.0,0.006837353834476437,-0.011713642291836995,-0.010528944961871246
2010-10-20,0.0,-0.006037234966954513,0.0,0.0,-0.0011729617814335807,0.0057668285331478044,0.0072259521963166625
2010-10-21,0.0,-0.0013692158575624267,0.0,0.0,-0.000560317268687339,-0.0057882212196536335,-0.00639927188328029
2010-10-22,0.0,-0.0011545009709347414,0.0,0.0,0.0,0.0032838586188349097,0.0038258464811298664
2010-10-25,-0.0007565526324863226,-0.0018304390300704517,0.0,0.0,-6.039085233903304e-06,0.0042692912346978945,0.005262232957556625
2010-10-26,-0.0023533064284432187,-0.0002748089329598676,0.0,0.0,0.01332075445341442,0.0022034043210418445,-0.0025565943724590585
2010-10-27,-0.001544600322453489,-0.0018576260406765808,-0.004138755841044253,0.0,0.011568425026934313,-0.002885628877886688,-0.00620935291234225
2010-10-28,0.001998989235267286,0.000105700502195916,0.0039505522466795565,0.008747359962307648,0.0013771938912868799,0.0022135297218837968,0.004262809427620482
2010-10-29,0.0014281258845177751,0.0004892990719369685,0.0030312031038392307,0.0032322528332463523,0.008446520092629738,0.004581403588194903,0.005106541262294251
2010-11-01,-0.000154815761007283,0.00021482346740194449,-0.0002037694089692725,-0.000463582317428637,-0.0033617016188148365,-0.0017334491105456438,-0.00015633399989407727
2010-11-02,0.0,0.005130442520444098,0.0,0.0,0.006698018774454416,0.0077688582081560055,0.008772950858133833
2010-11-03,0.0,0.0025973846688672514,0.0,0.0,0.0044745463556448185,0.0017540678732794802,0.0006240790662980108
2010-11-04,0.0,-0.00019448552579219935,0.0,0.0,-0.00042962202651396014,0.015220432253994377,0.01882111407457542
2010-11-05,0.0,0.0,0.0,0.0,0.007803417057039216,-0.0015960226217142043,-0.0015877692772500983
2010-11-08,0.0,0.0,0.0,0.0,-0.0006252226622256681,-0.0006658269736237839,0.0009330929763100545
2010-11-09,0.0,0.0,0.0,0.0,0.016882312198854534,-0.009066003610790133,-0.013421672726037429
2010-11-10,0.0,0.0,0.0,0.0,-0.0005629160807850791,0.0016180920192070457,0.003617836990114656
2010-11-11,0.0,0.0,0.0,0.0,-0.00283135206834358,-0.004462971175948383,-0.003964901625731561
2010-11-12,0.0,0.0,0.0,0.0,-0.016602879374979396,-0.0117501452392206,-0.015474889777965146
2010-11-15,0.0,0.0,0.0,0.0,-0.025721757517946392,-0.005649835177320954,-0.009702281597708874
2010-11-16,0.0,0.0,0.0,0.0,0.014861109684383882,-0.01046942982446618,-0.008726977013828898
2010-11-17,0.0,-0.0005811403085857407,0.0,0.0,-0.0005956011796602283,0.0014756017778712997,0.0009309715031309732
2010-11-18,0.0,-0.010508320607116584,0.0,0.0,0.0,0.013060316565139018,0.013451331718039626
2010-11-19,0.0,-0.001973176662580854,0.0,0.0,0.0,0.0008827790967442666,0.002244390123597273
2010-11-22,0.0,0.0005877942419999946,0.0,0.0,-0.011314999758154202,-0.00021216233605305082,0.0022677061830142825
2010-11-23,0.0028494698762617453,0.01032765052495888,0.0,0.0,-0.004115016676878375,-0.01076306742126754,-0.008926299760015938
2010-11-24,-0.0055156771693344415,0.01037177507391467,0.0,0.0,-0.0042696577712261815,0.006230533859012458,0.0036038069850977883
2010-11-26,0.0031665814940360646,-0.008523516060719528,0.006972868923992344,0.0,0.008159726778297573,-0.0050419991104181305,-0.004460113100975954
2010-11-29,0.00010895274945336847,0.0022103520372577395,0.003721542016263757,-0.003190381159659425,0.004301469023464337,0.0009905774586457608,0.002045805443892884
2010-11-30,0.0014274400185182736,-0.004116806185916576,0.003002503084247656,-0.007670686486628708,0.0034705947990271977,-0.0025991631110043926,-0.0008548392049662817
2010-12-01,-0.0001350487878930617,0.015548357741255367,-0.0005183654651646323,-0.00046581050068972914,-0.018474740948045822,0.009294918793731868,0.006461260983837951
2010-12-02,0.0,0.009361593064994712,0.0,0.0,-0.0004193251534438717,0.005278301016901731,0.00439776674099794
2010-12-03,0.0,0.001964220053557313,0.0,0.0,0.0,0.0013836162592045015,0.002520768848966985
2010-12-06,0.0,-0.0002195563031216651,0.0,0.0,-0.013123882197895068,0.0023836555140920963,0.005661702054420625
2010-12-07,0.0,0.0,0.0,0.0,0.033134863004508845,-0.002682598390772023,-0.008751281812104491
2010-12-08,0.0,0.0,0.0,0.0,0.01703028813690575,-0.0029841261942713123,-0.006375705477513648
2010-12-09,0.0,0.0,0.0,0.0,-0.00019741207328991702,0.0005323629833688952,0.0012125303622924364
2010-12-10,0.0,0.0,0.0,0.0,-0.017518457578733687,0.0011311770325164385,-0.0008665425767879818
2010-12-13,0.0,0.0,0.0,0.0,0.0064029693449537154,-0.0003695306563547873,0.002871309957819771
2010-12-14,0.0,0.0,0.0,0.0,-0.02112478520165507,-0.0012446138452288384,-0.0044834372019059016
2010-12-15,0.0,0.0,0.0,0.0,-0.006881852937077737,-0.004404602707527165,-0.006276855403236953
2010-12-16,0.0,0.0,0.0,0.0,-0.0004966706294700298,0.00385078197046349,0.004911439121535762
2010-12-17,0.0,0.0,0.0,0.0,0.0,0.004043121990597309,0.007284637908741788
2010-12-20,0.0,-0.002120324083503419,0.0,0.0,0.0,0.002030583428591456,0.0025601357709721024
2010-12-21,0.0,-0.004948736476335451,0.0,0.0,0.0,0.005627606932707479,0.005832060898212366
2010-12-22,0.0,-0.0024322079165444463,0.0,0.0,0.0,0.0007831236149822423,0.00021906703862369073
2010-12-23,0.0,0.001109198065515476,0.0,0.0,0.0,-0.0016701135371196382,-0.0020319743644558633
2010-12-27,0.002846227858896708,-0.0003147884481862984,0.0,0.0,0.0,0.001269647318634342,0.0023945516875804916
2010-12-28,-0.01082180476184341,0.0007264701751416343,0.0,0.0,0.019044697280920002,-0.0013617442839465317,-0.002261509465896666
2010-12-29,0.010032519590674128,0.0006052878288210307,0.011312666232605835,0.0,0.0028342824988891605,0.004409712429701685,0.007166008109502551
2010-12-30,-0.0008351999685926547,-0.0013582631771958406,-0.0021061223567471737,0.0019690485526307868,-0.00457970701897212,-0.0016096004496202233,-0.002078255721339617
2010-12-31,0.004543129294890667,0.00019934999622165953,0.005201685421082356,0.0052591268836815535,0.010058989852674834,0.0018661095349882084,0.004675083720100174
2011-01-03,-0.00048401928077286614,0.008809573431019532,-0.0003101813657881724,-0.0005315961543757108,-0.006197774228901603,0.004874524774442174,0.0038767916941384274
2011-01-04,0.0,-0.00047498368991140313,0.0,0.0,0.0025219008266760194,-0.002919159215808449,-0.0034625263113880035
2011-01-05,0.0,0.004426690805951389,0.0,0.0,-0.0003539125697119004,-0.0014298328868275697,-0.002777361521742557
2011-01-06,0.0,-0.0002559784947894218,0.0,0.0,0.0,-0.001874158213291497,-0.0020592228867265723
2011-01-07,0.0,0.0,0.0,0.0,0.0,-0.0010638824378682967,-0.0005183854262064522
2011-01-10,0.0,0.0,0.0,0.0,-0.0074320792856129615,0.001836170356282884,0.0022558488214476408
2011-01-11,0.0,0.0,0.0,0.0,0.007840567446715645,0.0024569372608490435,0.002543119809585348
2011-01-12,0.0,0.0,0.0,0.0,0.005737886088654188,0.005349210826606025,0.004993333233722141
2011-01-13,0.0,0.0,0.0,0.0,0.000632733243306707,0.0011244060071146102,0.0012969594047438247
2011-01-14,0.0,0.0,0.0,0.0,-0.006077869745766393,0.0010135509551861823,0.0003807369989880202
2011-01-18,0.0,0.0,0.0,0.0,-0.00491332011503407,0.0018477663831910308,0.0012605155715145282
2011-01-19,0.0,0.008574599714849087,0.0,0.0,0.005110552030610649,-0.003531441153206397,-0.0037592496963583925
2011-01-20,0.0,0.0011862008156907954,0.0,0.0,-0.01177506605618548,-0.007451717193857077,-0.008507764869926531
2011-01-21,0.0,-0.002049360904283527,0.0,0.0,-0.0004499707562517312,0.0014594426685313705,0.001936401828207754
2011-01-24,0.0,-0.0051388195912715606,0.0,0.0,-0.0008229451636090279,0.0028009557733431017,0.002331846648419334
2011-01-25,0.0007897141569288437,-0.0004973939402914035,0.0,0.0,-0.010068525738304376,0.0019203023134529704,0.0020317360533861975
2011-01-26,-0.0019126930488542956,0.003023154851617352,0.0,0.0,0.010324819127382043,0.003069855512024876,0.002621143336510937
2011-01-27,0.0002998818729130742,0.002275121939640367,0.0033297954329754615,0.0,0.0004517609138392483,0.0008424452098464334,0.0004240685273688415
2011-01-28,0.004066507420077627,-0.016144411029930958,0.004431307568341775,0.00866988062631687,0.008645733110616696,-0.006623354713022022,-0.005599045559295853
2011-01-31,-0.002145264528563522,0.00694055713333136,-0.0038071655005337095,-0.0020713300206359267,-0.007874059521043239,0.004542563056184551,0.0037504016785052468
2011-02-01,-0.00011448353489392635,0.01478932434297949,-0.000290164220272972,-0.0005003273941059643,-0.009311971528604667,0.008108690481616668,0.007875427501853749
2011-02-02,0.0,-0.0017736700079268937,0.0,0.0,-0.0029689639805059067,-0.000783204200917477,-0.0016111244279249266
2011-02-03,0.0,0.0020487836012137712,0.0,0.0,-0.00034331173019895675,-0.001678474889302479,-0.0012696709453897373
2011-02-04,0.0,-0.0002772986493056022,0.0,0.0,0.011727095373225468,-0.0006445065240880719,-0.0021517078087707605
2011-02-07,0.0,0.0,0.0,0.0,0.0008481680490640619,0.002376362468598082,0.002883302696787318
2011-02-08,0.0,0.0,0.0,0.0,0.013718147038417387,0.0019819510434150945,0.0015797283128483272
2011-02-09,0.0,0.0,0.0,0.0,-0.011435058469979083,-0.0008042848170028322,0.00029499352510215914
2011-02-10,0.0,0.0,0.0,0.0,-0.0006288255037355167,-0.003130764943887343,-0.003750669200914589
2011-02-11,0.0,0.0,0.0,0.0,0.008585890812110163,0.0033327675151251664,0.00468932589723041
2011-02-14,0.0,0.0,0.0,0.0,0.0006420304245829174,0.0013136549529577455,0.0019376777117224057
2011-02-15,0.0,0.002547725383260313,0.0,0.0,0.004562240001122414,-0.0016845915915989146,-0.000563190169366423
2011-02-16,0.0,-0.005670933074845354,0.0,0.0,-0.0026909526610190493,0.0035962932291751697,0.0029677496165439487
2011-02-17,0.0,-0.002690444166144982,0.0,0.0,-0.0005627841627419332,0.0031295759479076507,0.004297163113533382
2011-02-18,0.0,-0.0018788750111671053,0.0,0.0,0.0,0.002828827285018991,0.0031103686505188338
2011-02-22,0.013435134586215761,0.017989099543402873,0.0,0.0,-0.019918851620228252,-0.00869829796228541,-0.0062839417844355126
2011-02-23,0.0014867433264194303,-0.006730973801475863,0.0,0.0,0.0044834841987196885,0.0010993664633695036,0.0005389757724458985
2011-02-24,0.0015855462261100959,-0.0006945929168303144,0.002511287177537563,0.0,0.00012083864328956468,0.0005728994016060515,5.012266194723259e-05
2011-02-25,-0.0031482799036332753,0.010725722041456475,0.0035468616600941283,-0.00367963047564438,0.005924705373792796,0.008077448847344713,0.009993221424709903
2011-02-28,-0.0029739031715773434,0.006212735999178577,-0.00047893393477597116,0.0025173670161387643,-0.0008707898625242498,0.004263251390185237,0.004594204594439957
2011-03-01,-0.0002843493285018939,-0.016737985999501607,-0.00033066903117894334,-0.0005029741439777332,0.0022638023503687202,-0.005885151123289773,-0.003661018579259719
2011-03-02,0.0,0.0021410310027838507,0.0,0.0,-0.006742569942415981,0.0018657126127675997,-0.0004267184604555943
2011-03-03,0.0,0.017280430756928773,0.0,0.0,-0.00037205777420408297,0.0068391403592674834,0.00402744519797472
2011-03-04,0.0,-0.00030104746851915493,0.0,0.0,0.0,-0.0011466178363615056,0.0017340582566149358
2011-03-07,0.0,0.0,0.0,0.0,0.004342221972459212,-0.004724997085558157,-0.00477462785903112
2011-03-08,0.0,0.0,0.0,0.0,0.0047330161595718605,0.0020471258122296003,0.0016021089023759024
2011-03-09,0.0,0.0,0.0,0.0,-0.011716374106325596,-0.0003610576323850134,0.0011807690353710428
2011-03-10,0.0,0.0,0.0,0.0,0.0011282642239148774,-0.009699047782730175,-0.008682188756245659
2011-03-11,0.0,0.0,0.0,0.0,-0.0052401462997650776,0.0029032190883736425,0.002469245512654618
2011-03-14,0.0,0.0,0.0,0.0,0.004487857622561941,-0.0023383157107742278,-0.0016521517279333656
2011-03-15,0.0,0.0,0.0,0.0,0.0072496394017745715,-0.007089219709670015,-0.008517815608709886
2011-03-16,0.0,0.0,0.0,0.0,0.015247362859927557,-0.00902340996279495,-0.005507546452790749
2011-03-17,0.0,0.0,0.0,0.0,-0.0005362150672104737,0.009848015151647547,0.009078218511733032
2011-03-18,0.0,0.0,0.0,0.0,0.0,0.003971029532524957,0.005214884346834622
2011-03-21,0.0,-0.012755434833132328,0.0,0.0,0.0,0.008728330361438164,0.00771593872152543
2011-03-22,0.0,0.002785872184711703,0.0,0.0,0.0,-0.000744713888093432,-0.00031968367949117786
2011-03-23,0.0,-0.002317712335012258,0.0,0.0,0.0,0.0004884925926795891,0.0008975552301633515
2011-03-24,0.0,-0.007725991558471919,0.0,0.0,0.0,0.004631568099438718,0.0024926404931932006
2011-03-25,0.0012734181951095417,-0.0024768545723874704,0.0,0.0,0.0,-0.0012358373270384734,-0.0007293680115667458
2011-03-28,-0.0005757955373588016,-0.0023827579309880723,0.0,0.0,-0.0012584304062041494,-0.0011607915954810304,-0.0018264027301189486
2011-03-29,0.002203091426026678,0.0052397600600680265,-0.00388199657596461,0.0,0.005776940140340401,0.002766500625166527,0.001478957909912149
2011-03-30,0.00025284228099800744,0.005381995532859688,0.004170938327902166,-0.0026782454364053794,0.0005112484004355771,0.00485391841907753,0.006080774723593201
2011-03-31,0.0005394496438776916,-0.001060975014005743,-0.003125376836532328,4.387998402948751e-05,-0.005647300056584247,0.0006580155251600439,0.0016718823025776383
2011-04-01,-0.00015155808345317055,0.003293847927222934,-0.00036406153979857183,-0.0004968975046813107,0.004260654664799294,0.005099759377921145,0.004343774305209941
2011-04-04,0.0,0.0006423460916965676,0.0,0.0,0.004511539213537685,0.005056802082246504,0.00451424926824739
2011-04-05,0.0,-0.0001190677446841573,0.0,0.0,-0.008002192790382353,0.0037252303842684096,0.00028855003428479125
2011-04-06,0.0,-0.00023410561906484642,0.0,0.0,-0.00046914747548148155,0.002648740332770358,-0.00033337703166185287
2011-04-07,0.0,0.0,0.0,0.0,0.0,0.0007537241830865542,-0.00123441234616139
2011-04-08,0.0,0.0,0.0,0.0,0.0,0.006998563550530291,0.0021372074884097505
2011-04-11,0.0,0.0,0.0,0.0,-0.0032277200341184194,-0.004479318385365637,-0.0037336258782413776
2011-04-12,0.0,0.0,0.0,0.0,-0.011307663201181966,-0.0017939443099093705,-0.0021353746899698553
2011-04-13,0.0,0.0,0.0,0.0,-0.007799391231713484,0.0040779513830223445,0.004430173139053969
2011-04-14,0.0,0.0,0.0,0.0,-0.0016137382495525698,0.005902120132691378,0.0021912504835537483
2011-04-15,0.0,0.0,0.0,0.0,0.014143393352230018,0.004860436125907759,0.007061726392896866
2011-04-18,0.0,0.008512535101178983,0.0,0.0,0.0049138864478741094,-0.0034368160706933653,-0.005405785449041278
2011-04-19,0.0,-0.004498656451246657,0.0,0.0,0.0025575465537671996,0.0062707593226162366,0.00564587866878704
2011-04-20,0.0,-0.010656115836089065,0.0,0.0,-0.007898019461526636,0.010122815474124885,0.008899452720997628
2011-04-21,0.0,-0.004003332828666398,0.0,0.0,-0.0006023865832020181,0.0056424458050461455,0.00469068319030526
2011-04-25,-0.00016007353548243487,0.0008079564502428148,0.0,0.0,0.0,0.0018810766359608354,0.0014780298905214442
2011-04-26,4.653585205668988e-06,0.006091690828941426,0.0,0.0,-0.0091474457928997,-0.000537289934611233,0.004781873842060177
2011-04-27,0.00021896991754386197,0.004972350638147487,-0.0025997614437210104,0.0,0.005708252178715573,0.012468435098784486,0.0050270459782158754
2011-04-28,-7.720829980850548e-05,0.0024692805136009425,0.00314296442815427,0.003403709050963984,0.0008845671178499844,0.0031141834740565756,0.0037794941371622694
2011-04-29,-2.909416330858695e-05,0.0017901701344504909,0.001651424792493999,0.0021262726994978726,0.0035535188815225354,0.004314163139612109,0.0032174408119011997
2011-05-02,-1.606060505033951e-05,-0.0011746527148134961,-0.0002461308520361095,-0.00052103806414165,-0.0006211162026976264,-0.008048821141724689,-0.004011277997109433
2011-05-03,0.0,-0.0027415703141433273,0.0,0.0,0.005306027934051406,-0.0032703405111061483,-0.004604948292640875
2011-05-04,0.0,-0.005053186554501556,0.0,0.0,0.004379812584940129,-0.003564591457380106,-0.005408034488815601
2011-05-05,0.0,-0.00022821634001686042,0.0,0.0,-0.000525114503946334,-0.012619563103408277,-0.013098285074514495
2011-05-06,0.0,0.0,0.0,0.0,-0.0016735014760870563,0.001231539316526248,0.00216004751640947
2011-05-09,0.0,0.0,0.0,0.0,-0.0029630129159209477,0.006060536664172991,0.008222369098797188
2011-05-10,0.0,0.0,0.0,0.0,0.009624179077624407,0.0029476119949313926,0.0031733599876978334
2011-05-11,0.0,0.0,0.0,0.0,-0.007195400900188442,-0.008961475871724746,-0.010675496680112962
2011-05-12,0.0,0.0,0.0,0.0,-0.0006273470975331302,0.0012270064843933435,-0.00026990012232138956
2011-05-13,0.0,0.0,0.0,0.0,0.007189318733758468,-0.005613193643338039,-0.0038636457074313177
2011-05-16,0.0,0.0,0.0,0.0,0.004815935005289777,-0.0007121356572277469,-0.00241567120788182
2011-05-17,0.0,0.0,0.0,0.0,0.005852338564234275,0.0016414851741150644,0.002268426384015129
2011-05-18,0.0,-0.007166818992111382,0.0,0.0,-0.011477410349004135,0.0036779120230789816,0.004080629628452557
2011-05-19,0.0,-0.001857907681993298,0.0,0.0,-0.0006034814466673084,0.0016293689222482506,0.0008421165549164338
2011-05-20,0.0,0.006149986364688078,0.0,0.0,0.0,-0.0032396716700542846,-0.002726092779749658
2011-05-23,0.0,0.008982121961463002,0.0,0.0,-0.0033372036535917918,-0.008514889870858272,-0.00733973397836236
2011-05-24,-0.0009138995096076969,0.0006333201568505055,0.0,0.0,-0.0021086728438338602,0.002022454290850221,0.004289337872816014
2011-05-25,0.000706404995227197,0.0021726183557544483,0.0,0.0,-0.0002275714315529387,0.002351285172209753,0.003212153648633284
2011-05-26,-0.0016262295875919674,0.0036527607371617636,0.010448527125621825,0.0,0.0019216364551974932,0.0050480239065195925,0.006111679753571969
2011-05-27,0.0009190211996419973,0.003039046231231866,-0.00021317753162236304,0.0079072034792512,-0.0006646711124004828,0.006281806729276901,0.005809163408655446
2011-05-31,0.0016208966351851791,0.008255351208638054,0.003104924798468735,-0.0008184310139242745,0.003104924798468735,0.006568107362447304,0.0070672381971048324
2011-06-01,-0.00021425775552751602,-0.017816149850143573,-0.0005990699676183326,-0.0005021920706204399,0.016476502033567927,-0.00930317259690075,-0.008018229740623642
2011-06-02,0.0,-0.0008446019456155753,0.0,0.0,-0.0116433348329962,0.00017593191874192539,-0.0050144874850972495
2011-06-03,0.0,-0.00788823736307074,0.0,0.0,-0.0005876955899961711,-0.0021222812360086156,0.00011665323774426148
2011-06-06,0.0,-0.00023743916039807402,0.0,0.0,0.0006165495383574365,-0.0066381490764664385,-0.0073894863229500484
2011-06-07,0.0,0.0,0.0,0.0,-0.0037357356621828494,0.003038486882907153,0.004862104195052039
2011-06-08,0.0,0.0,0.0,0.0,-0.004351303704659267,-0.0054177202625737405,-0.003306858850793871
2011-06-09,0.0,0.0,0.0,0.0,-0.0020409923975624523,0.0018072550802060647,-0.00010116935983288355
2011-06-10,0.0,0.0,0.0,0.0,0.005894448436558544,-0.01208291902331471,-0.011374626273553349
2011-06-13,0.0,0.0,0.0,0.0,-0.004327840907849818,-0.0009921772139889111,-0.002359509260908921
2011-06-14,0.0,0.0,0.0,0.0,-0.015884661219517423,0.007304153557413133,0.004822585081518708
2011-06-15,0.0,0.0,0.0,0.0,0.021608762233868116,-0.011426583014324353,-0.005946729211205608
2011-06-16,0.0,0.0,0.0,0.0,-0.0005936519579002418,-0.005789296050771705,-0.003855248800772244
2011-06-17,0.0,0.0,0.0,0.0,0.0,0.005693232711635888,0.004559311765932155
2011-06-20,0.0,-0.004553337960288734,0.0,0.0,0.0,0.0028536360287871056,0.0028310659295519526
2011-06-21,0.0,-0.01150980127815229,0.0,0.0,0.0,0.011892968174939742,0.009684930576448729
2011-06-22,0.0,0.0050398883688248745,0.0,0.0,0.0,-0.006685018388186552,-0.004796508769835543
2011-06-23,0.0,0.0024004425544588313,0.0,0.0,0.0,0.0012581201131330044,0.00011253483069062118
2011-06-24,-0.007432023746591297,0.009733672702963695,0.0,0.0,0.0,-0.00695044321859483,-0.005874283820924676
2011-06-27,0.005908894263982087,0.007083852508623764,0.0,0.0,0.007128054596782753,0.004242615017033025,0.0005182812988019443
2011-06-28,0.01121003216948971,0.011111853188476031,-0.016525004998956073,0.0,0.01840126228703158,0.006178804600868605,0.002754710878571261
2011-06-29,0.0073109768043136195,0.007290391524988045,-0.010412034444343443,-0.004861912584639782,-0.003631135899542539,0.008020294088176469,0.006269423493968987
2011-06-30,0.005818309058092097,0.008140010621245542,-0.005963137452115108,-0.00455718172402785,-0.007320312255911513,0.0068638073801113005,0.0038118353525630794
2011-07-01,-0.00031981953307499826,0.012579067268089453,-0.0005222895961977852,-0.0005355003341887383,-0.0050009205265686505,0.0021992283635638597,0.0070631354976582825
2011-07-05,0.0,-0.0007005306906357664,0.0,0.0,0.012574436199186958,0.011795989006065837,0.005820263065015166
2011-07-06,0.0,0.0010176380674831295,0.0,0.0,0.0031828432470425313,0.005708485632138804,0.0018042663032209968
2011-07-07,0.0,-0.0002554606725635403,0.0,0.0,-0.0005467291575588668,0.004307818815911384,0.0070744713178052315
2011-07-08,0.0,0.0,0.0,0.0,0.0,0.005447780737426687,0.0007122784828112383
2011-07-11,0.0,0.0,0.0,0.0,-0.015909923289999538,-0.001477821257725247,-0.010429941166136965
2011-07-12,0.0,0.0,0.0,0.0,-0.0029064632000821524,0.0033359440325794543,-1.3978723158656881e-05
2011-07-13,0.0,0.0,0.0,0.0,-0.0033002419940703744,0.012101778498522219,0.008867959617846527
2011-07-14,0.0,0.0,0.0,0.0,-0.0023444485520391694,-0.005484932528958998,-0.007282195071628715
2011-07-15,0.0,0.0,0.0,0.0,0.007708120805726557,0.0071208520369398344,0.006858769397784122
2011-07-18,0.0,0.0,0.0,0.0,-0.0012338812955468266,0.0029918572569499202,-0.003696859682258696
2011-07-19,0.0,-0.01217775107719675,0.0,0.0,0.0075784959193704385,0.0019320010592748095,0.00844815967048786
2011-07-20,0.0,0.00042942248045009274,0.0,0.0,-0.00980103299454168,0.0012536666519627252,0.0013854980984946332
2011-07-21,0.0,-0.010219552873729117,0.0,0.0,-0.0006029682369058538,-0.0023923376238564054,0.004647986175878725
2011-07-22,0.0,-0.0005053330090984385,0.0,0.0,0.0,0.008349577307158677,0.004985478518904041
2011-07-25,-5.5274278240458613e-05,0.0040952321706976364,0.0,0.0,0.005747529767081483,0.0006316199381510236,-0.0033003133657176853
2011-07-26,0.0003615592510640687,-0.003147633511455603,0.0,0.0,-0.008473442497264325,0.004529627661023351,0.003881944132485486
2011-07-27,0.0004984522297310795,-0.01485166811466569,-0.001583604427349976,0.0,0.00325866680521916,-0.008490427872395859,-0.014304232663588736
2011-07-28,0.00020121614999196987,-0.002113269685334497,0.0015874946844561684,-0.004711992467378062,9.618501212680794e-05,0.0027747177561480455,0.001045516277405692
2011-07-29,0.0009241038979143881,-0.004959452273174207,0.009852570624019777,-0.005343800126911547,0.023729380749960394,0.010894353237013783,0.006150414705078986
2011-08-01,-2.6858186947771587e-05,-0.0030874278525334655,-0.00024479272232263933,-0.0005633302985351264,0.007257720386315552,-0.004072743247333992,-0.0006208750048598698
2011-08-02,0.0,-0.018529267898938096,0.0,0.0,0.01841914585061279,0.0032907901648265435,-0.002982074414166433
2011-08-03,0.0,0.003927332213514341,0.0,0.0,0.0011961543049632474,0.001370209153552021,-4.2411596216848215e-05
2011-08-04,0.0,-0.00021788562782543673,0.0,0.0,-0.00048759581399130774,-0.021189696971886312,-0.024435819145928798
2011-08-05,0.0,0.0,0.0,0.0,0.022525290901667064,-0.005441092821785255,-0.011766093697637038
2011-08-08,0.0,0.0,0.0,0.0,-0.031866734764741264,-0.009680272658971544,-0.03148459737627264
2011-08-09,0.0,0.0,0.0,0.0,-0.011674811792911681,0.022836354579135916,0.03835967994471329
2011-08-10,0.0,0.0,0.0,0.0,-0.026478385107130485,0.004802527150021398,-0.006064296318466222
2011-08-11,0.0,0.0,0.0,0.0,-0.0007147011359168873,-0.002856411735420304,0.004587082934866481
2011-08-12,0.0,0.0,0.0,0.0,0.01333323147582748,0.004639894961737092,0.008507953909123839
2011-08-15,0.0,0.0,0.0,0.0,-0.007411115887444399,0.011150484465091943,0.013924733088620016
2011-08-16,0.0,0.0,0.0,0.0,0.009187740901564493,0.0012257155355595915,-0.00013786822405221553
2011-08-17,0.0,0.0,0.0,0.0,0.01364164820580199,0.005893965920146917,0.008543801898437703
2011-08-18,0.0,0.0,0.0,0.0,-0.0005806518121712732,-0.01353217321032937,-0.021230910810498056
2011-08-19,0.0,0.005893919010407141,0.0,0.0,0.0,0.003360649173275035,-0.003381200969946172
2011-08-22,0.0,-0.0003006062548283575,0.0,0.0,0.003027348134493304,0.0056781488774532195,0.0020925126298843508
2011-08-23,0.0,-0.012113267795561607,0.0,0.0,0.008058252590345802,-0.0022075618612853614,0.006221863396532467
2011-08-24,0.0,-0.005191232252541097,0.0,0.0,0.01952725288978869,-0.01658134944085848,-0.013786113796930777
2011-08-25,-0.012009966206888425,0.005602563544920636,0.0,0.0,0.001201898565251403,0.0009392877190765349,-0.002988956214783447
2011-08-26,0.001612824667643145,0.004720901429827853,0.0,0.0,0.005897646185570627,0.016542942067598078,0.016045174994832427
2011-08-29,0.016616477630605933,0.009747547757421034,-0.010626663624666058,0.0,-0.013165382056869903,0.0018620983427806847,0.010043297199684699
2011-08-30,-0.006299943706517204,0.0008924823619326,0.010678638111599581,-0.001285624697371566,0.0138289575826726,0.011221596077095544,0.010264948719006812
2011-08-31,0.005211560894711143,0.0015052120934722691,-0.0055300942906034425,-0.0019085580288143963,-0.004378534850028106,-0.0023259871405405443,0.0022240288422989652
2011-09-01,-0.00041086122692338183,-0.0035535674148648062,-0.0004641624338272909,-0.00048540110865707064,-0.0003461495035808616,0.0006179808466503453,0.0004581698578351876
2011-09-02,0.0,-0.008668841982586998,0.0,0.0,0.0,0.00042613249538772343,0.002055723364368867
2011-09-06,0.0,-0.0024777653130243563,0.0,0.0,0.0,-0.012479621271814225,-0.007062710499873068
2011-09-07,0.0,-0.00010128472345764722,0.0,0.0,0.0,0.007048809504618171,0.005987957268647974
2011-09-08,0.0,0.0,0.0,0.0,0.0,-0.0021848482807250743,-0.0009262025831233902
2011-09-09,0.0,0.0,0.0,0.0,0.0,-0.013768708132128505,-0.012302507483672778
2011-09-12,0.0,0.0,0.0,0.0,0.005463747252862874,-0.002818777247849665,-0.00524781441503258
2011-09-13,0.0,0.0,0.0,0.0,0.005882540641652723,0.003404818743688104,0.0029833167542590968
2011-09-14,0.0,0.0,0.0,0.0,-0.0005430384954631171,0.003919770038721981,0.0034942266588491905
2011-09-15,0.0,0.0,0.0,0.0,-0.015463200969472587,0.004167969623986918,0.00145496027007422
2011-09-16,0.0,0.0,0.0,0.0,0.003850240699793984,0.00197930085867694,0.0026159919619189566
2011-09-19,0.0,0.0,0.0,0.0,0.01634311882243654,-0.005019594453223,-0.005306263199587309
2011-09-20,0.0,0.0002713894710940888,0.0,0.0,0.0018426970848680697,0.002317571176078282,0.0015513082319426714
2011-09-21,0.0,0.009379314137524923,0.0,0.0,-0.0004469365313329613,-0.011680000940063379,-0.010776155478537868
2011-09-22,0.0,0.010288623541204415,0.0,0.0,0.0,-0.02167711326130801,-0.019002118904092008
2011-09-23,0.0,-0.0019268789395356087,0.0,0.0,0.0,-0.006346302990363234,-0.012658700051255335
2011-09-26,0.009745260686060563,-0.007578687900779974,0.0,0.0,0.00771511233977792,0.0022178026198213558,0.0017168259200525796
2011-09-27,0.008791068961697008,0.0032634304917899724,0.0,0.0,0.013293276601919372,0.010163615322108225,0.008917865955795048
2011-09-28,-0.005758891447217976,-0.006308461525595231,-0.00010466410039702033,0.0,-0.0004249225080741091,-0.012364826205002904,-0.01725682598858016
2011-09-29,0.0021471674211753313,0.0024399467930723293,-7.630773321433183e-07,-0.0006256836565393981,-0.0005868113611520995,0.0019128275524657506,0.006091725286641406
2011-09-30,-0.01229508233553965,-0.007720232854232467,0.006058665763895699,-0.008808194056425665,0.012123508846275107,-0.015800810145070884,-0.014088130300472247
2011-10-03,-0.0003447280997009174,-0.00879291239155134,-0.0002876559439825428,-0.0004962647449141071,0.018514674020913797,0.0027604353791079285,0.004960627860182807
2011-10-04,0.0,0.006770385642903924,0.0,0.0,-0.010209943472402476,-0.005753936634910851,-0.00604894159136972
2011-10-05,0.0,0.005718101083341865,0.0,0.0,-0.004990599483401391,0.0050881176060608895,0.0016361264746152272
2011-10-06,0.0,-9.385255114120073e-05,0.0,0.0,-0.00033951889343710536,0.005572812972435645,-0.0005316167736644006
2011-10-07,0.0,0.0,0.0,0.0,0.0,-0.006661122589027363,-0.007105431803347928
2011-10-10,0.0,0.0,0.0,0.0,0.0204231641893617,0.006795099567651494,0.0031255922514654396
2011-10-11,0.0,0.0,0.0,0.0,-0.006675380106285313,0.002243471880776904,0.0033841709408288815
2011-10-12,0.0,0.0,0.0,0.0,0.006573475873731169,-0.00017994481084009008,-0.004782401455101653
2011-10-13,0.0,0.0,0.0,0.0,9.687487481337084e-05,-0.0010445516962541263,0.002458581658035361
2011-10-14,0.0,0.0,0.0,0.0,-0.01046108350942146,0.0035787276231838256,0.0020990582781214647
2011-10-17,0.0,0.0,0.0,0.0,0.013082414357131929,-0.0009218051732719046,0.0019143299308831312
2011-10-18,0.0,0.0,0.0,0.0,-0.002140864263866287,0.002170074316288172,0.0023337747367297005
2011-10-19,0.0,0.0033032350032193994,0.0,0.0,0.002028842594876274,-0.007247215821998689,-0.003976749312910738
2011-10-20,0.0,-0.0012591140188115066,0.0,0.0,-0.0004253548928701964,-0.0034707524362459436,-0.002408520428026165
2011-10-21,0.0,-0.005448850955708055,0.0,0.0,0.0,0.004384395871534151,0.002702971871337563
2011-10-24,0.0,-0.0035217058952484296,0.0,0.0,0.00035118656441443145,0.005047908990172895,0.0010072772509189631
2011-10-25,0.011653196641227805,0.0055714575786878434,0.0,0.0,-0.0171696040094278,0.014638735280971113,0.01642086202910704
2011-10-26,-0.008653549481390776,0.0027020302991663304,0.0,0.0,0.012115911072778792,-0.001039943537316479,-0.0062665321846244754
2011-10-27,-0.018723048005981357,0.009844463607353514,-0.011679041817160337,0.0,-0.0038284978639486684,0.005459041586587094,-0.0014427586545656373
2011-10-28,0.0050604295152526435,-6.807853997933328e-05,0.0056732594305233825,-7.885464134258886e-05,0.011494818583003533,0.0030682826797744827,0.0062066898826144
2011-10-31,0.01717288444206363,-0.006813066401762149,0.012667030856579919,-0.026823032086052183,0.026821379189313193,-0.0013790566762644943,0.005562535232139482
2011-11-01,-0.0003208242816802302,-0.007883506538051093,-0.00028353721571943916,-0.0004863058731724286,0.0239792946343575,0.0006014747822039968,0.0058774108438052145
2011-11-02,0.0,0.004608122702269245,0.0,0.0,-0.002804286234987789,0.006939250745949764,0.006367925230885199
2011-11-03,0.0,0.005150398675193447,0.0,0.0,-0.00031725595799408425,0.0031074711337404086,0.004721754367775649
2011-11-04,0.0,-8.589064209462238e-05,0.0,0.0,-0.006595605384823997,-3.44759717910672e-05,0.0008595543698136758
2011-11-07,0.0,0.0,0.0,0.0,-0.0023350260568357475,0.006589803929509133,0.0058656581633872
2011-11-08,0.0,0.0,0.0,0.0,0.008993964636716869,-0.0026108487357706413,-0.0026833763810116297
2011-11-09,0.0,0.0,0.0,0.0,-0.01776465419939564,-0.014372803659996478,-0.012773726753405814
2011-11-10,0.0,0.0,0.0,0.0,-0.0006431558643987509,3.9299965211488634e-05,-0.0032533606199331893
2011-11-11,0.0,0.0,0.0,0.0,-0.009813828068960704,0.007870101118590428,0.0075614516881641215
2011-11-14,0.0,0.0,0.0,0.0,0.012533400223188449,-0.004862145516827992,-0.0026940315138892024
2011-11-15,0.0,0.0,0.0,0.0,-0.0026872764609594223,-0.002819030304145955,-2.2361110195913617e-05
2011-11-16,0.0,0.0,0.0,0.0,0.007016216810519333,-0.007135358672719185,-0.005704090450184616
2011-11-17,0.0,0.005175289323371615,0.0,0.0,-0.0005771179608678889,-0.012146246612147938,-0.012985588602865191
2011-11-18,0.0,0.0003480330357297146,0.0,0.0,0.0,0.0036710392506181773,0.0007033415397036683
2011-11-21,0.0,0.006319791579833987,0.0,0.0,-0.006178847473733127,-0.008532742578981612,-0.008727060573058738
2011-11-22,0.0,0.0012997158783716863,0.0,0.0,-0.005675527115384703,0.004660097599919263,0.003466235399544523
2011-11-23,-0.005646191044685041,0.007332115211290773,0.0,0.0,0.0003831362750156843,-0.009551396943561613,-0.010631867194375571
2011-11-25,0.0028728721288268744,-0.000868252156934047,0.0,0.0,-0.01322907940081544,-0.008189493746625936,-0.009691227549211576
2011-11-28,0.00482119393812346,0.010211440332882573,-0.00024191290954780925,0.0,0.00018554580403262814,0.011108008444655463,0.01317172913579785
2011-11-29,0.0014314828062286615,0.0009990563897314911,-0.002252149092385894,0.0005684847577827921,-0.003822535905915702,0.0009079711992971334,0.0004271483008467693
2011-11-30,0.009857027915170624,0.014506425671372435,-0.006878314647003563,0.00539025040893941,-0.0075933785205264046,0.011167974198244838,0.011801007566319379
2011-12-01,-0.00020062656029187653,-5.9278275299620066e-05,-0.0003538809698961006,-0.0004757758916390171,-0.00037942758766107014,-0.0008903058600977941,0.0004720219323660151
2011-12-02,0.0,-0.00031056286557122614,0.0,0.0,0.0,0.0014670901330993314,0.008055052510559197
2011-12-05,0.0,0.0038397716041752767,0.0,0.0,0.0,-0.004662335880715647,0.0023526899299943743
2011-12-06,0.0,-0.00010650527616407853,0.0,0.0,0.0,0.0045100585665876535,-0.0007143335055079528
2011-12-07,0.0,0.0,0.0,0.0,0.0,-8.163858096120253e-05,0.002722565203500274
2011-12-08,0.0,0.0,0.0,0.0,0.0,-0.008530188224610248,-0.007337377149618218
2011-12-09,0.0,0.0,0.0,0.0,0.0,0.002700721204377207,-0.000512657205256307
2011-12-12,0.0,0.0,0.0,0.0,-0.00754266779823358,-0.008769158377519098,-0.0043583610465256365
2011-12-13,0.0,0.0,0.0,0.0,-0.00921996740953715,-0.005683823105432848,-0.00274792915184637
2011-12-14,0.0,0.0,0.0,0.0,0.00022956765947785334,-0.016797868336373922,-0.006913767550063577
2011-12-15,0.0,0.0,0.0,0.0,-0.00224381503378318,-0.00038034801414491974,0.0006330417234113658
2011-12-16,0.0,0.0,0.0,0.0,0.009690473494525672,0.007503856208675035,0.01126591374611158
2011-12-19,0.0,0.00365831930424433,0.0,0.0,-0.0005405871915616383,-0.003862007550228785,0.0006286233022676632
2011-12-20,0.0,-0.010670118176294997,0.0,0.0,0.002451783282878632,0.007956258776560587,0.007967494291926372
2011-12-21,0.0,-0.0006911072266003238,0.0,0.0,-0.0012314868513065777,-0.0003505705893175097,-0.004594939350110252
2011-12-22,0.0,-0.0031264253953570483,0.0,0.0,0.0019771914478610092,-0.0016335403289690163,0.0035867670642180617
2011-12-23,0.0006528396381945906,-0.0031562831415580623,0.0,0.0,-0.008194791399645919,0.00017054589935490124,-0.0013015243242034313
2011-12-27,-3.260055448026589e-05,7.10692446895189e-05,0.0,0.0,0.0011266077790047042,-0.002252182377962229,0.0027971334491691
2011-12-28,-0.0010498564839520944,-0.004764301460323898,0.003856219421456912,0.0,0.008327900747983041,-0.012350628379125086,-0.00525716126543457
2011-12-29,0.00020389313435198724,0.0037503430444885393,0.0007919638748794237,0.002585295252553401,-0.00040365820004454385,0.003163587842468766,0.003064254086208276
2011-12-30,-0.0005087709904505402,-0.0017855737627179187,0.002251903611434755,0.004393720738177843,0.0,0.0016406376123083853,0.00225378999987332
2012-01-03,-3.9573270886474454e-05,0.005784284283890208,-0.0001923968182853299,-0.000505170392676921,0.0,0.004740363979938748,0.002994622570892526
2012-01-04,0.0,0.000568018853125284,0.0,0.0,0.0,0.0005286985077084249,-0.0023224776533598127
2012-01-05,0.0,0.0009662873924616675,0.0,0.0,0.0,0.001339503730266815,0.0006465191837755985
2012-01-06,0.0,-0.00010908870541034142,0.0,0.0,0.0,0.004578011821161111,0.006055559630504748
2012-01-09,0.0,0.0,0.0,0.0,-0.001002869940720117,-0.0025792919144878705,-0.0021537660096024574
2012-01-10,0.0,0.0,0.0,0.0,0.003975796085765609,-0.0032493171987885796,-0.002659038088613677
2012-01-11,0.0,0.0,0.0,0.0,-0.011665178371133915,0.0031150641365491507,0.004767289131985997
2012-01-12,0.0,0.0,0.0,0.0,-0.001194078814209908,0.004694659022138039,0.002395138264694611
2012-01-13,0.0,0.0,0.0,0.0,0.008405296340857172,0.0032346037159542143,0.004716911626301369
2012-01-17,0.0,0.0,0.0,0.0,0.0018889808858817622,0.0008309023946740452,0.002801706924643682
2012-01-18,0.0,0.0,0.0,0.0,-0.006244262826024986,-0.0012681200044485704,-0.0022556184899853214
2012-01-19,0.0,-0.002317628156443577,0.0,0.0,-0.011513715487111106,-0.003783275419154884,-0.005117802831804218
2012-01-20,0.0,-0.0015512625088809297,0.0,0.0,-0.0005798647521647057,-0.006081100467025682,-0.005803881223843788
2012-01-23,0.0,0.0010639539579042092,0.0,0.0,0.0037834164914830504,-0.002914839677964983,-0.0027605934888465834
2012-01-24,0.0,0.0004680671989781875,0.0,0.0,-0.002327039488318217,0.0006594802592524522,0.0019989890066714746
2012-01-25,0.0009181477120615936,-0.0034756836987514883,0.0,0.0,-0.009606234017428607,0.005897815199996462,0.009105850765488657
2012-01-26,0.004202423081004285,-0.002471670388680591,0.0,0.0,0.0012059065122011123,0.0069928038399215695,0.009336216879462856
2012-01-27,0.0018907133317235538,-0.0001978645370715012,0.0049564497897702535,0.0,0.0055752364751907426,0.002606598536067146,0.0031458098384083383
2012-01-30,0.0027073341775098025,-0.0014751561568243758,0.006170681396709204,0.005307525154623813,0.006805788422055597,0.0041690453385358345,0.004943272533878397
2012-01-31,0.002312004777937128,-0.00016558718542885649,0.006830063764772489,0.0023641552591242717,0.007533031941373679,0.006423173671885992,0.006986693958126477
2012-02-01,-0.00023874282968794455,0.0037808092191709487,-0.0005423253448560241,-0.00051915443735529,-0.005640583387405573,-0.002657046590485655,-0.0014899145672607078
2012-02-02,0.0,0.0006826552567220916,0.0,0.0,-0.00047765759486647724,0.003857616279941208,0.00366950168542069
2012-02-03,0.0,0.00605284961360929,0.0,0.0,0.015220626179543261,-0.00739178537528957,-0.009716022204856416
2012-02-06,0.0,-0.00013058688300603645,0.0,0.0,-0.005543101856564622,0.003213712424533531,0.004043557328047227
2012-02-07,0.0,0.0,0.0,0.0,0.012866379588330715,0.0010585815628397727,-0.0014389294594871192
2012-02-08,0.0,0.0,0.0,0.0,-0.0009817169026635388,-0.0010171770796418105,-0.000809305278269624
2012-02-09,0.0,0.0,0.0,0.0,-0.0006209198159543626,-0.0046042143132144515,-0.006006124559428951
2012-02-10,0.0,0.0,0.0,0.0,0.010668494234122788,-0.0011192167571355846,0.0011215700009159534
2012-02-13,0.0,0.0,0.0,0.0,-0.0013407567979088152,0.004551666269631469,0.005066265779538566
2012-02-14,0.0,0.0,0.0,0.0,0.004173061179177553,-0.0010422363082141773,-0.00022011959487317365
2012-02-15,0.0,0.0,0.0,0.0,0.0015090935386209512,-0.0036982332369520704,-0.0038040409807939186
2012-02-16,0.0,-0.00637273203951259,0.0,0.0,-0.0005995449692155708,0.0015172020764085978,0.0004040359178836976
2012-02-17,0.0,-0.0014891687974865236,0.0,0.0,0.0,-0.0032889474432512915,-0.0031401824718538893
2012-02-21,0.0,-0.00025208385678132,0.0,0.0,0.00662600052795229,0.002630017917681588,-0.0008176545962124266
2012-02-22,0.0,0.0018007108624978395,0.0,0.0,-0.007869246894458714,0.0047674719483240795,0.005712477753640911
2012-02-23,-0.00041736746041369526,-0.00247533960947911,0.0,0.0,-9.579073611916373e-05,0.008551111854802248,0.007898538154132247
2012-02-24,-3.5643649362297716e-05,0.0009326012129208113,0.0,0.0,0.001052050220234026,0.0009150142378085168,0.0010128446506156494
2012-02-27,0.0018641151393744408,0.0009752659696737169,0.005240125362287333,0.0,0.00664715765805667,0.0034701100986009813,0.005295782706757906
2012-02-28,-0.0004155994771289934,0.0016956041516810816,0.0008137346182506067,-0.0034812063155596875,0.0009386003398671822,0.005737444646182493,0.005039616134525957
2012-02-29,-0.001755326809240746,-0.0022879779557013966,-0.006902506756579301,0.012650931971128855,-0.007453516497172283,-0.016307282677243566,-0.015477870784129232
2012-03-01,-0.000282031422237345,0.003015089735156215,-0.0005214139354844242,-0.0006086025621202129,-0.0005602091770591387,-0.0029370159545321056,-0.004059608878098466
2012-03-02,0.0,-0.0017775000773228844,0.0,0.0,0.0,0.0003543347689007563,0.0008467160590366241
2012-03-05,0.0,-0.0023769445863978033,0.0,0.0,0.0,-0.00022094726035810523,-0.0031224655705727167
2012-03-06,0.0,-0.0001744002392020225,0.0,0.0,0.0,-0.00790110727960188,-0.0009859450497292192
2012-03-07,0.0,0.0,0.0,0.0,0.0,0.001198205873765338,0.0011568663518434536
2012-03-08,0.0,0.0,0.0,0.0,0.0,0.0024596018729715753,0.0005979765734097207
2012-03-09,0.0,0.0,0.0,0.0,0.0,0.00025134077186680676,0.0012224792868306368
2012-03-12,0.0,0.0,0.0,0.0,-4.482682522262269e-05,-0.0001260627041452509,0.0021122909500679984
2012-03-13,0.0,0.0,0.0,0.0,0.014317684385892964,0.0010682505317566706,-0.0015279749564424542
2012-03-14,0.0,0.0,0.0,0.0,-0.004373907047436451,-0.011517332008167555,-0.015086085970441842
2012-03-15,0.0,0.0,0.0,0.0,-0.001095552324853603,-0.0021139935352104088,0.0004221230905000831
2012-03-16,0.0,0.0,0.0,0.0,-0.0005900931144854455,0.0005113231344235676,9.542026401363851e-05
2012-03-19,0.0,0.0,0.0,0.0,-0.012283344845465676,0.0009430784329303747,-6.988178408029318e-05
2012-03-20,0.0,0.0022752698569933646,0.0,0.0,0.0009680396858654147,0.00040929263899464654,0.0027213688185222236
2012-03-21,0.0,0.001422613491513119,0.0,0.0,-0.0005997063763054576,0.002546343882758215,0.004826767532324522
2012-03-22,0.0,0.0062877706316082065,0.0,0.0,0.0,-0.0011468259207347087,0.0009512861728817391
2012-03-23,0.0,-0.0028369524156487357,0.0,0.0,0.0,0.0007730403958133036,0.004093781400344368
2012-03-26,-0.005547739553726898,-0.01227597448199439,0.0,0.0,0.0017116647899726876,0.0072203144716954755,0.006679115194863939
2012-03-27,0.003996947962417848,-0.0037238174543072224,0.0,0.0,-0.01108963900344259,0.00694802991923191,0.007336881726886751
2012-03-28,0.0007061179019111053,-0.005026530050203623,-0.0018439268459287902,0.0,0.0034496632294025117,-0.003012477146324739,-0.0017917690829368606
2012-03-29,0.002795818777052099,-0.0017335627827607183,0.0037540919178259196,-0.004421594718261247,0.001189839890542762,0.0018727413004855132,0.004895164611985485
2012-03-30,-0.004016901008764952,0.0041864447241112416,-0.004440277096912165,0.004284250117739869,-0.010293882968049855,-0.0012605591664892801,-0.007687057049210177
2012-04-02,-0.0002613557722689234,0.007406476483465054,-0.0002708005264164257,-0.0005528469485618409,0.004782332490619966,-0.0028159265191021656,0.0007880248246386865
2012-04-03,0.0,-0.004145098223609964,0.0,0.0,-0.01471487360377244,-0.009001580234288634,-0.007655741728456953
2012-04-04,0.0,-0.010042211584299047,0.0,0.0,0.00954817233596119,0.006729880466909955,0.006661475803542401
2012-04-05,0.0,-0.00030392167779695156,0.0,0.0,-0.0005650993133884757,0.001623912845062222,0.004272301985371569
2012-04-09,0.0,0.0,0.0,0.0,0.0,0.008957907953505376,0.007649404334686173
2012-04-10,0.0,0.0,0.0,0.0,-0.009984674296558317,0.006068979037858248,0.003571059595266002
2012-04-11,0.0,0.0,0.0,0.0,0.007778053936414124,-0.0011471146112281023,-0.000843363286480727
2012-04-12,0.0,0.0,0.0,0.0,-0.0012626609711482706,-0.005063399214208391,-0.002065149494464297
2012-04-13,0.0,0.0,0.0,0.0,0.011537341770303383,0.008383062634434505,0.00909578575983226
2012-04-16,0.0,0.0,0.0,0.0,-0.000579882808561205,0.0008907632295250791,-0.0004857319463131628
2012-04-17,0.0,0.0,0.0,0.0,-0.002100230033321425,-0.0004604365982212128,0.004069028435362792
2012-04-18,0.0,0.002815537251856479,0.0,0.0,0.0039936498370162785,0.0012961670436996643,0.0011384708515323576
2012-04-19,0.0,0.0058783858578351205,0.0,0.0,-0.000598804830035442,-0.0008163588733178147,-0.002661160611394298
2012-04-20,0.0,-0.0015431601964214414,0.0,0.0,0.0,-0.0008097429828195183,-0.0010436641416151366
2012-04-23,0.0,0.007702564830668496,0.0,0.0,-0.00460458264784699,0.0036204303200663883,0.004055836215716097
2012-04-24,0.0021995089338336395,-0.0034982597567439536,0.0,0.0,0.0050960019486901474,-0.0014537385414342462,-0.001881729317057429
2012-04-25,0.004714948479086135,0.011599004704694063,0.0,0.0,0.0024482161441902535,0.00044499244076025377,0.005459303343223874
2012-04-26,0.00036413507842082547,0.0061781346037912965,0.006049203351136961,0.0,0.0007341784236554874,0.0022481550819951706,0.003847545527722443
2012-04-27,-5.228789195745595e-05,0.001452247400626166,0.0020774411239366576,0.0033469462341913603,0.0016117832667741396,-0.00016308886008288865,0.00030290179618058967
2012-04-30,-0.001548413754682015,-0.003288886613470383,0.0016945016841137463,0.0035773258092821835,0.0016945016841137463,-0.0002740211526877902,0.00012657737359481698
2012-05-01,-0.00024378349267711083,0.005513821309940026,-0.0005994899497898856,-0.0005697669142307939,-0.003645483284100669,-0.00010391234156920446,0.00012905774719273614
2012-05-02,0.0,-0.0026496415220863055,0.0,0.0,0.0034403468845989227,0.007007333857418446,0.006979606630575932
2012-05-03,0.0,-0.0067678275668061234,0.0,0.0,-0.0005512883386025561,0.0015534867444526518,0.0012442313343523457
2012-05-04,0.0,-0.00026589126188804004,0.0,0.0,-0.008578999708602297,0.00432980265222522,0.004230360969337698
2012-05-07,0.0,0.0,0.0,0.0,0.000543388214678303,0.0012078746611360006,0.001621944389378412
2012-05-08,0.0,0.0,0.0,0.0,-0.00454795231926564,0.004437580144931212,0.004556449188545546
2012-05-09,0.0,0.0,0.0,0.0,-0.0017178396633001373,0.0023062959215719423,0.0011019406725733664
2012-05-10,0.0,0.0,0.0,0.0,-0.0006164999193965179,-0.0018455225062052134,-0.002183608331224205
2012-05-11,0.0,0.0,0.0,0.0,0.005991011174561554,0.00639728374755286,0.006540045861182255
2012-05-14,0.0,0.0,0.0,0.0,0.008822794549589522,0.00649480175674499,0.005983282598140349
2012-05-15,0.0,0.0,0.0,0.0,0.0005505937935005893,0.0021950750938986175,0.0012679352406375318
2012-05-16,0.0,0.0,0.0,0.0,0.001489241847811666,-0.00011506820695540877,-0.000997356912000311
2012-05-17,0.0,0.0,0.0,0.0,-0.0005995514676970428,-0.00501282998277904,-0.006008246065346515
2012-05-18,0.0,0.006926833069321915,0.0,0.0,0.0,-0.0034760596127426328,-0.0036942143049738135
2012-05-21,0.0,-0.014441814961934618,0.0,0.0,0.004599833211292913,0.0017001081516472916,0.0027714299118890705
2012-05-22,0.0,-0.0014785835020750102,0.0,0.0,0.004273976423034593,0.004237776734914348,0.0024313676656633745
2012-05-23,0.0,-0.0004525048233763286,0.0,0.0,-0.005262698820624735,0.006504096281521356,0.006086302013993002
2012-05-24,0.0024647914781216382,-0.0016569131406798615,0.0,0.0,-0.0018129779589726265,-0.00041060010189903143,-0.0005113617896023122
2012-05-25,-0.004168468986537704,-0.003066238035571176,0.0,0.0,0.005340947935824093,0.0011998676413255403,0.001472518585624844
2012-05-29,0.006045522237001018,0.009601514142232596,-0.002041128358220632,0.0,-0.0016873707945302926,0.002141600546431793,0.0025331095552578475
2012-05-30,-0.015338920625662314,-0.01150890590751708,0.01700208202679341,-0.0043119977252357895,0.019038699980078386,0.01175465397515741,0.010945924087416774
2012-05-31,-0.004654317494787257,-0.001748251772521974,0.006929662972479195,0.005076174906184564,0.007737004450749002,0.002243498553841166,0.004381858092310581
2012-06-01,-0.0004173412362171891,-0.019967227643265566,-0.0005341885084597381,-0.000608098898952627,-0.0005958996139381045,0.01108926466734845,0.008328597511221919
2012-06-04,0.0,-0.0003751825935136438,0.0,0.0,0.0,-0.011054656398282705,-0.0076956387682059115
2012-06-05,0.0,0.006002409176149554,0.0,0.0,0.0,0.0004910760173498799,2.049720236839027e-05
2012-06-06,0.0,-0.0002382668977617031,0.0,0.0,0.0,-0.00711642430314415,-0.01000320637129068
2012-06-07,0.0,0.0,0.0,0.0,0.0,0.0017631220385680045,0.0019668948768037002
2012-06-08,0.0,0.0,0.0,0.0,0.0,0.005991290220672804,0.006090886365295973
2012-06-11,0.0,0.0,0.0,0.0,-0.005989287027893432,0.001556640512062986,0.0011231686559229428
2012-06-12,0.0,0.0,0.0,0.0,0.010697071990690147,-0.003072156549816304,-0.004693974795929684
2012-06-13,0.0,0.0,0.0,0.0,-0.010615126025186912,0.00575311461122188,0.004750606303514293
2012-06-14,0.0,0.0,0.0,0.0,-0.001516102115179393,-0.0017606874754802614,-0.0007948835336772319
2012-06-15,0.0,0.0,0.0,0.0,0.008748918291238781,0.0064763208313003695,0.0043307038185798905
2012-06-18,0.0,0.0,0.0,0.0,-0.0005647861068235693,0.0029618028526493616,0.0031462963601259627
2012-06-19,0.0,-0.006822070953885924,0.0,0.0,-0.0068335890427087724,-0.005738561150530978,-0.006007950494244629
2012-06-20,0.0,0.001099186138449195,0.0,0.0,-0.004081807324682214,0.0038410753472308233,0.0026209152645429324
2012-06-21,0.0,0.015330490914309798,0.0,0.0,-0.0006012267769272108,0.0014854578881291424,0.00398111657946751
2012-06-22,0.0,-0.005277440709414532,0.0,0.0,0.0,-0.004246747380801211,-0.004555098852428503
2012-06-25,0.0023448601405405586,0.010951279922397108,0.0,0.0,-0.011585028067024274,0.002916381885314851,0.004294875411150211
2012-06-26,-0.0008691171523898515,0.002865020171592012,0.0,0.0,0.004411589622126664,-0.0025622126262462505,-0.002328073799656217
2012-06-27,-0.0004348771571087124,0.005849456658973946,0.0009556788407656017,0.0,-0.0028009154682522882,0.0029205216784772454,0.0025725354511804232
2012-06-28,0.000903852005845152,-0.0018550169047112323,0.002844559391278398,-0.0035654614569168947,0.0008020432345595972,0.00400616534091321,0.003352844634738954
2012-06-29,-0.002965932390622294,0.01617592254101935,-0.004058842660642919,0.014814810442051636,-0.009685371466130445,-0.005835236984045267,-0.010126873513675924
2012-07-02,-8.733830441027556e-05,0.001951187665383439,-0.00026371526053653894,-0.0006285843108051355,0.009267835133431285,0.005919934773193716,0.005816411570277915
2012-07-03,0.0,0.004276544344865482,0.0,0.0,-0.004998153042941955,-0.00583252415903505,-0.004264613060034215
2012-07-05,0.0,-0.0029309869137769595,0.0,0.0,0.005212993958647946,0.004568551528733169,0.007147502893097296
2012-07-06,0.0,-0.00019440547296555822,0.0,0.0,-0.0005834987425529565,0.008032511342278963,0.008085233010567686
2012-07-09,0.0,0.0,0.0,0.0,-0.006138664177873522,-0.002657652261444671,0.0004867891844761662
2012-07-10,0.0,0.0,0.0,0.0,-0.0009398784475463433,0.004414453610653117,0.0018726947737376049
2012-07-11,0.0,0.0,0.0,0.0,0.00181850250377917,-0.0018895657629148376,-0.0007504213965265484
2012-07-12,0.0,0.0,0.0,0.0,0.00012512157497254298,0.0024697735128483968,0.004391044437660591
2012-07-13,0.0,0.0,0.0,0.0,-0.0021473243293439245,-0.0021671993801817896,-0.00038965590838706965
2012-07-16,0.0,0.0,0.0,0.0,0.0043919843437524335,-0.001171450039746486,-6.752475431076822e-06
2012-07-17,0.0,0.0,0.0,0.0,-0.005132531890015535,-0.002484329204409729,-0.001343207843858232
2012-07-18,0.0,0.0,0.0,0.0,0.00200978069328377,0.00031749542905029697,0.00239320826790498
2012-07-19,0.0,-0.0018713763250158512,0.0,0.0,-0.0005993956792674246,-0.0011620062960254298,-0.0011106631817865242
2012-07-20,0.0,0.005839013996412585,0.0,0.0,0.0,0.003894896171067971,0.005976533722018327
2012-07-23,0.0,0.006453234623945765,0.0,0.0,-0.003904448315442734,0.004641015630112648,0.0037762270873371506
2012-07-24,0.0,0.005478167128265809,0.0,0.0,-0.003850963271258902,0.003182133545598101,0.003020731861809489
2012-07-25,-0.0003277754611047781,-0.00015089183930966084,0.0,0.0,-0.00111303013679369,-0.0013666644737647625,-0.002469827158470331
2012-07-26,0.003171278179544147,0.0100047724828737,0.0,0.0,-0.0024776895271347065,-0.002780305573133656,-0.003113118907261891
2012-07-27,0.004939253241592565,0.011602758842255294,-0.015034253918211633,0.0,-0.014868865347610461,-0.006905185194047059,-0.007557098136217504
2012-07-30,-0.001202444015242935,-4.023258144375617e-06,0.0064239400171998765,0.00011052116363570161,0.0064239400171998765,3.1461769304734265e-05,0.0034580735153586202
2012-07-31,-0.0015098266101054416,-0.004406986905114035,0.0034738858887407914,0.0026378093885755932,0.0034738858887407914,0.0048858240221931895,0.004071936472549569
2012-08-01,-0.00014855163294169016,-0.0005519359265325537,-0.0005989582695018076,-0.0006217535524369515,-0.007303830478809327,-0.00260720424979678,-0.002478978887183683
2012-08-02,0.0,-0.004349780301576952,0.0,0.0,-0.0006022045374470469,0.004635639591677978,0.004136474779996714
2012-08-03,0.0,0.012485753835439838,0.0,0.0,0.009844417563873486,-0.010184478627617176,-0.00987022549776476
2012-08-06,0.0,-0.00019027338542852845,0.0,0.0,-0.0013161470399596258,-0.0008333240239137695,-0.00035807407373508087
2012-08-07,0.0,0.0,0.0,0.0,0.010493255176111953,-0.007701535056297472,-0.007702228849498616
2012-08-08,0.0,0.0,0.0,0.0,0.0027531405672823134,-0.0030683575920587717,-0.004065050909245689
2012-08-09,0.0,0.0,0.0,0.0,-0.0006070363357013516,-0.000998654870956425,-0.0018048702069656981
2012-08-10,0.0,0.0,0.0,0.0,0.00515191418794781,0.0022111965288447717,0.002333391174460436
2012-08-13,0.0,0.0,0.0,0.0,-0.0013062314733742026,0.002093397708900075,0.0013158095575
2012-08-14,0.0,0.0,0.0,0.0,-0.009831830313396942,-0.005159585452206518,-0.0067431301750737055
2012-08-15,0.0,0.0,0.0,0.0,-0.010065319621572824,-0.005122565766678398,-0.00815252584508516
2012-08-16,0.0,0.0,0.0,0.0,-0.000603047200427421,-0.003094372814002316,-0.004305865658426246
2012-08-17,0.0,0.0,0.0,0.0,0.0,0.003882867623341276,0.0040723696945208585
2012-08-20,0.0,0.0,0.0,0.0,0.0,-0.0011309266066968006,-0.0016747094810812652
2012-08-21,0.0,0.0017257468588827553,0.0,0.0,0.0,-0.003956897708855792,-0.0031383049921593887
2012-08-22,0.0,-0.00027482468893829103,0.0,0.0,0.0,0.0027048328512926383,0.006132760240361379
2012-08-23,0.0,0.005190618730170589,0.0,0.0,0.0,-0.002586295589121795,-0.0005088013924934076
2012-08-24,0.0,-0.0038459786129595368,0.0,0.0,0.0,0.004935428012060444,0.0035727238438045296
2012-08-27,0.0009187409133420523,-0.00014113620326772412,0.0,0.0,-0.005807746048838316,0.004865815241152444,0.005762646333354031
2012-08-28,0.0003237786191589001,-0.0010209714442887018,0.0,0.0,-0.0007607074756717734,-4.907210717217886e-05,0.0011706914627328665
2012-08-29,-0.0004169515897080195,0.000496490913375463,-0.0016124766658438996,0.0,0.0012799523774988742,0.0010957633449265572,-0.0005595017174205096
2012-08-30,0.002009693282632909,-0.004632895714819002,0.003126304084463495,-4.686093897763098e-05,0.00019092144486937914,0.0018263016284651122,0.0013895121274942006
2012-08-31,0.002037163312779109,0.0030607033823054613,0.010940329207297879,-0.006163812211481753,0.012475290890878898,-5.962072103360338e-05,0.0014793149155268022
2012-09-04,-0.0001822998706763018,-0.00059444761366338,-0.0005057665356301703,-0.0006457522128073849,-0.004587148104651635,-0.0018908026611380514,-0.0013945760958505413
2012-09-05,0.0,-0.0005495900169347658,0.0,0.0,-0.0007458291757859152,2.4148080104744344e-05,0.0005269023050186279
2012-09-06,0.0,0.013035896703824535,0.0,0.0,-0.013644169868799638,-0.0011834089326101986,-0.0006972167728588919
2012-09-07,0.0,-0.0001941014373897664,0.0,0.0,-0.0006041471124350316,-0.009008145645214207,-0.006002477629916898
2012-09-10,0.0,0.0,0.0,0.0,-0.0015420374606363602,-1.2578655649318231e-05,7.064172504634656e-05
2012-09-11,0.0,0.0,0.0,0.0,0.0036872003854203023,-0.0009424745345084414,-0.0017515010076359515
2012-09-12,0.0,0.0,0.0,0.0,0.009813589678980194,-0.002411662600989322,-0.004264966693488475
2012-09-13,0.0,0.0,0.0,0.0,0.00037802407212095154,0.00014670316738862575,0.005881533227153289
2012-09-14,0.0,0.0,0.0,0.0,-0.019273292913934124,-0.009584371202613755,-0.007967301231381712
2012-09-17,0.0,0.0,0.0,0.0,0.0041147521796286,0.009736406232291212,0.008454484036866626
2012-09-18,0.0,0.0003750446444021735,0.0,0.0,0.005046794515044514,-0.0012446096485314085,-0.0008326853356605115
2012-09-19,0.0,-0.0004069975961734341,0.0,0.0,0.004660053483880602,0.0025005354410554998,0.0034916842292523433
2012-09-20,0.0,-5.6023322190183755e-05,0.0,0.0,-0.0005986054252319714,-0.004278161796250715,-0.004845746498991882
2012-09-21,0.0,0.0003018314092968127,0.0,0.0,0.0,1.1597508945540687e-05,0.0008144315574297123
2012-09-24,0.0018853448578051216,0.0011038961129128115,0.0,0.0,-0.0050762129298999505,0.004700558409257971,0.0036597639291007533
2012-09-25,0.006371820825487369,-0.008921229748851248,0.0,0.0,-0.0074361769006268215,-0.0036571172271832905,-0.0034061456897477825
2012-09-26,0.005060782030604455,-0.004472570231040786,0.0037333320457406307,0.0,-0.008336880367228296,0.0024718565546619858,0.002417997301943033
2012-09-27,-0.0047508969108929905,0.007486166377471977,-0.002053483654141088,-0.003762317203174767,-0.0019191708597372965,-0.0018321569247628702,-0.0002541468700133662
2012-09-28,0.0015205694543317311,-0.0036858494252349078,-3.86400076644905e-06,0.006742839050430199,-0.0004454533031907321,-0.001466257401732229,-0.0035225929686816494
2012-10-01,-0.00032994904493525176,0.002095209421859526,-0.00029066944860823467,-0.0006547283120751104,0.0037043023634491115,-0.0010578547069518627,-0.0005787061397774886
2012-10-02,0.0,0.0008227135827176391,0.0,0.0,-0.0012967400929850136,0.0005483678291541907,0.0017926975665648588
2012-10-03,0.0,0.0032428395727639447,0.0,0.0,0.002020378788157789,-0.0014966931881362118,-6.959522817851647e-05
2012-10-04,0.0,-0.00023866851154051677,0.0,0.0,-0.0005993928586201666,0.006407014362501175,0.004253953274668583
2012-10-05,0.0,0.0,0.0,0.0,0.0,-0.003755153819474786,-0.00358193346872172
2012-10-08,0.0,0.0,0.0,0.0,-0.0071179230904442805,-0.002218089395157662,-0.00140809032195265
2012-10-09,0.0,0.0,0.0,0.0,0.004051334512700017,-0.003822265583686185,-0.005611660028726024
2012-10-10,0.0,0.0,0.0,0.0,-0.004843992004606858,9.60765019126327e-05,-6.72205913282591e-05
2012-10-11,0.0,0.0,0.0,0.0,-0.00037454262502903494,0.002994529741887898,0.0033757681230369365
2012-10-12,0.0,0.0,0.0,0.0,-0.00031196594228491425,-0.0037177588435968224,-0.002302966288261169
2012-10-15,0.0,0.0,0.0,0.0,0.0005471781475968975,-0.002384745108973166,0.0018555967992433448
2012-10-16,0.0,0.0,0.0,0.0,-0.009438948639563889,0.002876050365057367,0.0029678556634526463
2012-10-17,0.0,0.0,0.0,0.0,-0.012642759812629863,0.0010238140581335213,7.831950235234358e-05
2012-10-18,0.0,0.0,0.0,0.0,-0.000603837828239689,-0.003682459302803316,-0.0029385112112884394
2012-10-19,0.0,0.01480158479841542,0.0,0.0,0.0,-0.006690421919734748,-0.006687681857411663
2012-10-22,0.0,-0.00014176773006583862,0.0,0.0,0.006097908691424734,0.0006541705692854518,-0.0006465880597553176
2012-10-23,0.0,0.012550305085175479,0.0,0.0,-0.009565200215518368,-0.00690484877117507,-0.005616993995528823
2012-10-24,0.0,0.0025452457060980063,0.0,0.0,0.004259104243063005,-0.001966667706634593,-0.002714711824994182
2012-10-25,0.0006199040565545418,-0.0026390516968013704,0.0,0.0,-0.0026396340950383527,0.0016721463709147852,0.00022923157233502536
2012-10-26,-0.0008995116999829351,-0.0010612198507555235,0.0,0.0,0.012282105359783297,0.0018835042345137923,0.002094420915989267
2012-10-31,-0.0005553862775408631,-3.967496661562413e-06,0.007581113223055807,0.0,0.008177340342261596,0.0038652593572850416,0.004181380754824586
2012-11-01,-6.028997672951008e-05,0.0094788128339968,-0.0005975630055880206,0.0,-0.0005975630055880206,0.006912487298807785,0.0057625227623347925
2012-11-02,0.0,-0.008056143331167435,0.0,0.0,-0.0022909927518667953,0.005911484793580486,0.004682817125211992
2012-11-05,0.0,0.0018513039767083723,0.0,0.0,-0.004847661056184062,-0.000684953895344142,0.000136236138912676
2012-11-06,0.0,-0.0002717300772564713,0.0,0.0,0.009062835057733188,-0.00869655551824754,-0.008917242334231176
2012-11-07,0.0,0.0,0.0,0.0,-0.016784024808431754,-0.006096937730708455,-0.0022036565192732806
2012-11-08,0.0,0.0,0.0,0.0,-0.0005755503034797846,-0.011276146844362338,-0.00716069970623344
2012-11-09,0.0,0.0,0.0,0.0,-0.00041985610169128357,-0.002119879600167247,-0.002977228521776551
2012-11-12,0.0,0.0,0.0,0.0,0.001280112694062114,0.0012311669669439326,0.0017933758785804849
2012-11-13,0.0,0.0,0.0,0.0,0.00237960280917945,-0.0015391407072027179,-0.0015243469773211745
2012-11-14,0.0,0.0,0.0,0.0,0.0005422858210989174,-0.01171243743460112,-0.01153356722446168
2012-11-15,0.0,0.0,0.0,0.0,-0.0005998348098383349,-0.001778500701036953,-0.002219769547368414
2012-11-16,0.0,0.0,0.0,0.0,0.0,0.0054417526699361805,0.005587935668217471
2012-11-19,0.0,-0.018015881337039557,0.0,0.0,0.0,0.008112951717361745,0.00814063691652098
2012-11-20,0.0,-0.0003958756263300535,0.0,0.0,0.0,0.00021405950227059635,-0.0016229175295506353
2012-11-21,0.0,-0.001644821597482796,0.0,0.0,0.0,0.00019155380029094114,-0.000804073809433262
2012-11-23,0.0,-0.011954210072772656,0.0,0.0,0.0,0.0018198668560497572,0.0018329900991749483
2012-11-26,-0.0008234978693448987,0.0018469731912359208,0.0,0.0,-0.003943713439428732,0.0029750159370730616,0.003992923505525992
2012-11-27,-0.001236542945183745,-0.004651406660905455,0.0,0.0,-0.004634735705877913,0.0008187770881425156,0.001478111731087536
2012-11-28,0.0006067288285966695,0.0065314245127612814,0.001853262905541515,0.0,-0.0025990743833159556,0.0075507429054034484,0.007182203836062509
2012-11-29,0.0002784773418993783,0.0037831208523433665,0.0018959891895248579,-0.001322515328162318,-0.00022106197246044777,0.002737873503927895,0.004079378642429475
2012-11-30,7.195682612734835e-05,0.00016868825745876227,-0.00035159639549978985,0.0014823290864433168,-0.0008119267086652064,0.0031168840066565094,0.0031146988955479513
2012-12-03,-0.00011703648865262392,-0.003999493657637935,-0.0005642242319268715,-0.0006989279262325065,-0.0007992397838647286,0.0014939739272005175,-0.0006990225003062034
2012-12-04,0.0,-0.0011511573054255645,0.0,0.0,0.003488441358904771,0.002140797935316547,0.0016934800163411184
2012-12-05,0.0,0.0014328821683358875,0.0,0.0,0.0016469992903601306,-0.00013146903082808393,0.0007446819592032671
2012-12-06,0.0,-0.00024355202540598316,0.0,0.0,-0.0005995040269836134,-0.0010114478441921998,0.0019182893767626303
2012-12-07,0.0,0.0,0.0,0.0,0.0,-0.004688895261413214,-0.0029001280283804994
2012-12-10,0.0,0.0,0.0,0.0,-0.00245657338563139,0.0019901226431527576,0.0023159178862750497
2012-12-11,0.0,0.0,0.0,0.0,0.0038420688072569424,-0.0006753143498667705,0.0011699647452785334
2012-12-12,0.0,0.0,0.0,0.0,0.008454142513692635,-0.0006232930929764683,-0.0021454097260049667
2012-12-13,0.0,0.0,0.0,0.0,-0.0014840677913868087,-0.0074141388472654226,-0.006750663011412451
2012-12-14,0.0,0.0,0.0,0.0,0.00396685341635608,0.002707907863490515,0.002041204684731095
2012-12-17,0.0,0.0,0.0,0.0,-0.00730317682263105,-0.0011121633448942785,0.0005284811104316026
2012-12-18,0.0,-0.010074145093955626,0.0,0.0,-0.007844489761595007,0.0023749264533895064,0.003975437260059123
2012-12-19,0.0,0.006529053110039255,0.0,0.0,0.002786366393221082,0.0013033934100756847,0.0007454790768810605
2012-12-20,0.0,-0.00507851543594938,0.0,0.0,0.0012991559709037393,0.002334086982050869,0.00377117320548075
2012-12-21,0.0,0.007983675627297588,0.0,0.0,0.005398810658854652,-0.0031750424084297344,-0.00276996007109534
2012-12-24,-0.00013553638410981938,0.0027003895972896944,0.0,0.0,-0.0020505901894542463,-0.003154413472298472,-0.0031760119450279156
2012-12-26,0.0021046103846436228,-0.003993718862362863,0.0,0.0,0.004108795269673088,0.002042938538339829,0.0008550127594567552
2012-12-27,0.001456732990304289,-0.0011094107050490564,0.003386017271143643,0.0,-0.0005987700971654383,0.004626664404982612,0.0034055685001217763
2012-12-28,0.003722640083182184,-0.008924158741458119,0.004506172498131984,0.0007279511749778845,0.0,-0.0011895890534456863,-0.0028745416621225577
2012-12-31,-0.006789042228737843,0.014031022251406362,-0.01025997467322845,0.007319027552227066,0.0,-0.0016036884329732183,0.0031698482774071687
2013-01-02,-0.00023920225591609896,0.021157854534009892,-0.0005861204347035425,-0.0007742810542840422,0.0,0.009464222114566294,0.011253665857180068
2013-01-03,0.0,-0.0018693892233573727,0.0,0.0,0.0,-0.00858705414541807,-0.012465085113715252
2013-01-04,0.0,0.0036234982681493102,0.0,0.0,0.0,0.0005171193428830702,0.0012656305674471403
2013-01-07,0.0,-0.00024787957572140957,0.0,0.0,-0.0017447321911509888,-0.0005272576439030272,0.0005985553558093428
2013-01-08,0.0,0.0,0.0,0.0,-0.004898834453318472,-9.353009542289446e-06,0.0006882543077337339
2013-01-09,0.0,0.0,0.0,0.0,-0.001147534936377574,0.0012911463219642174,0.0016917674021478743
2013-01-10,0.0,0.0,0.0,0.0,-0.0019068043235927429,0.005446524708056381,0.006217643435472515
2013-01-11,0.0,0.0,0.0,0.0,0.005897740645328128,-0.0020545077192687176,0.0011667765926030363
2013-01-14,0.0,0.0,0.0,0.0,-0.0007568089837485008,0.0030199864487707824,0.0013043759016999961
2013-01-15,0.0,0.0,0.0,0.0,0.004858623697685988,0.0005001462187299943,0.0011086240129348558
2013-01-16,0.0,0.0,0.0,0.0,0.0026049311922613574,-0.0003635335070522755,-0.0003646257519955174
2013-01-17,0.0,0.0,0.0,0.0,-0.0005992182226375028,0.0036109040565126017,0.002327287960547273
2013-01-18,0.0,-0.001956123821762234,0.0,0.0,0.0,0.0023105613330338453,0.0025583955750869956
2013-01-22,0.0,-0.004163479375975716,0.0,0.0,0.0,0.0026420266964864068,0.0031171823055976067
2013-01-23,0.0,-0.0012494210143166992,0.0,0.0,0.0,-0.00036008145501055245,-9.462857980226e-05
2013-01-24,0.0,-0.00021348644608799072,0.0,0.0,0.0,-0.002659338382929305,-0.0029867913173407283
2013-01-25,-0.008175002540506564,-0.004339524534423296,0.0,0.0,0.0,-0.0016146279790628512,-0.0032811328271694367
2013-01-28,-0.0014828845205369136,-0.0014626889571325086,0.0,0.0,0.0035203929450855704,-0.0021876791324854645,-0.00281836191528642
2013-01-29,-0.002640306849004244,0.003218519904103502,-0.0035152909090581715,0.0,0.0029932796356820133,0.003861905007763741,0.0019813135036274017
2013-01-30,0.0017744225839170927,-0.0032106867778977513,0.0010919676392709976,0.0012321733824093926,-0.0004332090181790542,0.000259586606190785,-0.0014718527459232325
2013-01-31,0.0015594212135570948,-0.002022842177839334,0.0016433089851716073,-0.0013587189985071245,0.0012803036042734785,-0.0015364226294895195,-0.0008011692662725687
2013-02-01,-0.0003671193983521318,0.008426445910850044,-0.0005820512899668638,-0.0006418173983778357,-0.006799585357487387,0.00356376115644847,0.0021687133407947957
2013-02-04,0.0,-0.009212168171221278,0.0,0.0,0.011544796239122147,-0.006747942401052874,-0.00405651657415642
2013-02-05,0.0,0.00827079906843876,0.0,0.0,-0.007163649596054696,0.0033636693710036246,0.000753664680158902
2013-02-06,0.0,-0.0002462380516521615,0.0,0.0,-0.0006021618678161032,0.000864651697603281,0.0018214005600653276
2013-02-07,0.0,0.0,0.0,0.0,0.0,-0.0031369054604053403,-0.004396397246424508
2013-02-08,0.0,0.0,0.0,0.0,-0.002126314108218819,0.006813442780939537,0.006760872663776736
2013-02-11,0.0,0.0,0.0,0.0,0.002052947475434395,0.0009233209873227191,0.0005630185014503611
2013-02-12,0.0,0.0,0.0,0.0,0.0020534236214788605,0.0015977940092258948,0.002431141492504704
2013-02-13,0.0,0.0,0.0,0.0,0.006958905195112724,0.0008326563247776539,-0.0007057554081909209
2013-02-14,0.0,0.0,0.0,0.0,-0.0005432541430310753,0.00254198304764288,0.0029666572056858045
2013-02-15,0.0,0.0007829389745035863,0.0,0.0,-0.0024872533858066917,0.0007536411897231167,-0.00020582764928770426
2013-02-19,0.0,-0.006719271511798599,0.0,0.0,-0.0032179647258528555,0.004667127456030473,0.0041707708381459605
2013-02-20,0.0,0.011151837324735462,0.0,0.0,0.004335790061450393,-0.005306350909731691,-0.004367112988043899
2013-02-21,0.0,0.005432214884233186,0.0,0.0,0.0039473323560362625,-0.009143334205473379,-0.007677197478911888
2013-02-22,-0.0005402541660429199,-0.008761329352428944,0.0,0.0,-0.0005988169990221333,0.006935663748033819,0.007691795642700686
2013-02-25,0.002767593624196509,-0.018588456711238557,0.0,0.0,-0.016021437854175903,-0.009987472701054715,-0.007209167135518664
2013-02-26,-0.000830298734328767,0.006480232697664808,-0.004339274755069671,0.0,0.003701381808903344,-2.9499649766562376e-05,3.718935038341813e-05
2013-02-27,-0.0009761093009496892,0.01193165718222356,-0.0009450844708792584,0.004057890267911302,-0.0010924059462644816,0.008854841828455239,0.00876561793218623
2013-02-28,0.00039751282080028184,-0.0018753458332493808,0.002795288483624419,-0.0016812934244479073,0.0023881903419064564,0.0002917383589018089,0.0005744876133079376
2013-03-01,-7.67751145978245e-05,0.003119977922580146,-0.0005991610627888301,-0.0005376050328752114,0.004980375967723018,-0.0003993951924984387,0.0036618935626409406
2013-03-04,0.0,0.005041180472300419,0.0,0.0,-0.0046707735941524465,-0.0031176331939163464,-0.0002640357122164645
2013-03-05,0.0,0.008484665539715634,0.0,0.0,-0.002062360725106143,0.0012565170148270469,0.004578368166936201
2013-03-06,0.0,-0.00028435759499156405,0.0,0.0,-0.0006006176510718512,-0.002460644452656312,-0.003160525084989968
2013-03-07,0.0,0.0,0.0,0.0,0.0,-0.007021989924343765,-0.005089845009896679
2013-03-08,0.0,0.0,0.0,0.0,0.0,-9.798275204104793e-06,-0.0005454913514490989
2013-03-11,0.0,0.0,0.0,0.0,-0.0015630503637743005,-0.0017726559124366858,-0.0003764268823911874
2013-03-12,0.0,0.0,0.0,0.0,-0.005503059888873863,-0.0016830531338960268,-0.0024281912045701504
2013-03-13,0.0,0.0,0.0,0.0,0.0016752827854280001,0.002040929923186201,0.001736929499334859
2013-03-14,0.0,0.0,0.0,0.0,-0.0006074598534779595,0.0005003056035877427,0.004468305659222823
2013-03-15,0.0,0.0,0.0,0.0,0.0065053824274302705,-0.002030680372388232,-0.0003601292411895795
2013-03-18,0.0,0.004592660902370935,0.0,0.0,0.006576610738050499,0.003970187956876409,6.5342143784419e-05
2013-03-19,0.0,0.0020371433613145286,0.0,0.0,0.006179419131257001,0.003750869614784634,0.0010449026843275802
2013-03-20,0.0,-0.00616705308797127,0.0,0.0,-0.007672480604155081,-0.0037259556982879847,-0.00025641548227337685
2013-03-21,0.0,0.007519114918264785,0.0,0.0,-0.0006023172862998527,-0.002597036585269886,-0.004924913768968541
2013-03-22,-0.00211337499788404,-0.007093955109550518,0.0,0.0,0.0,0.0016999140409299932,0.0048635082421021195
2013-03-25,0.0015416651620069612,-0.0042745833537190915,0.0,0.0,-0.0021140095210366535,0.0023776099013705894,-0.0008288129413577676
2013-03-26,-0.0014331926140631667,0.007152653646715407,0.0008023100526978161,0.0,-0.002077873052937221,0.004874405312840976,0.006329388513557894
2013-03-27,0.002672422615415694,-3.419006931159838e-06,0.004740735404023221,-0.00502369580395611,-0.00860961327047988,0.007167191324683992,0.004616886383124739
2013-03-28,-0.0019588860405757936,0.0027455807436322535,-0.0020570774285137666,0.0009134048537343055,-0.0019599760343011843,0.0016261777803146262,0.0036786097156115702
2013-04-01,-0.0002650470665289119,-0.0035415785432448116,-0.00033143455482278025,-0.0005031674099664394,0.004897732709076231,-0.00272549500454412,-0.0012828061076048424
2013-04-02,0.0,0.004409766800502197,0.0,0.0,-0.003915728138490998,0.008455403551492281,0.0064813354911649555
2013-04-03,0.0,-0.009068659283192516,0.0,0.0,0.008383967930257637,0.00702008291210906,0.005947021573777175
2013-04-04,0.0,-0.0002679572244876339,0.0,0.0,0.007976485369699339,0.015694476295046743,0.012716341835790337
2013-04-05,0.0,0.0,0.0,0.0,-0.0005976236132609711,0.0015516909171980713,0.0018225117720605639
2013-04-08,0.0,0.0,0.0,0.0,0.005835029430860916,0.003992411145143836,0.002080645217380769
2013-04-09,0.0,0.0,0.0,0.0,-0.0007650675270910089,-0.00868296552823923,-0.004357589711616208
2013-04-10,0.0,0.0,0.0,0.0,0.008300600538266853,0.00610499590444085,0.006317893183203309
2013-04-11,0.0,0.0,0.0,0.0,-0.00024625197897165527,0.004551902957827001,0.003884819757479804
2013-04-12,0.0,0.0,0.0,0.0,0.01065031317257762,0.02446831938409193,0.021146161736598227
2013-04-15,0.0,0.0,0.0,0.0,0.004417878908675793,0.02673211738292293,0.016045274910885764
2013-04-16,0.0,0.0,0.0,0.0,-0.005710611203250822,-0.0034691913191479433,-0.0013302848934551087
2013-04-17,0.0,0.0,0.0,0.0,0.003685994604966894,0.002579982026221626,-0.000845266467275293
2013-04-18,0.0,0.005368500849850577,0.0,0.0,-0.0005988963319636658,-0.007972361402658215,-0.009220086577819834
2013-04-19,0.0,-0.00786467964542773,0.0,0.0,0.0,0.011049451167732616,0.006767629587322529
2013-04-22,0.0,-0.004022207329315443,0.0,0.0,-0.0017240979731090172,-0.002863031338686111,7.069115742967099e-05
2013-04-23,0.0,-0.00932333184387083,0.0,0.0,0.0012683044864265432,0.013798324968974481,0.012305451401704491
2013-04-24,-0.0001928615835089484,-0.0005861620674161809,0.0,0.0,-0.000941615040294396,-0.002793680767140798,-0.0013369208600831353
2013-04-25,0.0008048738973144045,0.0029110822067144847,0.0,0.0,-0.0014832478871492744,-0.01539674358401136,-0.008921851834650028
2013-04-26,-0.0012922982508567376,-0.0015003773131417664,0.006585371678458287,0.0,0.006773471655061198,0.005954024309019565,0.006215490746472377
2013-04-29,0.0008930132958097746,0.005680497014757681,-0.0007403116606272983,-0.004250241226310851,-0.0007403116606272983,-0.005480157051379411,-0.002946896540981702
2013-04-30,0.0003318804761769156,0.0020212488749258395,-0.0003729419923848025,-0.004706918076007247,-0.0003729419923848025,0.005026757514149443,0.002307686691785481
2013-05-01,-0.00012548949059706867,-0.007438642330526537,-0.0006001106668035453,-0.0004804224315187204,0.006527856051643854,0.005283614315039894,0.003549838529160336
2013-05-02,0.0,0.007875586131269976,0.0,0.0,-0.0005980529012805738,0.009293335408512142,0.00801417884392239
2013-05-03,0.0,0.00859973471781216,0.0,0.0,0.016436314374339567,-0.0015476631016395862,-0.007655544723293497
2013-05-06,0.0,-0.0002548553802618022,0.0,0.0,0.002554981862942106,0.003352611023973487,0.0016496323079651146
2013-05-07,0.0,0.0,0.0,0.0,0.002755213525018186,0.004195711115776804,0.002913722782970014
2013-05-08,0.0,0.0,0.0,0.0,-0.0024354906454621367,0.0021694120744292266,0.002517174100794618
2013-05-09,0.0,0.0,0.0,0.0,-0.0006077899714764445,-0.0017120347510586283,-0.0027129157717446744
2013-05-10,0.0,0.0,0.0,0.0,-0.011901661667767446,-0.0007021846409409502,-0.005196406051425172
2013-05-13,0.0,0.0,0.0,0.0,-0.0035476898906092566,-0.0010286197672803444,-0.004038822270116854
2013-05-14,0.0,0.0,0.0,0.0,-0.008032840026529355,0.006084009533289495,0.0015269781735690975
2013-05-15,0.0,0.0,0.0,0.0,0.0052429313612021335,0.011604637291636459,0.011064072503745219
2013-05-16,0.0,0.0,0.0,0.0,-0.0005984336608450968,0.0011946507865011045,0.004379616369386701
2013-05-17,0.0,0.0,0.0,0.0,0.0,0.007208203067320441,0.001652745100018549
2013-05-20,0.0,-0.0002100892805407182,0.0,0.0,0.0,-0.007363803636946554,-0.0060213204454299925
2013-05-21,0.0,-0.0012181207126900993,0.0,0.0,0.0,0.009367074328302801,0.009878786503434902
2013-05-22,0.0,0.006228052882116181,0.0,0.0,0.0,-0.0167043390955939,-0.021468386969807032
2013-05-23,0.0,0.002420770250512561,0.0,0.0,0.0,-0.012033921732647874,-0.009601008662748616
2013-05-24,0.0003044716109638968,0.0007017553835246604,0.0,0.0,0.0,-0.0016871465213854912,-0.0018048100682795368
2013-05-28,-0.014221572476770562,0.004670288499520371,0.0,0.0,0.022871567065551046,-0.0060788242160460795,-0.01378153570932211
2013-05-29,0.006839961817375106,-0.0056230059203337054,0.007573233269744454,0.0,-0.00821769979890807,-0.012377759281378175,-0.009190802652679683
2013-05-30,-0.0015066845445293583,0.0031940405529575166,0.00018401233181532435,-0.0039738931565488885,-0.0007170305210847764,-0.0020693690560272746,-0.0026097048904170804
2013-05-31,0.003461883716342517,-0.012423767434620396,-0.005495252173404932,0.0032369701153588067,-0.005936161450961477,-0.013565362972471599,-0.014471593608208962
2013-06-03,-0.00042233523585527425,0.004763736460091593,-0.0006016567048658955,-0.0004936212264695847,0.00288402951814305,-0.006960058486859125,-0.006360971955851564
2013-06-04,0.0,-0.004162035467864789,0.0,0.0,-0.0051295980913943166,-0.0019002726595003592,-0.0027507472704416188
2013-06-05,0.0,-0.012120512286691781,0.0,0.0,0.009702497976055194,-0.013484838599808518,-0.013152289147564566
2013-06-06,0.0,-0.0002591672868427938,0.0,0.0,-0.0005971155982602538,0.013977772764092615,0.009835108145815931
2013-06-07,0.0,0.0,0.0,0.0,0.0,0.010660118999011326,0.010969854375603664
2013-06-10,0.0,0.0,0.0,0.0,0.004336653422966741,-0.001535120008359756,-0.0003302383937557214
2013-06-11,0.0,0.0,0.0,0.0,-0.004993088743566849,-0.00698021724251892,-0.00785929753047296
2013-06-12,0.0,0.0,0.0,0.0,0.008936312550338723,0.002020260386363113,-0.0018227165558173906
2013-06-13,0.0,0.0,0.0,0.0,0.0019294388327790663,0.011361953684427249,0.010854780475077788
2013-06-14,0.0,0.0,0.0,0.0,0.002160292498072798,-0.0026336470022855695,-0.004806119755702815
2013-06-17,0.0,0.0,0.0,0.0,-0.00474997853468193,0.005969783600874541,0.007074827583141233
2013-06-18,0.0,-0.0065659816022668,0.0,0.0,-0.0011467077248326445,0.0018673473749920243,0.0043317816681490585
2013-06-19,0.0,0.01103066650607213,0.0,0.0,-0.027426663979103035,-0.013668285736735366,-0.011810041316131432
2013-06-20,0.0,0.01978834757820538,0.0,0.0,-0.0006084586623055047,-0.008636082652029366,-0.01221696745388689
2013-06-21,0.0,-0.0025841050716133534,0.0,0.0,0.0,0.0039922750494351955,0.004267199305206082
2013-06-24,-0.00026694977818519575,0.010089358926287019,0.0,0.0,0.004281115864389962,-0.009926931109712201,-0.009464077512116488
2013-06-25,0.00039058935355201286,0.006583083051992018,0.0,0.0,0.0023334155449439503,0.015752357375270292,0.012384005054186268
2013-06-26,3.640016127873649e-05,0.007246477749452579,0.002849547321653309,0.0,-0.008086415090501004,0.01257017143441924,0.010294600939607778
2013-06-27,-0.00018796384032510575,0.0042950291414746156,0.0041147432400396805,-0.0005922533972194425,0.001582652636320336,0.007410615992528789,0.007208035815520885
2013-06-28,-5.116629331683031e-05,-0.0030012705980324676,-0.0008951804816662519,-0.00398848141485362,-0.002813387161847614,-0.01235895268215445,-0.007625532690688447
2013-07-01,-3.0513342953255053e-05,0.0042885338593874585,-0.000229107722846304,-0.0004818049606566256,0.0007576019374725407,0.002242841443733232,0.0034161447637020945
2013-07-02,0.0,-0.000681934239791776,0.0,0.0,0.0007790669385339122,0.00042191406241517374,-0.001360191816060247
2013-07-03,0.0,0.0003166016920319058,0.0,0.0,-0.0034682623773986906,0.0012911237607233527,0.0013049925106525405
2013-07-05,0.0,-0.00021966414420386172,0.0,0.0,-0.0005209349715855287,0.00824454609215296,0.007493650552532764
2013-07-08,0.0,0.0,0.0,0.0,-0.012359268460758964,0.002739778355907116,0.002368635074685727
2013-07-09,0.0,0.0,0.0,0.0,-0.003394206406607132,0.00403805613285422,0.0036619907111217773
2013-07-10,0.0,0.0,0.0,0.0,0.007084943970745951,0.005566893590645607,0.004541710284549137
2013-07-11,0.0,0.0,0.0,0.0,0.0019445659368128912,0.011363679244528793,0.012388518899604503
2013-07-12,0.0,0.0,0.0,0.0,-0.002093090421217546,-0.0020593510108408517,-0.001248391643275813
2013-07-15,0.0,0.0,0.0,0.0,0.006279287504538191,0.0018850863744458272,0.002137468366264812
2013-07-16,0.0,0.0,0.0,0.0,0.0009730275112461989,-0.002488829335817852,-0.0015148579733702705
2013-07-17,0.0,0.0,0.0,0.0,0.008758894448958469,0.0029403784562050056,0.003610213552301909
2013-07-18,0.0,0.0,0.0,0.0,-0.000594626992573036,0.007082703395599825,0.0045021232708848825
2013-07-19,0.0,-0.0016622682210185047,0.0,0.0,0.0,-0.005006341342583124,-0.004473996721864369
2013-07-22,0.0,-0.0015625508339559187,0.0,0.0,-0.0004258815328667222,0.0014440319664674633,0.000448603219769968
2013-07-23,0.0,0.0016817445743625892,0.0,0.0,0.00231186812548022,0.0010549786143589017,0.0006749344667663271
2013-07-24,0.0,0.0029096441571091524,0.0,0.0,0.013425058525857755,-0.001793216520232894,-0.0013268852405412083
2013-07-25,-0.0003060563222014463,-0.0019480394819512737,0.0,0.0,-0.00015865053357845107,0.0008789416376269326,0.00203807138634856
2013-07-26,0.00010627268429047128,0.00038090801173502523,0.0,0.0,0.0012735610090537424,-0.0013845702113659069,-0.0010525874511099493
2013-07-29,-6.104750644916958e-05,-0.002498775456089153,-0.00398073334726628,0.0,-0.004114336333369164,-0.0023239962999793266,-0.0024161984793506564
2013-07-30,-0.0001625995061581745,-1.4302664804417862e-06,-0.0004997703971360678,-0.0011584029565693235,-0.0005921916662781367,7.948947348341395e-06,0.00021791149626546296
2013-07-31,0.0001216742531982851,0.0005767395591250612,0.001156547263058985,0.002352424292477672,0.0008599985762928334,-0.003526018167645498,-0.0012609081264944348
2013-08-01,-0.0002630645979144282,0.009386296552648034,-0.0005064508369439766,-0.0004727292453572692,-0.00044465438702677776,0.011166624998346707,0.01036202200025169
2013-08-02,0.0,0.0013786148379370572,0.0,0.0,-0.017658072101785504,-0.0026935223164675807,-0.001044055640141695
2013-08-05,0.0,-0.0011899097539705172,0.0,0.0,0.006250742889698278,0.004448640870785222,0.0025515904265215853
2013-08-06,0.0,-0.0002435872163324138,0.0,0.0,-0.0006175019252878693,-0.0014370068933355624,-0.0022276331712784148
2013-08-07,0.0,0.0,0.0,0.0,-0.0073076079573118355,-0.0033473065429376844,-0.004396855062396921
2013-08-08,0.0,0.0,0.0,0.0,-0.0005990901960186087,-0.002610134358379169,-0.00028872742428823444
2013-08-09,0.0,0.0,0.0,0.0,0.0007688895387866529,-0.0031259476769154937,-0.0022167266147204412
2013-08-12,0.0,0.0,0.0,0.0,-0.003922071456436878,-0.003871822903134948,-0.0035059110133122537
2013-08-13,0.0,0.0,0.0,0.0,-0.018059112910043876,0.008716762569420788,0.0074827316577006035
2013-08-14,0.0,0.0,0.0,0.0,0.0017722188154701542,-0.004125087925432392,-0.004391552173882425
2013-08-15,0.0,0.0,0.0,0.0,-0.0005994664398674117,-0.005142191939336417,-0.00913502313740876
2013-08-16,0.0,0.0,0.0,0.0,0.0,-9.134984565758463e-05,-0.0022568597605825604
2013-08-19,0.0,0.0,0.0,0.0,0.0,0.00233513760021507,-0.002022471745650924
2013-08-20,0.0,-0.00431061065165574,0.0,0.0,0.0,0.0013547164258427803,0.0029869682761545445
2013-08-21,0.0,0.0050704482914274256,0.0,0.0,0.0,0.002746632116154113,-0.0012064962253571262
2013-08-22,0.0,-0.00752980734062194,0.0,0.0,0.0,0.0020113058539969115,0.004861482419167374
2013-08-23,0.0,-0.002794609240662762,0.0,0.0,0.0,-0.007763952183132926,-0.0039407783947887085
2013-08-26,0.0002744270768937345,0.0030590222940197515,0.0,0.0,-0.004615389113942336,-0.005830342797182158,-0.0062304659434403685
2013-08-27,0.0011327574774210015,-0.01352861193228589,0.0,0.0,-0.011386153471639507,-0.01844198215960948,-0.01964339394522082
2013-08-28,-0.0004461263770488062,0.0028767025411616954,-0.003217811950631194,0.0,0.00809601620473314,0.0032939088557558116,0.003226285638465733
2013-08-29,-4.5144875755721725e-06,0.0012851061961279635,0.0007329706426590805,0.005900673369632533,-2.2970278898370234e-05,0.0028642490902598223,0.004275536573423317
2013-08-30,1.3871425309487549e-05,-0.002568978213836054,-0.0013933937567424774,0.0009726655415406585,-0.004134104301113354,-0.0015646336954338752,-0.0019684739428133045
2013-09-03,-3.452316597781547e-05,0.0036649387571089714,-0.00022104121490517569,-0.0004904441184806085,-0.01135341608563882,0.0017349270216513932,0.0041749850689620695
2013-09-04,0.0,0.006705481176142326,0.0,0.0,-0.006625696120557889,0.015673037022799596,0.013765168348434163
2013-09-05,0.0,0.0010257290305108666,0.0,0.0,-0.011159112921602831,0.0072324454097912995,0.00582477097003882
2013-09-06,0.0,-0.00024324094612069262,0.0,0.0,-0.0004323561657447816,-0.005705117471882891,-0.0034603254688490236
2013-09-09,0.0,0.0,0.0,0.0,-0.004653312470890656,0.005655474256181971,0.008703024038746959
2013-09-10,0.0,0.0,0.0,0.0,0.00922864358576377,0.014994156917804782,0.012819676376723238
2013-09-11,0.0,0.0,0.0,0.0,-0.010138622069034467,-0.003893320344684648,-0.0028395808747686685
2013-09-12,0.0,0.0,0.0,0.0,-0.0006521027267314334,0.008803860852929033,0.002679601869611147
2013-09-13,0.0,0.0,0.0,0.0,0.0020779808830583843,-0.0016095515176138124,0.0001974720822385474
2013-09-16,0.0,0.0,0.0,0.0,0.004416763697969893,0.009618806339097575,0.007385466620738148
2013-09-17,0.0,0.0,0.0,0.0,0.0040065913872672256,0.0013494157051860828,0.0031224393396035504
2013-09-18,0.0,-0.010738531814171547,0.0,0.0,0.023144363754282256,-0.02262484982091083,-0.009645004782925924
2013-09-19,0.0,0.0014979203698605305,0.0,0.0,-0.0005549601537128396,0.0052862700033825495,0.003769944757521876
2013-09-20,0.0,0.006304909670757029,0.0,0.0,0.0,0.008787978944763098,0.0021466661751781803
2013-09-23,0.0,0.004166862622487284,0.0,0.0,-0.008148794223622167,-0.00410851084508545,-0.004060653543912587
2013-09-24,0.0021451445761487445,0.002114692911800566,0.0,0.0,-0.007329756550123211,-0.005603768249994113,-0.004311796108102393
2013-09-25,0.0021765508703546137,-0.003708851152121394,0.0,0.0,-0.005532278513843625,-0.0031507572184197854,-0.002865088197777917
2013-09-26,-0.002261153000162404,0.0041446369243376266,-0.004735207672606183,0.0,-0.0026278668091737935,0.0029300021107688205,0.0042902834505325685
2013-09-27,0.0021760675546820124,-0.004955623903136743,0.0026475846459395923,-0.0052788058096776185,0.0023950665811884072,-3.161194174207789e-05,-0.0011892877748891518
2013-09-30,0.0025549580024473106,-0.005744339298377138,0.003213059766649287,7.731098553287892e-06,0.003333530500293498,0.0003947549771226429,-0.001341751863140021
2013-10-01,-0.0002316791127775576,0.00853166975688662,-0.0005774142665238029,-0.0005389253989727768,-0.0044554163621384445,0.01652005615486627,0.013509942848878832
2013-10-02,0.0,-0.0010192645712487534,0.0,0.0,0.0023486659680656977,-0.0051456124162814285,-0.004635509556390618
2013-10-03,0.0,-0.009940403302592814,0.0,0.0,-0.0004487009707649135,-0.006739439832046473,-0.006745874598598517
2013-10-04,0.0,-0.00032358959044622733,0.0,0.0,0.0,0.004977108153860658,0.0046917035081366605
2013-10-07,0.0,0.0,0.0,0.0,-0.002389951657456167,-0.008407534690040179,-0.009107809106827675
2013-10-08,0.0,0.0,0.0,0.0,0.0009590474566788736,-0.0071406084642115925,-0.008841705012443005
2013-10-09,0.0,0.0,0.0,0.0,0.0035163397322464673,0.003913299250169438,0.0035295695931755163
2013-10-10,0.0,0.0,0.0,0.0,-0.0011586524988859272,0.013631641189364418,0.015320283655365837
2013-10-11,0.0,0.0,0.0,0.0,0.002419601679250442,0.006267778293411246,0.008133156610544284
2013-10-14,0.0,0.0,0.0,0.0,-0.006704578845105395,0.006799341104435748,0.006504409669959607
2013-10-15,0.0,0.0,0.0,0.0,0.0003821869880552594,-0.004466558927072648,-0.005696456946912409
2013-10-16,0.0,0.0,0.0,0.0,0.009673368989673857,0.001794887541536707,0.004518019407117242
2013-10-17,0.0,0.0,0.0,0.0,-0.0005971234221558136,-0.0015344031226911395,0.002558062045227825
2013-10-18,0.0,0.0,0.0,0.0,0.0,0.00305155328369694,0.004380554410256188
2013-10-21,0.0,-0.0003446564660357744,0.0,0.0,0.0,0.000256156158029229,-0.0001912137227103914
2013-10-22,0.0,-0.005443501869848536,0.0,0.0,0.0,-0.00439325022421259,-0.0008813045613489138
2013-10-23,0.0,0.004480614257261809,0.0,0.0,0.0,-0.0015775927167947553,-0.002287241819085997
2013-10-24,0.0,-0.003130146502054961,0.0,0.0,0.0,0.003051303190830399,0.0027062710544717454
2013-10-25,-0.0005184964027993586,-0.004296985128142924,0.0,0.0,0.0,0.0009527313428282871,0.0012840041239564326
2013-10-28,-0.000670133723475363,0.0009106539841652853,0.0,0.0,0.0013185427441059117,-0.0003997870889245453,-0.0007166686203951958
2013-10-29,-0.0006470308201290445,0.004940469334121508,0.0014723466918010047,0.0,-0.002740933882075448,0.0007636233034902292,0.0013997412283028512
2013-10-30,0.00012959078947373772,-0.004603748237029231,-0.003647181972474454,-0.0036539441365053874,-0.0016968369548013822,-0.002853225572969032,-0.004161361685774936
2013-10-31,0.00018592651565379808,-0.002628792766108328,-0.0016262117261355213,-0.007789466928429322,-0.0028235712948629743,0.0010992515981501385,-0.0002812967940642509
2013-11-01,-0.00016587967710510578,0.0022117723232710617,-0.0004178027452150611,-0.0006504929135397886,-0.011096273522550283,0.004717939469050263,0.005002504703676478
2013-11-04,0.0,0.003258003064082226,0.0,0.0,0.00391254927822588,0.0036578929449123413,0.004344928903892362
2013-11-05,0.0,-0.002935986524783234,0.0,0.0,-0.00840560397648881,-0.002289101792137524,-0.0008070061270407384
2013-11-06,0.0,-0.00027787175595248703,0.0,0.0,-0.0005595711754696083,0.0008537861226931951,-0.0001855934321346364
2013-11-07,0.0,0.0,0.0,0.0,0.0,-0.011346033939394602,-0.011318845498842928
2013-11-08,0.0,0.0,0.0,0.0,0.021855445986187397,0.009446920522541459,0.01326104501420685
2013-11-11,0.0,0.0,0.0,0.0,0.0009489264237246101,0.000860967333478478,0.0008553471951479224
2013-11-12,0.0,0.0,0.0,0.0,0.0017618663124069497,-0.0014010993010152356,0.0005583467439414729
2013-11-13,0.0,0.0,0.0,0.0,-0.008332646071114391,0.004185735901851483,0.003312722388812552
2013-11-14,0.0,0.0,0.0,0.0,-0.0008268037818727432,-0.0011406615337863112,-0.0024035647641955623
2013-11-15,0.0,0.0,0.0,0.0,-0.002190115882806886,0.004731121670690721,0.00467761371021813
2013-11-18,0.0,0.002939349032381026,0.0,0.0,0.007059717030543929,-0.005301630392735965,-0.0035635247445489097
2013-11-19,0.0,0.0019925821473624735,0.0,0.0,-0.007441825089608764,0.0016428333018147874,0.0012827306632264563
2013-11-20,0.0,0.002872998846992647,0.0,0.0,-0.011003955660788156,0.0007749237147944421,0.0034545400100145767
2013-11-21,0.0,-0.007443699047201538,0.0,0.0,-0.0006033352805320814,0.003997909267134173,0.003227728501078911
2013-11-22,-0.00020919735708328346,-0.004621509692016859,0.0,0.0,0.0,0.0006323398658571514,4.854647084547719e-05
2013-11-25,0.0005101327867133251,-0.0014930712925503165,0.0,0.0,-0.002190374426859954,-0.0025754815782234276,-0.00287764371868741
2013-11-26,0.0007468194331229648,0.000255665187336624,0.0018352911345741517,0.0,-0.0043435443811874665,0.0012857980762235452,0.001612681578571018
2013-11-27,-0.0013848605581778812,0.002274428281856362,-0.0022292981499112074,0.00455152753633805,-0.0016475769698810331,0.0034439823585130968,0.004377436184425873
2013-11-29,-7.88502491916133e-05,-0.0006215823291824655,-0.0005847003114953782,0.0025504406620509646,-0.001662367382045809,0.0011890728198736154,0.0005456251625024915
2013-12-02,-0.00017839496736908955,-0.0024289916840292696,-0.000296146438072467,-0.0006633424208430526,-0.00859389131584369,0.002003422985456218,0.00248328666377924
2013-12-03,0.0,-0.004041694200373961,0.0,0.0,0.0035545387454826915,-0.0043668445713007445,-0.004457163691362411
2013-12-04,0.0,-0.00010665600189846259,0.0,0.0,-0.00881231698405877,5.9962697704306906e-05,0.00021099190753053965
2013-12-05,0.0,-0.0002804415211546033,0.0,0.0,-0.0005830287786362732,0.0049335524320776565,0.0030652615558702076
2013-12-06,0.0,0.0,0.0,0.0,0.0,0.005784306083954436,0.005777990969319999
2013-12-09,0.0,0.0,0.0,0.0,-0.0030041124889732323,-0.0004905504811781549,0.0003827016438965358
2013-12-10,0.0,0.0,0.0,0.0,-0.008354986243902464,-0.00830456790461023,-0.007593672123777073
2013-12-11,0.0,0.0,0.0,0.0,0.007680135286082007,-0.005682830132652307,-0.0067298978115786995
2013-12-12,0.0,0.0,0.0,0.0,-0.0014835661658002877,0.003440237191407154,0.0028233345172956185
2013-12-13,0.0,0.0,0.0,0.0,0.002463662305939968,-0.0025795692946514936,-0.0018598084844800552
2013-12-16,0.0,0.0,0.0,0.0,-0.0008128517353859958,0.002510331451988841,0.004071627932769272
2013-12-17,0.0,0.0,0.0,0.0,9.839700416717312e-05,-0.003454802398854363,-0.0028779923558002332
2013-12-18,0.0,-0.016691949554832705,0.0,0.0,0.0016204445379563392,0.012271472843782568,0.012605400499662384
2013-12-19,0.0,0.0010909926846847423,0.0,0.0,-0.0023060998024038272,0.0012131870856923728,0.0003783120265354507
2013-12-20,0.0,-0.005595477254629968,0.0,0.0,0.005731830764059616,-0.004269465596555787,-0.0011905554487834312
2013-12-23,0.0,-0.005142798023532109,0.0,0.0,-0.0063800769577694325,0.007358341083306075,0.008002013665984733
2013-12-24,-0.0017066535046079874,-0.0021162797296122096,0.0,0.0,-0.0077980289455638965,0.003309609534227018,0.003046056618029683
2013-12-26,-0.0010558907935776425,0.004223730780684954,0.0,0.0,-0.0017348624207369399,-9.38764632655362e-05,0.0012301938214177132
2013-12-27,-0.00018441876354723094,-5.359183673861186e-05,-0.0018126803984428747,0.0,-0.0006005189816609668,0.003205250315862217,0.0014682015892529166
2013-12-30,0.0008786503426555293,-0.00015704440493319698,0.00542788699942785,0.0021770421278223023,0.0,0.00338389115354091,0.0018678339949597007
2013-12-31,-0.002151967070805135,0.004464794499190573,-0.009036936152793,-0.001053692388485397,0.0,0.004374962615912784,0.004908816495998158
2014-01-02,-0.00014069474589416557,-0.009048974028010024,-0.0006027336116346966,-0.0007346625163421818,0.0,-0.014607970127226321,-0.009135046436800914
2014-01-03,0.0,-0.00015768999287056303,0.0,0.0,0.0,0.00042557040794452935,-0.0014814136719003832
2014-01-06,0.0,-0.0027371970055824636,0.0,0.0,-0.006245203637769592,-0.0038469702507965948,-0.0022348781249134065
2014-01-07,0.0,-0.00028313380896436314,0.0,0.0,-0.0032300078518237227,0.003443716792489514,0.0038539194534530368
2014-01-08,0.0,0.0,0.0,0.0,0.00977726589171571,0.007173047643582299,0.005696045027223135
2014-01-09,0.0,0.0,0.0,0.0,9.172275915193897e-05,-0.0019318785896287696,-0.0013430787536694191
2014-01-10,0.0,0.0,0.0,0.0,0.016322555579689868,-0.008818450735320175,-0.0063827042319632606
2014-01-13,0.0,0.0,0.0,0.0,0.005756360567169527,-0.009183355428614239,-0.009561986421318171
2014-01-14,0.0,0.0,0.0,0.0,-0.007537573636242479,0.01079636836929628,0.011655959054644784
2014-01-15,0.0,0.0,0.0,0.0,-0.0017953025764069221,0.003738551879740275,0.0038816000326212345
2014-01-16,0.0,0.0,0.0,0.0,-0.0006005379180985681,-0.002736956612704079,-0.0017417246932299733
2014-01-17,0.0,0.0,0.0,0.0,0.0,-0.005845609878933777,-0.007025445783371095
2014-01-21,0.0,-0.0035699189429610413,0.0,0.0,0.0,0.006026981647043993,0.007600685189132787
2014-01-22,0.0,-0.0007294440678218695,0.0,0.0,0.0,0.003333097145693262,0.0015337647416471946
2014-01-23,0.0,0.008986854814075781,0.0,0.0,0.0,-0.012416123864212932,-0.0077924296831667975
2014-01-24,0.0,0.023417182721295945,0.0,0.0,0.0,-0.014922225309610973,-0.01740819142437857
2014-01-27,-0.00019378124259256078,0.005377350618197057,0.0,0.0,0.005479988189101892,0.003345830227677646,0.001708278475090749
2014-01-28,0.0009845720953302805,0.00526187718028268,0.0,0.0,-0.0029877320789915346,0.0009469464422595801,0.0016822186909330628
2014-01-29,-0.004935466380516926,-0.009496391462884748,0.007473670602752035,0.0,-0.00947928049437476,-0.011838474449862125,-0.012281422193337659
2014-01-30,0.0034495265745510383,0.01047730258260181,-0.0016586713044626565,0.002415874663222281,0.0019304094891706713,0.010616609720382053,0.010724225898975722
2014-01-31,-0.0035014221495086595,-0.005791439476608311,0.006627938469203596,0.006909330840243663,0.006653168030749201,-0.0068970987909205295,-0.0083808375546704
2014-02-03,-0.0002261257140514892,-0.02224815573232846,-0.0005051692598875768,-0.0006834280990648655,0.010866029191523314,-0.015114749076735852,-0.017263483638159056
2014-02-04,0.0,0.006921031701195211,0.0,0.0,-0.006049159120808338,0.007866426472494943,0.0051462950069247155
2014-02-05,0.0,-0.0012423490989474939,0.0,0.0,-0.007237724190963743,0.0010046690610959396,-0.0005557150433773333
2014-02-06,0.0,-0.00029654515565535124,0.0,0.0,-0.00060218490117053,0.006193381846282431,0.006643477976854414
2014-02-07,0.0,0.0,0.0,0.0,-0.00592206117887092,0.0039250073815266275,0.004805560701521163
2014-02-10,0.0,0.0,0.0,0.0,-0.001002714687969761,0.0009516816570425598,0.0026706102804335253
2014-02-11,0.0,0.0,0.0,0.0,0.008793304105803184,0.005920303508177933,0.005185409032148855
2014-02-12,0.0,0.0,0.0,0.0,0.004693771826897597,0.0015417735972222439,0.0012078656161089896
2014-02-13,0.0,0.0,0.0,0.0,-0.0008558023180861581,-0.002331737644445058,-0.0009795258439827808
2014-02-14,0.0,0.0,0.0,0.0,-0.0019931100844712514,0.0004759798566909649,-0.0018634794092762617
2014-02-18,0.0,-0.001291369346631914,0.0,0.0,0.004905587772183892,-0.00033689960576707847,-0.0007954203636675439
2014-02-19,0.0,0.005671027270124598,0.0,0.0,-0.0039251013345915145,0.0024560004481403793,-0.0006144782350625906
2014-02-20,0.0,-0.005073113415463844,0.0,0.0,-0.0021636125457248595,0.0017027490635494447,0.0030602379510927544
2014-02-21,0.0,0.0009672303436556152,0.0,0.0,-0.0006006489399147273,-0.0012721565169528364,-0.0005508748734030756
2014-02-24,-0.0022870829635463622,-0.004766879030928648,0.0,0.0,0.0013427571657695927,0.0021773810983274893,0.002887033054483204
2014-02-25,0.0021083172918645696,-0.0008444348317934317,0.0,0.0,-0.006898345165264126,-0.001739075920529928,0.00019970264914996643
2014-02-26,0.0017014407074348427,4.484006071140384e-05,0.005269813837378781,0.0,-0.005899855283418507,0.0032640663423098458,0.00407789146908007
2014-02-27,-0.0006940526082882131,0.004502933370424028,0.002336912084033054,-0.0007596676447802161,-0.0001823766220992505,-0.0009803411848862385,0.0005476117692966368
2014-02-28,-0.001238489821353424,0.0021689007520370837,-0.0019544477389959827,-0.004181913611150722,-0.002407705322310325,0.0005721469712204325,-0.00013394062650565962
2014-03-03,-0.00025467485041707143,-0.006037543842448204,-0.0006005860762914623,-0.0007453157307436303,0.009888450616639993,-0.010090052723374527,-0.012628175147205371
2014-03-04,0.0,0.012062852979402202,0.0,0.0,-0.015376381324777685,0.015944818547853616,0.017778262882011935
2014-03-05,0.0,0.0007750246054872594,0.0,0.0,0.0021481393438273723,-0.0010409897279568315,-0.0005303948785235667
2014-03-06,0.0,-0.0002575423253015488,0.0,0.0,-0.0005993541183250301,-0.005776385499932152,-0.0006829765783134506
2014-03-07,0.0,0.0,0.0,0.0,0.0,0.0029497462889780824,0.001106495993551174
2014-03-10,0.0,0.0,0.0,0.0,-0.0027938343312370324,-0.00015992957569596608,-0.0007743378224818145
2014-03-11,0.0,0.0,0.0,0.0,-0.0019938640482679397,-0.0003846481776224659,-0.0030906360608428727
2014-03-12,0.0,0.0,0.0,0.0,-0.007906901117764374,-0.0041840135072550725,-0.0014922770821788373
2014-03-13,0.0,0.0,0.0,0.0,0.0010263465964943238,-0.005965894609594612,-0.010373351924893153
2014-03-14,0.0,0.0,0.0,0.0,-0.0003190786004895116,-0.004550724010740643,-0.003557764294960004
2014-03-17,0.0,0.0,0.0,0.0,-0.008008791315223068,0.010517290431528029,0.011184719656896365
2014-03-18,0.0,0.0,0.0,0.0,0.004894331642613958,0.0022452085615499644,0.004922987842832398
2014-03-19,0.0,0.004245479622749837,0.0,0.0,-0.018577962916610655,0.004008293079172409,-0.002046215800568685
2014-03-20,0.0,-0.004949444795554534,0.0,0.0,-0.0006056769522595145,0.007205390593932701,0.004979613435691781
2014-03-21,0.0,0.003269687462885933,0.0,0.0,0.0,-0.0021962417344690726,-0.004687600173693198
2014-03-24,0.0,0.003487557155315934,0.0,0.0,-0.0014084813643008174,0.0015453240857490804,-0.0013694095066246297
2014-03-25,-0.0005669972941844593,-0.0040241069966557635,0.0,0.0,0.001160532649618227,0.0019872829765167368,0.0028850602088700207
2014-03-26,0.0013004090475985538,-0.006757577015182356,0.0,0.0,-0.008488780208111297,-0.003379435755156665,-0.0068371070441210985
2014-03-27,0.00033656046118204385,-0.0018308438544751022,0.0011622827788239356,0.0,-0.0003068569103441182,-0.0021635409328521252,-0.004598065228299483
2014-03-28,-0.0009977350278242432,0.004275654012406605,-0.006041737320837692,-0.003918461970418229,-0.007523030620354831,0.004961527765963738,0.004965078468398325
2014-03-31,-0.0006624313332376846,0.007107380649708056,0.00016403232784363756,-0.0011488784557578287,0.00019096818002213722,0.004395663989995329,0.007089222295077856
2014-04-01,-7.516147805782067e-05,0.00575060878620868,-0.0005136817979019252,-0.0007164744222916327,-0.004140241705841524,0.0087170628685608,0.010213859627591764
2014-04-02,0.0,0.0029024016820321545,0.0,0.0,-0.00868671193865498,0.003267434001916629,0.0018578151578319472
2014-04-03,0.0,-0.0011491914611699461,0.0,0.0,-0.0006026279846124226,-0.0032600137786179453,-0.004435483266991559
2014-04-04,0.0,-0.00026021553975381554,0.0,0.0,0.0,-0.007995331478739149,-0.010943699786955006
2014-04-07,0.0,0.0,0.0,0.0,-0.005345922088820364,-0.0027703879520133727,-0.0049891522510967685
2014-04-08,0.0,0.0,0.0,0.0,-0.002776587292143419,-0.0027658749176150957,0.0019981074412584194
2014-04-09,0.0,0.0,0.0,0.0,0.0005653922359718808,0.0020903760110250126,0.008028954902139514
2014-04-10,0.0,0.0,0.0,0.0,0.00048692347351491386,-0.01189590100212112,-0.017674036085436474
2014-04-11,0.0,0.0,0.0,0.0,0.0035827687839924296,-0.006097213795583343,-0.009035443335791413
2014-04-14,0.0,0.0,0.0,0.0,-0.0031229390821800778,0.002835508583430319,0.00379251674432887
2014-04-15,0.0,0.0,0.0,0.0,0.0023379982767508124,0.0042314360441353385,0.005919224646658363
2014-04-16,0.0,0.0,0.0,0.0,-0.0031246197649403957,0.002794827115678799,0.005056877352746047
2014-04-17,0.0,-0.0013423192064443447,0.0,0.0,-0.0006009391541107627,0.00029541209549837526,0.0011773990347286405
2014-04-21,0.0,-0.002749984335568437,0.0,0.0,0.0,0.004552233978547039,0.005465956968734208
2014-04-22,0.0,-0.0035824262549343394,0.0,0.0,0.0001635880292522942,0.002781456674790356,0.004425214407447671
2014-04-23,0.0,0.0018304073408791132,0.0,0.0,-0.005133816708989303,-0.003039379443184945,-0.003806632746899028
2014-04-24,-7.09858544425654e-05,-0.0016037835915357222,0.0,0.0,-0.0008787006037895882,-0.0019747736120614293,-0.0008518801435459829
2014-04-25,0.00021654787546415564,-0.006848509275629209,0.0,0.0,0.002280772503561714,-0.002269964675407625,-0.00589402148674433
2014-04-28,-0.00012643745992949932,0.00246235483128494,-0.003259997888124959,0.0,-0.0029405270389123933,0.005281820863766526,0.004697311236075509
2014-04-29,-4.837396912518148e-05,0.003620481229729781,0.0016242129851641942,-0.0038654067914212233,0.0017634306954752675,0.0006881943861432733,0.0023387567592710835
2014-04-30,6.277750840770074e-05,0.0023189320580128407,0.0048708921558767,0.006627639419141925,0.00528873144022312,0.001217319862560511,0.0041518186246403965
2014-05-01,-1.9258816011529423e-05,8.130380034382423e-05,-0.0005513629112522912,-0.000831392096283844,-0.0005984208638531609,-0.0004057344684803741,0.00045528785836918684
2014-05-02,0.0,-0.0011157568942006155,0.0,0.0,-0.003550237210813743,-0.0045622535566698895,-0.003491664903981309
2014-05-05,0.0,0.0014881610121062656,0.0,0.0,0.0011458168902328918,-0.0002765232803365111,0.00012546620880925433
2014-05-06,0.0,-0.00023345593139750977,0.0,0.0,-0.0023638239066257997,-0.0027350014479590235,-0.002813171031282648
2014-05-07,0.0,0.0,0.0,0.0,-0.0015829399560676693,0.007317871855837965,0.0055554263503228936
2014-05-08,0.0,0.0,0.0,0.0,-0.000680015547549389,7.83830750804423e-05,-0.0015897478273636555
2014-05-09,0.0,0.0,0.0,0.0,-0.0021894732196872384,0.001723973696008403,-0.0005411770759407805
2014-05-12,0.0,0.0,0.0,0.0,-0.005258830175198051,0.0032203363240410243,0.004177507068122227
2014-05-13,0.0,0.0,0.0,0.0,0.007803226768449298,-0.002671532395812005,-0.0027939927416574506
2014-05-14,0.0,0.0,0.0,0.0,0.009134723844077155,-0.007753407504796513,-0.007281303222606197
2014-05-15,0.0,0.0,0.0,0.0,-0.0005972830031561457,-0.0036775907975953514,-0.004633278594382456
2014-05-16,0.0,0.0,0.0,0.0,0.0,0.006023765109461128,0.0048715173260628596
2014-05-19,0.0,-0.0038476946947406665,0.0,0.0,0.0,0.003660110352489921,0.003830223475074582
2014-05-20,0.0,0.006083371277487058,0.0,0.0,0.0,-0.005180284301869097,-0.005417283709344191
2014-05-21,0.0,-0.008158560203491675,0.0,0.0,0.0,0.001985977816977317,0.003162902325329217
2014-05-22,0.0,-0.002366849630846524,0.0,0.0,0.0,-0.0003448103529147169,-4.6246223876734104e-05
2014-05-23,-0.00010075300654690298,-0.0038869156063083108,0.0,0.0,0.0,0.0018654413909773844,0.002278966313154615
2014-05-27,0.0004121041269273837,0.005333901949656031,0.0,0.0,-0.0012009350496741222,0.009298150636089622,0.008641662647301073
2014-05-28,-0.0009467401225847819,-0.000704887998095333,0.006879371083088013,0.0,-0.011022573164002682,-0.0048108483323680545,-0.006183742782738799
2014-05-29,0.0005878133043105916,0.004977501253932156,-0.001654263648346192,-0.0008711592894053818,-0.0013749885305218653,0.0026089894733752044,0.003359540535300839
2014-05-30,0.0002431721679766875,0.001549568604654133,-0.0010186379295076362,0.002183066096235997,-0.0019914432671524858,0.004761883471127182,0.00424617538137877
2014-06-02,-7.102373358941162e-05,0.001097474032103287,-0.0003970525713814403,-0.000908140728492705,-0.009156118472977953,-0.0017968250168791128,-0.0031840274268372768
2014-06-03,0.0,-0.000500286015412599,0.0,0.0,-0.010070014396957842,-0.00512496108206358,-0.004952813986813399
2014-06-04,0.0,0.001945587519821465,0.0,0.0,-0.0015618897489237324,-0.00034556981389993817,-8.641556240051583e-05
2014-06-05,0.0,-0.00028879963373546716,0.0,0.0,-0.0006004674267286858,0.004872130403847164,0.007585559199466039
2014-06-06,0.0,0.0,0.0,0.0,0.0,0.0010468430137504398,0.0028552693104182164
2014-06-09,0.0,0.0,0.0,0.0,0.0022982406746471125,-0.003483360952182144,-0.002726346074239588
2014-06-10,0.0,0.0,0.0,0.0,0.003483925488533925,-0.0039184034567276115,-0.003486998645110302
2014-06-11,0.0,0.0,0.0,0.0,-0.0027572985930205004,0.00041215107259507565,-0.0003660529026162037
2014-06-12,0.0,0.0,0.0,0.0,0.00034408637234333695,-0.005493479365483274,-0.002150777248022936
2014-06-13,0.0,0.0,0.0,0.0,-0.00440598818584982,-0.0016718576673469573,-0.00027929215659209383
2014-06-16,0.0,0.0,0.0,0.0,-4.3437436995224065e-06,-9.096944415541415e-05,0.0008429802996566919
2014-06-17,0.0,0.0,0.0,0.0,-0.008368362595435205,-0.003080195808217925,-0.003281585169648923
2014-06-18,0.0,-0.007894746592909672,0.0,0.0,0.010542991540231613,0.007203535213551112,0.009503702994118237
2014-06-19,0.0,-0.0011731633470147176,0.0,0.0,-0.0005968686581253359,-0.013934429063959983,-0.008308888003025473
2014-06-20,0.0,-0.0021069548206848025,0.0,0.0,0.0,0.002218145435463942,0.0027270563951673735
2014-06-23,0.0,0.00030335772995034645,0.0,0.0,0.0007399307754569553,-0.0010161105635132647,-0.0009563995716750124
2014-06-24,0.004100026468502412,0.00620561314753283,0.0,0.0,-0.008201288477668042,0.0018231773671857298,0.0012368813885617067
2014-06-25,-0.000663329215880703,0.004146595790411331,0.0,0.0,-0.0019678872978990108,0.00029237331317998104,0.0023161010839605105
2014-06-26,0.0019040571136053567,-0.0007571866357664507,0.0046273507592772285,0.0,0.0006211258548663646,0.002403827937792724,0.001802151189000492
2014-06-27,-0.0005592916292333028,0.002050760344433124,-3.941945177276159e-06,-0.0007832406219571155,-0.00044362314699529314,0.0029438826783186366,0.003111619931290575
2014-06-30,0.0006454146537494914,-0.0005408442219419304,0.0015430958268964476,0.0035041736375996274,0.0015430958268964476,-0.0009217339787996011,0.0004575362215227783
2014-07-01,-0.00028109319741328944,0.007063443489522168,-0.0005995368350492462,-0.0011325581755436895,-0.0065400050126795325,-0.0011293938932372257,3.4651275954389586e-05
2014-07-02,0.0,0.001070493324251834,0.0,0.0,-0.008156145153224154,-0.0014351353270102927,-0.0032329742376113997
2014-07-03,0.0,0.005190093004394965,0.0,0.0,-0.0006024658783464903,-0.0005905935208179534,-0.001421484745375665
2014-07-07,0.0,-0.000316535098459868,0.0,0.0,0.0,-0.004748585097828632,-0.0016930883354781094
2014-07-08,0.0,0.0,0.0,0.0,-0.009777819001236107,-0.0008755621515160331,0.0002599655464353445
2014-07-09,0.0,0.0,0.0,0.0,-0.00041718750594310947,0.0004049286270789956,0.002829450035106679
2014-07-10,0.0,0.0,0.0,0.0,-0.0001405440211454535,0.0027898423623421353,-0.0018130712270685676
2014-07-11,0.0,0.0,0.0,0.0,0.002761586859247167,-0.001477811120960442,0.0020060230895350777
2014-07-14,0.0,0.0,0.0,0.0,-0.0044452024540667075,-0.005964006033608809,-0.001173762828081961
2014-07-15,0.0,0.0,0.0,0.0,-0.0017445489327153907,-0.007920597060418463,-0.0056443117232516165
2014-07-16,0.0,0.0,0.0,0.0,0.002904100985595213,0.001826963042502284,0.0021041082057999777
2014-07-17,0.0,0.0,0.0,0.0,-0.0005991306629717246,0.005710607133521618,-0.0013808823579158026
2014-07-18,0.0,0.0,0.0,0.0,0.0,-0.0032526937116806338,0.0036305121769389975
2014-07-21,0.0,0.0021904990882237,0.0,0.0,0.0,0.0023190524841516717,0.0002933052385681779
2014-07-22,0.0,-0.006133507134734049,0.0,0.0,0.0,-0.0004051894288630996,0.0019516149670716788
2014-07-23,0.0,-0.003134568529895622,0.0,0.0,0.0,0.0009652539390498037,0.0019002476743561973
2014-07-24,0.0,-8.773819870178673e-05,0.0,0.0,0.0,-0.007528405826168446,-0.0041580523955145315
2014-07-25,0.0012483090701162817,0.006554802677142719,0.0,0.0,0.0,0.00563525743680597,0.001962776438339088
2014-07-28,-0.00029052268419667125,-0.00027587442300206025,0.0,0.0,0.0016885659057096387,-0.0018953206888951209,-0.0013755725641268117
2014-07-29,0.0007735491964905057,-0.00585551817319883,0.0020957240128992817,0.0,-0.0027216070293416147,-0.0015878450682626224,-0.0018925960416004617
2014-07-30,-0.0014934278389685046,0.00020514233923742852,-0.014053249317187676,0.006947166494211254,-0.004322431609235596,-0.004028876568741597,-0.007756421733700202
2014-07-31,0.0021981227620542416,-0.026904179785045296,-0.0005881235007302619,-0.0001367725809047108,-0.0010320478179267126,-0.009903756239433698,-0.014368980050676716
2014-08-01,-9.639831329603414e-05,-0.0041665425864235136,-0.0006001745418033287,-0.0013290960182020806,0.011768554003440441,0.003870776163950855,0.0034046409540079564
2014-08-04,0.0,0.009833602405184919,0.0,0.0,0.0011529111023413886,0.005318710152057012,0.0050531663904813525
2014-08-05,0.0,-0.013211626488499401,0.0,0.0,0.000961018348674285,-0.00628785410905798,-0.007434340853648942
2014-08-06,0.0,-0.0004101344250129012,0.0,0.0,-0.0005997111543427923,-0.000899979753907044,-0.0013386751559526123
2014-08-07,0.0,0.0,0.0,0.0,0.0,0.0018328596016502767,8.190253917945433e-06
2014-08-08,0.0,0.0,0.0,0.0,0.0011054044053091308,0.0067679844460901955,0.007194568520738037
2014-08-11,0.0,0.0,0.0,0.0,0.0009381016411254857,0.0060087451453279365,0.005620771614932469
2014-08-12,0.0,0.0,0.0,0.0,0.002859182750639208,-0.0029895531411652304,-0.0024744972685868
2014-08-13,0.0,0.0,0.0,0.0,-0.006564774355248684,0.00977889433283321,0.008530813807109272
2014-08-14,0.0,0.0,0.0,0.0,-0.0009349215313798216,0.007224415596786737,0.006723157356044066
2014-08-15,0.0,0.0,0.0,0.0,0.007378858836588408,0.004182545860801862,0.003852261374980671
2014-08-18,0.0,0.0,0.0,0.0,-0.006295968112346789,0.005057150572261455,0.00454986436025813
2014-08-19,0.0,-0.00656452095627545,0.0,0.0,-0.0021072570493542906,-0.000844271538163205,-0.0007051216668400764
2014-08-20,0.0,-0.003187141531094748,0.0,0.0,-0.005937246407326917,-0.0012385564026535889,-0.003612585482900471
2014-08-21,0.0,-0.00347705568459865,0.0,0.0,-0.0006017906566273796,0.0046483894533564845,0.004084872437261014
2014-08-22,0.0,0.0018296336564901147,0.0,0.0,0.0,-0.002719422095125227,-0.0025834801503687717
2014-08-25,-0.0008927355033449207,-0.006032025714478804,0.0,0.0,-0.002153609486904028,0.0037013183551028008,0.003530498023001121
2014-08-26,-0.00020161806670684657,5.8344910254481107e-05,0.0,0.0,0.000360862023209219,0.00044483758542137225,0.0008442974835710271
2014-08-27,0.00109227881984413,-0.0004814626898039015,0.0034850189219006707,0.0,-0.00557354592760969,0.0024452553391124767,0.0034065057831187988
2014-08-28,0.0005951032047671343,-0.0006611741915476578,0.001880950350885705,-0.0002476522313157806,-9.894245873622308e-05,0.00011295867426923024,-0.001075763160903523
2014-08-29,-0.0005306769615319263,0.003417990776431033,0.00013156230151676148,-0.009649276979081871,-0.0002661792586911065,0.002196014950570366,0.0008207369330664103
2014-09-02,-0.0001693245326289126,-0.0005996353847433636,-0.0004224621490206399,-0.0013412770710480324,-0.012777147442424044,-0.0027210083946835177,-0.0032445981612561547
2014-09-03,0.0,-0.0006597734228099679,0.0,0.0,0.0028750943007550787,0.0015907587397249836,0.0016990727291621415
2014-09-04,0.0,-0.0017379812168100196,0.0,0.0,-0.007104311892219658,-0.012462582001615385,-0.011024097207085271
2014-09-05,0.0,-0.0003602682650682029,0.0,0.0,-0.0006021455564492758,-0.00047388791115039394,0.0024902648860662545
2014-09-08,0.0,0.0,0.0,0.0,0.0014969094985644823,-0.0036736353949929795,-0.004280747927367601
2014-09-09,0.0,0.0,0.0,0.0,0.0046018217197154555,-0.0021497396592445703,-0.007788611020961833
2014-09-10,0.0,0.0,0.0,0.0,0.004998069230165755,-0.0032268868583560104,-0.0012597916203710194
2014-09-11,0.0,0.0,0.0,0.0,-0.0009626199983947535,0.0030388709535744828,0.0006892550327920949
2014-09-12,0.0,0.0,0.0,0.0,-0.008094745932782567,-0.004098976922448689,-0.01026160296049517
2014-09-15,0.0,0.0,0.0,0.0,0.0036959262478652305,-0.0006583952457745643,-0.003826398802325575
2014-09-16,0.0,0.0,0.0,0.0,-0.0005874781987078211,-3.6028257575834784e-06,0.0045793622257256725
2014-09-17,0.0,0.0,0.0,0.0,-0.005054135543469464,-0.0060032831670599925,-0.004020138441489609
2014-09-18,0.0,-0.006743659091527079,0.0,0.0,-0.0006015234086393405,0.004548961482557094,0.005374480306202166
2014-09-19,0.0,0.0010594469943864284,0.0,0.0,0.0,0.007328283204836699,0.004081880455500617
2014-09-22,0.0,0.009218443964693766,0.0,0.0,-0.004897377809125068,0.0031860922073598955,-0.004290450703073701
2014-09-23,0.0,0.00682406663285437,0.0,0.0,-0.004291541498367215,0.00018882977653516238,-0.003964369968050205
2014-09-24,-0.0017311094030180336,-0.009376665566859333,0.0,0.0,0.005585540031379325,-0.005816422695090027,0.00033529188311716787
2014-09-25,0.003117802781999834,-0.01979863398087381,0.0,0.0,0.0016942333251553957,0.0019465473443923227,-0.00881717687076916
2014-09-26,-0.0014753343362130396,0.009392825926274188,-0.004847950118167042,0.0,-0.004696648772609494,-0.006899327713230172,0.001046481881705928
2014-09-29,0.0009808897898068388,-0.002152878327814999,0.006382105482617205,-0.00026408854943503636,0.006382105482617205,0.0006390908278960672,-0.0028640156803789183
2014-09-30,0.00011120101432926997,-0.00311270857651895,-0.0017402208575248517,0.006924035271107587,-0.0017402208575248517,0.006575280281160044,0.0027223069386137456
2014-10-01,-0.00010787994850098219,-0.016024964109142427,-0.0006005219255089007,-0.0009788026308789864,0.01680255420271448,-0.004375166051205871,-0.0019071805468606682
2014-10-02,0.0,0.0001811438073036718,0.0,0.0,-0.0005950419198394134,0.001784231962133296,-0.002570768950273564
2014-10-03,0.0,0.013016701516709148,0.0,0.0,0.0,0.018545397807261152,0.018110352194636654
2014-10-06,0.0,-0.0003540140385894767,0.0,0.0,-0.0038914053826014966,-0.012780568613539382,-0.008050233279038465
2014-10-07,0.0,0.0,0.0,0.0,-0.011742406153901794,-0.00354101057101686,-0.004953605674100859
2014-10-08,0.0,0.0,0.0,0.0,-0.007099618035457021,0.007720248276917793,0.01694582192800154
2014-10-09,0.0,0.0,0.0,0.0,-0.0010569081467532743,-0.008990783148566599,-0.016842418465976377
2014-10-10,0.0,0.0,0.0,0.0,0.007280915133738677,-0.0061519717060422256,-0.007249379370205047
2014-10-13,0.0,0.0,0.0,0.0,0.010438898938900086,-0.0028280652715778616,-0.004299016114366412
2014-10-14,0.0,0.0,0.0,0.0,0.003962383634894198,0.008459438033838767,0.011509217691333883
2014-10-15,0.0,0.0,0.0,0.0,0.011306578576710422,-0.0040987463678221646,-0.001997048272470949
2014-10-16,0.0,0.0,0.0,0.0,-0.0005966451359470262,-0.0015588059335299035,-0.004459660357470383
2014-10-17,0.0,0.0,0.0,0.0,0.0,0.006481751201494816,0.009330698952980535
2014-10-20,0.0,0.0,0.0,0.0,0.0,0.002637898365545687,0.010073224499425971
2014-10-21,0.0,-0.01686013625444418,0.0,0.0,0.0,0.006042583418807143,0.011172290224253941
2014-10-22,0.0,0.005939691450795678,0.0,0.0,0.0,0.003269032066595456,-0.0015736268033155016
2014-10-23,0.0,-0.009753278928866177,0.0,0.0,0.0,0.001997942515497399,0.0024800053127399767
2014-10-24,0.0,-0.006462547499296592,0.0,0.0,0.0,0.0033486392270185737,0.005783702116835205
2014-10-27,-0.0010876207065497541,0.0011385155584937934,0.0,0.0,-0.002706258274355476,-0.0010761710506231178,-0.001011044991301143
2014-10-28,0.0037093257297680774,0.0082828377744881,0.0,0.0,0.004895880686187983,0.007428808136147206,0.006697866544496297
2014-10-29,0.0015008072879948008,-0.001156729588762277,-0.007242249893376837,0.0,0.006614034064299819,0.003848246147258668,-0.0014981311368902155
2014-10-30,0.0007413240323641944,0.004897156247784853,0.0020913443994918703,-0.005309165430216666,-0.0002495793584961668,0.01626979526022612,0.012671493724344644
2014-10-31,0.0032393879673590018,0.008736299040361554,-0.003234092104272448,-0.023206223299637757,-0.0036949798440870816,0.017500058864638086,0.01721747772403748
2014-11-03,-0.0002261178865000258,0.0004156444592918166,-0.0006009729466740156,-0.0007129542247458367,-0.0007470225580192045,0.004143759759613888,0.002851998754921549
2014-11-04,0.0,-0.0026517185197214503,0.0,0.0,-0.00019303926291166175,-3.679239535029346e-05,0.0006176789832115201
2014-11-05,0.0,0.004824912729017505,0.0,0.0,0.0005693027779742669,0.009806841850265395,0.008253879231074688
2014-11-06,0.0,-0.0002295432776116039,0.0,0.0,-0.0005998285757487472,-0.005087339149881699,-0.004635228354252823
2014-11-07,0.0,0.0,0.0,0.0,-0.013444965769388936,0.0008683241981805304,0.0016435801895615047
2014-11-10,0.0,0.0,0.0,0.0,0.00814310276920484,0.004517216308199954,0.0038106139936727045
2014-11-11,0.0,0.0,0.0,0.0,-0.00021930120659383528,-0.002971249612388005,-0.003919971914247762
2014-11-12,0.0,0.0,0.0,0.0,0.0007402832363869849,-0.0019632470142947663,-0.0008529252367819883
2014-11-13,0.0,0.0,0.0,0.0,-0.0008938680869193701,0.0018730580443211756,0.00243352032987658
2014-11-14,0.0,0.0,0.0,0.0,0.0035279791808500017,-0.01061449178534451,-0.009068135967073909
2014-11-17,0.0,-0.0007660611897555095,0.0,0.0,-0.0022884227778295174,-0.0024313536947741655,-0.001953224716785001
2014-11-18,0.0,-0.004679268179738086,0.0,0.0,0.002285127117667593,0.004276442076443737,0.003539156603031345
2014-11-19,0.0,0.0012866694969129113,0.0,0.0,-0.005331190819119456,-0.0059310159936199515,-0.005875209768447744
2014-11-20,0.0,-0.001428451794749282,0.0,0.0,-0.0006016074811666832,0.0016961480504086345,0.0015420261326922465
2014-11-21,-0.00015054313102451784,-0.0043374414895051274,0.0,0.0,0.0,0.007201915803958667,0.011037420853491723
2014-11-24,2.328904618582506e-05,0.001798202815083995,0.0,0.0,-0.002904406422415216,0.0066219584697504415,0.00540912017735681
2014-11-25,0.0009158745906775411,-0.0005909603142123308,0.0029115018475789744,0.0,-0.00496027355570991,0.0032780696659194834,0.0032547949910072217
2014-11-26,0.00024351652160119254,0.002085751291616234,0.0022886509707701823,-0.0032485618367969573,6.1491768294789735e-06,0.008142910234426001,0.008203569582558705
2014-11-28,0.0015639750592877186,-0.0017283753235289058,0.005205068508503102,0.008210623384034678,0.007279844171980627,0.014595346845172295,0.017041008959392857
2014-12-01,-0.00013858125891130115,-0.005668235872474573,-0.0004024976772436894,-0.0005591983759460498,-0.004908148842471548,-0.029203984214198966,-0.0277347321510768
2014-12-02,0.0,0.005269788025382586,0.0,0.0,-0.008893997016082103,-8.338500214452867e-05,0.0025801184845651495
2014-12-03,0.0,0.003149240752005647,0.0,0.0,0.0007569129820413746,0.0033623576819530646,0.004742718600858492
2014-12-04,0.0,-0.0002448018084758403,0.0,0.0,-0.0005997720540503887,0.0050410159619999565,0.003972639581947644
2014-12-05,0.0,0.0,0.0,0.0,0.0,-0.004789895320173872,-0.0032280096609458193
2014-12-08,0.0,0.0,0.0,0.0,-0.007282020909712882,0.004801325944409814,0.0011602909374493632
2014-12-09,0.0,0.0,0.0,0.0,-0.007422240492864584,-0.0016219956766262576,-0.00045185965647868975
2014-12-10,0.0,0.0,0.0,0.0,-0.009099339190186358,0.00061526377916935,-0.005823031575378917
2014-12-11,0.0,0.0,0.0,0.0,-0.000890224159683229,0.0018396865103815225,0.0018474381987056312
2014-12-12,0.0,0.0,0.0,0.0,0.015834202022566364,0.003540527219442093,-0.0023647285010490156
2014-12-15,0.0,0.0,0.0,0.0,-0.0072961501879729995,0.0053342756339857305,0.002125841384525958
2014-12-16,0.0,0.0,0.0,0.0,0.01012464324295358,0.006902241565881809,0.0009889046159342477
2014-12-17,0.0,0.0,0.0,0.0,-0.013816621567489279,0.005909042611424581,0.015530735767633199
2014-12-18,0.0,-0.01879467284789341,0.0,0.0,-0.0006042013961539911,-0.0044256526985670215,0.002740837755452492
2014-12-19,0.0,-0.0032115127856505396,0.0,0.0,0.0,0.0074747981791132186,0.009229232297483179
2014-12-22,0.0,-0.003462164977471035,0.0,0.0,-0.0006198412698412699,0.013943274997417926,0.012819534073411257
2014-12-23,0.0,-0.0010226980070834242,0.0,0.0,0.016549554615717988,-0.016449080000242942,-0.01314763299225162
2014-12-24,2.1432291195526883e-05,-8.143279482879825e-05,0.0,0.0,-0.00043880120503713186,0.003401154896637412,0.003603844053630124
2014-12-26,9.019421670419376e-06,0.001789354340239574,0.0,0.0,0.0021641015361192335,-0.0014582010421555953,0.0005775000805048618
2014-12-29,0.00023105837641524394,0.0009243568742351572,0.0062296066620382146,0.0,0.006828810522083221,0.011737520142065711,0.01004747626295802
2014-12-30,0.00025010371304909996,-0.003697659470423014,0.002263272794366832,-0.0050024338976597344,0.002263272794366832,-0.005977473292615783,-0.004722690881730065
2014-12-31,0.0003862875841113324,-0.006837109187485644,0.002263152542612292,-0.0014522855565654855,0.002263152542612292,0.006004074118622483,0.002294369909355094
2015-01-02,-3.275425861017595e-05,-0.0003698001482852542,-0.0005993214365333764,-0.0005048845417866641,-0.0005993214365333764,0.01569662206051893,0.014240091651389508
2015-01-05,0.0,-0.012441724669853757,0.0,0.0,0.0,0.0037579839280583414,0.00437718913933794
2015-01-06,0.0,-0.006490196828310328,0.0,0.0,0.0,0.0024483903840223204,0.004479162628489748
2015-01-07,0.0,-0.00020605318059958893,0.0,0.0,0.0,0.004910232845608807,0.007508716545199897
2015-01-08,0.0,0.0,0.0,0.0,0.0,-0.0004042516431071881,0.0012288061508537432
2015-01-09,0.0,0.0,0.0,0.0,0.0,0.0028510592482060564,0.0028970972827135674
2015-01-12,0.0,0.0,0.0,0.0,-0.007661823565402036,0.0034170698995769316,0.0035997292359916263
2015-01-13,0.0,0.0,0.0,0.0,-0.0018727571189895084,-0.004857207297556127,-0.002381595894891827
2015-01-14,0.0,0.0,0.0,0.0,-0.00022710451611438156,0.0086522176675579,0.005331732434298787
2015-01-15,0.0,0.0,0.0,0.0,0.0164954893549815,0.007985636453920678,0.004475885874678374
2015-01-16,0.0,0.0,0.0,0.0,-0.014750523951643252,-0.014827000116890868,-0.010594614976260812
2015-01-20,0.0,-0.0018291430353275298,0.0,0.0,0.004577428808833001,0.00530248938177198,0.004475468308148619
2015-01-21,0.0,-0.0037881439391410105,0.0,0.0,-0.009517715954510111,-0.01341087166789667,-0.00944951377926738
2015-01-22,0.0,-0.011143045498561427,0.0,0.0,-0.0006028816052912633,0.00390178645917446,0.007879889411156804
2015-01-23,0.0,0.00409034892402145,0.0,0.0,0.0,0.015849098598047413,0.014848065444081989
2015-01-26,0.0009069036325493377,-0.0017633029448182284,0.0,0.0,0.003956649134604341,0.0025953714339850193,0.0019947911381852385
2015-01-27,-0.002319500517098085,-0.01058396697775004,0.0,0.0,-0.0027784105282373647,-0.005502055252161346,-0.00782752002659652
2015-01-28,-0.004231927788338773,-0.00984749033047043,0.0064884870205534715,0.0,-0.015418102800173177,0.012039178098044046,0.012198054557461513
2015-01-29,0.002420054402495619,0.007095434597287215,-0.003112175966969298,0.000982801396662205,0.007056387317322545,0.008853547422290315,0.006198825545894023
2015-01-30,-0.004526922242607791,-0.00965583063809328,0.007684910350218628,-0.0020724852362068755,0.016325896479902957,0.006641893043706269,0.003085517672857043
2015-02-02,-0.00013707235047572935,0.00950692959124107,-0.0002634731590011887,-0.0004732330083309028,-0.002509180609675863,0.0001444146222097642,0.000409767763841144
2015-02-03,0.0,0.011101449979607433,0.0,0.0,-0.01687440432840663,-0.0036066148130126725,-0.010582802167711612
2015-02-04,0.0,-0.0029242632295264984,0.0,0.0,0.003286801771091939,0.002070680219375195,0.004331791458776762
2015-02-05,0.0,-0.00023012901708742526,0.0,0.0,-0.0005990154188017077,0.004098488853178865,-0.002606966999575527
2015-02-06,0.0,0.0,0.0,0.0,0.02174716700770726,-0.013858420153491119,-0.017966530329860265
2015-02-09,0.0,0.0,0.0,0.0,0.0008833548254600476,-0.008177767315643769,-0.006319084136351439
2015-02-10,0.0,0.0,0.0,0.0,0.004985747578020583,0.006964183950112195,0.0016855363526067121
2015-02-11,0.0,0.0,0.0,0.0,0.0007162564138095116,3.3779981605475556e-05,0.0006745620037541449
2015-02-12,0.0,0.0,0.0,0.0,-0.0006162378029055642,0.0040022934224714915,0.002415704936060854
2015-02-13,0.0,0.0,0.0,0.0,-0.007356587153780793,-0.003658843822583238,-0.005266768988613596
2015-02-17,0.0,-0.001328228633004057,0.0,0.0,-0.01418657090008921,-0.003231775908071865,-0.008688281759797592
2015-02-18,0.0,-7.536008076036508e-05,0.0,0.0,0.009580706340571227,0.009765640663379446,0.009743402079878737
2015-02-19,0.0,0.0004951066615021673,0.0,0.0,-0.005056003791823255,-0.0033363760150974795,-0.00536349864812411
2015-02-20,0.0,-0.004237048839289386,0.0,0.0,-0.0006015231647147832,0.006294507370562457,0.005248931618315677
2015-02-23,0.004404779823323053,9.021129443499691e-05,0.0,0.0,-0.009815704614119989,0.005652956897005517,0.008022232751472411
2015-02-24,0.005413854475056337,0.0015761251232247536,0.0,0.0,-0.013290499193484915,0.005505439389862119,0.007296325856511799
2015-02-25,0.0014162793502886554,-0.0005989350394716691,0.0009185346396705391,0.0,-0.00188913489967939,-0.0013922750801328523,-0.0007845973513466744
2015-02-26,-0.005583602913887422,-0.0008321734664005311,-0.008696866939762921,-0.01007746770937755,-0.002123896175422394,-0.000867911316687594,-0.003027105020120208
2015-02-27,0.005516166249393649,-0.0023974343660299225,0.00519084056561106,-0.0007327805295129125,0.00655689556581013,0.00020950462675070142,0.003927148651836724
2015-03-02,-0.00047188412354391045,0.004442013811109026,-0.00043903785446658714,-0.0004739668930292143,-0.014890958565279519,-0.0034048547977805718,-0.0038801992382930936
2015-03-03,0.0,-0.002889086104764798,0.0,0.0,-0.004318586391060676,-0.00299507247099054,-0.004436164651237149
2015-03-04,0.0,-0.0029669283155317645,0.0,0.0,0.0010414159574146315,0.000913415765872363,-0.0008537966255297661
2015-03-05,0.0,-0.0002108427162048664,0.0,0.0,-0.0004683775434037966,0.002333008302247916,0.002772604245279235
2015-03-06,0.0,0.0,0.0,0.0,0.0,-0.014393906344224829,-0.018182428074411738
2015-03-09,0.0,0.0,0.0,0.0,-0.009911531955313722,0.005572602852581516,0.0060184361107209665
2015-03-10,0.0,0.0,0.0,0.0,-0.008523322436249156,0.0065886564500127745,0.0019011792720925935
2015-03-11,0.0,0.0,0.0,0.0,-0.003599130358308057,0.008330614818433309,0.00933230823092367
2015-03-12,0.0,0.0,0.0,0.0,-0.0005626052419940144,0.0018041212672233657,0.005024738658248264
2015-03-13,0.0,0.0,0.0,0.0,-0.003580664379992474,-0.0003723363184439585,-0.0021092044121362005
2015-03-16,0.0,0.0,0.0,0.0,0.00693975118509607,0.0040181527024928726,0.007173104779992793
2015-03-17,0.0,0.0,0.0,0.0,0.004108446184249048,0.0046459127044735865,0.005363589275533362
2015-03-18,0.0,0.0,0.0,0.0,0.02295473882942654,0.00975113919474331,0.014387238439246065
2015-03-19,0.0,0.0029303376066374285,0.0,0.0,-0.0005932670721863139,-0.00040988294483491487,-0.0016176426694857154
2015-03-20,0.0,-0.00609520960856549,0.0,0.0,0.0,-0.0010773600402130838,0.003379703509429302
2015-03-23,0.0,0.0013329784753534932,0.0,0.0,-0.0032075961283853024,-0.007236620536139318,-0.0064402523234185554
2015-03-24,0.0,0.0038658957598596503,0.0,0.0,-0.006110147671398839,0.005684941944592597,0.004886851563280905
2015-03-25,-0.0004177342922480609,0.010094483893190525,0.0,0.0,0.008615977901360105,-0.01505678917440746,-0.018867246174904848
2015-03-26,0.000380472294668271,-0.002218610424878323,0.0,0.0,-0.001986758963947948,-0.010444126722147583,-0.011737941486510518
2015-03-27,-0.00023227062483377182,0.0017200684431914574,0.006575899285596967,0.0,0.007265968211741888,0.009781701386105564,0.010283928693506384
2015-03-30,0.0006416784947587441,0.00917105817177558,-0.00017344427833829618,0.007094986331875702,-0.00019019226721264974,0.010591952092076015,0.013543803015955098
2015-03-31,-0.0006883951968829062,-0.006572434082100025,0.004732294145881885,0.0014033836199693894,0.005178362660100328,0.004356882923731208,0.0017855690369094328
2015-04-01,-4.250409551006131e-05,-0.0026599563582335147,-0.0005471443763820543,-0.00046821285016202896,0.0073029103512559194,-0.0017194692241558043,0.0008823469516129963
2015-04-02,0.0,0.0027039332236622245,0.0,0.0,-0.0004674579797852593,0.0037573368537429214,-0.000912363704529753
2015-04-06,0.0,0.005061172387104357,0.0,0.0,0.0,0.0007332542367677752,0.000651346966191917
2015-04-07,0.0,-0.00022592738783696513,0.0,0.0,-0.0022816617662714572,0.0012712527017040242,0.004237821726699369
2015-04-08,0.0,0.0,0.0,0.0,0.0018193685790721438,0.00929433109034829,0.009134627312003988
2015-04-09,0.0,0.0,0.0,0.0,-0.0008853976155135274,0.0017761818888635827,-0.0020680717988017534
2015-04-10,0.0,0.0,0.0,0.0,-0.001136967931047893,-0.004132950394282535,-0.0006163312179356225
2015-04-13,0.0,0.0,0.0,0.0,0.004069487190389989,0.002560866503609679,0.0016469826314112815
2015-04-14,0.0,0.0,0.0,0.0,0.005906820772829281,0.004033687181491941,0.0026070416823327073
2015-04-15,0.0,0.0,0.0,0.0,0.0011005034751198643,0.0007690525197057472,-0.0004123697811986292
2015-04-16,0.0,0.0,0.0,0.0,-0.0005996692091699586,0.0019449846579026424,-0.002680238004644779
2015-04-17,0.0,0.0,0.0,0.0,0.0,-0.005236356176265091,-0.004487482061087464
2015-04-20,0.0,-0.007673018824106551,0.0,0.0,0.0,0.008193533304697753,0.006834736105479842
2015-04-21,0.0,0.0009548234897709363,0.0,0.0,0.0,-0.0021627052619768742,-0.0022266248819664703
2015-04-22,0.0,-0.004000725406736391,0.0,0.0,0.0,0.004336744073999633,-0.0022514130381640963
2015-04-23,0.0,-0.0020544898009877484,0.0,0.0,0.0,0.0007872832587592566,0.0008543770906221736
2015-04-24,0.000490465997337541,-0.0018942002457572756,0.0,0.0,0.0,0.008442745811660251,0.008535589271897723
2015-04-27,0.0002356197422871231,-0.003982922364319457,0.0,0.0,0.0025075128937129504,-0.014895752424611419,-0.010388385241458365
2015-04-28,-0.0018621656155561163,0.0026646426397533905,-0.006880450381127917,0.0,0.009195803582851084,-0.007719283681491501,-0.010911107344271918
2015-04-29,-0.0003896286502393345,-0.003450829510259681,-0.005190783315623083,0.005167436555885992,-0.0016241421492153116,-0.007148764158844905,-0.014488299104094075
2015-04-30,0.0015799506406141534,-0.008402434011554263,-0.00039354919499845595,0.005950496617579703,-0.0010838027690745135,-0.0009457499233040205,-0.006681224868810821
2015-05-01,-0.0001357365076984267,0.00908994457088494,-0.0004203377125016945,-0.000535345711779238,-0.010933304124654996,0.004077581873723681,0.0017644724176484109
2015-05-04,0.0,0.0023860132264424973,0.0,0.0,-0.004125833899090138,-0.0032403912673713217,-0.0033985182466822438
2015-05-05,0.0,-0.009602636926246053,0.0,0.0,-0.0030831807524013583,-0.010174126994807053,-0.013915088138978819
2015-05-06,0.0,-0.0002510778796670008,0.0,0.0,-0.0005362754564579202,-0.010085901482128267,-0.010825266243414433
2015-05-07,0.0,0.0,0.0,0.0,0.0,0.008804840110671746,0.010869952914944943
2015-05-08,0.0,0.0,0.0,0.0,-0.00833620159534125,0.014929502853399385,0.01473647255626082
2015-05-11,0.0,0.0,0.0,0.0,0.019648414934500986,-0.014338755107231546,-0.014414301258116748
2015-05-12,0.0,0.0,0.0,0.0,-0.0015524615989723298,-0.0036740459296645007,-0.004933997866452208
2015-05-13,0.0,0.0,0.0,0.0,0.002624401853232778,-0.00960254709271736,-0.007729093321465073
2015-05-14,0.0,0.0,0.0,0.0,-0.001288906067503315,0.01011652512090209,0.010225250045533148
2015-05-15,0.0,0.0,0.0,0.0,0.013673876690899419,0.007950316959904518,0.00909168138387435
2015-05-18,0.0,-0.0031321121156929303,0.0,0.0,-0.013497051105466054,-0.003614545917363486,-0.005310993163912771
2015-05-19,0.0,0.00028912140079679174,0.0,0.0,-0.00887133005733231,-0.00010789619205499392,0.0013160247253520584
2015-05-20,0.0,0.0006352709948840117,0.0,0.0,0.004353883122804747,0.0008631931990037446,0.0019433842820237234
2015-05-21,0.0,-0.002679634619962723,0.0,0.0,-0.0005986982271542551,0.005140132393302411,0.005441007996221728
2015-05-22,-0.0006204682150023671,0.002177356653159193,0.0,0.0,0.0,0.0014866753149321776,0.0010928049706864114
2015-05-26,0.006155762822177036,-0.010459363640813171,0.0,0.0,-0.013056658753198312,0.0023486983903795635,0.0017351962203067065
2015-05-27,-0.003069129967630188,0.00874708343090318,-0.0008121368067690219,0.0,0.0010888178961029433,0.007046866468094977,0.009751382386680817
2015-05-28,0.0007781640412181888,-0.0010402840609814456,0.0008818750180972882,0.002295108268622669,2.6153219535261867e-06,-0.0022981281265123652,-0.004133609553808129
2015-05-29,0.0020951581119056455,-0.0057262373936586945,0.0005284354878434236,0.002033550761067249,0.0008055534192281125,-0.0012603290692408675,-0.00541441498802387
2015-06-01,-0.0002318852869826946,0.0018760936196775,-0.00028266205897819834,-0.0005558221166403103,-0.008826043521492875,0.00406710291175017,0.002634390887256021
2015-06-02,0.0,-0.0009148581287098931,0.0,0.0,-0.013928808212931349,-0.014762788524900228,-0.013351294399065216
2015-06-03,0.0,0.0024407339801044625,0.0,0.0,-0.015969373268236758,-0.004372263832825763,-0.003844826111131247
2015-06-04,0.0,-0.00027652803933193507,0.0,0.0,-0.0005644145309431451,0.011535343159882788,0.005957242063762362
2015-06-05,0.0,0.0,0.0,0.0,0.0,-0.0028738347353415464,-0.002158447938612484
2015-06-08,0.0,0.0,0.0,0.0,-0.0034959837967266966,-0.0030968391481154467,-0.006148790009701681
2015-06-09,0.0,0.0,0.0,0.0,0.006480063402684273,-0.00681005286152755,-0.006073930381031036
2015-06-10,0.0,0.0,0.0,0.0,0.0076495532716167654,-0.007301436502630763,-0.002198206248564836
2015-06-11,0.0,0.0,0.0,0.0,-1.9871956257452227e-05,0.01254826686414445,0.012036200585043602
2015-06-12,0.0,0.0,0.0,0.0,-0.001726224286536322,0.0005387902049717593,-0.0030654592200388717
2015-06-15,0.0,0.0,0.0,0.0,0.004780323876913937,-0.0019059845302068915,-0.0037932720750139793
2015-06-16,0.0,0.0,0.0,0.0,0.007629737762265674,0.008525547074758106,0.00884697074592883
2015-06-17,0.0,0.0,0.0,0.0,0.0011373666809918206,-0.004418943200807198,-0.004045621603325493
2015-06-18,0.0,-0.010488705554197713,0.0,0.0,-0.0005996582599581146,0.0005740547951073729,0.0039374860694561635
2015-06-19,0.0,0.004329932313853485,0.0,0.0,0.0,0.007568921019952756,0.005514232728873922
2015-06-22,0.0,-0.005030818345507571,0.0,0.0,0.016207805070591344,-0.011893278304740757,-0.006882758055633898
2015-06-23,0.0,-0.0007073588169701066,0.0,0.0,0.0060661411033620044,-0.001984459717891079,-0.00035463853732008177
2015-06-24,0.002578012998113697,0.007099936419782377,0.0,0.0,-0.005958632673348757,0.0025963592789835094,-0.00032314093761448044
2015-06-25,-0.00017421293427710222,-0.003643907721343609,0.0,0.0,-0.001368011893620782,-0.0044332982321507765,-0.004646118844114982
2015-06-26,-0.0016616139421139172,-0.00019155120174723297,-0.010161808241873925,0.0,-0.010079653330071566,-0.0032146914325472424,-0.003588926199381295
2015-06-29,0.009051771784579403,-0.02105237846448274,0.023244716245882178,-0.010593427923080012,0.023244716245882178,0.007422721127997998,-0.0025592883556199166
2015-06-30,-0.0014769375984473576,0.0021012216646338865,-0.005516148680093822,0.0028068748555685995,-0.005516148680093822,-0.0037200906732441216,6.238097452711078e-05
2015-07-01,-0.0001772820409934819,0.008046022949411888,-0.0006016617152456036,-0.0005406390806835354,-0.009106817307950462,0.008401644559916387,0.009527358024419947
2015-07-02,0.0,-0.0009198027522175302,0.0,0.0,-0.0005198389773098497,-0.007054504494362683,-0.002630184360638925
2015-07-06,0.0,-0.0028577287959466106,0.0,0.0,0.0,0.013669733527533996,0.01618290722145773
2015-07-07,0.0,-0.00030116313787742607,0.0,0.0,-0.00593332159297769,0.01017083069149583,0.014461191808987374
2015-07-08,0.0,0.0,0.0,0.0,-0.00797519520939004,0.014246635324564313,0.0022694156292454633
2015-07-09,0.0,0.0,0.0,0.0,-0.0011178431515705945,-0.011446440124556126,-0.013267903266106494
2015-07-10,0.0,0.0,0.0,0.0,-0.01443592319672638,-0.013722052857745947,-0.009546658535072939
2015-07-13,0.0,0.0,0.0,0.0,-0.0053580643706386075,0.0023869240890791368,0.007545496202192447
2015-07-14,0.0,0.0,0.0,0.0,0.006323522131519082,0.0005638973595787278,0.004431109687517469
2015-07-15,0.0,0.0,0.0,0.0,0.007636774587474796,0.0056269704321276716,0.008692036710874644
2015-07-16,0.0,0.0,0.0,0.0,-0.0005977253049124951,-0.0032623402644977144,0.005895491674802774
2015-07-17,0.0,0.0,0.0,0.0,0.0,0.00601758461205795,0.007392051798389629
2015-07-20,0.0,0.0,0.0,0.0,0.0,0.00997662368621542,0.009277505496107534
2015-07-21,0.0,0.003330936561910512,0.0,0.0,0.0,-0.0005656634622131286,-0.0016934204102502055
2015-07-22,0.0,0.0016308823235287144,0.0,0.0,0.0,0.010541921396921708,0.009533145230072934
2015-07-23,0.0,0.00514085895556085,0.0,0.0,0.0,0.0022227013937700765,0.0016713079192973942
2015-07-24,0.0,0.009478733853475613,0.0,0.0,0.0,0.006625621730882504,-0.0005405155128894838
2015-07-27,0.001047545791756904,0.005308489969747004,0.0,0.0,-0.00723611416256098,0.009604229927640704,0.005205136069799887
2015-07-28,-0.0017367383380558477,0.010602972143984596,0.0,0.0,0.005626051176819361,-0.00716175187193768,-0.0032666690676701896
2015-07-29,-0.0009479654243407028,0.006241601220330067,-0.002294655737159417,0.0,0.00281012633399542,-0.007779792813802051,-0.002609110042361308
2015-07-30,0.00014914250119114452,0.00021276951317197014,0.0015101063636315957,0.0005404646778571231,-0.00039253719801917526,0.0014934532817793694,0.004650697878092159
2015-07-31,0.0010670725264505484,-0.0013802733847327576,0.007814665187874634,-0.0010625813236645216,0.011186019181210989,-0.00483756998564515,0.003064079378415438
2015-08-03,-7.832531645378255e-05,-0.003064877968716133,-0.00039956919712240527,-0.0005049341738925707,0.006087568257080993,0.009072130925067963,0.008736598058969397
2015-08-04,0.0,-0.0017767121036918103,0.0,0.0,-0.010326029586409945,-0.005446750356055006,-0.004555841991013253
2015-08-05,0.0,0.0029882366710611125,0.0,0.0,-0.0064338976420922605,-0.0005649311131446483,-0.001193325494159059
2015-08-06,0.0,-0.00027238303753797057,0.0,0.0,-0.0004912634604909244,-0.005304698276845146,-0.005401696864497902
2015-08-07,0.0,0.0,0.0,0.0,-0.008542179832779483,0.00025791339056755526,-0.0005886153286168497
2015-08-10,0.0,0.0,0.0,0.0,0.008246815912030667,-0.005944601210081477,-0.008624517341082223
2015-08-11,0.0,0.0,0.0,0.0,-0.013232583214528935,-0.0011729635950404934,0.001853594743794386
2015-08-12,0.0,0.0,0.0,0.0,0.0007225323181099081,-0.005750804484395415,-0.0031410855365769583
2015-08-13,0.0,0.0,0.0,0.0,-2.012603917793796e-05,0.00048410970776576395,0.0008510885890096835
2015-08-14,0.0,0.0,0.0,0.0,-0.0027357821934165588,0.005163299440541138,0.005666676456997661
2015-08-17,0.0,0.0,0.0,0.0,0.003568522035734376,0.00695516437516288,0.008164761029651824
2015-08-18,0.0,0.0,0.0,0.0,-0.0032017102742667347,-0.0024661986032740234,0.0018845283659372626
2015-08-19,0.0,0.007060263486912994,0.0,0.0,0.012226718868273277,-0.006363721500547921,-0.004697079863905524
2015-08-20,0.0,0.019395364822122122,0.0,0.0,-0.0005963748469821943,-0.01845492406330588,-0.015081769432811159
2015-08-21,0.0,0.027960221135510464,0.0,0.0,0.0,-0.011268423796436118,-0.010031839651037992
2015-08-24,0.0,0.039115291381961605,0.0,0.0,-0.003962944905669163,-0.01694505553634771,-0.015023725504814643
2015-08-25,-0.001264485698891882,0.010908048504114191,0.0,0.0,0.010922325911038264,-0.006744468591103544,-0.00908507522166395
2015-08-26,0.0260990861135191,0.02464238821073279,0.0,0.0,0.012279047026408096,0.024378718229486965,0.02569592726154459
2015-08-27,0.013473013356669264,0.01617514590881819,-0.0014424600249642614,0.0,-0.0013754637335688512,0.006518941165206649,0.0037128689258803978
2015-08-28,-0.0001734940138547231,2.9732735862277558e-05,0.000308402227282169,-0.0046106798411682266,4.286547143169436e-05,-0.0023999188184723264,-0.0017922983692114235
2015-08-31,-0.00258529644673882,-0.005286737584694042,-0.002821257562819412,0.001963529614044874,-0.0033848275239376684,-0.009864158408733921,-0.012699066136144695
2015-09-01,-0.0004499421261429608,-0.019524560853228613,-0.0005006712800927023,-0.0004524304128067542,0.008980804090279227,-0.004257760320433211,-0.001738619102984452
2015-09-02,0.0,0.012412690478856672,0.0,0.0,-0.0048251525346113405,-0.0011514630930484328,0.0020878013148513835
2015-09-03,0.0,0.00046685267765336216,0.0,0.0,-0.0005250567339259353,-0.003047264847918461,-0.0008366375163757655
2015-09-04,0.0,-0.00019627678624489084,0.0,0.0,0.0,0.014425456878402616,0.007093114130709136
2015-09-08,0.0,0.0,0.0,0.0,0.008167824497074995,-0.008080798132567275,-0.004298926654173877
2015-09-09,0.0,0.0,0.0,0.0,-0.0007796939427766288,0.005411145604611341,0.002807149502593851
2015-09-10,0.0,0.0,0.0,0.0,-0.0007949304634533717,-0.0037924411173642196,-0.004382914158296516
2015-09-11,0.0,0.0,0.0,0.0,0.004688399495307046,-0.0015278324795243879,-0.0009351271015065443
2015-09-14,0.0,0.0,0.0,0.0,0.0018693780311677785,0.0039052878544371767,0.004210647770483982
2015-09-15,0.0,0.0,0.0,0.0,-0.01575473069430002,-0.0039048525116913264,0.0033385942388548966
2015-09-16,0.0,0.0,0.0,0.0,-0.0005758915106622267,-0.01596859295262011,-0.010705466957578813
2015-09-17,0.0,0.0,0.0,0.0,-0.0006001699951009521,-0.0042929256595071715,-0.008723817149885689
2015-09-18,0.0,0.007858676183724093,0.0,0.0,0.0,0.006374593714583629,0.004077775539858902
2015-09-21,0.0,-0.0025428067466851424,0.0,0.0,0.010758529882994819,-0.005129069495419231,0.002351168121116814
2015-09-22,0.0,0.006356562282156553,0.0,0.0,-0.009980212786011617,0.011736042674411876,0.00993180540357131
2015-09-23,0.0,0.0007753069874025375,0.0,0.0,0.002208608163155037,0.0011134795782143595,0.0018369254287324934
2015-09-24,-0.0009467967313262797,0.0017667526619654773,0.0,0.0,0.0005430739794959049,-0.001360914332220998,-0.0036140273478776084
2015-09-25,0.0007793052883072579,-0.00041741386572743673,0.0,0.0,-0.005538228838608204,-0.006133697139334159,0.0005430969105946802
2015-09-28,-0.004253553821706886,-0.012184114836036186,0.00843740902100037,0.0,0.01141214718528414,0.013140773654370653,0.012748381584567939
2015-09-29,-0.0010132013389075178,0.0002821413305152536,0.005370298028327546,0.001275430925395738,0.006881306853861474,-0.004645040241535487,-0.0037676206252652018
2015-09-30,0.0017840895665163627,0.009058079907430919,0.00028824602023964403,-0.0040651719909688975,0.0003392022498086717,-0.0011979750419437245,-0.00015239506467657371
2015-10-01,-0.00012291304063490716,0.0012655826368180615,-0.00046810158655080246,-0.00046908141575731127,-0.0005792351673293691,0.005826865133430654,0.001065433652960384
2015-10-02,0.0,0.007251529904513005,0.0,0.0,0.0,-0.007449962886196289,-0.008796860321103125
2015-10-05,0.0,0.008637533212940487,0.0,0.0,0.010456053555631464,-0.014736063020193984,-0.010492946130906643
2015-10-06,0.0,-0.00014696120311117272,0.0,0.0,-0.004118856997415806,-0.01079218639209169,-0.00859548839022874
2015-10-07,0.0,0.0,0.0,0.0,0.0049761061957951935,-0.010440564336530914,-0.004279929542501574
2015-10-08,0.0,0.0,0.0,0.0,-0.0008337824543214815,-0.005680896631000086,-0.003662558243379889
2015-10-09,0.0,0.0,0.0,0.0,0.0005401642991111855,-0.0015681709053884055,-0.0033444885802079534
2015-10-12,0.0,0.0,0.0,0.0,0.006700286487963546,0.005942180602016687,0.006007130563869208
2015-10-13,0.0,0.0,0.0,0.0,0.0018514829294226877,0.0053427266620017485,0.0006909682745344099
2015-10-14,0.0,0.0,0.0,0.0,0.010936089609864917,-0.002899069287752406,-0.005722783328196389
2015-10-15,0.0,0.0,0.0,0.0,-0.0005967545014068066,-0.002902950152839832,0.001306896054228385
2015-10-16,0.0,0.0,0.0,0.0,0.0,-0.002036855532869242,0.0022668036354254943
2015-10-19,0.0,0.0,0.0,0.0,0.0,0.005440980162602835,0.006990908561589427
2015-10-20,0.0,0.0004509860391489915,0.0,0.0,0.0,-0.001484225981711717,-0.0047040650866851715
2015-10-21,0.0,0.002887992526725193,0.0,0.0,0.0,0.003548748946989962,0.007764627183689227
2015-10-22,0.0,-0.007886429561999846,0.0,0.0,0.0,-0.0024649563365320044,0.0018361983274411266
2015-10-23,0.0,-0.005121408748530165,0.0,0.0,0.0,0.0003085874970726445,-0.0024226613061349937
2015-10-26,0.002906085209646522,0.0011386414762491962,0.0,0.0,-0.005832394166316677,0.0030037684826141066,0.003253449969681137
2015-10-27,0.0030468925909683696,-0.0011690980606462197,0.0,0.0,-0.005037645427829705,0.005745314713666583,0.0025191704587032887
2015-10-28,-0.00831250410912572,0.005242381979903299,-0.004920176467652835,0.0,0.010341576328097462,-0.0044306156601068005,0.001132853836910998
2015-10-29,-0.0060515282759122865,-0.0002667562781933127,-0.005512043361705401,-0.0027472177737767815,0.0010246622676530178,0.006085535675544508,-0.0018153504056833273
2015-10-30,0.003144273132992736,-0.001988234949888951,0.001760999021588305,-0.0030895908462409746,0.003251906622351421,-0.004132523932514238,-0.0011781207950026015
2015-11-02,-0.0003829575143317927,0.0054519343544439805,-0.00026916357552649414,-0.0004969391659570563,-0.005752812022917962,0.0027883395001396896,0.0014371758924777956
2015-11-03,0.0,0.0013345655513462328,0.0,0.0,-0.0052629845949795275,0.003091877770506283,-0.0008700630792737274
2015-11-04,0.0,-0.0013994017622903025,0.0,0.0,-0.0011292327189941806,0.005999144841749797,0.008260589382315399
2015-11-05,0.0,-0.00013806404465562287,0.0,0.0,-0.0010324226423609232,0.003551860293595779,0.00457994348171433
2015-11-06,0.0,0.0,0.0,0.0,0.01256682737375462,-0.0004995763221215485,0.0021554673902707
2015-11-09,0.0,0.0,0.0,0.0,0.003391424764883345,-0.005985315720841015,-0.0014347039155096736
2015-11-10,0.0,0.0,0.0,0.0,-0.0038176811595447653,0.006381844049740733,0.00743107389592927
2015-11-11,0.0,0.0,0.0,0.0,-0.0004149721443866834,0.000312263125677502,7.896956199203628e-05
2015-11-12,0.0,0.0,0.0,0.0,-0.00014129257686208206,-0.002826152764641751,0.0005802873440970526
2015-11-13,0.0,0.0,0.0,0.0,0.006906778095313968,0.002288516143345464,0.0035312365031810204
2015-11-16,0.0,0.0,0.0,0.0,0.002632618406276397,0.004114071139773843,0.001808023252097437
2015-11-17,0.0,0.00019362465475544356,0.0,0.0,-0.0005783875113881554,0.005880191559418717,0.003835976840860013
2015-11-18,0.0,-0.0072695416288675345,0.0,0.0,-0.0009549058682160995,0.0044133644164021085,0.002814110079917967
2015-11-19,0.0,0.00038821387868869666,0.0,0.0,-0.0006002838318864182,-0.002347871110987236,-0.0013143566467677707
2015-11-20,0.0,-0.0016726824126837335,0.0,0.0,0.0,0.004117111860707386,0.00473961211242645
2015-11-23,0.0002037516253082908,0.0005216059075923477,0.0,0.0,-0.003256663321759016,0.0036868335322945687,0.003909954505213366
2015-11-24,9.459205198062532e-05,0.0004070556824621618,0.0,0.0,-0.0018986770945257341,-0.003812554382986097,-0.004628619252466914
2015-11-25,9.754981417568886e-05,-7.95816564752882e-05,0.000514852536544217,0.0,-0.0005179987811657799,0.004849101844770347,0.0039619142147360575
2015-11-27,0.00011818095167165599,0.0006004147052123974,0.002055617031063143,-0.000850745146348465,0.0015535365698002524,0.007504879991604302,0.007655927936865568
2015-11-30,0.0002424154693580905,-0.0021918091174100234,0.00073511270275397,0.0002790742309855728,0.00073511270275397,-0.0014979567339111937,-0.0003263127355486281
2015-12-01,-6.236496961322028e-05,0.005018881437170791,-0.0005997742122899088,-0.0006162640907879315,0.010619655389410333,8.880022895745222e-05,-0.0035865121038076778
2015-12-02,0.0,-0.005381269423165755,0.0,0.0,-0.005637320267176157,0.007663979767800409,0.005422919240833291
2015-12-03,0.0,-0.00738185759290473,0.0,0.0,-0.0006016947692256548,-0.014736585193192946,-0.015458021823328094
2015-12-04,0.0,-0.00015698894149679347,0.0,0.0,0.0,-0.00421564533095313,0.0024834855204258223
2015-12-07,0.0,0.0,0.0,0.0,-0.0070295832347750595,0.014501381076241542,0.011486290920721268
2015-12-08,0.0,0.0,0.0,0.0,-0.001139268148905813,0.004564538335206109,0.005835119015239651
2015-12-09,0.0,0.0,0.0,0.0,-0.003017304439779115,-0.002109458432063401,-0.005864837663958864
2015-12-10,0.0,0.0,0.0,0.0,-0.000815388613679477,0.002617689902223046,0.00574249474489433
2015-12-11,0.0,0.0,0.0,0.0,0.015431762980999908,0.008406259462671182,0.006841821781522947
2015-12-14,0.0,0.0,0.0,0.0,-0.014800032905319385,0.005539242563693221,0.008823202843473578
2015-12-15,0.0,0.0,0.0,0.0,-0.005110346637456097,-0.001122829924767067,-0.0019071182334938898
2015-12-16,0.0,0.0,0.0,0.0,-0.005311053788839959,-0.007452139930781488,-0.0029856170445620063
2015-12-17,0.0,0.0,0.0,0.0,-0.0006015948612571075,0.01627166966500133,0.012213605692500335
2015-12-18,0.0,0.011401945089099447,0.0,0.0,0.0,-0.00927194621092439,-0.010764920700616947
2015-12-21,0.0,-0.005378732513254694,0.0,0.0,0.0,-0.003493614955803837,0.0006292931174695964
2015-12-22,0.0,-0.005913243806714879,0.0,0.0,0.0,-0.0006806673815558624,-0.0020005084298266927
2015-12-23,0.0,-0.008069333029598533,0.0,0.0,0.0,-0.0054460202266839825,-0.004521942565860991
2015-12-24,-0.0008646327380936259,0.00106790921780503,0.0,0.0,0.0,-0.002036136164667859,-0.0029145266243960936
2015-12-28,-0.0003081238212561955,-0.0018389894061090289,0.0,0.0,0.0,0.011254458892747192,0.008912002448735464
2015-12-29,0.002768939794837365,0.006756720115098073,-0.009256253241483063,0.0,0.009961285534508561,-0.0030308292852517555,0.0006089898294240959
2015-12-30,-0.0008884550772364808,-0.004497179371185819,0.0006116381578700268,-0.0014958498136342676,-0.0005676614488532705,0.004329160150539158,0.0007123792828136709
2015-12-31,-0.0014365422389214337,-0.006343713533840919,0.0018730684081315805,-0.0002469772446277771,0.0017609923840310503,-0.00041132060226664564,-0.002856845605072395
2016-01-04,-0.00012405425983851397,-0.00886474569943843,-0.0004961619822998859,-0.000590607594056449,0.008504634111352778,5.360002312018116e-05,0.0004067642469578958
2016-01-05,0.0,0.0010658031702202506,0.0,0.0,-0.0005846378530861744,0.0007936517614698717,0.00379996217045347
2016-01-06,0.0,-0.007999114835047855,0.0,0.0,0.012058575254807217,0.0020386601056463934,-0.0014362813102824835
2016-01-07,0.0,-0.00018921973388685395,0.0,0.0,-0.0005964205991733104,-0.004681426915248593,-0.004136568302965545
2016-01-08,0.0,0.0,0.0,0.0,0.0,0.005810309531035474,0.004447160410793741
2016-01-11,0.0,0.0,0.0,0.0,0.005739989231760394,0.008297881077077525,0.01241089205376595
2016-01-12,0.0,0.0,0.0,0.0,-0.009001497180007137,0.0040128547554841515,-0.0005534881001400346
2016-01-13,0.0,0.0,0.0,0.0,-0.007842247819847789,-0.0055030119219585645,-0.005301939350801154
2016-01-14,0.0,0.0,0.0,0.0,-0.0008160445523694718,0.005583528060974467,0.006838098016608479
2016-01-15,0.0,0.0,0.0,0.0,0.008711279616710907,0.01015070186813023,0.0062417888120134095
2016-01-19,0.0,-0.000986815200560211,0.0,0.0,-0.0026166399716142834,-0.0004771105756695242,0.00356817625211469
2016-01-20,0.0,0.007742826190832181,0.0,0.0,0.009808284908776877,0.00383722731504491,-0.0016518932293581685
2016-01-21,0.0,-0.003389337060019728,0.0,0.0,-0.0050081080644445684,-0.006065914101946748,3.077852032662725e-05
2016-01-22,0.0,-0.012399264704939392,0.0,0.0,-0.0006015023759789817,-0.009964982852630073,-0.0063595107018999016
2016-01-25,-0.015577432031743391,0.009129195321205147,0.0,0.0,-0.007273423561090675,0.004206783994983826,0.0025603448060252504
2016-01-26,0.006722097788007146,0.007460496204069338,0.0,0.0,-0.001483198415813604,-0.01225928557885667,-0.01098118235747148
2016-01-27,-0.007748709101289935,-0.006243477410303419,0.0004010775774725019,0.0,-0.0014769599940015032,-0.009097788203284697,-0.006028070071763149
2016-01-28,0.0007669169686919477,0.002975837175824282,0.001203459945111873,0.000284827590304625,-0.0002847951866757996,0.00024362585464720264,-0.002216298050477408
2016-01-29,0.00487434829133463,0.013958789345354576,0.0050208821840079685,-0.017009069660274375,0.010160700894878893,-0.002538808734695896,-0.004623865855782635
2016-02-01,-0.0007144937741265346,-0.00021669418294706258,-0.00028259681786415246,-0.0005764748980506857,-0.004638842250943788,-7.399579621455463e-06,0.0007589151333238436
2016-02-02,0.0,-0.010333155115388662,0.0,0.0,0.014140068171127482,0.004572537657623486,0.007633580286518958
2016-02-03,0.0,0.003425827244769186,0.0,0.0,-0.0022223866939043374,-0.014259699630476593,-0.012776915322555971
2016-02-04,0.0,-0.0001723157772606394,0.0,0.0,-0.0006006590461527444,-0.007769563965856788,-0.004568678884811376
2016-02-05,0.0,0.0,0.0,0.0,-0.0031550160165722753,0.00022783938418422095,0.006353264938028746
2016-02-08,0.0,0.0,0.0,0.0,-0.014943735391645004,-0.003245334328527488,0.0029597213197983204
2016-02-09,0.0,0.0,0.0,0.0,-0.00037585366581289564,0.004437425091957715,0.00798727305426892
2016-02-10,0.0,0.0,0.0,0.0,-0.005967516004954285,-0.004469771077297938,-0.003985017755949143
2016-02-11,0.0,0.0,0.0,0.0,-0.0012316682010142187,-0.013469785697630543,-0.00367422556239323
2016-02-12,0.0,0.0,0.0,0.0,-0.01592273234204416,-0.0028213860412970586,-0.00522353553478988
2016-02-16,0.0,0.0,0.0,0.0,-0.005996802648045018,0.014552965581501914,0.005633308792621929
2016-02-17,0.0,-0.008597076229854487,0.0,0.0,-0.004923660311317791,-0.005428106006277217,-0.007912960970210632
2016-02-18,0.0,0.002112920462457301,0.0,0.0,0.009249180321446887,-0.009718858005114307,-0.007562804169866653
2016-02-19,0.0,0.00024127521766068044,0.0,0.0,-0.000597243227644992,0.0018322612811635924,0.0008105371323018679
2016-02-22,0.0,-0.007482845371578745,0.0,0.0,0.0013938037816932584,0.0036983766807611937,-0.0045372206886831416
2016-02-23,-0.0021909838015083953,0.006524356626435762,0.0,0.0,-0.003986308151869866,-0.0038360803845806004,0.0012663643098014719
2016-02-24,0.00048354826870238265,0.0020428787611717304,0.0,0.0,-1.220901052783312e-06,-0.0030911932505491182,-0.002488616619547704
2016-02-25,0.00021807223828999574,0.0062299334135329535,0.005342223811304373,0.0,0.00233760098136112,-0.0026938472056917545,-0.007794165238870133
2016-02-26,0.001492169248804961,-0.0011924482722041674,-0.0097637557740548,-0.008607147309341938,-0.00538097134514504,0.007607956993845275,0.005212450188547855
2016-02-29,-0.001415631685776952,-0.00404528175307531,0.0032320865721570764,0.002709533909992015,0.002965880223595192,-0.007715792549826465,-0.006006797068030723
2016-03-01,-0.00013903886496559724,0.0120975204803007,-0.0005990248122856349,-0.00047841615055875455,-0.015658222979373387,-0.00698279506420083,-0.01569817626919112
2016-03-02,0.0,0.002304766811165359,0.0,0.0,-0.003417560586624009,-0.00384871913170817,-0.003754078807061033
2016-03-03,0.0,0.0020121786733535807,0.0,0.0,0.002173419205784416,-0.0071550589759031506,-0.00578625426417433
2016-03-04,0.0,-0.0001547780871099972,0.0,0.0,-0.000559138010641784,-0.010920479954460273,-0.006466618729232272
2016-03-07,0.0,0.0,0.0,0.0,0.0034328279401864667,-0.006493309743159686,-0.00202750766991076
2016-03-08,0.0,0.0,0.0,0.0,-0.011573857117505377,0.008896416012896226,0.00843218192651996
2016-03-09,0.0,0.0,0.0,0.0,0.007841701528161564,-0.006159887030418936,-0.005077581170882238
2016-03-10,0.0,0.0,0.0,0.0,-0.0013550890179065847,-0.004129255010873699,-0.00293547483413724
2016-03-11,0.0,0.0,0.0,0.0,-0.006270061940891612,-0.012350937873483315,-0.014333820517494352
2016-03-14,0.0,0.0,0.0,0.0,0.001447363134203455,0.0022585384149566147,0.0020649240061413644
2016-03-15,0.0,0.0,0.0,0.0,-0.00039662118436555374,0.008167450386264387,0.005861305677593863
2016-03-16,0.0,0.0,0.0,0.0,0.010485870066585972,-0.012907394307341107,-0.011553611101850018
2016-03-17,0.0,0.0,0.0,0.0,-0.0005968796217852952,-0.014917171502025081,-0.01024733888154494
2016-03-18,0.0,-0.002163176776430873,0.0,0.0,0.0,-0.002056647763074185,-0.0015731796215270582
2016-03-21,0.0,-0.0007263407918048884,0.0,0.0,0.0,-0.0014798538862226943,-0.0010966510353105916
2016-03-22,0.0,0.00027470039283924243,0.0,0.0,0.0,0.0008146498893371384,0.0012951724268464096
2016-03-23,0.0,0.0033747047959154074,0.0,0.0,0.0,0.010709878381779456,0.009174542500159191
2016-03-24,-0.0015708146824043256,0.00022485527136095418,0.0,0.0,0.0,0.002827457009046496,0.0023563639130565355
2016-03-28,0.0015765431534971695,-3.5787661948893155e-06,0.0,0.0,0.0,-0.0008451763027440545,-0.0014048334158731867
2016-03-29,0.004992388364975929,0.004952637336530592,0.0108451904345216,0.0,-0.014139223919518636,-0.007880722504444236,-0.010182841587242418
2016-03-30,-0.003266729602070836,0.0023465885778426038,-0.0023036848405228873,0.0006210180666856529,-0.0011926233951221504,-0.0033470292930334123,-0.004535471452347673
2016-03-31,0.005338210387589799,-0.0013055635154499983,0.006095768099606868,0.0023362543213454987,0.006764064319750628,-0.002643780567967409,-0.0002012723839616802
2016-04-01,-0.0004756822053254258,0.003645626866925143,-0.0005025875769773528,-0.0005016870528615062,-0.000600892308078411,0.005252850448917093,0.0054130790728132315
2016-04-04,0.0,-0.0017405067132193481,0.0,0.0,0.002341659540202321,0.006345722282201856,0.003853485319624714
2016-04-05,0.0,-0.005358092018278975,0.0,0.0,0.007961966923731575,0.007750383444072893,0.006649574409634383
2016-04-06,0.0,-0.00016003021717654798,0.0,0.0,-0.0005976246790880245,-0.007903124154486954,-0.0056376930871859885
2016-04-07,0.0,0.0,0.0,0.0,0.0,0.006562262752066011,0.007943864734723013
2016-04-08,0.0,0.0,0.0,0.0,0.0,-0.014375394044978073,-0.008444968174960045
2016-04-11,0.0,0.0,0.0,0.0,-0.0002438143723153837,-0.005400594041542298,-0.004573940320346348
2016-04-12,0.0,0.0,0.0,0.0,0.007932140097828073,-0.011515966234608089,-0.010642036499606523
2016-04-13,0.0,0.0,0.0,0.0,-0.001461400038601989,-0.01170490100305906,-0.004809926432649753
2016-04-14,0.0,0.0,0.0,0.0,-0.0011476911545192422,-0.00027803534924314795,-0.0035413170481636493
2016-04-15,0.0,0.0,0.0,0.0,0.0054326182055512,0.00497303102651165,0.007151272979808268
2016-04-18,0.0,0.0,0.0,0.0,-0.0020097288553030945,-0.003576634171776126,-0.0015668360312336674
2016-04-19,0.0,-0.002101509287775465,0.0,0.0,-0.003276668334270125,-0.012547335500388163,-0.006059279406499573
2016-04-20,0.0,-0.0005817259723440248,0.0,0.0,-0.010175524977511865,-0.009875775044892832,-0.011086216720087258
2016-04-21,0.0,0.0032667069820756737,0.0,0.0,-0.0006030781495769554,0.001490464915878868,-0.0016700314362238905
2016-04-22,0.0,-3.2594392250753427e-06,0.0,0.0,0.0,-0.0033356579280969696,-0.0033675024624684967
2016-04-25,-0.00033972066148330656,0.0010456873732064694,0.0,0.0,0.0015899191028982877,0.006739259023268752,0.0013080855745657713
2016-04-26,-0.0009785229266407681,0.0005957675898004549,0.0,0.0,0.004200859066339748,-0.00844433575365227,-0.0046603106991566804
2016-04-27,0.0017760463989672601,0.00135358703951838,0.005034894022811144,0.0,0.0012422938673083514,-0.005992680476679832,0.004964698650649377
2016-04-28,0.002457452634807011,-0.00600316902716996,0.0033525186984444933,-0.01707710269728101,0.0012191172855862062,0.0035069753465821313,0.006293457936229794
2016-04-29,0.0005580728677960682,-0.0035737703093698735,-0.0003610368550194878,-0.011403187441397521,-0.001238345524817957,-0.0013694576921166515,0.0013024331491431696
2016-05-02,-0.00015000787788556916,0.005246029454916783,-0.0002909547279087584,-0.0005076046491379424,-0.0058261481444362734,-0.004903206867008549,-0.002756261355498121
2016-05-03,0.0,-0.005756952515482582,0.0,0.0,0.011851719437207305,0.007428807971518787,0.00920603679301336
2016-05-04,0.0,-0.003691556012332791,0.0,0.0,0.00361258333858083,0.002136163300759604,0.0037698321870146758
2016-05-05,0.0,-0.0001978614190944166,0.0,0.0,-0.0005989145867417202,0.003499070758145813,0.00363568628798991
2016-05-06,0.0,0.0,0.0,0.0,0.004089004051792616,-0.00047576638632690414,-0.002199065459299569
2016-05-09,0.0,0.0,0.0,0.0,-0.0038124713808614405,-0.004959519427798194,0.00034719917381445997
2016-05-10,0.0,0.0,0.0,0.0,0.0003525982346982181,-0.0029963349039297802,-0.004139022706906347
2016-05-11,0.0,0.0,0.0,0.0,-0.0030778628037980444,0.004669526519946324,0.0020215446061721478
2016-05-12,0.0,0.0,0.0,0.0,-0.00014999308249820083,-0.005008015425029382,-0.0034247085093526276
2016-05-13,0.0,0.0,0.0,0.0,0.0069368613468606885,0.004847197061897583,0.004941554334170979
2016-05-16,0.0,0.0,0.0,0.0,-0.007238995245880235,-0.005594378206568542,-0.006537099879877203
2016-05-17,0.0,0.0,0.0,0.0,-0.0027397258288259334,0.002617566206331062,0.0007889509245996185
2016-05-18,0.0,-0.000501486842490181,0.0,0.0,-0.016156978321190514,-0.014191909104795048,-0.013705522521948336
2016-05-19,0.0,0.002931215326801067,0.0,0.0,-0.0006049190616283333,-0.0011275951651669343,0.0011918048663277212
2016-05-20,0.0,-0.005345762029855623,0.0,0.0,0.0,-0.003065159988882415,-0.0026954602142194514
2016-05-23,0.0,0.0011512115829187366,0.0,0.0,-0.0018730631089524234,-4.3729698281822183e-05,0.000863747918474404
2016-05-24,0.00026978780082335154,-0.01096566757614186,0.0,0.0,0.003285201515836086,-0.010264557795570353,-0.007750352068244032
2016-05-25,0.00013435844723627834,0.005618510094966784,0.0,0.0,0.0009117309642879309,-0.002625383186267362,-0.0021999062652426483
2016-05-26,-0.0001134868225185815,0.000249750015789931,0.0055873192346645485,0.0,0.0004374959486538114,0.001979943463205979,0.0031587034770305367
2016-05-27,0.00014687264408187078,0.0038949511342486697,-0.003851092916584439,-0.007302062686027408,-0.0043376994224415795,-0.005754989087292786,-0.004209323164357956
2016-05-31,-7.825430809712332e-05,-0.0017412540877462328,0.0023438388560219313,-0.00047470660413313743,0.0023438388560219313,-0.0008907587960737553,7.86365629589238e-05
2016-06-01,-1.6609750950496905e-05,0.0018512227613114937,-0.0005992900914512985,-0.0005335475484280047,-0.0006994466833975731,-0.0011567783782527733,-0.0005844924727837424
2016-06-02,0.0,0.002755275113061358,0.0,0.0,0.006185842759969033,-0.00033369018695344506,0.0029021696808892647
2016-06-03,0.0,-0.0027247140088173644,0.0,0.0,-0.0005981490111549344,0.01605889919929226,0.012218175733475656
2016-06-06,0.0,-0.0002725023990093884,0.0,0.0,0.004627878062276959,-0.007269106406671765,-0.007063301675355157
2016-06-07,0.0,0.0,0.0,0.0,-0.0028994191270392414,0.0002044591427688523,-0.0001979619955256517
2016-06-08,0.0,0.0,0.0,0.0,-0.0023540037913295725,-0.0010744911696253649,0.0002647244999751093
2016-06-09,0.0,0.0,0.0,0.0,-0.0003216511638232464,0.0008309808324391777,0.004282541446658226
2016-06-10,0.0,0.0,0.0,0.0,0.006472154458081788,0.0026871953662271405,0.006353042547318201
2016-06-13,0.0,0.0,0.0,0.0,0.0039244821953464725,0.004023095516598938,0.004332757712942146
2016-06-14,0.0,0.0,0.0,0.0,-0.0005601807642551687,-0.0032904137699101207,-9.836281035740969e-05
2016-06-15,0.0,0.0,0.0,0.0,0.006070485357470466,0.0044866204794024814,0.004363337197428105
2016-06-16,0.0,0.0,0.0,0.0,-0.0005981836792303755,0.0059661792419639734,0.004741686829875122
2016-06-17,0.0,0.0,0.0,0.0,0.0,-0.004672673711949892,-0.008269309730051548
2016-06-20,0.0,-0.007130313542888601,0.0,0.0,0.007992933899954393,-0.00453648717981218,-0.009264617695977124
2016-06-21,0.0,-0.0030078745925083703,0.0,0.0,0.004484009103587812,-0.005455856303776216,-0.0050456395702070805
2016-06-22,0.0,0.0017219139617516061,0.0,0.0,5.896308194223223e-05,0.004256340163672366,0.0032298855068591975
2016-06-23,0.0,-0.013774939983546425,0.0,0.0,-0.010036803176556553,-0.005082326204032754,-0.008206520496047032
2016-06-24,-0.010998039394415163,0.03797165965720975,0.0,0.0,0.027623310607558668,0.0051472345295664424,0.02087458057693239
2016-06-27,-0.006001999062044958,-0.01892805611958333,0.0,0.0,0.01725911787949863,0.006428985207944225,0.012319426362331418
2016-06-28,0.0031689778797875426,0.01843392114369648,-0.0007953647892664556,0.0,-0.0003802496432335488,0.0018438927089508735,0.0002823078631100419
2016-06-29,0.004301743195966867,0.017402665998880303,-0.006647329391570149,-1.9055690684217017e-05,-0.0006001063926026213,-0.0074721673267689305,-0.007655252296527551
2016-06-30,0.001606757019642338,0.013943511925206285,0.0036006219721981163,-0.0021506641670087866,0.0,-0.0025194560499212696,0.0009231207422370359
2016-07-01,-0.00015325498909742052,0.002137051948746857,-0.0004886965227526337,-0.0004363589359967882,0.0,0.006318114760613739,0.008896107325856778
2016-07-05,0.0,-0.007367310632057121,0.0,0.0,0.0,0.017109992053376034,0.01278489737284007
2016-07-06,0.0,0.006122463282244413,0.0,0.0,0.0,0.005078733945980523,0.005287615531334275
2016-07-07,0.0,-0.00030675244419807923,0.0,0.0,0.0,0.0007925474988494837,-0.0014640976312907175
2016-07-08,0.0,0.0,0.0,0.0,0.0,0.013776349969468034,0.010953074292953469
2016-07-11,0.0,0.0,0.0,0.0,0.009946140664408189,-0.004078353039561099,-0.008151244048368323
2016-07-12,0.0,0.0,0.0,0.0,0.011826824181191607,-0.013905986388905646,-0.014387954244373868
2016-07-13,0.0,0.0,0.0,0.0,-0.00014374068778461187,0.009476443359488804,0.009955305711110234
2016-07-14,0.0,0.0,0.0,0.0,-0.008898038332399364,-0.007698218162602542,-0.008392531680667555
2016-07-15,0.0,0.0,0.0,0.0,-0.007681318450040553,-0.0053395861712733275,-0.007109725965035581
2016-07-18,0.0,0.0,0.0,0.0,-0.0005631587694458429,0.003421581148728704,0.0012636328704468765
2016-07-19,0.0,0.0005335387367859589,0.0,0.0,0.005337222217220934,0.004719062839370117,0.0030167258604657968
2016-07-20,0.0,-0.0030984592540852984,0.0,0.0,-0.0005983999834329299,-0.0024762656138701848,-0.004842557089601579
2016-07-21,0.0,0.002810122368515616,0.0,0.0,0.0,0.0067548816178611085,0.006534548978155722
2016-07-22,0.0,-0.0033392307999169034,0.0,0.0,0.0,0.0017414033764777915,-0.001414826270596858
2016-07-25,-2.380557335022912e-05,0.0020201264472642115,0.0,0.0,0.0010074896810758455,-0.00128123059763462,-0.0020570042615496572
2016-07-26,0.00022960012703466718,-0.00011103681259682671,0.0,0.0,-0.0012501876551419136,-0.0035428701759308992,-0.00045016198022474743
2016-07-27,0.002674194075573409,-0.0008018078781314265,0.0034860795643704883,0.0,0.0006930436359423756,0.010443952827419962,0.01330460932108424
2016-07-28,4.8776981003008545e-06,0.0008550336784666949,0.0004595856494528611,-0.0012515182064101516,0.00017123304656890094,0.0014335156339935224,0.0006651903479148973
2016-07-29,0.0017417611266337943,0.0011978833149035046,0.0033424042632183744,-0.015375045634023914,0.0071105834353573216,0.006122694451000668,0.00998627192438104
2016-08-01,-0.0002447150249837651,-0.0006280169070142375,-0.00026356885833483284,-0.0004417080708166893,-0.006967853475006289,-0.001136230047587787,-0.006809357588679346
2016-08-02,0.0,-0.004794044762985044,0.0,0.0,-0.004790409215400813,-0.0024172126997875527,-0.008313789355617227
2016-08-03,0.0,0.0021742223719840624,0.0,0.0,0.001033565070933558,-0.002652308302358778,0.0001453723245198009
2016-08-04,0.0,-0.00022422480806410052,0.0,0.0,-0.0005932625282429805,0.002126212977427187,0.005240834676409928
2016-08-05,0.0,0.0,0.0,0.0,0.011832144157827976,-0.006877357348648026,-0.006045520027203728
2016-08-08,0.0,0.0,0.0,0.0,0.001063160048408614,0.0001497913018629977,0.0010758411125526795
2016-08-09,0.0,0.0,0.0,0.0,-0.007156707428442285,0.0055420345443098875,0.008288972754089623
2016-08-10,0.0,0.0,0.0,0.0,-0.0053545942345969745,0.004225548949833482,0.003758733224561283
2016-08-11,0.0,0.0,0.0,0.0,7.99056725476267e-05,-0.005106448302768819,-0.00676950401599547
2016-08-12,0.0,0.0,0.0,0.0,0.006481734725690434,-0.000674162687680769,0.003834921068903092
2016-08-15,0.0,0.0,0.0,0.0,-0.005900048616304652,0.0012515295217079112,-0.0018480370175608886
2016-08-16,0.0,0.0,0.0,0.0,-0.0034152187314499824,-0.0029666835842486724,-0.004647290685142667
2016-08-17,0.0,0.0,0.0,0.0,0.003194274340236296,-2.5158285645114755e-05,0.0027833963698303617
2016-08-18,0.0,0.0,0.0,0.0,-0.0005990373673357013,0.00346848240643716,0.004749992912905151
2016-08-19,0.0,0.0009399953685695066,0.0,0.0,0.0,-0.007479009174350566,-0.00734628732653286
2016-08-22,0.0,3.634663105719594e-05,0.0,0.0,-0.005071840119851255,-0.0016734227330010769,0.0023536411218441707
2016-08-23,0.0,-0.0016297975297641467,0.0,0.0,0.00017492659781829316,0.0005433251884935963,0.0018340522993180299
2016-08-24,0.0,0.004139199548943649,0.0,0.0,0.0007143230037138955,-0.006747826657693502,-0.005545172651528778
2016-08-25,-0.00042334614137822603,0.0005560673018837358,0.0,0.0,-0.0012389140065202202,-0.00045651173293227785,-0.0007059016615828708
2016-08-26,-0.0007208169453233501,-0.0020655729606552783,0.0,0.0,-0.008214046682200929,-0.0034800200045744757,-0.007165732392931612
2016-08-29,0.00042401581390966544,0.004076770907979931,0.007628682600222008,0.0,0.008226358412899188,0.006934025021458732,0.010858432506068464
2016-08-30,0.00016959124118592138,-0.0013796301050842165,-0.00020758873214667413,-0.0017420108647895841,-0.00020758873214667413,-0.00467796652595001,-0.003761777798744364
2016-08-31,4.8912614114374874e-05,-0.002371991409416564,-0.0023506203292971315,-0.002076581369737119,-0.0023350867073548757,-0.00021697072522120156,-0.0007692289328082609
2016-09-01,-0.0001086805044424887,2.7070812769494905e-05,-0.000600698937441791,-0.00042569720194287437,-0.0005953563380784372,0.005547163873883051,0.0032284512712190644
2016-09-02,0.0,0.003731994978784624,0.0,0.0,0.0,0.005725157982882414,0.004091144047400215
2016-09-06,0.0,0.002498356896704501,0.0,0.0,0.0,0.0152685359447113,0.012872358315551448
2016-09-07,0.0,-0.00024918319501061203,0.0,0.0,0.0,-0.002135962255370767,-0.0012931141621342743
2016-09-08,0.0,0.0,0.0,0.0,0.0,-0.011800674034366439,-0.011277668556586557
2016-09-09,0.0,0.0,0.0,0.0,0.0,-0.025385770064140865,-0.026378723600929216
2016-09-12,0.0,0.0,0.0,0.0,-0.002395858159186406,0.0063504141214220265,0.008425245597845733
2016-09-13,0.0,0.0,0.0,0.0,-0.0014093080077908437,-0.015643010371866523,-0.01682019568376245
2016-09-14,0.0,0.0,0.0,0.0,0.003950895127852358,0.004245214489560543,0.0038272045611857583
2016-09-15,0.0,0.0,0.0,0.0,0.0005169277238143209,0.004222624599823002,0.005798391984229368
2016-09-16,0.0,0.0,0.0,0.0,0.0021393127109366325,-0.0021050372162056343,-0.0019549250422084778
2016-09-19,0.0,0.0,0.0,0.0,-0.0034445283832037154,0.0038638387728775273,0.002613101843586775
2016-09-20,0.0,-0.0002568251550487144,0.0,0.0,-0.0006010295425627929,0.0005679457789019844,0.0006287398591731727
2016-09-21,0.0,-0.008326137093487248,0.0,0.0,0.0,0.017290347035715487,0.016249361689790395
2016-09-22,0.0,-0.004672365181097391,0.0,0.0,0.0,0.010459069245622482,0.010962266435308272
2016-09-23,0.0,0.00404990942763424,0.0,0.0,0.0,-0.001460186120121674,-0.00215452501122372
2016-09-26,0.0004174808594137633,0.0059935957629204005,0.0,0.0,-0.006336863842276283,-0.0031954418283240407,-0.0038212140236549667
2016-09-27,-6.610574931989735e-05,0.005010940685424218,0.0,0.0,-0.0034032007534821507,0.0010620149814604244,0.0038864396457517717
2016-09-28,-0.00018207942592574915,0.004392265350898848,-0.0015137561853084888,0.0,-0.0009232635613707049,0.00255018971561439,0.002710883067836963
2016-09-29,0.00031591735807875624,-0.008032551712389419,0.0012288097996166357,-0.001932687083236788,0.0007559602685403631,-0.007274423880846624,-0.008016293706089094
2016-09-30,-0.0004064450987861206,0.00668176583442414,-0.005015218889018666,-7.261842429173211e-05,-0.005015218889018666,-0.00022417348141909646,0.0009884992143576992
2016-10-03,-3.0515282923999494e-05,-0.0021433913935036096,-0.0006015053020708528,-0.0005913889350060111,-0.004681283308810771,-0.005909649722493036,-0.006164698048726914
2016-10-04,0.0,-0.004532422452132338,0.0,0.0,-0.009178910739338294,-0.009959863449334569,-0.014246754467870191
2016-10-05,0.0,0.003912806247935478,0.0,0.0,-0.0006027707512500062,-9.350255275306108e-05,-0.0011102618299635865
2016-10-06,0.0,-0.0002661705163073195,0.0,0.0,0.0,-0.0023998409762932753,-0.004341002352653334
2016-10-07,0.0,0.0,0.0,0.0,0.0,-0.0006769085950427137,0.00014150254336061426
2016-10-10,0.0,0.0,0.0,0.0,0.004643506439144084,0.0035100584497292932,0.0018075682184200083
2016-10-11,0.0,0.0,0.0,0.0,0.0005437831866885769,-0.01082167669927684,-0.011912877581448631
2016-10-12,0.0,0.0,0.0,0.0,4.2721142037505475e-06,0.0017533309014718832,0.0011507814341785102
2016-10-13,0.0,0.0,0.0,0.0,-0.00010790854997831805,-0.0017192944480735502,-3.431327097784446e-05
2016-10-14,0.0,0.0,0.0,0.0,-0.006692258944527124,-0.0023375427499934395,-0.00482014725752489
2016-10-17,0.0,0.0,0.0,0.0,0.004326441653495707,0.0005860732213926781,0.0024825960608446038
2016-10-18,0.0,0.0,0.0,0.0,0.003955557287797618,0.007162512218489729,0.00756557602416237
2016-10-19,0.0,-0.003136932703817637,0.0,0.0,0.0008747931238503236,0.0024701537645105795,0.003019785912524046
2016-10-20,0.0,0.001974703989188452,0.0,0.0,-0.0005997293540861695,-0.0011838039355403362,-0.0020748564299893006
2016-10-21,0.0,-0.0004944188875834768,0.0,0.0,0.0,0.000227472751704543,2.297474132299969e-05
2016-10-24,0.0,-0.004498266229060276,0.0,0.0,0.0021099223166263993,0.002123762024681763,0.0006342422525171279
2016-10-25,-7.179365583006293e-05,0.0035434219814620416,0.0,0.0,0.0003633114932542334,-0.000586643025805096,0.00043502669040279145
2016-10-26,5.3258928160288255e-05,-0.0027642341919053934,0.0,0.0,0.004343332824199161,-0.006535442070982269,-0.0073499386166318865
2016-10-27,9.405482969726288e-05,-0.0028265225891126633,-0.007511731909777983,0.0,-0.002428884660692204,-0.008174325660460495,-0.009491086094330397
2016-10-28,-6.183330033502798e-05,-0.003130637850634897,0.00033940511895659385,-0.009226084496923102,-0.00011237954544815609,-0.0013092284607579688,-4.669083151464246e-05
2016-10-31,-3.333289842844667e-05,3.4857627512258066e-05,0.0016096140974081916,0.001496930558574736,0.0016096140974081916,0.003810860448842617,0.00413767833907883
2016-11-01,-1.7949217896201818e-05,-0.00766053367499093,-0.0005995097900697473,-0.0006020025569968318,4.480543843801152e-05,-0.0013892844954779705,-0.0038370921685793756
2016-11-02,0.0,-0.006366250194637168,0.0,0.0,0.005975504234187071,0.0022328593789410706,-0.0017072883711604838
2016-11-03,0.0,-0.004845910365566752,0.0,0.0,-0.0005982095209360651,-0.003545855415366084,-0.006157809201605178
2016-11-04,0.0,-0.00031666386475960823,0.0,0.0,-0.006766795019517704,0.003987289941655136,0.005492031735499927
2016-11-07,0.0,0.0,0.0,0.0,0.00832781253282029,0.001261789006254964,0.010614861665981563
2016-11-08,0.0,0.0,0.0,0.0,0.0070913824321435556,-0.0011298265172179861,-0.0006072351904677406
2016-11-09,0.0,0.0,0.0,0.0,0.03046324936987132,-0.01035738703086069,-0.017196369226051354
2016-11-10,0.0,0.0,0.0,0.0,0.0007760327607442742,-0.008860914795314501,-0.011884717400312153
2016-11-11,0.0,0.0,0.0,0.0,-0.004799763939375637,-0.014909006563348792,-0.008570774984326133
2016-11-14,0.0,0.0,0.0,0.0,-0.011619096289181409,-0.008712899159802607,-0.003313180484923846
2016-11-15,0.0,0.0,0.0,0.0,-4.319570591916598e-05,0.00785023648743725,0.008604264251660346
2016-11-16,0.0,0.0,0.0,0.0,0.0018405943432695062,0.0018664788339023315,0.0036794868103021284
2016-11-17,0.0,-0.005048358993458569,0.0,0.0,-0.0005994379243894766,-0.006187916358418297,-0.006510773796746359
2016-11-18,0.0,0.0020800459103147363,0.0,0.0,0.0,-0.007026130340645016,-0.004731995208479105
2016-11-21,0.0,-0.007009097837436566,0.0,0.0,-0.0022913125451554726,0.0018307777878585516,0.0029566405640201717
2016-11-22,0.0,-0.0018116322917996345,0.0,0.0,-0.0018773006399078684,0.005186755978825275,0.007876612597771681
2016-11-23,-0.005797135902288655,-0.0004990984795553708,0.0,0.0,-0.002175164016484452,-0.01151981633122251,-0.008079067649784132
2016-11-25,-0.0034605483204443897,0.0028461945090373026,0.0,0.0,-0.0022234133025882527,0.00043671494099320213,0.0013979984545537266
2016-11-28,0.009018481213085747,-0.004337961219345877,0.00847123727058672,0.0,0.009070724656328261,0.005024004698222121,0.004327421616824865
2016-11-29,0.00017936531012574156,0.001777216046567191,0.002038225440460593,0.0038343223704519723,0.002038225440460593,0.0021325783135440497,0.0030087887304502186
2016-11-30,-0.007600062554050915,-0.0022254288163300654,-0.013439082872109046,0.0045347809629081685,-0.013439082872109046,-0.013348207698306202,-0.012222412738181566
2016-12-01,-0.0005912185201811032,-0.0033994890551277313,-0.000604074712197426,-0.0006063472326119667,-0.000604074712197426,-0.014067127805992053,-0.015557471886925278
2016-12-02,0.0,0.0004433711393062224,0.0,0.0,0.0,0.003355863732268874,0.002787606757708748
2016-12-05,0.0,0.005511764336897943,0.0,0.0,0.0,0.0037561678553902048,0.0036732408572198324
2016-12-06,0.0,-0.0002761980126952547,0.0,0.0,0.0,0.0042115637073356724,0.0038915606024007253
2016-12-07,0.0,0.0,0.0,0.0,0.0,0.008239788587645102,0.006304977778245189
2016-12-08,0.0,0.0,0.0,0.0,0.0,0.004102615186925375,0.005999339340577077
2016-12-09,0.0,0.0,0.0,0.0,0.0,-0.0023853421259482964,0.0009215112022965113
2016-12-12,0.0,0.0,0.0,0.0,-0.0009665432109688484,-0.0015750477202859281,-0.0015883454953898961
2016-12-13,0.0,0.0,0.0,0.0,-0.0005421062028643577,0.0018219349033884078,0.001860329077509243
2016-12-14,0.0,0.0,0.0,0.0,-0.017198188172201694,-0.011056370261123476,-0.00799198247124694
2016-12-15,0.0,0.0,0.0,0.0,-0.005631610523773082,-0.004841042220327115,-0.002298506274608045
2016-12-16,0.0,0.0,0.0,0.0,0.002471853686103861,2.0642944147389932e-05,0.00021781602528077234
2016-12-19,0.0,-0.0026560860287814475,0.0,0.0,0.009220711317832848,0.0047318227588949244,0.003285839914835907
2016-12-20,0.0,-0.004141943247842079,0.0,0.0,-0.0005972466832677601,0.0032959103450419334,0.0039542252201550014
2016-12-21,0.0,0.00300006303315686,0.0,0.0,0.0,-0.0021519996964026876,-0.0033557420663073694
2016-12-22,0.0,0.001865141838126826,0.0,0.0,0.0,-0.001071417135557154,-0.0008648180570564334
2016-12-23,-0.00027076008225069133,-0.0015675413186141036,0.0,0.0,0.0,0.0023718486862872507,0.0019096242627330993
2016-12-27,-0.0019889713742294694,0.0020811047175344232,0.0,0.0,0.0023021843764042173,0.004340360411478326,0.005067921291122963
2016-12-28,0.005801068735087013,-0.009220769206332614,0.0034159061051700582,0.0,-0.007306596221409864,0.0008253212675555948,-0.0014505643544044725
2016-12-29,0.0021624791993668053,-0.000268712217130991,0.0031220985549349576,-0.007772032624299328,0.0004370071925687879,0.004630636557757281,0.0030416236192484284
2016-12-30,0.003474403191788168,-0.004089921729033454,0.0030133906339811396,-0.0010163629835471298,0.005407025112516972,-0.0029210796990737694,-0.003674578566886867
2017-01-03,-0.000323460950289866,0.008490327705377141,-0.00030678826260076525,-0.0005634000060682515,-0.0009988821517348046,0.009369662161573169,0.011489556553584903
2017-01-04,0.0,0.0065976745776026476,0.0,0.0,0.0022502973310784447,0.009077009804955946,0.007824809880474775
2017-01-05,0.0,-0.0009065865471207362,0.0,0.0,0.012925333948315323,0.007128876500661941,0.006177031746931436
2017-01-06,0.0,-0.0003339131517145356,0.0,0.0,-0.0005961598445242459,-0.004164593031887719,-0.0033534078863220657
2017-01-09,0.0,0.0,0.0,0.0,-0.008196467943812754,-0.00029451734252167194,5.44042521478182e-05
2017-01-10,0.0,0.0,0.0,0.0,0.0009574695487477373,0.0007892704609922602,0.0013374276885979852
2017-01-11,0.0,0.0,0.0,0.0,-0.002258737180094554,0.004041883772433766,0.003970078541666726
2017-01-12,0.0,0.0,0.0,0.0,-0.0005496931756567627,0.0011100911407794002,0.000757010137800781
2017-01-13,0.0,0.0,0.0,0.0,-0.00493459162384385,-0.00022713108662042033,-0.0002732329127381057
2017-01-17,0.0,0.0,0.0,0.0,0.010013902662907947,0.003197495904615968,0.0022587245444039474
2017-01-18,0.0,0.0,0.0,0.0,-0.014205599000589238,-0.0063477373066233205,-0.004921133056855436
2017-01-19,0.0,0.004149002819945926,0.0,0.0,-0.0076520685606052356,-0.00574250459497869,-0.005726467904155184
2017-01-20,0.0,-0.0044603431203164455,0.0,0.0,-0.0006022996791923736,0.00438727870083674,0.0035942298989921928
2017-01-23,0.0,0.0031706782945237827,0.0,0.0,-0.011077123768223182,0.005321439418116617,0.004875696270121387
2017-01-24,0.0,-0.0077876885656375985,0.0,0.0,0.007598441175539758,0.0009833738856940865,0.0006287709238844679
2017-01-25,-0.0011564624709296607,-0.010519176728043323,0.0,0.0,0.009916276820409747,-0.0008084530231673003,-0.0010113886576900897
2017-01-26,0.00020393267787272604,-0.002024444339071859,0.0,0.0,-0.0002521985749681432,-0.00023274075166257506,8.010548094848321e-05
2017-01-27,0.00023241930442744407,-0.0019256303757509766,0.0018454262783391137,0.0,0.001945154306164929,3.613388505800106e-05,0.0007506790941752374
2017-01-30,0.0004162834101850433,-0.007533406836455791,-0.0006146867480437232,0.0046324520055061056,-0.0006146867480437232,-0.005860455262096382,-0.005561043801333649
2017-01-31,0.00033962617541887386,-0.00013188692883570662,0.006836615719775537,0.008212060242023736,0.006836615719775537,0.005490571587804546,0.004388732849938983
2017-02-01,-5.084973711734046e-05,0.0004545423152120127,-0.0005979506780447281,-0.0004764487298751873,-0.0038446117846397832,0.0003356762950086843,-0.00015125261995421743
2017-02-02,0.0,0.0007736848948788604,0.0,0.0,-0.0005964405523481112,0.00046816973893213303,0.0011469796749756518
2017-02-03,0.0,0.008321866679000773,0.0,0.0,-0.0021114611831272918,0.0038434450912064716,0.0037731159060459193
2017-02-06,0.0,-0.00036271145040479814,0.0,0.0,-0.009523556716862358,0.0016533612282658137,-0.000705224181945508
2017-02-07,0.0,0.0,0.0,0.0,-0.0035998421979777343,-0.004039374741695256,-0.0027806101838131264
2017-02-08,0.0,0.0,0.0,0.0,-0.008135216442219529,0.0019056837468633327,0.0019252033813836628
2017-02-09,0.0,0.0,0.0,0.0,0.00023259077922634642,0.0009739430094264263,0.0028940676264825648
2017-02-10,0.0,0.0,0.0,0.0,-0.0020124815338570263,0.005159232601866655,0.00462451758525506
2017-02-13,0.0,0.0,0.0,0.0,-0.0030820081274634077,-0.002099636100178582,0.0003338331249523697
2017-02-14,0.0,0.0,0.0,0.0,-0.0072765535630363734,0.0015273559080107484,0.0010833775806689196
2017-02-15,0.0,-0.008156424949517972,0.0,0.0,-0.0038650537122032116,0.00443367599311955,0.004059607643704628
2017-02-16,0.0,0.0012672301490287568,0.0,0.0,-0.000601150637735146,0.00167240341426459,0.00043371333301488456
2017-02-17,0.0,-0.0023207622686084225,0.0,0.0,0.0,-0.0030366242663722736,-0.0009413621233352689
2017-02-21,0.0,-0.008801905147739637,0.0,0.0,0.0003697828182323686,0.0017444522817710811,0.00371268885007094
2017-02-22,0.000897091912426254,0.0013204006269106024,0.0,0.0,-0.0032177204021215755,0.0007147373825496328,8.35520634304047e-05
2017-02-23,0.0010491989002286222,9.226970505033031e-05,0.0,0.0,0.00027294478900287417,0.0029157500916093325,0.0020068918017333067
2017-02-24,0.0018007184407213093,0.0018734682969283442,0.00864128359987365,0.0,0.008753829729320836,0.0002047056188243002,-0.0002713194324247059
2017-02-27,-0.002450833866934102,0.0023158625808654036,-0.007207988496715903,-0.0013426480875549072,-0.007207988496715903,-0.00043523752071354573,0.0004782004246826463
2017-02-28,0.0008681284814202112,-0.0040826743879864924,-0.00098807585453308,0.0018548849208458388,-0.00098807585453308,-0.0020410220289091537,-0.0024341899652690104
2017-03-01,-0.00027368337343503565,0.020969801115383272,-0.0006002834216618377,-0.0004957827765843308,-0.013984312101110424,0.004105478281901434,0.005904988966304109
2017-03-02,0.0,-0.009493687095447,0.0,0.0,-0.0006042395237087184,-0.012411515045254888,-0.00956480925524959
2017-03-03,0.0,0.0009018427580457406,0.0,0.0,0.0,0.000318560651552543,0.0014865361357880235
2017-03-06,0.0,-0.0004500970753142058,0.0,0.0,-0.00018411755007069106,-0.0042864951022758505,-0.003587829641452764
2017-03-07,0.0,0.0,0.0,0.0,0.002905324874321159,-0.007813068459874723,-0.006190249957337461
2017-03-08,0.0,0.0,0.0,0.0,0.006735959951081219,-0.00822298636054123,-0.007932691894732951
2017-03-09,0.0,0.0,0.0,0.0,-0.0013117170640988408,-0.008334161584011492,-0.004702043839438337
2017-03-10,0.0,0.0,0.0,0.0,0.0036512605979068073,0.001959418840744732,0.0019789500041195503
2017-03-13,0.0,0.0,0.0,0.0,-0.005064302458802999,0.0012305132312092895,0.0020180420329491966
2017-03-14,0.0,0.0,0.0,0.0,0.0020577582613244693,-0.003984186977948719,-0.004524843169645251
2017-03-15,0.0,0.0,0.0,0.0,0.017472123031944935,0.016249557045842217,0.015337062985605025
2017-03-16,0.0,0.0,0.0,0.0,-0.0005948316308017059,0.0004110878346284012,-3.267278495714653e-05
2017-03-17,0.0,0.0,0.0,0.0,0.0,0.0017303651962491437,0.0012518153229999333
2017-03-20,0.0,0.0,0.0,0.0,0.0,0.002109323043952107,0.00015026564193218993
2017-03-21,0.0,0.019419694023002393,0.0,0.0,0.0,-0.007517834494824645,-0.00983834134732865
2017-03-22,0.0,-0.0036253842336929085,0.0,0.0,0.0,0.002575335448155957,0.0023927524400824086
2017-03-23,0.0,0.001674797315016556,0.0,0.0,0.0,0.001094084961304435,0.0007784127705355368
2017-03-24,0.0,0.001150865984213628,0.0,0.0,0.0,0.002735785544075969,0.002780358445843836
2017-03-27,-0.00034925697993025347,0.0016150789278256603,0.0,0.0,-0.005492528753498713,0.0011730831145297179,0.00015176086464740768
2017-03-28,0.000819866743265445,0.00955250407886164,0.0,0.0,0.00684038608884138,0.004447320315380193,0.005606274148399153
2017-03-29,-0.00020048762818022483,0.0013026914772432175,0.004840742521312971,0.0,0.00038844626419267026,0.004383574184083296,0.0035563651586650344
2017-03-30,0.000483844127938141,0.004546209435462003,-0.005521512025561691,0.008184548947464527,-0.006220485059715349,0.0002602594237697255,0.001961932394675101
2017-03-31,-0.0003469321973021821,-0.0033995028734824326,0.003774311954083522,-0.0012633681474065101,0.003923119977151121,0.0011976799662349366,0.00020749273416669688
2017-04-03,-4.868720942915008e-05,-0.0025521971754480623,-0.0005761636294055902,-0.0005398509449418844,0.00978211145046451,-0.0006440367335823329,-0.0009868023249171977
2017-04-04,0.0,0.0008734707290538511,0.0,0.0,-0.002896756379662667,0.0022279109976208545,0.001729274450136727
2017-04-05,0.0,-0.004331347651332127,0.0,0.0,-0.0006008519908309091,-0.0014234859731546924,-0.0026314377727476718
2017-04-06,0.0,-0.0004331114880740589,0.0,0.0,0.0,0.0019805827286806647,0.0020034984532603536
2017-04-07,0.0,0.0,0.0,0.0,0.0,-0.0019313349970611466,-0.0006880691955533663
2017-04-10,0.0,0.0,0.0,0.0,-0.0041579629677129465,0.0020629883811766033,0.0006711320042108956
2017-04-11,0.0,0.0,0.0,0.0,-0.009225910870074364,0.00441618177152505,0.002235265797425503
2017-04-12,0.0,0.0,0.0,0.0,5.484556221976018e-05,-0.0002755841580879128,-0.000983019834105573
2017-04-13,0.0,0.0,0.0,0.0,0.005411983754670064,-0.0020606251260779462,-0.0027519175603954752
2017-04-17,0.0,0.0,0.0,0.0,-0.0032471030988123714,0.004956720249231612,0.004623659590579591
2017-04-18,0.0,0.0040026756301961034,0.0,0.0,0.01136033481118194,-0.001811471789082443,-0.003916271050253967
2017-04-19,0.0,0.0027475260101406445,0.0,0.0,-0.005280535279237353,-0.004643644986939098,-0.0036742084392603386
2017-04-20,0.0,-0.012020421678764754,0.0,0.0,-0.0006015722936745776,0.003024985005492655,0.005606444785080831
2017-04-21,0.0,0.004735832106819251,0.0,0.0,0.0,-0.0031832449457465215,-0.0021329957650740587
2017-04-24,0.002624236375125844,-0.016251374089132766,0.0,0.0,0.003554697909373484,0.0027716589747791365,0.006727620894964894
2017-04-25,0.002607878385348979,0.007297849838052296,0.0,0.0,0.01034706336457381,0.0022435975421425287,0.0037562550520074023
2017-04-26,-0.0008691044042296616,-0.0009354705109522043,0.00255139956048617,0.0,-0.0052439220041621696,-0.003350169150226103,-0.0015032820757955839
2017-04-27,-1.9122002495700055e-05,0.001140461901165208,0.0006926574265319567,0.0005817275836434613,4.480023411056393e-05,-0.001544932347547909,-0.00018193219008216932
2017-04-28,-0.0007256664787733905,-0.003124791755386513,0.0011087177151861106,-0.002495437875822356,0.0020011574645598437,-0.0034390715443442564,-0.0021977434783689454
2017-05-01,-0.00014423093477883395,0.00351546410359813,-0.0003319659787104468,-0.0005953596926437776,-0.004386470279469549,0.005056593649725878,0.004062725293797729
2017-05-02,0.0,0.0004868799885267712,0.0,0.0,0.004075732569162205,0.0006355606641224713,-0.0003601901979198985
2017-05-03,0.0,-0.0017633302409771686,0.0,0.0,-0.004200666532440183,0.005399742346209261,-0.0003057752108931329
2017-05-04,0.0,-0.00042421853772677817,0.0,0.0,-0.000601244973959913,-0.0042886048573758375,-0.0034739721808001575
2017-05-05,0.0,0.0,0.0,0.0,-0.0009300899606686814,0.0038361869320754105,0.005558409305854785
2017-05-08,0.0,0.0,0.0,0.0,0.004952010700646429,0.0010416023862716579,-0.0006951355848806156
2017-05-09,0.0,0.0,0.0,0.0,0.0023141280008420907,0.005749335362428733,0.0018336538241638786
2017-05-10,0.0,0.0,0.0,0.0,0.0008014060279670079,0.004707474098995109,0.005175945436278568
2017-05-11,0.0,0.0,0.0,0.0,-0.0006739232260884596,-0.0012665956571742427,-0.0011191017635114812
2017-05-12,0.0,0.0,0.0,0.0,0.009501252942750735,-0.0016851991982195342,-0.0016509466365035642
2017-05-15,0.0,0.0,0.0,0.0,-0.0013912441785181515,-0.00018853926348505606,0.0027699379845441186
2017-05-16,0.0,0.0,0.0,0.0,0.002568739387672487,-0.0038076359284874976,-0.0013836482816911412
2017-05-17,0.0,0.0,0.0,0.0,0.015926572805041898,-0.013979960654447227,-0.014269404078973702
2017-05-18,0.0,-0.00628697970486885,0.0,0.0,-0.0005952761725092179,0.005641088613856374,0.004227330795311277
2017-05-19,0.0,-0.009468038254982956,0.0,0.0,0.0,0.002181930374205741,0.005639063836180959
2017-05-22,0.0,-0.0073871775542636514,0.0,0.0,0.0016910339874806452,-0.0022308055423870213,0.00236803949431995
2017-05-23,0.0,-0.0032018698565269552,0.0,0.0,0.005283618266547274,0.0030410519562175716,0.0022712920205935475
2017-05-24,3.3381969489160323e-06,-0.003373637569334292,0.0,0.0,-0.0040816924377615246,-0.002054620350412521,0.0004253998985071213
2017-05-25,-6.677955679653076e-05,0.005249731758128914,0.0,0.0,-0.0005104158288756185,-0.00039190906822944896,-4.185978554647823e-07
2017-05-26,2.1103569500966145e-05,-0.0003125136767459537,0.0006366914309333194,0.0,0.0007613083215481311,-0.0008536786801359009,-0.0004157702453463537
2017-05-30,8.432134348195322e-05,-0.0011591417411376723,0.004972970162216017,-0.0021851413547190985,0.004972970162216017,-0.002045058818580767,-0.0023821491732731194
2017-05-31,1.6562805560203187e-05,-0.0003673130717420449,0.0008546903394779617,0.0027795706034711098,0.0008546903394779617,-0.0032652577918166345,-0.0022502961957899153
2017-06-01,-1.3463873067377281e-05,0.010136220017377639,-0.0005997205444224499,-0.000599600563028526,-0.0011207490047863212,0.012297746557075136,0.009822895991035665
2017-06-02,0.0,0.004213457266205788,0.0,0.0,-0.0006003136112195391,0.008876213193623765,0.007194204653945807
2017-06-05,0.0,-0.0009928309192319728,0.0,0.0,0.0,0.00023528536183505962,-0.0017561663036598707
2017-06-06,0.0,-0.0003843033070741155,0.0,0.0,0.0,0.0012550363956148408,-0.0022382742469768007
2017-06-07,0.0,0.0,0.0,0.0,0.0,0.0005648301017722626,0.001673349175832252
2017-06-08,0.0,0.0,0.0,0.0,0.0,-0.0032015374873695995,0.0008998575441577893
2017-06-09,0.0,0.0,0.0,0.0,0.0,-0.009496695007943569,-0.005644947372004253
2017-06-12,0.0,0.0,0.0,0.0,-0.0001738357269826142,-0.0030873575950225557,-0.0017222648964167506
2017-06-13,0.0,0.0,0.0,0.0,-0.0005907333807975672,0.0025236200275665466,0.004471384375624937
2017-06-14,0.0,0.0,0.0,0.0,0.009842363949065529,-0.003765545820556505,-0.0021240468881249014
2017-06-15,0.0,0.0,0.0,0.0,-0.003605746621407888,-0.004646950206385884,-0.0058806958945074195
2017-06-16,0.0,0.0,0.0,0.0,0.0010329856874949513,-0.0028530878740952678,-0.001713070430810544
2017-06-19,0.0,0.0,0.0,0.0,-0.005650544958872185,0.0023219789111566195,0.006706273909079811
2017-06-20,0.0,0.00903119717653762,0.0,0.0,-0.0006016803754811371,-0.005314662894759318,-0.006701322261544174
2017-06-21,0.0,0.00037523561698850556,0.0,0.0,0.0,0.002770162159028659,0.0005549095843413281
2017-06-22,0.0,0.0006670060025014529,0.0,0.0,0.0,0.0036219825672866865,0.0031447842143841973
2017-06-23,0.0,-0.0016307772841630615,0.0,0.0,0.0,0.0044155389198138745,0.004008691282168635
2017-06-26,-6.261810124522214e-06,-0.0008819766700349396,0.0,0.0,-0.0022166097498932465,-0.004187334685723508,0.0005907010890621623
2017-06-27,-1.7120119800800192e-05,-0.012497536949091996,0.0,0.0,0.009877285899040198,-0.004766255427839995,-0.010069189458959122
2017-06-28,-0.000697746009950695,0.012818147761408692,-0.0025431094063164345,0.0,-0.0012073224930891301,0.008460678439205756,0.009006130359669268
2017-06-29,0.00016262405072267047,-0.012703799595376574,-0.0075405934529068595,0.0016608363049202591,-0.007994750816281006,-0.01121644913241944,-0.011833695421203487
2017-06-30,-0.0003864029305713744,0.002622910552026388,-0.004761880159219007,0.0010627969382121397,-0.004761880159219007,-0.0017458349883207867,-0.0004526464933064681
2017-07-03,-5.317601720885336e-05,0.002379520848899917,-0.0006014104401744893,-0.0006137612667884876,-0.0074288374288278836,-0.013616229864696287,-0.001936765370419833
2017-07-05,0.0,0.003267079816121399,0.0,0.0,0.0014242417882609712,0.011065093048191844,0.004058403681098802
2017-07-06,0.0,-0.013214302248888574,0.0,0.0,-0.0005995482191023308,-0.0007668837657396915,-0.0011551800105563499
2017-07-07,0.0,-0.00043334764352867593,0.0,0.0,0.0,0.013238029504505418,0.00963454210370936
2017-07-10,0.0,0.0,0.0,0.0,-0.003188166869916807,0.0026218306647753566,0.002349386152523089
2017-07-11,0.0,0.0,0.0,0.0,-0.002587778873748121,-0.0028318910138044823,-0.0015043550422900083
2017-07-12,0.0,0.0,0.0,0.0,-0.005791309012057913,0.0029190310981079036,0.005553559576470041
2017-07-13,0.0,0.0,0.0,0.0,-0.001005207006807116,0.003927510808381821,0.0039025336905381004
2017-07-14,0.0,0.0,0.0,0.0,0.0022301655409263494,-0.004048682330977088,0.0019377949898464963
2017-07-17,0.0,0.0,0.0,0.0,0.002360150113834921,-0.004659020308336324,-0.00409987914792249
2017-07-18,0.0,0.0,0.0,0.0,0.007237282567825913,-0.001692760977064707,-0.0018249165127202497
2017-07-19,0.0,-0.007565970032342124,0.0,0.0,-8.868837696928274e-05,0.0006220747299911339,0.0018308037584988737
2017-07-20,0.0,-0.000554211995039722,0.0,0.0,-0.0006,0.002298165317478187,0.0036237444776775216
2017-07-21,0.0,0.0012291298334583844,0.0,0.0,0.0,-0.002632312327097532,-0.0028304862175725764
2017-07-24,0.0,0.0003676658007917345,0.0,0.0,0.0007758194467285059,0.0014311637173379374,0.0013247368982686374
2017-07-25,-0.0025731266269870046,-0.0031914054583184,0.0,0.0,0.011274162999454405,-0.00013561111513967487,0.0032489721531378086
2017-07-26,0.0010991109693178562,-0.000833502324076068,0.0,0.0,-0.006332276683395983,-0.006041826919456349,-0.001958076046759976
2017-07-27,-0.0003963986362539732,-0.0013821073830875704,-0.003869458566212687,0.0,-0.0016191809794812834,-0.003106172576653679,-0.003265273449736174
2017-07-28,0.0007952919271902476,-0.0017280017849648833,0.0032907753817259786,0.007680495958920773,0.002848751785804537,-0.0037716282381157575,-0.002497053344037419
2017-07-31,0.00019236267540765159,-0.0008655122638360753,0.0004766084719984406,0.006410822670374322,0.0004766084719984406,-0.003979497762272248,-0.0012507257601474414
2017-08-01,-0.00015968216366272936,0.003108466173743684,-0.0005998318090001374,-0.0006498539002285349,0.0048839349863881954,-0.0007775554405798195,0.000912464921129903
2017-08-02,0.0,0.0006295477024563299,0.0,0.0,-0.0019554557205641843,0.0006441957635206117,0.0017998236415533717
2017-08-03,0.0,-0.0028170707478139003,0.0,0.0,-0.0006005620045524921,-0.005882647405021329,-0.006217860994558845
2017-08-04,0.0,-0.0004267597112590014,0.0,0.0,0.004870261556851297,0.007669904189065359,0.004017113369483662
2017-08-07,0.0,0.0,0.0,0.0,-0.0010700051196235157,0.0018978329419018327,0.0020035234607066192
2017-08-08,0.0,0.0,0.0,0.0,0.0017395783084359902,-0.0070353777315674305,-0.006059235605914611
2017-08-09,0.0,0.0,0.0,0.0,-0.0023749490954040036,-0.014015311612931479,-0.008367963930517888
2017-08-10,0.0,0.0,0.0,0.0,-0.0013345083974518565,-0.016592074564203578,-0.020567772539697757
2017-08-11,0.0,0.0,0.0,0.0,0.001488564381457305,0.0012700213974600116,0.0035945483122920164
2017-08-14,0.0,0.0,0.0,0.0,-0.004915410861830905,0.006958210029946066,0.009666944206917598
2017-08-15,0.0,0.0,0.0,0.0,-0.006047521885353643,0.00589634078239277,0.0036705911491441276
2017-08-16,0.0,0.0,0.0,0.0,0.0036580044506341215,-0.008446506965871953,-0.0015485328706202404
2017-08-17,0.0,0.0,0.0,0.0,-0.0005988824278512951,-0.010219935562380144,-0.01580016468088394
2017-08-18,0.0,0.0,0.0,0.0,0.0,0.0050280521703507395,0.00521365762516039
2017-08-21,0.0,-0.0014128413818380874,0.0,0.0,0.0,-0.0016738388986245452,-0.0018071137146487145
2017-08-22,0.0,-0.01396560637829437,0.0,0.0,0.0,0.005024644801799163,0.010276583643528825
2017-08-23,0.0,0.004827082289357412,0.0,0.0,0.0,-0.001491684310115804,-0.003225774082256274
2017-08-24,0.0,0.003154203442715258,0.0,0.0,0.0,0.00400541110437432,0.0024692624759078668
2017-08-25,-0.0004951306219921988,-0.0030921111297377707,0.0,0.0,0.0,0.001011615687542562,0.002000163228874671
2017-08-28,-0.0004505873697039623,-0.0007961044440170907,0.0,0.0,-0.0024021082134985283,-0.009775632090857909,-0.0026371726302573933
2017-08-29,-0.0008807586059261185,0.0014568413439151743,0.003953131910555541,0.0,0.00046939440562297237,-0.00016898189788990426,-0.0018707060354281391
2017-08-30,0.0015535017955127894,0.006195434595588776,-0.0017460873477767795,0.00042651126126953804,-0.002181966592418333,-0.0017061934435495976,0.0016670569369769146
2017-08-31,0.000655656005605676,0.007881238088367633,0.003067550885045192,0.0011847945390788485,0.003067550885045192,-3.7431185838142294e-05,0.004416831668031485
2017-09-01,-0.00022235087137693985,0.0018121771590009518,-0.0005990589742997322,-0.0006737126247958298,-0.005966138173285812,0.0018683657978324608,0.0024904442821874397
2017-09-05,0.0,-0.009524843203379518,0.0,0.0,0.013839229123318732,-0.010250616259307465,-0.009846215138251319
2017-09-06,0.0,0.0044461057099633855,0.0,0.0,-0.0005958809921665428,0.002858051344879989,0.004120402777568271
2017-09-07,0.0,-0.0003952238758759002,0.0,0.0,0.0,-0.004385426960123783,-0.0001992005428688598
2017-09-08,0.0,0.0,0.0,0.0,0.0,-0.0021187710951614553,-0.003761101129116532
2017-09-11,0.0,0.0,0.0,0.0,0.010871720832160094,0.008925529210002007,0.009481579462436449
2017-09-12,0.0,0.0,0.0,0.0,0.004861780988126389,0.004630725263891922,0.006129766162014004
2017-09-13,0.0,0.0,0.0,0.0,-0.0012949530491337391,0.002024343888266889,-0.0001458022777397959
2017-09-14,0.0,0.0,0.0,0.0,-0.0002230827295931746,0.000537011572505056,0.00010252568282355888
2017-09-15,0.0,0.0,0.0,0.0,0.0023351284351233663,0.001478305228619115,0.0031214266699844894
2017-09-18,0.0,0.0,0.0,0.0,-0.007884082001105368,0.004281800243647191,0.004036428335903853
2017-09-19,0.0,0.0,0.0,0.0,-0.0023198643856447423,0.002117365977508526,0.004403074693587755
2017-09-20,0.0,-0.0008141611640676392,0.0,0.0,-0.0006006722308593235,0.00241502048276729,-0.000506506108482666
2017-09-21,0.0,0.0034906466047785914,0.0,0.0,0.0,5.4244508390840566e-05,-0.00032368691654237786
2017-09-22,0.0,-0.00022468693056281543,0.0,0.0,0.0,-0.0004287486498317873,0.0009585443021353252
2017-09-25,0.0020444130812595682,0.0026739310383932595,0.0,0.0,-0.006524468603886501,-0.0015063346697581231,-0.005675946891595615
2017-09-26,-0.0006746758308715602,-0.0007405335868616016,0.0,0.0,0.0017314521432656483,0.0004949082645813417,-0.0006786787037498831
2017-09-27,-0.0041102924297935686,0.004251134990881819,-0.0072841243494615945,0.0,0.010317677186747401,0.005735555415238309,0.006654872884501669
2017-09-28,-0.00048321748192231334,0.0015122317531410347,-0.0003052148175116147,-0.004095853102866832,-0.0008582260692084554,0.0012428662336783445,0.0018584563472745588
2017-09-29,-0.001766777703312638,0.00453531659614313,-0.0016781367485292958,-0.0015525665257919345,-0.002969356968700511,0.003994088151769396,0.005341957329812984
2017-10-02,-0.00026179450303385847,0.00561261279473114,-0.00039954722479683326,-0.0006313051793148891,-0.0023535609870671908,0.0007047314587768283,0.001747941504304702
2017-10-03,0.0,0.0027394841452438343,0.0,0.0,0.00273865666279144,0.0011072576723212693,0.003937311559218721
2017-10-04,0.0,0.0014941755121444758,0.0,0.0,-0.0006484962946172919,-0.0017312886858259998,-0.0018075082113007913
2017-10-05,0.0,-0.00039155830352790726,0.0,0.0,-0.0006001691527893867,0.004818205138448753,0.004939909836871472
2017-10-06,0.0,0.0,0.0,0.0,0.0,-0.00213396595713048,-0.0029503881004190437
2017-10-09,0.0,0.0,0.0,0.0,-0.002803353249412321,-0.005414924719350653,-0.0033392685787801313
2017-10-10,0.0,0.0,0.0,0.0,-0.0006937336137223902,0.0003017146202195765,0.004473722046013348
2017-10-11,0.0,0.0,0.0,0.0,-0.0021971705214610593,-0.0019453540861660821,-0.0006219667786560343
2017-10-12,0.0,0.0,0.0,0.0,-0.0004174137005487066,-0.0029110760100997867,-0.004363876360017808
2017-10-13,0.0,0.0,0.0,0.0,0.006167782469251301,-0.004083228144262,0.0003742457314310129
2017-10-16,0.0,0.0,0.0,0.0,-0.0034572884605156068,0.005246113800562225,0.003546294740554288
2017-10-17,0.0,0.0,0.0,0.0,-0.0008362673906578249,0.0025677932001885355,0.0007721815122017224
2017-10-18,0.0,0.0,0.0,0.0,-0.00514836445780639,0.004548728796143119,0.004551987712487794
2017-10-19,0.0,0.0,0.0,0.0,-0.0006015266955594971,-0.005072797210643626,-0.003767894953944521
2017-10-20,0.0,-0.008238058800547414,0.0,0.0,0.0,0.008653488133698243,0.006955063121527141
2017-10-23,0.0,0.005942805121833213,0.0,0.0,-0.0024242639194568373,-0.0043799593358187314,-0.004795401434908683
2017-10-24,0.0,-0.002622483598536682,0.0,0.0,0.006091593746812274,0.005880732463300787,0.00519232132893627
2017-10-25,0.00037912967767068467,0.007557531607338261,0.0,0.0,0.0032713584036468697,-0.0009835024478666715,-0.0023987451478073374
2017-10-26,-0.0010963168937112799,-0.0019193638043313215,0.0,0.0,-0.00353417942350635,0.0046315200473732426,0.0008777016924414357
2017-10-27,-0.0007720202601319661,0.011087575708814103,0.005758606166417771,0.0,0.006287440815997938,0.0025673491706334245,0.005380596361901901
2017-10-30,0.0029847940885160493,-0.005555818166193848,0.007091333963128317,-0.00047682029633320134,0.007091333963128317,-0.004912792009607631,-0.0034527543756315226
2017-10-31,-0.0008271655441771832,0.002229200557269125,-0.0014111359809210334,0.002458809870327199,-0.0014111359809210334,0.005048249554969969,0.004211182661148214
2017-11-01,-0.0002475073068170056,0.0018803734846831548,-0.0006003963172567971,-0.0006491261622059246,0.001115563591235968,-0.006716210343263873,-0.003462741458231983
2017-11-02,0.0,0.000504712550395009,0.0,0.0,-0.000599638030247764,-0.00014414044259362946,0.0008171831987294735
2017-11-03,0.0,0.004852214618973429,0.0,0.0,-0.0037333829159169984,0.002675427520590076,0.001561520756921219
2017-11-06,0.0,-0.0004414211029438375,0.0,0.0,-0.00237811480198807,-0.004103026811451161,0.0015612596712297271
2017-11-07,0.0,0.0,0.0,0.0,-0.0006813944184956266,-0.0011089517080475413,-0.00382036785481517
2017-11-08,0.0,0.0,0.0,0.0,0.002511206478613533,0.0007998056502431728,0.0006222183242338582
2017-11-09,0.0,0.0,0.0,0.0,-0.00044401082823272855,-0.0012419093567123441,-0.005184902437242836
2017-11-10,0.0,0.0,0.0,0.0,-0.010914506014561351,0.008671224336700707,0.004887904261111531
2017-11-13,0.0,0.0,0.0,0.0,-0.0010453694766442898,-0.0020931887315117194,-0.0016769855096305044
2017-11-14,0.0,0.0,0.0,0.0,0.0027377902507355082,-0.0026653658343707676,-0.006166283503088237
2017-11-15,0.0,0.0,0.0,0.0,0.007076859854856755,-0.005635209720059068,-0.006849155920358694
2017-11-16,0.0,0.0,0.0,0.0,-0.0005978627373270087,0.00758545855748016,0.015111310888722022
2017-11-17,0.0,0.0,0.0,0.0,0.0,-0.005123320203666557,-0.0032650122872769386
2017-11-20,0.0,-0.0036147725699156434,0.0,0.0,0.0,0.007697742533955246,0.004155444760807209
2017-11-21,0.0,-0.011951829953200321,0.0,0.0,0.0,0.004304556198709091,0.009767591898681295
2017-11-22,0.0,0.0016854032300385095,0.0,0.0,0.0,-0.004337247958400323,-0.00013558736221219982
2017-11-24,-0.0008185102313853714,-0.004174409736429024,0.0,0.0,0.0,0.005331104307333799,0.005326264079033469
2017-11-27,0.0002669585633944406,0.0009825984222044822,0.0,0.0,-0.001841616861233461,-0.0033136081265389156,-0.006382811640734599
2017-11-28,-0.001920386603043372,0.0183926606377567,-0.00032539248187922595,0.0,-0.0008560513664867922,0.005540083323334183,0.006542562246925159
2017-11-29,-0.0007458711112364439,-0.001280116221912153,-0.006495015686455429,0.002344621611166208,-0.006625001403128483,0.006978262641738532,-0.0010383071084264564
2017-11-30,-0.0025357519940778467,0.016836597467972034,-0.006325837011201269,0.009809668960114646,-0.006325837011201269,0.008065465059591138,0.005168460411059516
2017-12-01,-0.0001391091771640148,-0.004114592222493563,-0.0006018791069023671,-0.0006580525658502862,0.0072905929544858,-0.002570519609972711,-0.0007347272156597232
2017-12-04,0.0,-0.002439200844357953,0.0,0.0,-0.001047647681424591,-0.005885476414994557,-0.004981592154703852
2017-12-05,0.0,-0.007055332002297584,0.0,0.0,-0.0006002834252576574,-0.0002351900750966376,-0.002320112601002883
2017-12-06,0.0,-0.0005822063330796593,0.0,0.0,0.0,-0.0004772076152477387,-0.002180048000585513
2017-12-07,0.0,0.0,0.0,0.0,0.0,0.0009736033061159941,-1.005650401333229e-05
2017-12-08,0.0,0.0,0.0,0.0,0.0,0.0017302642508709998,0.003930653060952496
2017-12-11,0.0,0.0,0.0,0.0,0.0008020966428732405,0.003422697681265189,0.0022504349743319952
2017-12-12,0.0,0.0,0.0,0.0,-0.0010283064735697714,-0.0015009780048540916,-0.001607664967327954
2017-12-13,0.0,0.0,0.0,0.0,0.007536404874984827,-0.0007292678099657254,0.007640895267712364
2017-12-14,0.0,0.0,0.0,0.0,-0.0008585828161444794,-0.0013240574348352412,-0.0034386424246659795
2017-12-15,0.0,0.0,0.0,0.0,-0.0004798674378674097,0.0038998313238968324,0.005627328104031616
2017-12-18,0.0,0.0,0.0,0.0,-0.004630855052701535,0.006436824331949191,0.006162973109773235
2017-12-19,0.0,0.006574192452265687,0.0,0.0,-0.0006013630062089159,-0.005012446626410844,-0.012117941260389948
2017-12-20,0.0,0.001033525065438891,0.0,0.0,0.0,-0.00010877158611188023,-0.0051407694248460116
2017-12-21,0.0,-0.003706016020560059,0.0,0.0,0.0,0.004722572645276438,0.00529966077182151
2017-12-22,1.3819288665186777e-05,0.0005503165104964531,0.0,0.0,0.0,-0.00022920641840779097,0.0030104855358966754
2017-12-26,0.0005076484071057586,0.0022792210612618533,0.0,0.0,-0.0012701426860449228,0.0016154418699404372,0.0031642685725269118
2017-12-27,0.001847578788624957,-0.00031442534333060837,0.006070690954822104,0.0,-0.008476811557654751,0.001958857973801063,0.007919704424358938
2017-12-28,-0.0011802562003810021,0.003601433128990793,-0.0019901087995757042,0.005066482979896979,-0.003423531606526857,0.0008485805179244813,0.002790925459581965
2017-12-29,0.0018231211857638412,-0.006878150814290214,0.0024097301347025544,0.004797890993248265,0.003050336592069044,0.0007324189533366752,0.0019453327620962409
2018-01-02,-0.00022582633964129555,0.012765807433774985,-0.00046345730789533674,-0.0007625219643415618,-0.006745574832669968,0.010212042933803178,0.004414206959829566
2018-01-03,0.0,0.011270970046193693,0.0,0.0,0.0019795555017212835,0.002143368096022933,0.0063416396461129735
2018-01-04,0.0,0.007476459419071611,0.0,0.0,-0.00106031341409236,0.005224727234711132,0.003290884112745792
2018-01-05,0.0,-0.000537602313331711,0.0,0.0,-0.0006002850815581153,0.003031363889703597,0.002919350336220377
2018-01-08,0.0,0.0,0.0,0.0,0.0004395989006615038,-0.0014884639312368712,-0.0008503720257492669
2018-01-09,0.0,0.0,0.0,0.0,0.009603402980951026,-0.005321696763224198,-0.008757371479139537
2018-01-10,0.0,0.0,0.0,0.0,0.0006515120176643707,0.0001266631521186454,-0.0027437976927935557
2018-01-11,0.0,0.0,0.0,0.0,-0.000494471846618939,0.0072721858460647855,0.008575692116883296
2018-01-12,0.0,0.0,0.0,0.0,-0.001947972283559858,0.015207437026552998,0.009297309411639896
2018-01-16,0.0,0.0,0.0,0.0,0.0008421946306240313,-0.00013443876211654448,-0.000632214126546559
2018-01-17,0.0,0.0,0.0,0.0,-0.004509720713242802,-0.0014700037082529057,0.0026724438299469576
2018-01-18,0.0,0.0,0.0,0.0,-0.006438705273922889,-0.0026794153771687096,-0.0072923116266226775
2018-01-19,0.0,0.0,0.0,0.0,-0.0006019092403321348,0.004552689236671062,0.0026227563581753027
2018-01-22,0.0,-0.013206282705700801,0.0,0.0,0.00026026518740343633,0.006279004073041894,0.006683899414504208
2018-01-23,0.0,-0.003282907771362902,0.0,0.0,-0.005694039251668759,0.007782480435083071,0.0106236468309041
2018-01-24,0.0,0.0006794025420071406,0.0,0.0,0.003926692889367582,0.012288546813783333,0.0032679568934353095
2018-01-25,0.003046824869181224,-0.0005996364963788937,0.0,0.0,0.0004684522012452548,-0.006364190183658376,-6.217888396327514e-05
2018-01-26,-0.018672506616506088,-0.01816464926809886,0.0,0.0,-0.006495650598953018,0.008613183578750837,0.006457884383843788
2018-01-29,0.001997014681832351,-0.011421062758977486,-0.0057246112869244,0.0,-0.005126409195877522,-0.010021185610374201,-0.014111766877983167
2018-01-30,0.0063218947155719235,-0.016142342479519026,-0.004750942970133195,0.0005370959273556527,-0.004750942970133195,-0.007585508181286184,-0.013306320699309385
2018-01-31,-2.5925952688817185e-05,0.0006850523966363009,0.00046420281291955755,-0.0007294178820251605,0.00046420281291955755,0.007543382826030727,0.007628752264820357
2018-02-01,-0.0009358307325575915,-0.0018669148783825372,-0.0005998261350137355,-0.0006910126023690257,-0.0005998261350137355,0.0027283752086513235,-0.003609220189945261
2018-02-02,0.0,-0.03416170317542221,0.0,0.0,0.0068995328942447805,-0.013554684331055672,-0.02041785170244979
2018-02-05,0.0,-0.0655512061717702,0.0,0.0,-0.016347985652679347,-0.02977334321640995,-0.028566647770787053
2018-02-06,0.0,-0.000481376474294621,0.0,0.0,0.008814082219282985,0.010428138719946843,0.012918286762879202
2018-02-07,0.0,0.0,0.0,0.0,0.005936911841165143,-0.0092559600384805,-0.01295234107967047
2018-02-08,0.0,0.0,0.0,0.0,-0.0007402122017803718,-0.020913731896228055,-0.0273303144530583
2018-02-09,0.0,0.0,0.0,0.0,-0.004318549764517256,-0.00041535091843938454,-0.00010072558758142454
2018-02-12,0.0,0.0,0.0,0.0,-0.0007163105737118401,0.01275290712982441,0.014741641616841553
2018-02-13,0.0,0.0,0.0,0.0,0.003202574535768891,0.0037398202799537677,0.001857532230459561
2018-02-14,0.0,0.0,0.0,0.0,-0.012238219287751841,0.02298586767980822,0.0176475142440464
2018-02-15,0.0,0.0,0.0,0.0,-0.0006036785846828192,0.010769806244516057,0.014105390794381348
2018-02-16,0.0,-0.0003481316275267711,0.0,0.0,0.0,-0.0029221123688701013,0.0015225980844099066
2018-02-20,0.0,0.004057582841572341,0.0,0.0,0.001662946034762388,-0.005989785227781939,-0.008782587652971317
2018-02-21,0.0,0.003228291577167649,0.0,0.0,0.005990279915258718,-0.0033286697308245153,-0.006729730660610459
2018-02-22,-0.0008514867449131581,-0.0008009149953772542,0.0,0.0,-6.223276825287604e-05,0.002850618114597057,0.0026370645417271954
2018-02-23,0.00017612439778103201,-0.010210203317721194,0.0,0.0,0.007095819163840143,0.006763022249432483,0.013765808702253213
2018-02-26,0.0011266223619310167,0.006964458546614036,0.0016193541669123415,0.0,0.002217071873120653,0.006946093278888445,0.008650823749220314
2018-02-27,-2.1482424770689063e-05,-0.007994139700017581,-0.006389820742793327,-0.007581606803734296,-0.006389820742793327,-0.009637601801843991,-0.01404940903507405
2018-02-28,-0.0030177211436925987,-0.006493101646779013,0.004577469478905003,0.002566076401776138,0.004577469478905003,-0.011085574339130277,-0.008952622294803888
2018-03-01,-0.0002320053468873972,-0.00930112782025811,-0.0005985940032291707,-0.0006518675398232675,-0.0005985940032291707,-0.013307815683360771,-0.012395556411662751
2018-03-02,0.0,0.00324087890216109,0.0,0.0,0.0,0.014073365305869882,0.009655794701698755
2018-03-05,0.0,0.007317858640599073,0.0,0.0,0.0,0.006414463312104152,0.004701847697584848
2018-03-06,0.0,-0.00019184455084925387,0.0,0.0,0.0,0.005856935415744799,0.004558500563989362
2018-03-07,0.0,0.0,0.0,0.0,0.0,0.0005708384633892675,-0.0011439516110172668
2018-03-08,0.0,0.0,0.0,0.0,0.0,-0.004574601952675789,-0.0033764880975047274
2018-03-09,0.0,0.0,0.0,0.0,0.0,0.011667542040939676,0.010805980602027303
2018-03-12,0.0,0.0,0.0,0.0,-0.00519972944234685,-0.0011333907886245244,-0.0017147461295923523
2018-03-13,0.0,0.0,0.0,0.0,-0.0002100306257393933,-0.0043007151995835555,-0.006129761537475143
2018-03-14,0.0,0.0,0.0,0.0,0.003262904368120145,-0.0044093789218269145,-0.0035599764151849666
2018-03-15,0.0,0.0,0.0,0.0,-0.0009197755671096589,-0.002372094785432678,-0.0014490826945880878
2018-03-16,0.0,0.0,0.0,0.0,-0.0024810225024633394,0.004191169612897363,0.0023195162026515355
2018-03-19,0.0,0.0,0.0,0.0,-0.0020952350913407297,-0.006931042339626549,-0.005914149264383977
2018-03-20,0.0,-0.0011343395081116377,0.0,0.0,-0.0006005873641462213,0.0019721874751937717,0.0025211014433918788
2018-03-21,0.0,0.0011532327117698687,0.0,0.0,0.0,0.00903106500454535,0.004932013012970176
2018-03-22,0.0,0.014632637432257446,0.0,0.0,0.0,-0.015620514164243218,-0.017712711787868866
2018-03-23,-0.00027684728943697134,0.012475700941500186,0.0,0.0,0.0,-0.004882129665967561,-0.006928027201296668
2018-03-26,0.00037910732451631703,-0.01595239658650758,0.0,0.0,0.004968581380282602,0.017134153424801353,0.018787118663872008
2018-03-27,-0.000393952434525829,-0.00961527413209251,0.0071834969667842466,0.0,-0.011216776456298943,-0.013214913511614303,-0.015761852151622617
2018-03-28,-1.9507493383139e-05,-0.001641542135433049,-0.00035597705390925076,-0.015278662111628144,-0.0009277856760077788,-0.007679774312450697,-0.006977318169075453
2018-03-29,4.3710165341957926e-05,0.006897481335533509,0.002675530092272403,0.003917802300678118,0.003513162107355684,0.00834918026805071,0.007905897743735114
2018-04-02,-1.5142906776140338e-05,-0.01175219436095381,-0.00040677510673268986,-0.0006666414108771632,0.0018992799393477775,-0.011293501065495403,-0.010813667197522438
2018-04-03,0.0,0.0069170287345577215,0.0,0.0,-0.006537994170149344,0.00376307431989867,0.004359226362404845
2018-04-04,0.0,0.0057692183694674284,0.0,0.0,-0.0013022824607081937,0.004116267059340695,0.0037562957889178406
2018-04-05,0.0,-0.00016359908656957988,0.0,0.0,-0.0006003505140038415,-0.0006056169505940766,0.002938815333385024
2018-04-06,0.0,0.0,0.0,0.0,0.0,-0.005651506634354933,-0.00793873329962032
2018-04-09,0.0,0.0,0.0,0.0,-0.0008750828471617415,0.0028842638307788556,0.006135480236476396
2018-04-10,0.0,0.0,0.0,0.0,0.003608597991135842,0.010282864424558422,0.012346020050798559
2018-04-11,0.0,0.0,0.0,0.0,-0.0018390232015258277,0.00014537577805597902,-0.00016881093139890665
2018-04-12,0.0,0.0,0.0,0.0,-0.00209641772583198,0.003472484061259722,0.002866331915183681
2018-04-13,0.0,0.0,0.0,0.0,0.0011319835148908323,-0.003816509100252235,-0.0025946415910524036
2018-04-16,0.0,0.0,0.0,0.0,-0.001115599154331158,0.004405672263906561,0.00326597777306704
2018-04-17,0.0,0.0,0.0,0.0,0.0010292066182332569,0.0020241632803191523,0.0022477890626438155
2018-04-18,0.0,0.0,0.0,0.0,-0.0079390375671997,-0.0011044826419470343,0.0008365366920680145
2018-04-19,0.0,0.0024938380060200716,0.0,0.0,-0.0006023576083991657,-0.003166168507662438,-0.005175856877599787
2018-04-20,0.0,0.004010980031285296,0.0,0.0,0.0,-0.004414083940685398,-0.005169647471729303
2018-04-23,0.0,9.756694269986249e-05,0.0,0.0,0.001491291062124555,-0.0009356218696689701,-0.0013891030533203588
2018-04-24,0.0006943955640099522,0.00635722090826747,0.0,0.0,0.0024846637056843944,-0.0026038028931967975,-0.005142947356439747
2018-04-25,-0.0016148480844856259,-0.0011359239003836815,0.0,0.0,0.004460347261769525,-0.002447113924681016,-0.0018320360774793213
2018-04-26,0.00041593140713918323,0.004453776152694784,0.004992744201406742,0.0,0.0008960805896173513,-0.0016329190418107348,0.0031495701517485807
2018-04-27,0.0008373256262937682,0.000406449688945446,0.0032094983113595448,-0.00348602322640102,0.0027907384326032866,-0.0004403888180346742,-0.0007062029553891605
2018-04-30,0.0015379170603617355,-0.003642384065305726,0.0020194036573275946,0.004706668335501199,0.0020194036573275946,-0.005157750734958527,-0.0038649639238630476
2018-05-01,-0.0002126891879498472,0.0007991549296389637,-0.0005993514736560192,-0.0006741605260147086,-0.003278219593107108,-0.002826035135577627,0.00012703153177298063
2018-05-02,0.0,-0.0031854507779363523,0.0,0.0,0.00024870369681670803,-0.0018114395140353616,-0.003663284941433153
2018-05-03,0.0,-0.0010677473793427113,0.0,0.0,-0.0005998820571718091,-0.0011866729368209899,-0.0004174527284799591
2018-05-04,0.0,-0.00014058049303633,0.0,0.0,-0.0006780754191671114,0.0004913413790063198,0.0026983553360189843
2018-05-07,0.0,0.0,0.0,0.0,0.0011051066404556573,0.00024993379973098633,0.0012338465320713852
2018-05-08,0.0,0.0,0.0,0.0,0.003469127714253268,0.003937644937348797,0.002238930358733298
2018-05-09,0.0,0.0,0.0,0.0,0.004654160785778925,0.005947862213723053,0.005430800774490536
2018-05-10,0.0,0.0,0.0,0.0,-0.0009604573538013775,-0.0035081467798868645,0.0006278117404416
2018-05-11,0.0,0.0,0.0,0.0,-0.0006161950384345398,-0.001242845576938863,-0.0007691355908681233
2018-05-14,0.0,0.0,0.0,0.0,-0.0044884519320268585,0.008087205969775395,0.005801852124750022
2018-05-15,0.0,0.0,0.0,0.0,-0.011220380016886274,0.009856603239515562,0.0029036784580298083
2018-05-16,0.0,0.0,0.0,0.0,-0.0043263812346876,0.005731708514166896,0.0057708677857956645
2018-05-17,0.0,0.0,0.0,0.0,-0.0006012573932276699,0.004898024516382692,0.0022750428355322767
2018-05-18,0.0,0.0,0.0,0.0,0.0,-0.009154630605176756,-0.00843830459536642
2018-05-21,0.0,-0.004672512203836586,0.0,0.0,-0.0018625069337111758,0.0007379500669954769,0.002193607277354642
2018-05-22,0.0,0.0017111624976246514,0.0,0.0,0.0009183241610023505,0.0007292836206157848,0.00027699654631281573
2018-05-23,0.0,-0.0016208517649141444,0.0,0.0,-0.009003428941622866,-0.010158315221904022,-0.006983492833093589
2018-05-24,0.002477175451581073,0.0012711595886936856,0.0,0.0,0.0009289220467210526,-0.006478724639171987,-0.005028338839330558
2018-05-25,0.004207188372524498,0.001472440796190592,0.0,0.0,0.007345974220781695,-0.012232570646958223,-0.008963375699053333
2018-05-29,0.012686894648265343,-0.007464510287051277,0.020838062351547743,0.0,0.021435715893474705,-0.02707869894286551,-0.022792872369005835
2018-05-30,-0.006989038693436093,0.008138018331637612,-0.008700236818741418,0.005689501593696858,-0.008700236818741418,0.013381297084415326,0.0136771517382137
2018-05-31,0.0007890088577989498,-0.003804241560669889,-0.0011274320395983453,0.0028699492607407446,-0.0011274320395983453,-0.0008506490324632828,-0.0014634650378762132
2018-06-01,-0.00034918796088623895,0.005975560615366016,-0.0006002927394835745,-0.0007364314842748078,-0.0006002927394835745,0.005416391984637065,0.006136822397611475
2018-06-04,0.0,0.0028671360850309824,0.0,0.0,0.0,0.004334292987815663,0.0037085807625530263
2018-06-05,0.0,0.0003995540643714209,0.0,0.0,0.0,0.0016755896760378638,-0.0019364819672227907
2018-06-06,0.0,-0.00018405778534025144,0.0,0.0,0.0,0.00812584271203363,0.008441600136213869
2018-06-07,0.0,0.0,0.0,0.0,0.0,-0.006417109947490084,-0.008062505423899944
2018-06-08,0.0,0.0,0.0,0.0,0.0,0.0030692620135052925,0.0024791604674782434
2018-06-11,0.0,0.0,0.0,0.0,0.0014943135078748632,0.002259116210094078,0.0008509938231997857
2018-06-12,0.0,0.0,0.0,0.0,-0.0008859570732341281,-0.0024720042843999405,-0.0012510036476000388
2018-06-13,0.0,0.0,0.0,0.0,-0.0030248258076295558,0.0008794916351128613,0.002428643666966049
2018-06-14,0.0,0.0,0.0,0.0,0.006157709765901903,-0.007106007025143146,-0.011972626682735786
2018-06-15,0.0,0.0,0.0,0.0,0.0014198990610232386,-0.008522036997597458,-0.0036290518920970706
2018-06-18,0.0,0.0,0.0,0.0,0.0008300509736004194,-0.0014702900250683681,-0.00028071896517724434
2018-06-19,0.0,0.0,0.0,0.0,-0.0005997056562857394,-0.006450736228253543,-0.00639525501984739
2018-06-20,0.0,-0.0012704559514093846,0.0,0.0,0.0,0.002426383242426121,0.005233266571941998
2018-06-21,0.0,0.004141583274243432,0.0,0.0,0.0,-0.007085115315201131,-0.006973943803527619
2018-06-22,0.0,-0.001153507465507744,0.0,0.0,0.0,0.004082190221951716,0.003011433328862148
2018-06-25,0.0020414940384526755,0.008944846171448258,0.0,0.0,-0.0032149030955845015,-0.0113678857852629,-0.007865096871335743
2018-06-26,-0.00010506804855606717,-0.0014108871048444352,0.0,0.0,-0.0008526489981225293,-0.002793928061787162,-0.0021334151995009007
2018-06-27,0.002490465131506728,-0.0068537930504914395,0.004273132575359038,0.0,-0.007499655870982892,-0.015165655280855988,-0.010886087261369547
2018-06-28,-0.0011086232337366327,0.004337074270106597,-0.0013039845877990087,-0.002015259213592554,-0.0014396139995698047,0.002526895510432739,0.00401909495286413
2018-06-29,-0.0005040985600573722,0.001048927954425937,-0.0010626365286982309,0.0055459420259180315,-0.002124361344411513,0.007707139390509345,0.007084210074559974
2018-07-02,-0.0001542341098818748,0.0015841100135123838,-0.0003730005363253555,-0.0007152878608836062,-0.0015232926902999109,-0.004046241334310062,-0.0036793719541544276
2018-07-03,0.0,-0.0027740697687220536,0.0,0.0,0.004931256806665623,-0.0019884733956913327,-0.003195270707558172
2018-07-05,0.0,0.006212989280338844,0.0,0.0,4.0602826029841494e-05,0.006522529704420984,0.0067534555222766
2018-07-06,0.0,-0.00023106583895053122,0.0,0.0,-0.0005999416608222594,0.007156854393329815,0.007858235538415031
2018-07-09,0.0,0.0,0.0,0.0,0.004597473368051858,0.007922662919140152,0.005088418257047519
2018-07-10,0.0,0.0,0.0,0.0,0.0016905272206978364,-0.0009188224670002302,0.00020454946841981563
2018-07-11,0.0,0.0,0.0,0.0,-0.0039800641455531,-0.01116676085013587,-0.010426048521510963
2018-07-12,0.0,0.0,0.0,0.0,-0.0008751809294372328,0.006260659832282743,0.0048491764420106045
2018-07-13,0.0,0.0,0.0,0.0,0.0026698566002863232,6.323591114877004e-05,0.001543772114803882
2018-07-16,0.0,0.0,0.0,0.0,-0.003470376399774921,-0.0016695787436558065,-0.003349867746582017
2018-07-17,0.0,0.0,0.0,0.0,-0.001330512480533528,0.002775347827466845,0.003823027038306378
2018-07-18,0.0,0.0,0.0,0.0,-0.0017177348626874014,0.0010495056047365992,0.0010079421767535852
2018-07-19,0.0,0.0,0.0,0.0,-0.0006004692810907185,-0.003526687672038109,-0.0004903546263625033
2018-07-20,0.0,0.0009334412881983836,0.0,0.0,0.0,0.006285428890884336,0.0034148288137364484
2018-07-23,0.0,-0.0018432877203751114,0.0,0.0,0.009314800137436725,0.003195635851329642,0.0036491875553898404
2018-07-24,0.0,-0.005102148818566324,0.0,0.0,-0.0012513343064373534,0.0007770303606336871,0.0003185170644710898
2018-07-25,-0.004256708264931397,-0.00868995022991742,0.0,0.0,0.001506301850877752,0.007939795141685274,0.007669120378205209
2018-07-26,-4.339748544213971e-05,0.0024855616795131626,0.0,0.0,-0.0015432538408611447,-0.00330171519188597,-0.0013530175950676674
2018-07-27,0.0038830031134285702,-0.008073069101757672,0.0023934248867854653,0.0,0.0025876258767627705,-0.00555580189610858,-0.006079386856869116
2018-07-30,0.0008907436645498422,-0.005756706100538773,-0.00271546102576128,0.001222883966694244,-0.00271546102576128,-0.001031100802247708,0.0002022460714837909
2018-07-31,-0.0007782447805876994,0.00526484776401193,0.0025966454713614367,-0.006575222747208721,0.0025966454713614367,0.00213454017466179,0.0024780001207309354
2018-08-01,-0.0003681648714862638,-0.0018992650183476695,-0.0005991756661961019,-0.0007520174089278164,-0.004883989867322995,0.001519092839075052,0.0011801309658142807
2018-08-02,0.0,0.00582861417851138,0.0,0.0,-0.0006014242988459227,0.0021315462470658784,0.002235236378522268
2018-08-03,0.0,0.004566465058828184,0.0,0.0,-0.0055929273645600255,-0.0017237729380109065,-0.000909265070543973
2018-08-06,0.0,-0.00032555154372576665,0.0,0.0,-0.000850485417706585,0.0017967020523854055,0.0022689795970654114
2018-08-07,0.0,0.0,0.0,0.0,0.004262686994036883,0.004749189130223498,0.004716214992484694
2018-08-08,0.0,0.0,0.0,0.0,-0.0016394327453547167,-0.0037129825627034035,-0.0028235623678005794
2018-08-09,0.0,0.0,0.0,0.0,-0.00107397678203795,-0.00360436006752867,-0.0025461019802274277
2018-08-10,0.0,0.0,0.0,0.0,0.007814534766255756,-0.008523692723673053,-0.008191839034689776
2018-08-13,0.0,0.0,0.0,0.0,-0.0007506634575839902,-7.187216461342278e-05,0.0008246462475691796
2018-08-14,0.0,0.0,0.0,0.0,-0.002115804472027764,0.005798563768912696,0.004722621790686104
2018-08-15,0.0,0.0,0.0,0.0,0.0047291208901154855,-0.006934716595585236,-0.005068561414889336
2018-08-16,0.0,0.0,0.0,0.0,-0.000598539895328368,0.005171264018728792,0.003927530023769993
2018-08-17,0.0,0.0,0.0,0.0,0.0,0.0009825876986695092,0.0001316813887725767
2018-08-20,0.0,0.0,0.0,0.0,0.0,-0.003039299200648481,-0.002193961521123962
2018-08-21,0.0,0.0,0.0,0.0,0.0,0.0031223658514643354,0.0034114824113662397
2018-08-22,0.0,0.00041833432622786874,0.0,0.0,0.0,-0.0017753610986853525,-0.00042630146415939985
2018-08-23,0.0,0.0016083865580080452,0.0,0.0,0.0,-0.00025042229458853454,0.0003899028141346514
2018-08-24,0.0,-0.006853313096244716,0.0,0.0,0.0,0.0004468434831612334,-0.00034337414868603866
2018-08-27,-0.00048627818270572645,-0.00901784159811918,0.0,0.0,0.004011846828003762,0.004606178415787879,0.004814099490228311
2018-08-28,-0.00018928609908066554,-0.00048053557391038464,0.0,0.0,0.004618650283548388,0.006190449454639061,0.005648306839683881
2018-08-29,-0.00021760301407512764,0.005595924135503076,-0.001351602413447413,0.0,-0.0011425728111880459,0.0023570425653083996,0.002518492180086421
2018-08-30,0.00027994201726815244,-0.004910898867876432,0.0035460016547361455,0.0034051082321549003,0.003188803593837556,-0.0036364998587044856,-0.004004392735906303
2018-08-31,9.645855928512101e-06,-5.717518782483737e-05,0.00022381542441088332,-0.004939570445657048,0.00022381542441088332,0.0028264762037359613,0.0031989097535447195
2018-09-04,-3.3229828649393294e-05,-0.0021459883797070546,-0.0005998832823788858,-0.0007949962576979216,-0.004734999241727486,-7.964172394633964e-05,0.00017333642650000492
2018-09-05,0.0,-0.0032984594120688865,0.0,0.0,-0.000363694576389421,-0.006753166623226221,-0.002425152286974252
2018-09-06,0.0,-0.003677569627136658,0.0,0.0,-0.0006000587067606423,-0.0073340755950671715,-0.004845686519989815
2018-09-07,0.0,-0.00035685680447753246,0.0,0.0,0.0,0.003188933270911054,0.0036617065406575854
2018-09-10,0.0,0.0,0.0,0.0,-0.0016339811460966097,2.79573523779214e-05,0.0015231062053214718
2018-09-11,0.0,0.0,0.0,0.0,0.007399892606994176,0.00630433211644977,0.006667587316453493
2018-09-12,0.0,0.0,0.0,0.0,-0.0022250405451412288,-0.004018392701394471,-0.0027311923114101797
2018-09-13,0.0,0.0,0.0,0.0,-0.0007859945553214706,0.0007467471884993229,0.002355607074429232
2018-09-14,0.0,0.0,0.0,0.0,-0.004390381128830507,0.0034365844015404427,0.0044690179282599425
2018-09-17,0.0,0.0,0.0,0.0,0.00022418497473052215,-0.00889645474042659,-0.004676413244467069
2018-09-18,0.0,0.0,0.0,0.0,-0.008442257910275173,0.009808356437498741,0.008657414537916757
2018-09-19,0.0,-0.0016484422384412333,0.0,0.0,-0.0035328334275736197,0.0007655924813203151,-0.0010899156182307152
2018-09-20,0.0,-0.010237838860037997,0.0,0.0,-0.000601012025555831,0.0012955585876827638,0.0013794797477024749
2018-09-21,0.0,0.0012501642167191765,0.0,0.0,0.0,0.0003641498090193026,0.00010029326839466219
2018-09-24,-0.00017919563283495772,0.004328950721516573,0.0,0.0,0.001728325558223382,0.0031422095181147204,0.000687050833644713
2018-09-25,-0.000523411746106836,0.0012744348798737063,0.0,0.0,0.002128526088380762,0.0016987440311581402,-8.102268515187825e-05
2018-09-26,0.003427303939778818,-0.004997791695457139,0.005203889454161054,0.0,0.0023083924462068773,-0.004215149522953203,-0.005666812485012516
2018-09-27,-0.00091470132083178,0.00370222177671382,-0.00015441824857094337,0.010503835523967463,-8.561528072114656e-05,0.00630640739945171,0.004685117166294304
2018-09-28,0.00030729243758781735,2.416249037286352e-05,0.000737056841631394,0.0047512089289068055,0.0005198353974062669,0.0016503430670741636,0.001246271558553745
2018-10-01,-0.0003261056149843478,0.004628342729327332,-0.0005403178237526637,-0.0008129718602831774,-0.005245388786454974,0.006954712908247105,0.006343616042435285
2018-10-02,0.0,-0.0009152735108302121,0.0,0.0,0.004988956880752881,-0.0050899736385480385,-0.00654926100828378
2018-10-03,0.0,0.0006308544647645512,0.0,0.0,-0.015031369643949171,0.012184029223748534,0.010421750367638002
2018-10-04,0.0,-0.00040988397634898126,0.0,0.0,-0.0006045240144815565,-0.0035149201422940554,-0.003293296310131936
2018-10-05,0.0,0.0,0.0,0.0,0.0,-0.000966948591363306,-0.0023142061387147793
2018-10-08,0.0,0.0,0.0,0.0,-0.001252499457017391,-0.0018363605819496627,0.0020204689074751515
2018-10-09,0.0,0.0,0.0,0.0,-0.0036575751998465223,-0.0037063376805315735,-0.003467111964361797
2018-10-10,0.0,0.0,0.0,0.0,-0.0008508369747376327,-0.018073984239726133,-0.018717600148090735
2018-10-11,0.0,0.0,0.0,0.0,0.0008789621653895724,-0.015668314646974126,-0.021965763738996627
2018-10-12,0.0,0.0,0.0,0.0,-0.003046979429339136,0.010287138465556605,0.009279029767827225
2018-10-15,0.0,0.0,0.0,0.0,0.0010154029384782362,-0.0019231042266079855,-0.002127768560029194
2018-10-16,0.0,0.0,0.0,0.0,-0.0003787064982699429,0.011411357624372849,0.01333824937908725
2018-10-17,0.0,0.0,0.0,0.0,-0.005961674862920371,0.0027060885315785834,0.003455422497614333
2018-10-18,0.0,0.0,0.0,0.0,-0.00060174452281041,-0.011139587819515556,-0.009634315781754636
2018-10-19,0.0,0.0,0.0,0.0,0.0,0.0017373990536620918,0.001155439992411182
2018-10-22,0.0,0.0036292760665942786,0.0,0.0,-0.0008413041617629114,0.000518870735087548,-0.0005659341152348391
2018-10-23,0.0,0.004393804423279341,0.0,0.0,-0.005036259468516757,-0.008795191924247561,-0.008342786602362989
2018-10-24,0.0,0.02582811404961861,0.0,0.0,-0.010603853475185424,-0.02386816473179868,-0.02118710324236299
2018-10-25,0.011390012600595427,-0.015201957874431266,0.0,0.0,-0.0034412845326993492,0.015150731555623204,0.01644246940151582
2018-10-26,-0.014917482245953451,0.015013160552852485,0.0,0.0,0.00846356483908991,-0.014287076109877471,-0.017513618666693855
2018-10-29,-0.0023158539016554405,-0.00462401287404324,-0.000980519861911131,0.0,-0.0003831774070456312,-0.00359837247359207,0.0005384381852214944
2018-10-30,0.01024587263577403,0.010867980377679885,-0.004532469113701803,-0.002747099364725652,-0.004532469113701803,0.011616214405803226,0.0135366164524111
2018-10-31,0.008811127423584291,0.007814027646491618,-0.005137394213229329,0.002664789767653035,-0.005137394213229329,0.006872286802863081,0.007259233811197134
2018-11-01,-0.0005975289858780742,0.007786002659403392,-0.0006014937014846746,-0.0008091552969019743,-0.0006014937014846746,-0.00504261889718921,-0.008849010133555175
2018-11-02,0.0,-0.004438393263792017,0.0,0.0,0.010697153590233646,0.007987577824030527,0.006208658473215953
2018-11-05,0.0,0.004003031381455145,0.0,0.0,-0.001048431139234488,-0.0038131647076583932,-0.0030697244108432945
2018-11-06,0.0,-0.00022170522771906034,0.0,0.0,0.0023567803550243955,-0.002070881232073729,-0.0010238293651200433
2018-11-07,0.0,0.0,0.0,0.0,-0.0005082495684480005,-0.0066058004906702555,-0.005985647338045014
2018-11-08,0.0,0.0,0.0,0.0,-0.003656086560659136,0.005359309368428479,0.007858071919447243
2018-11-09,0.0,0.0,0.0,0.0,0.007633492529817834,-0.0016433756802557533,0.002210144273011113
2018-11-12,0.0,0.0,0.0,0.0,0.005803946645662965,0.00222998469367876,0.003937889218265465
2018-11-13,0.0,0.0,0.0,0.0,0.0014049589840559578,-0.004373027672979125,-0.0031628717244126902
2018-11-14,0.0,0.0,0.0,0.0,-0.0005995230217325435,0.0006755729615948488,-0.0017574684191224723
2018-11-15,0.0,0.0,0.0,0.0,0.0,-0.00042819733699124053,-0.00042611284700394927
2018-11-16,0.0,0.0,0.0,0.0,0.0,-0.007562533622827569,-0.008097193237307098
2018-11-19,0.0,0.0,0.0,0.0,0.0,0.0012728743263387434,0.00021196628125032529
2018-11-20,0.0,0.011599755581909003,0.0,0.0,0.0,0.002630641819340921,0.004822000451844045
2018-11-21,0.0,-0.0021154114782373033,0.0,0.0,0.0,-0.00398584560856512,-0.0059407030526548435
2018-11-23,0.0,0.004287259600361046,0.0,0.0,0.0,-0.0012709919612800573,0.001925998081452859
2018-11-26,0.003096827924138015,-0.010190498790662354,0.0,0.0,0.0011435416455829774,-7.963746458806834e-05,-1.972867107483066e-06
2018-11-27,-0.00011044754765262531,-0.0020871562957724865,0.0,0.0,-0.0018128238801736552,0.0038525255771487397,0.0042220785323515
2018-11-28,0.004029201552119755,0.013331296013600938,-0.0009829606018974158,0.0,-0.0010535885690729405,-0.008490696821089102,-0.00897289028295324
2018-11-29,-0.002213826838305293,-0.0013621412061290852,0.004948621242704191,-0.0014566959168400312,0.0046244617796377865,-0.003958807288501724,-0.0026807366202635727
2018-11-30,-0.0003667571338941116,0.003586634736875945,0.00375125471664225,-0.004127399866043144,0.00375125471664225,-0.0006193735493569639,0.0015442594733778281
2018-12-03,-0.0002720511548125323,0.00785595088943771,-0.0005988235574489016,-0.0008387187674526295,0.004184129806599438,-0.008651712065875542,-0.008249514863120483
2018-12-04,0.0,-0.019417847749266262,0.0,0.0,0.009045139097414348,-0.012718981123212783,-0.006234668958589673
2018-12-06,0.0,-0.0009647961253708088,0.0,0.0,-0.0005972547531943268,-0.0002594045495293351,0.003761229468272168
2018-12-07,0.0,-0.0001791395617097976,0.0,0.0,0.0,-0.009107272429977017,-0.00724595357677163
2018-12-10,0.0,0.0,0.0,0.0,-0.0016017709453366132,0.005452153446490397,0.00540792150143157
2018-12-11,0.0,0.0,0.0,0.0,0.005217401864519415,0.003960890024990634,0.0016492090556292072
2018-12-12,0.0,0.0,0.0,0.0,0.005618543625311937,0.005393956164936775,-0.0050391617716412564
2018-12-13,0.0,0.0,0.0,0.0,-0.0005397139968339583,-0.0033432881628098084,-0.0009594403592884719
2018-12-14,0.0,0.0,0.0,0.0,0.0024245026689018257,0.0018452273572824949,0.004900623247397214
2018-12-17,0.0,0.0,0.0,0.0,0.00566151979348978,-0.003937247087388655,-0.006383811914173344
2018-12-18,0.0,0.0,0.0,0.0,0.004741336777414662,-0.00022263323063349775,-0.0015451876681160219
2018-12-19,0.0,0.007442353477779759,0.0,0.0,0.0068094547894886615,-0.009954057447685065,-0.00031068933884110313
2018-12-20,0.0,0.008247070191642709,0.0,0.0,-0.0005979153569188381,0.006410985304950027,-0.0009248252835090205
2018-12-21,0.0,0.010370759437709284,0.0,0.0,0.0,0.002722341388029768,0.005668796017568056
2018-12-24,-0.020471407448711943,0.013363609690901895,0.0,0.0,-0.005468930821369493,-0.003202107573009172,-0.0062567783790214715
2018-12-26,0.0376323343322916,-0.025445477131954285,0.0,0.0,0.009630509104055432,0.004756303348206687,0.0019573942139929903
2018-12-27,-0.0026060363872231858,0.003318006204611979,0.0042601579325195205,0.0,0.0015377777969788464,6.013718776187344e-06,-0.003385666881467077
2018-12-28,-0.01458826141454975,-0.0006617422586395452,0.010659510264986346,0.00483183709326613,0.01036091244728091,-0.008838834976562852,-0.010280321713514808
2018-12-31,-0.005256619324835122,0.004140290561607194,0.007320986704317639,0.0035198104367641847,0.007320986704317639,-0.0064037168074803025,-0.004617384442847964
2019-01-02,-0.0009389435369184855,0.00045153970345813933,-0.0005977624101078749,-0.0007654498894189726,0.004032555235957632,-0.009919090674878735,-0.006336957094820031
2019-01-03,0.0,-0.011448976907889265,0.0,0.0,0.015708427038407847,-0.010016746691282497,-0.006365936140163711
2019-01-04,0.0,0.015961091887302045,0.0,0.0,-0.0005953055308799925,-0.0030692280871944975,-0.00898131671605661
2019-01-07,0.0,-0.00014583956247694727,0.0,0.0,0.005121715664377764,-0.002077504764045774,-0.005126051774498543
2019-01-08,0.0,0.0,0.0,0.0,0.005158487845850027,-0.0041982745877595625,-0.004844209825068606
2019-01-09,0.0,0.0,0.0,0.0,-0.0009940005564669624,-0.00909714128876846,-0.010408614673763309
2019-01-10,0.0,0.0,0.0,0.0,-0.0008174516758897297,0.005237746400083521,0.0038258296866121974
2019-01-11,0.0,0.0,0.0,0.0,0.005254384482742058,-0.004053923939022371,-0.0018714477833018013
2019-01-14,0.0,0.0,0.0,0.0,-0.001343478605753815,0.007694442236940465,0.005933822745179275
2019-01-15,0.0,0.0,0.0,0.0,-0.002112701201752199,-0.0013135415870012934,-0.002146537704737898
2019-01-16,0.0,0.0,0.0,0.0,-0.0013433480035185043,-0.002729603544020251,-0.0035886812601250567
2019-01-17,0.0,0.0,0.0,0.0,-0.000600346564326335,-0.0014780465691601346,-0.001955846323925145
2019-01-18,0.0,0.0,0.0,0.0,0.0,-0.00017646616142090064,0.000699644947042681
2019-01-22,0.0,0.005597464259604294,0.0,0.0,0.0,0.000593718680922837,0.00342752457284513
2019-01-23,0.0,-0.0008490605118674985,0.0,0.0,0.0,-0.0012688484208939117,-0.0020072403876697405
2019-01-24,0.0,-0.000190435137272553,0.0,0.0,0.0,-0.006548413957823447,-0.0034375596307900796
2019-01-25,-0.0052541457324904095,-0.003528870917214487,0.0,0.0,0.0,-0.0028532152387861468,-0.009997618069348593
2019-01-28,0.001973519289231119,0.0032333896792022514,0.0,0.0,-0.0010136550620873615,0.004625432539149372,0.0032213874844734267
2019-01-29,0.0037242588314840884,-0.0008685298144882453,0.004987864070120156,0.0,0.0015351113637432651,-0.007476629613010173,-0.005810081912823392
2019-01-30,-0.00086767609191933,0.006799372952139809,0.00441852998641661,0.004607684445796574,0.00407725851086363,-0.014602254258990007,-0.015294840614233083
2019-01-31,0.0035221312694482107,0.0037531791759635286,0.0090070072877722,-0.002207378426876301,0.0090070072877722,-0.014442889568252447,-0.010239029537436203
2019-02-01,-0.0004343746132846578,0.00016708246975892188,-0.0005972664315234425,-0.0006940285733273342,0.009666209040862387,0.003243640669237115,0.001339107168159997
2019-02-04,0.0,0.002999277579924845,0.0,0.0,0.004573670161991997,-4.2534839918082536e-05,0.0002884791542326719
2019-02-05,0.0,0.0017700793466279043,0.0,0.0,-0.003304924699790592,-0.003399076134313949,-0.0017563284285459428
2019-02-06,0.0,-0.00012993198119050627,0.0,0.0,-0.0013773743620630653,0.00505621773669217,0.0067011603013212495
2019-02-07,0.0,0.0,0.0,0.0,-0.0010657312634635486,0.005741551287020157,0.006851151010177146
2019-02-08,0.0,0.0,0.0,0.0,0.0018420484576512218,-0.002952275988252024,-0.0005871157313661486
2019-02-11,0.0,0.0,0.0,0.0,-0.0032495758764006662,0.004682046447115333,0.0043783931800951996
2019-02-12,0.0,0.0,0.0,0.0,-0.0028704698246943784,-0.007817051973085874,-0.00804830162718339
2019-02-13,0.0,0.0,0.0,0.0,-0.005176171499455509,0.0015004798567554262,0.0026240500528308874
2019-02-14,0.0,0.0,0.0,0.0,-0.0006015031992543688,-0.0026538619409215043,-0.0009390686608110352
2019-02-15,0.0,0.0,0.0,0.0,0.0,-0.010174888396329258,-0.007944480270340473
2019-02-19,0.0,-0.0008895789462710412,0.0,0.0,0.0,-0.006810657929292942,-0.007604122104437375
2019-02-20,0.0,-0.0008835159796355967,0.0,0.0,0.0,-0.0016427507581467252,-0.002186814753225202
2019-02-21,0.0,0.0016626613780348811,0.0,0.0,0.0,0.006404621186686033,0.004323979472479016
2019-02-22,0.0008760045631656682,-0.0027958338155129794,0.0,0.0,0.0,-0.007544688832185936,-0.0048350052369595786
2019-02-25,-0.001282982209492741,-0.0005846801928787446,0.0,0.0,0.0026279005974871607,0.002056421291837124,-0.0008929072308619177
2019-02-26,0.0020662687308957138,-0.0006601479235629501,0.005146131326949672,0.0,0.001524901159678146,-0.0019060490613366848,-0.0011369724624427236
2019-02-27,-0.0024009088333036602,-0.00024715719026425635,-0.007256899260101901,0.0035404175135439983,-0.007607573069433419,0.003911634698501217,0.0021384591769559595
2019-02-28,-0.0015603851351712935,-0.0009215864743934265,-0.005365709351340109,0.0031166742149766466,-0.005365709351340109,0.004669319229428604,0.004160040668660523
2019-03-01,-0.00024522098389231917,0.0028945215304150263,-0.000601559999637804,-0.000731733940114933,-0.006754428030681822,-0.003025648092556992,0.0037280938785812048
2019-03-04,0.0,-0.0017577148015388722,0.0,0.0,0.00598663307223433,0.00601793415576006,0.0032250992132188184
2019-03-05,0.0,-0.0006857534644014219,0.0,0.0,-0.0005981574214601096,-1.7747995339234703e-06,-0.0009223838447354457
2019-03-06,0.0,-0.00014112074334494612,0.0,0.0,0.0,0.004071649874946837,0.00044610907462712824
2019-03-07,0.0,0.0,0.0,0.0,0.0,0.009431270978682828,0.006876931825382179
2019-03-08,0.0,0.0,0.0,0.0,0.0,0.0023000382322318135,-0.004254103115031676
2019-03-11,0.0,0.0,0.0,0.0,0.0010957441534474497,-0.0008983600056413456,0.003355956330186264
2019-03-12,0.0,0.0,0.0,0.0,-0.005374508321247105,0.004388828651209641,0.0003566888972294231
2019-03-13,0.0,0.0,0.0,0.0,-0.0007800754580688131,-0.005159515155721151,-0.0042913095678381065
2019-03-14,0.0,0.0,0.0,0.0,-0.0035813003497113137,-0.0033822744674666095,0.003185186215031192
2019-03-15,0.0,0.0,0.0,0.0,0.006108050944590547,0.0049678652537781,-0.0012590204293301147
2019-03-18,0.0,0.0,0.0,0.0,-0.0028574567526993074,-0.003255397502106116,-0.0035072167052976506
2019-03-19,0.0,0.0,0.0,0.0,-0.0015249579805224527,-0.0035002394721277644,-0.0020701576742529993
2019-03-20,0.0,0.001472375843685373,0.0,0.0,-0.0006004003995568322,0.008340604962224748,-0.0001312140750295313
2019-03-21,0.0,-0.0059080346527876255,0.0,0.0,0.0,0.0058478196510840085,0.009092117107317362
2019-03-22,0.0,0.010183431166293389,0.0,0.0,0.0,0.016210588365655552,0.006278065080734064
2019-03-25,0.0004624171955795364,0.000435565062961192,0.0,0.0,-0.005509927362944349,0.002297800012981637,-0.0007879783857925169
2019-03-26,-0.0005824798653195568,-0.0038840012134006923,0.0,0.0,0.0018514468857442044,0.00017064243089753793,0.005098240486710249
2019-03-27,0.0008524682032865836,-0.0032878289491866356,0.0028618357959660843,0.0,-0.005656086276694335,0.008537566060478868,0.006189158425739826
2019-03-28,-0.0001976062808469377,0.002055321262346652,-1.0780051002201108e-06,-0.003497006247079679,-0.0012069243581963424,0.005668763593115197,0.009263132247248224
2019-03-29,-0.0006721663217369661,0.0034548826195412454,-0.0019162302490849247,-0.0014600327861900853,-0.0033685483642384557,-0.002493428682563655,-0.0027402186044363985
2019-04-01,-7.675756360660995e-05,0.006542927428151626,-0.0003413954504987068,-0.0007455966878538247,-0.013943087925720849,-0.01605121419812413,-0.009021398559814375
2019-04-02,0.0,0.00021932627097976263,0.0,0.0,0.003213994458018723,0.0023969688694126276,0.002522820400762216
2019-04-03,0.0,0.0008224796094412048,0.0,0.0,-0.006423241187060781,-0.00786571077343847,-0.006159952034212781
2019-04-04,0.0,-0.00016697544956346467,0.0,0.0,-0.0006018814885232445,0.0028375965476662188,0.001948533073105054
2019-04-05,0.0,0.0,0.0,0.0,0.0,0.003715748765662541,0.004171628740334065
2019-04-08,0.0,0.0,0.0,0.0,0.0027810185852871626,-0.006356181179819872,-0.006386457811149842
2019-04-09,0.0,0.0,0.0,0.0,-0.0034389597019821466,0.001069303213296259,7.374808268450445e-05
2019-04-10,0.0,0.0,0.0,0.0,-0.004566181077317938,0.007039876643813951,0.006363681414098477
2019-04-11,0.0,0.0,0.0,0.0,-0.0012252054015423456,0.0003499925071374124,0.0033133809514807565
2019-04-12,0.0,0.0,0.0,0.0,-0.009986129986603736,-0.005849932466433172,-0.004099874003359395
2019-04-15,0.0,0.0,0.0,0.0,0.0024689149564416472,-8.103708711053079e-05,-0.00022153328818531756
2019-04-16,0.0,0.0,0.0,0.0,-0.007020521065734831,-0.008237231657877259,-0.00558969676107736
2019-04-17,0.0,0.0,0.0,0.0,0.00018933691994677324,-0.0034395757611948552,-0.0028702088683637806
2019-04-18,0.0,-0.002135389868942168,0.0,0.0,-0.000599885718709184,0.004615823176833752,0.005392109560094943
2019-04-22,0.0,-0.0007620106808094447,0.0,0.0,0.0,-0.006534198793624539,-0.005158897672666211
2019-04-23,0.0,-0.00869977754558757,0.0,0.0,-0.004046345695486057,0.010548600043435719,0.011875386895532112
2019-04-24,0.0036020775000830327,0.002242997027821494,0.0,0.0,-0.006477733190010091,0.010760216508119225,0.008708031848395796
2019-04-25,-0.0008440521897740436,0.0006811093883271618,0.0,0.0,-0.003768715203650107,-0.0023186900327062964,-0.0007967187346111784
2019-04-26,0.00041078358506314405,0.004149858880448972,0.004513944851259626,0.0,0.005113205588378051,0.009166454595304569,0.005794075908993129
2019-04-29,-0.0023796930064986675,0.001535089664964142,-0.004346881846348235,-0.003236298724320664,-0.004346881846348235,-0.007156595644368998,-0.005489238278475356
2019-04-30,0.0014216862185133599,0.00043329471834348504,0.0037849149583227804,-0.004411392016951495,0.0037849149583227804,0.002765692111640133,0.0006141978471939475
2019-05-01,-0.00036433453902118664,-0.007931235297260735,-0.0005988122048315853,-0.0009650769762378896,-0.0010994150900792239,-0.004438057821646016,0.0007219198203533672
2019-05-02,0.0,-0.0023495643980674485,0.0,0.0,-0.0006002730498164914,0.0010646688588396146,-0.0013118054936868363
2019-05-03,0.0,0.010101377839448391,0.0,0.0,-0.0030922664676729795,0.00910199988849522,0.003867664515603749
2019-05-06,0.0,-0.00031249831154047324,0.0,0.0,-0.004957212173878801,-0.0005161232569447689,0.003719097768978067
2019-05-07,0.0,0.0,0.0,0.0,-0.006647273347078328,-0.010111573392375502,-0.0030278151956959656
2019-05-08,0.0,0.0,0.0,0.0,0.003927398903034223,-0.003169166871839633,-0.0036021276938152207
2019-05-09,0.0,0.0,0.0,0.0,-0.0009357759403491364,-0.00017497132829662532,0.0029244927646618654
2019-05-10,0.0,0.0,0.0,0.0,-0.0021512130549415924,0.003688327826415932,0.0016980847409069362
2019-05-13,0.0,0.0,0.0,0.0,0.009799864052756896,-0.016932463913479193,-0.0052960296507959465
2019-05-14,0.0,0.0,0.0,0.0,-0.0020645426794791135,0.0035584187942443095,0.0009569274871676425
2019-05-15,0.0,0.0,0.0,0.0,0.006192982552296384,0.0038136195554531334,0.00567124634420885
2019-05-16,0.0,0.0,0.0,0.0,-0.0005980976477905275,0.004526006134329273,0.004066022576307647
2019-05-17,0.0,0.0,0.0,0.0,0.0,-0.0016583831412651394,0.0028308668004503887
2019-05-20,0.0,0.0,0.0,0.0,0.0,-0.008355948129379688,-0.00807915041477585
2019-05-21,0.0,-0.008500423715828952,0.0,0.0,0.0,0.007790533160309494,0.004523082117086495
2019-05-22,0.0,0.00289632527616671,0.0,0.0,0.0,0.0025143789899781097,0.004622766376140291
2019-05-23,0.0,0.01131941892167449,0.0,0.0,0.0,-0.004616486966610037,0.0006364786769865743
2019-05-24,0.0006860851593030934,-0.002021462140657076,0.0,0.0,0.0,-0.0011694487073347344,-0.0024659094894984982
2019-05-28,-0.006910940205698425,0.008633467608550997,0.0,0.0,-0.009193982730350568,-0.004601691261838195,0.0015044710516541235
2019-05-29,-0.001913778878877608,-0.006550062268207125,-0.001525087961230173,0.0,-0.0018669964517893391,-0.00509949281829956,-0.003380157729325426
2019-05-30,-0.002179559697584169,0.0023327237723775375,0.00704921426962546,-0.0023305906304141545,0.0069448908595043605,0.006530874716581739,0.006477115350042893
2019-05-31,-0.010304441398638701,-0.011993275546323748,0.013126059650157893,-0.014690007252822258,0.013126059650157893,-0.0027683500585598563,0.0009727081318392794
2019-06-03,-0.0003662309117766329,-0.002329038782833912,-0.0005960592284256322,-0.0010406450024658,0.009435848761405925,-0.0004477641858533464,-0.004138183680697293
2019-06-04,0.0,0.019108218116764063,0.0,0.0,-0.007508684351464863,-5.266524763057251e-05,-0.0007265419180337193
2019-06-05,0.0,0.007575853813093433,0.0,0.0,-0.0006022131934924314,0.00894023797976389,0.007964832557782624
2019-06-06,0.0,-0.0002654643655905984,0.0,0.0,0.0,-0.0014926875611803174,-0.0012002897880179471
2019-06-07,0.0,0.0,0.0,0.0,0.0,0.00628549894297335,0.0034307267086576814
2019-06-10,0.0,0.0,0.0,0.0,0.009441311650639555,-0.0010265126957365097,-0.002261389701781673
2019-06-11,0.0,0.0,0.0,0.0,0.00014356946552037406,-0.0018838970388510912,-0.0014423405098726583
2019-06-12,0.0,0.0,0.0,0.0,-0.005002590679613489,0.003969174500125094,0.0036610298693934822
2019-06-13,0.0,0.0,0.0,0.0,-0.00017213857281003021,-0.0006986908833697494,0.0005437471012827597
2019-06-14,0.0,0.0,0.0,0.0,0.000754728479921058,0.001916640171376695,0.0035847805505388837
2019-06-17,0.0,0.0,0.0,0.0,-0.0005380369732563699,0.001302737173223736,0.0006460455504793958
2019-06-18,0.0,0.0,0.0,0.0,0.0036697894669351474,0.001571304185467792,0.002818243815231543
2019-06-19,0.0,-0.002018757889437111,0.0,0.0,0.005308096179820585,0.0036395331028134864,0.0037583063430156197
2019-06-20,0.0,-0.007707920413779923,0.0,0.0,-0.0005983654668428826,-0.005487214808272149,-0.003952419936393322
2019-06-21,0.0,0.0012342392727464817,0.0,0.0,0.0,-0.00971965943118479,-0.010419102984225641
2019-06-24,0.004393957794868788,0.0010520102338614822,0.0,0.0,-0.007397773826063936,0.0011506846797859644,-8.061360104732939e-05
2019-06-25,0.006448920471279264,0.008026979450473705,0.0,0.0,-0.0029585826254286923,-0.004212193730996541,-0.004245267104544089
2019-06-26,-0.0048201151408955095,-0.0014166258184384623,-0.005480835415743963,0.0,0.008314628267754937,-0.006144523656720965,-0.005036181666422088
2019-06-27,0.0021145068752424527,0.002951822827829223,0.0035881440771413043,-0.000456854950734832,0.0014411567552974327,0.006146208747614375,0.0062858848038712415
2019-06-28,-0.0018827478799108288,0.004316034432974407,0.0004556482754774502,0.00019437165043843625,0.00037615039813824384,0.001492527930728622,0.0009196860329672672
2019-07-01,-0.0005232126004037188,0.007666118443186578,-0.00036775295988197734,-0.0010791711198733793,-0.0026842669148861445,8.816752198867693e-05,0.0013862476262731138
2019-07-02,0.0,0.002146925358088552,0.0,0.0,0.0069389947516849725,0.01539256948313425,0.011513571925482826
2019-07-03,0.0,0.006742083910783014,0.0,0.0,0.0036419927848217,0.006488622766387501,0.006973330678709198
2019-07-05,0.0,-0.0002560337690714468,0.0,0.0,-0.0005988596890777666,-0.016377194217452273,-0.010721653082194041
2019-07-08,0.0,0.0,0.0,0.0,0.0015594402709678539,-0.002533162883275963,-0.002875545268445003
2019-07-09,0.0,0.0,0.0,0.0,0.0014288228262156536,-0.0021639574605879716,-0.0015082121087661349
2019-07-10,0.0,0.0,0.0,0.0,-0.000951106541899023,0.002506497765386662,0.0022667820328924576
2019-07-11,0.0,0.0,0.0,0.0,-0.0017667384442851832,-0.01322426592558704,-0.009744796082996256
2019-07-12,0.0,0.0,0.0,0.0,0.001502255066118697,0.0019100810168189808,0.0016085631363037753
2019-07-15,0.0,0.0,0.0,0.0,0.004049643985043399,0.005842801406473568,0.004887370153082329
2019-07-16,0.0,0.0,0.0,0.0,-0.004559773302091807,-0.006153185136282011,-0.004847113130597226
2019-07-17,0.0,0.0,0.0,0.0,0.009186246873989978,0.010105636712420709,0.0034709834777851387
2019-07-18,0.0,0.0,0.0,0.0,-0.0005972199698772418,0.0050558358773234256,0.0018455285330373306
2019-07-19,0.0,0.0,0.0,0.0,0.0,-0.008589227094449406,-0.006680896155367835
2019-07-22,0.0,-0.002268399171479705,0.0,0.0,-0.0013731948903805565,0.0031352939717361143,0.003326976903738854
2019-07-23,0.0,-0.005977939379275525,0.0,0.0,0.0034177343135607745,-0.0016039310962370002,0.0022924476746856463
2019-07-24,0.0,-0.003911477443556023,0.0,0.0,-0.0027867818914714504,0.0028665353662384067,0.0023111922520588275
2019-07-25,-0.00022512485868414844,0.004088878884849574,0.0,0.0,-0.002220822190797917,-0.0060683150638279545,-0.005824625423757804
2019-07-26,-0.0015838722228086947,-0.00559768682339208,0.0,0.0,-0.0009012644257631159,0.0021900720722763936,0.0038342762029699878
2019-07-29,0.0008825069902639272,-0.0021032633358828512,0.0010634620325001315,0.0,0.0016633522975169578,0.001009931266893559,-0.00023300641055231947
2019-07-30,0.0007593898573647004,-0.0021253853484221254,0.0007511707964188019,0.0014199827094629593,0.0007511707964188019,-0.001997781714099796,-0.0030837125391356378
2019-07-31,0.003789661092691466,-0.009238691179338052,0.004947508138196594,-0.01042846475382505,0.004947508138196594,0.0021230169901341666,0.0011286177425078828
2019-08-01,-0.0002348713621403586,-0.007366925776530457,-0.0005984748868295045,-0.0009875488133641427,-0.0005984748868295045,0.021782924321296068,0.022861081806500906
2019-08-02,0.0,-0.006378983372098424,0.0,0.0,-0.004611044358556091,-0.0014757742152796413,0.0014782254381497445
2019-08-05,0.0,-0.02527432031031775,0.0,0.0,-0.017142627887240223,-0.002237431850459098,0.006694504172240669
2019-08-06,0.0,-0.0002502092197890921,0.0,0.0,-0.003090741535062172,0.014800467191389834,0.011094985087898843
2019-08-07,0.0,0.0,0.0,0.0,0.00013043445356413207,0.010753583856116033,0.00784632165484634
2019-08-08,0.0,0.0,0.0,0.0,-0.0005652210842303656,0.007178527176583272,0.005360513964398566
2019-08-09,0.0,0.0,0.0,0.0,-0.0038211505485063186,-0.004904350948251942,-0.0033445733041364157
2019-08-12,0.0,0.0,0.0,0.0,0.012507745707883539,0.007408100544597821,0.011399228561239183
2019-08-13,0.0,0.0,0.0,0.0,-0.007249278856291588,-0.0010549564419759655,-0.0033757189770777405
2019-08-14,0.0,0.0,0.0,0.0,0.013185595840548282,0.0021863304452175185,0.010567020932769892
2019-08-15,0.0,0.0,0.0,0.0,-0.0005960506491189018,0.011835661055039175,0.0115466714250533
2019-08-16,0.0,0.0,0.0,0.0,0.0,0.00025341423727425806,-0.0036947729115872218
2019-08-19,0.0,0.0,0.0,0.0,0.0,-0.004515254308957813,-0.007182404846433022
2019-08-20,0.0,0.0,0.0,0.0,0.0,0.006559826399558467,0.005963046962465904
2019-08-21,0.0,-0.005579036402555865,0.0,0.0,0.0,0.00205808903864191,-0.001459259225297306
2019-08-22,0.0,0.0002462702643642286,0.0,0.0,0.0,-0.001905238220343322,-0.0016952414872571664
2019-08-23,0.0,0.017162980595979416,0.0,0.0,0.0,0.005557910202033436,0.009285890483620865
2019-08-26,0.003892425909849891,-0.007334533488291215,0.0,0.0,0.0014651283631081195,0.006570831808847406,0.0039674642523496294
2019-08-27,-0.0047648277336917785,0.002654622900266531,0.0,0.0,-0.008494189726990196,0.011867829641405491,0.011578352053749881
2019-08-28,0.0019015631219659913,0.004028241439162667,-3.0392589391107835e-05,0.0,-0.0005766684899271694,0.0019051866067223248,0.002433858670117467
2019-08-29,0.005558849461257567,0.008051898993545562,-0.002215849139600972,-0.0012819386781965912,-0.0020046247886582316,-0.00199733226196012,-0.0025351066151242537
2019-08-30,-0.00032738750371188785,-0.000331734239302646,0.00020543142775589267,0.006954544157805729,-4.5639473604010286e-05,0.0013388451049862872,-0.0002518577375682632
2019-09-03,-0.00034198555933088337,-0.0037576932976896823,-0.0003317339844280777,-0.0008112372562037032,0.004238006461464053,0.007677121058897235,0.008660779959950519
2019-09-04,0.0,0.007150266941321936,0.0,0.0,0.0030016277545409707,-0.0038360742028959657,-0.0024524997484893104
2019-09-05,0.0,0.008104412887514243,0.0,0.0,-0.016258944363732514,-0.01920261161415661,-0.02127245130842871
2019-09-06,0.0,-0.0001911675050557699,0.0,0.0,-0.0006049105310187193,-0.0024499980901754362,-0.0013727910900213792
2019-09-09,0.0,0.0,0.0,0.0,0.011874595139227059,-0.011497276576674386,-0.014014514719377973
2019-09-10,0.0,0.0,0.0,0.0,0.014668195779187217,-0.010897134693622064,-0.013603501153960022
2019-09-11,0.0,0.0,0.0,0.0,0.0020818547259988185,-0.0035025727896436853,-0.0017173353675139155
2019-09-12,0.0,0.0,0.0,0.0,-0.0010273566042621292,-0.0033496779387975923,-0.004045575979933278
2019-09-13,0.0,0.0,0.0,0.0,-0.018994357203480937,-0.017024688015239764,-0.02036421615690872
2019-09-16,0.0,0.0,0.0,0.0,0.00852720014603258,0.006381488657599949,0.011824037726302689
2019-09-17,0.0,0.0,0.0,0.0,0.005068450414678907,0.006767021316309986,0.005653152194567524
2019-09-18,0.0,0.0,0.0,0.0,0.0005657515531575709,0.00010611825899824678,0.0002328567157031643
2019-09-19,0.0,-0.00011247030064749885,0.0,0.0,-0.0005997844854000624,0.0010505895093926537,0.0021033529207283254
2019-09-20,0.0,0.0031535170115751026,0.0,0.0,0.0,0.009806111129222124,0.013091005128846948
2019-09-23,0.0,0.00019499090399631376,0.0,0.0,-0.003329378648147555,0.005423470733791534,0.006133362365743161
2019-09-24,0.004816453101353343,0.005210143390009431,0.0,0.0,-0.009863519284936775,0.010611546389941487,0.008256337481239296
2019-09-25,-0.0056190115915804245,-0.0038583694267572783,0.0,0.0,0.013244571652033346,-0.013493979815993451,-0.012586981152532595
2019-09-26,0.0018337140324605297,-0.0018307794928617651,0.003545279137933035,0.0,0.00036940086495004337,0.0031460688242933386,0.004709513504374655
2019-09-27,0.002237736127672754,-0.003627222295394428,0.0027097999205923508,-0.002296182085730686,0.0022733266753501317,0.0022260535357923814,-0.0004025567052437299
2019-09-30,-0.0007241875836128841,0.0030336715151745458,0.0014554701532863206,0.0048344987111723385,0.0014554701532863206,-0.0031876468636769626,-0.0012469286020844437
2019-10-01,-0.00026367403239927286,-0.007953208437723375,-0.0005995200626207704,-0.0008258123008122954,0.005396800769098363,0.008443569316185657,0.0008163518612228728
2019-10-02,0.0,-0.011788027364489714,0.0,0.0,0.005703071898998487,0.006930199419968407,0.0021532583375936457
2019-10-03,0.0,0.005400140802562084,0.0,0.0,-0.0005105530275826644,0.005009637675285072,0.006511205256401148
2019-10-04,0.0,-0.00019994404144811222,0.0,0.0,0.0,0.0031232354842299407,0.0053168512084490575
2019-10-07,0.0,0.0,0.0,0.0,0.0061903588452181186,-0.006771513867102564,-0.005573797324274366
2019-10-08,0.0,0.0,0.0,0.0,-0.004127673120131437,0.005167889047366062,0.0012683478275025647
2019-10-09,0.0,0.0,0.0,0.0,0.005206316547519134,-0.003366751014528422,-0.0016748810826268696
2019-10-10,0.0,0.0,0.0,0.0,-0.0016006626873070731,-0.013231314043793515,-0.011585639582849777
2019-10-11,0.0,0.0,0.0,0.0,-0.014353361188303628,-0.011826082379113258,-0.011174458371542736
2019-10-14,0.0,0.0,0.0,0.0,0.005405166898744046,0.007037189685343361,0.007643223718101402
2019-10-15,0.0,0.0,0.0,0.0,-0.009757036691298512,-0.010336544675544106,-0.008318154698146417
2019-10-16,0.0,0.0,0.0,0.0,0.0038081791188416566,0.0017633847940786563,-0.0003876898069681027
2019-10-17,0.0,0.0,0.0,0.0,-0.0005988225019350271,-9.97147840994195e-05,-0.0005145238859517561
2019-10-18,0.0,0.0,0.0,0.0,0.0,0.002163406127210076,0.000598924450496259
2019-10-21,0.0,0.0,0.0,0.0,0.006830200932068461,-0.007186733393693898,-0.004169516706456845
2019-10-22,0.0,0.0018402285034144444,0.0,0.0,-0.004563714157114968,0.003506136442547191,0.002607991501593068
2019-10-23,0.0,-0.0017425805009029028,0.0,0.0,-0.0006145059086552086,-4.104795971089586e-05,-0.00034491688965992604
2019-10-24,0.0,-0.0009645959338684843,0.0,0.0,-0.000878125071774529,0.0029096857700264688,0.004132800118682105
2019-10-25,-0.0008997323932553115,-0.002464100303809423,0.0,0.0,-0.004869067627346864,-0.0025908274812190134,-0.0019705746324097497
2019-10-28,-0.0012836649903747903,-0.0034049384310582383,0.0,0.0,-0.007658096863106348,-0.009527354345501164,-0.008569259387805204
2019-10-29,0.00020576337216772624,-0.0005888756160427257,0.0007547222472236703,0.0,0.0016707895025763583,-0.0017764201420726517,-0.002356741054098968
2019-10-30,0.0007527718450309297,0.001839369598946457,0.006738634978030311,0.002247227824252828,0.007622179622568069,0.007704005562491386,0.006603528764826374
2019-10-31,0.001557172828975618,-0.001667801553420847,0.008847316197896807,-0.005374405836756573,-0.0004830828286440941,0.011819876011414685,0.008363181093856531
2019-11-01,-8.90325305915707e-05,0.005635957864744508,-0.0004209197755554435,-0.000881280906227677,0.003268060123940301,-0.0044053248590989625,-0.0004586974799914954
2019-11-04,0.0,0.002422838804148323,0.0,0.0,0.010258685346069994,-0.003938255839165363,-0.001381801222519416
2019-11-05,0.0,-0.0007146344282414097,0.0,0.0,0.010845442270170178,-0.008446802906050004,-0.009085232885017974
2019-11-06,0.0,-0.00018360658257824772,0.0,0.0,-0.005680486843272019,0.007399527596275393,0.004232867236281948
2019-11-07,0.0,0.0,0.0,0.0,-0.014596208586238519,-0.008398542791939446,-0.009790115418836707
2019-11-08,0.0,0.0,0.0,0.0,-0.0029336309594400803,-0.005053520984624817,-0.0029008020510801116
2019-11-11,0.0,0.0,0.0,0.0,0.0020559146229610628,0.0008475485755690814,-0.0007009615126992857
2019-11-12,0.0,0.0,0.0,0.0,0.0007814732966837414,-7.986476365874946e-05,0.00019187382204663127
2019-11-13,0.0,0.0,0.0,0.0,0.005311638747360036,-0.00031446488930008944,0.0020172570357103116
2019-11-14,0.0,0.0,0.0,0.0,-0.0005983785713071705,0.006423541931812437,0.005636898783445314
2019-11-15,0.0,0.0,0.0,0.0,0.0,0.0022347385583435745,0.002413545367405027
2019-11-18,0.0,0.0,0.0,0.0,0.0,0.004370037245080938,0.002505685726091306
2019-11-19,0.0,3.232319560577471e-05,0.0,0.0,0.0,0.005652565165444353,0.003428061129909019
2019-11-20,0.0,0.0032573747932202464,0.0,0.0,0.0,-0.005367210368208592,-0.0008907785417526904
2019-11-21,0.0,0.0014317456840648756,0.0,0.0,0.0,-0.007448327531844517,-0.006784003416356468
2019-11-22,-0.0008027188391164116,-0.0018801537157026589,0.0,0.0,0.0,0.004096423573645746,0.002908157486666035
2019-11-25,-0.001618141989376529,-0.006657439108690189,0.0,0.0,-0.0013940470171252333,0.009269262582770915,0.007412597858192443
2019-11-26,0.0002600773907261973,0.0016725543042997787,0.0020331939191351634,0.0,-0.0036587271173129103,0.0015264592171617486,0.004804064806432367
2019-11-27,-0.002149608424893698,0.00446974787824022,-0.00355609906348774,-0.008111524416727176,-0.002245457481464524,0.0025573535624985005,0.0012107011282882375
2019-11-29,0.000499634799325849,-0.0038351922251531148,-0.0011641229288285842,0.0022160394431652176,-0.0021700580936282786,-0.00011207688231186376,-0.004149635956508169
2019-12-02,-0.00019668310534644472,-0.008703539175738614,-0.0004021776065250256,-0.0010944564237120097,-0.007305347905937137,-0.011685914338387256,-0.01159230158308904
2019-12-03,0.0,-0.006883437509892396,0.0,0.0,0.017711263847887914,0.0020985221554767385,0.00522930070700938
2019-12-04,0.0,0.006214440100731484,0.0,0.0,-0.006948171893732517,0.0016721900041822343,0.0006661538283451024
2019-12-05,0.0,-0.00030510351268173825,0.0,0.0,-0.0005310844289923454,0.00014729514402074922,-0.0007568234411666233
2019-12-06,0.0,0.0,0.0,0.0,0.0,0.003221726400523635,0.0026799498768128173
2019-12-09,0.0,0.0,0.0,0.0,-0.0021263322593627594,-0.0019202240273934502,-0.0017523634075316706
2019-12-10,0.0,0.0,0.0,0.0,0.0024375268345115963,0.000678712384749335,-0.00015431783146858458
2019-12-11,0.0,0.0,0.0,0.0,8.804183697552306e-06,0.007276959895836668,0.006078454434262478
2019-12-12,0.0,0.0,0.0,0.0,-0.0012756870829605939,0.0017063206451717978,-0.0012244037040744379
2019-12-13,0.0,0.0,0.0,0.0,0.011088509891356355,0.004367171387853019,0.005654917456456697
2019-12-16,0.0,0.0,0.0,0.0,-0.009480813546203202,0.0035190018195855655,0.002372286559546778
2019-12-17,0.0,0.0,0.0,0.0,5.5847356852578224e-05,0.0012930644296857698,0.0008153313309929488
2019-12-18,0.0,0.0,0.0,0.0,-0.005543583968920596,-0.00011430983713871674,0.0014503219321470137
2019-12-19,0.0,-0.004534727300424239,0.0,0.0,-0.0006016354982496675,0.002061983528274442,0.003145704940690119
2019-12-20,0.0,-0.004521548180448825,0.0,0.0,0.0,0.001406012152271761,0.0026405759186655577
2019-12-23,0.0,-0.001543403026826089,0.0,0.0,0.0013119613563070123,0.0012397668967725115,0.0005273183380031617
2019-12-24,0.0006642968446128995,1.838332098814617e-05,0.0,0.0,-0.0033501744793596857,0.0017266447170311656,0.002841130730064633
2019-12-26,-0.0010291409450318024,-0.005498289378053498,0.0,0.0,2.4733165883131364e-05,0.004577441748993471,0.004845493038561485
2019-12-27,0.0008746680544651555,-0.0009688008700973062,0.0021732057887645225,0.0,0.002346408982215954,-0.0001435248117336482,-0.0010724814066223607
2019-12-30,0.0015150261892647328,-0.005972679068028384,-0.0013883643607888654,0.007145746625084011,-0.0013883643607888654,-0.003875052544578723,-0.003125523685860322
2019-12-31,-0.002867543102440073,0.002538071254673558,-0.007352306415558691,0.0032042333283776345,-0.007352306415558691,0.0004537287647447989,-0.00044806940180889084
2020-01-02,-0.00027050291534841723,0.009956234915772818,-0.0006021851891690839,-0.0012473427495766918,0.008598608618122913,0.010590376925991619,0.011567587740153058
2020-01-03,0.0,-0.008177020000887932,0.0,0.0,-0.0005648283916113733,0.0018807948715980276,0.002640742840296544
2020-01-06,0.0,0.004022395618535768,0.0,0.0,0.0016503505173724139,0.0019363736917142654,0.00014311158914639822
2020-01-07,0.0,-0.000321353558556653,0.0,0.0,0.002968528829282781,-7.305027207682524e-05,-0.0024630712954845898
2020-01-08,0.0,0.0,0.0,0.0,0.004769314377101513,-0.003680923890200445,-0.000997900740764528
2020-01-09,0.0,0.0,0.0,0.0,-0.000535906987575575,0.0013825566141162397,0.0035913720201621036
2020-01-10,0.0,0.0,0.0,0.0,0.003653373654607703,0.004916214685586364,0.003684453401913562
2020-01-13,0.0,0.0,0.0,0.0,-0.0024596951896560036,-0.0005056686025510776,0.0027600003224299238
2020-01-14,0.0,0.0,0.0,0.0,0.0038353368997518862,-0.0008453157195161566,0.00012656939991570324
2020-01-15,0.0,0.0,0.0,0.0,0.004907179070398399,0.003587508447426798,0.0031567281470202897
2020-01-16,0.0,0.0,0.0,0.0,-0.000598498378804906,0.0020826234283607466,0.004468937963644455
2020-01-17,0.0,0.0,0.0,0.0,0.0,0.0005586309969716834,0.001650217102507824
2020-01-21,0.0,0.0,0.0,0.0,0.0,-0.006333528641423056,-0.0023046887311467617
2020-01-22,0.0,-0.0005475778531604114,0.0,0.0,0.0,0.0026982377519884034,-0.0002111697516755508
2020-01-23,0.0,-0.001615677704402128,0.0,0.0,0.0,-0.003145771462538678,0.0007619910790017142
2020-01-24,0.0,0.013147880609462915,0.0,0.0,0.0,-0.0014466721465614821,-0.0033105491736005184
2020-01-27,0.004805669798462017,0.023634524376813605,0.0,0.0,-0.014022151737813501,-0.010669436218244685,-0.011135579130320882
2020-01-28,-0.0029743131107352132,-0.015355208849331873,0.0,0.0,-0.0029173467409376094,0.0014742426877480648,0.004186796689596128
2020-01-29,0.0013629617048019238,-0.001983121542447295,0.00772612214404711,0.0,0.00903704961980105,0.003996836882539698,0.003800767274475478
2020-01-30,-0.0004201780892836161,0.00410613662025652,0.0015858427022880915,0.0031722269811690906,0.0018160745080451326,-7.59026173290318e-05,-0.0006136018013865802
2020-01-31,0.004937256833785179,-0.02349183150331574,0.008663750552217173,0.01266953491695053,0.009925338679031078,-0.006341847830953475,-0.01027173031902886
2020-02-03,-0.0001347535787701901,0.009497752613112139,-0.0005217826117000679,-0.0012064231460466065,-0.0017672203348196227,0.0015579465125626323,0.002933503127514107
2020-02-04,0.0,0.01957315080145096,0.0,0.0,-0.0005734073676105663,-0.005970859467036438,0.003948209250795278
2020-02-05,0.0,0.014809596866474619,0.0,0.0,0.0,-0.00297515172112311,0.00319408925545426
2020-02-06,0.0,-0.0003855560850098946,0.0,0.0,0.0,0.002731843330217612,0.0055138025192603335
2020-02-07,0.0,0.0,0.0,0.0,-0.010082931170894958,0.005412761461992534,0.0028189381014532898
2020-02-10,0.0,0.0,0.0,0.0,-0.0037947814918778172,0.008095501623260861,0.009685696496432115
2020-02-11,0.0,0.0,0.0,0.0,0.004853176212451957,-0.005148998620367963,-0.0026642922122213555
2020-02-12,0.0,0.0,0.0,0.0,0.005219466746350589,-0.007788918262836475,0.001004629888254678
2020-02-13,0.0,0.0,0.0,0.0,-0.0006586636152407352,0.004944922819545079,0.004031777034435928
2020-02-14,0.0,0.0,0.0,0.0,0.004195823234517323,0.0028819290551971685,0.004090218821304682
2020-02-18,0.0,0.0,0.0,0.0,0.0030535256637408176,0.0042367013235032,0.0053370198555887285
2020-02-19,0.0,-0.0052497492271249835,0.0,0.0,-0.0004759533981531417,-0.00021167021383588472,0.001960528873748627
2020-02-20,0.0,0.004335105618361029,0.0,0.0,0.005693251849769715,0.008369129911896932,0.0061612307786409245
2020-02-21,0.0,0.010792730726734005,0.0,0.0,-0.0005982651783635113,0.0053139380045008925,-0.0016379616173157901
2020-02-24,0.022069663469466372,0.03464645338010401,0.0,0.0,-0.016085002571418212,0.0013023257027854074,-0.013379707616612863
2020-02-25,0.01671125974941354,0.03164462153129296,0.0,0.0,-0.005477607701005349,-0.015363039033574897,-0.025392853486797345
2020-02-26,0.001241179730637824,-0.0036533425975362912,-0.0010042915825705355,0.0,0.0011293120545509976,-0.0034067387517115076,-0.0030898335388282578
2020-02-27,0.0254432790062353,-0.03741135112519412,0.005478644716580075,-0.017853445002897803,0.0021814317791476394,-0.010490264767829993,-0.032521702268271974
2020-02-28,0.011787048964394135,-0.0035390272191548654,0.012751144617789027,-0.021814815102765214,0.021908957765618405,0.0007335693017698552,-0.005499419863053187
2020-03-02,-0.00040268570635786056,0.03599242447119713,-0.000342191552287583,-0.001081608645035342,-0.0014604486442765722,0.008910866490388473,0.007876548940389227
2020-03-03,0.0,-0.02385306608084583,0.0,0.0,0.0231656102450154,0.007971508529242865,0.01515487941597764
2020-03-04,0.0,0.03494463441326588,0.0,0.0,-0.004114857580253064,0.008277174707853132,0.00817051506675851
2020-03-05,0.0,-0.00025128775414303285,0.0,0.0,-0.0005501326167621481,0.006178423124964561,0.0050251133366849676
2020-03-06,0.0,0.0,0.0,0.0,0.0,0.02094275617610291,0.013743066960950035
2020-03-09,0.0,0.0,0.0,0.0,-0.018538797154705567,-0.0005011346392314364,-0.018306384120109057
2020-03-10,0.0,0.0,0.0,0.0,0.03670740293797185,-0.028260054898930957,-0.027756496430684844
2020-03-11,0.0,0.0,0.0,0.0,0.019934618712252897,-0.02823068650735924,-0.0339653500843976
2020-03-12,0.0,0.0,0.0,0.0,-0.000558028320103429,-0.0076797418757074505,-0.026920820987503542
2020-03-13,0.0,0.0,0.0,0.0,-0.013621209200139057,0.021396705076131468,0.033887559872588485
2020-03-16,0.0,0.0,0.0,0.0,0.052809785230300936,0.0009200577569559241,-0.03151721127773584
2020-03-17,0.0,0.0,0.0,0.0,-0.05017500837342118,-0.03401527739623148,-0.029049423007816617
2020-03-18,0.0,0.0,0.0,0.0,-0.023192252852448216,-0.03526560328279978,-0.04192390247026943
2020-03-19,0.0,0.0,0.0,0.0,-0.0005033927428674763,-0.017680893294045538,-0.012826076411203712
2020-03-20,0.0,0.008970879920803717,0.0,0.0,0.0,0.02275254448428144,0.03079969851106209
2020-03-23,0.0,0.005355393627270491,0.0,0.0,-0.024291925038965632,0.023832724512154364,0.04678343731111552
2020-03-24,0.0,-0.019001673048901158,0.0,0.0,0.013559520645721752,0.008539418842807341,0.021581577076370474
2020-03-25,0.002290879357343431,-0.003148767961792115,0.0,0.0,-0.0009891767978160379,0.017020094944769935,0.022703888829439568
2020-03-26,0.010049861687759466,-0.012246997487864186,0.0,0.0,0.00016866844321566338,0.027957577594157734,0.01724251132114798
2020-03-27,-0.0122296870454465,-0.0058290601099603625,0.00829528881668707,0.0,0.014270310461278074,0.020849770946055002,0.009050748457354686
2020-03-30,0.004790390581778751,0.006216816177394629,0.0026946280858973813,-0.003629281120265826,0.004605074909188266,0.004542192068216472,0.0038049418727657564
2020-03-31,-0.004570351655550712,-0.0028567349299836115,0.0021112613940148465,-0.00010752885310118677,0.0028987210204623665,-0.009846209142667811,-0.013973730218837084
2020-04-01,-0.0003085873428780284,-0.008619862068514382,-0.00034991590734767536,-0.0004250950075951769,0.0032535467158992665,0.009652182938949197,0.007425863715725108
2020-04-02,0.0,0.00441620361124636,0.0,0.0,-0.00025771998586320645,-0.008388672533383918,-0.0023127393880107237
2020-04-03,0.0,-0.002769810365025951,0.0,0.0,0.0,0.007823521134037788,0.007047101552590608
2020-04-06,0.0,-5.677706130700704e-05,0.0,0.0,0.008408685320249739,-0.01280962684602828,-0.01349659177198743
2020-04-07,0.0,0.0,0.0,0.0,0.007861914008940237,-0.002888282762053935,-0.005936158195267751
2020-04-08,0.0,0.0,0.0,0.0,-0.0006207653629043908,-0.006566257265040361,-0.00906735003421432
2020-04-09,0.0,0.0,0.0,0.0,0.0037057638865817047,-0.002797025030854369,-0.00684231284633401
2020-04-13,0.0,0.0,0.0,0.0,-0.004320378112704299,0.00512467193586081,0.003815925307630953
2020-04-14,0.0,0.0,0.0,0.0,0.002633400126338104,-0.006073423261024024,-0.003992186891743032
2020-04-15,0.0,0.0,0.0,0.0,0.011840119739409058,0.011032078235877247,0.015794245125572638
2020-04-16,0.0,0.0,0.0,0.0,-0.0004030493461422221,-0.0011684154538689965,0.0013054727917765762
2020-04-17,0.0,0.0,0.0,0.0,0.0,-0.008439690294349976,-0.0106533689632174
2020-04-20,0.0,0.0,0.0,0.0,0.0,0.006212365128088632,0.007860240027185708
2020-04-21,0.0,0.005154002062737239,0.0,0.0,0.0,0.012295992117183399,0.013279537467405707
2020-04-22,0.0,-0.0038089822757751595,0.0,0.0,0.0,-0.0038884533565736986,-0.003872462072209962
2020-04-23,0.0,9.685586460617133e-06,0.0,0.0,0.0,0.0025150877035749015,0.0018304101108166523
2020-04-24,-0.0016044106054941885,-0.002391561964937218,0.0,0.0,0.0,-0.0008938515896307638,0.0009292762750523748
2020-04-27,-0.004370696955557679,-0.0024745849017737496,0.0,0.0,0.010029437304558152,-0.007526695722593384,-0.008516438835725467
2020-04-28,0.0027781072748869645,-0.0008841338797635996,0.0032224843249138236,0.0,0.00040547548171293926,-0.0011099865255131457,-0.0003159284524557816
2020-04-29,-0.0031516193903626797,0.004440642300810359,-0.00039403367801918963,0.002085924316978396,-0.0015180729167602143,-0.009642999677958924,-0.009594607091166794
2020-04-30,-0.0002150045748840847,-0.0015813739163104109,-0.0018907538232177921,0.0014753684514357092,-0.004762599212757047,0.0008408521568462712,-0.0022229877194634945
2020-05-01,-0.00018887130844553673,-0.004492723707275205,-0.00023809511148724827,-0.00039941725755501107,0.0027537216838716054,0.009321969998560716,0.01036175888569098
2020-05-04,0.0,0.0004659931876982248,0.0,0.0,-0.0001653764990072313,-0.0023897630760857406,-1.6322996449529423e-05
2020-05-05,0.0,0.0015665363847754742,0.0,0.0,-0.00028355216316303735,-0.0036717842766873323,-0.0027047148682899608
2020-05-06,0.0,-5.128797892872735e-05,0.0,0.0,0.0,-0.0012504279752712736,-0.0008132881759785822
2020-05-07,0.0,0.0,0.0,0.0,0.0,0.004352551838116749,0.005467751438692111
2020-05-08,0.0,0.0,0.0,0.0,0.0059474687765161596,-0.009327849913174759,-0.009502368646365401
2020-05-11,0.0,0.0,0.0,0.0,0.005575379312401411,-2.5369834668399362e-05,0.0007410224509442054
2020-05-12,0.0,0.0,0.0,0.0,-0.006619284130725911,0.0061746241678816175,0.006677259273588031
2020-05-13,0.0,0.0,0.0,0.0,-0.0007056153843523366,0.006448073450187573,0.007323599004825206
2020-05-14,0.0,0.0,0.0,0.0,0.0024923967770951448,0.0022976889806008627,0.0049652444125195885
2020-05-15,0.0,0.0,0.0,0.0,-0.0013216145622633223,0.0022714936562656498,0.004213689252854452
2020-05-18,0.0,0.0,0.0,0.0,-0.010809543152874142,-0.01534365461843188,-0.01740303446570692
2020-05-19,0.0,0.001672834365561838,0.0,0.0,0.0012332828257296243,0.006186267559192454,0.006213652388692288
2020-05-20,0.0,-0.002853793986300356,0.0,0.0,-0.0008224035542132229,-0.003589868278403553,-0.0024744887655660593
2020-05-21,0.0,0.0011568114169000648,0.0,0.0,6.30330229653798e-05,-0.001160948177315173,-0.002314017919285153
2020-05-22,0.0001730897138190479,-0.0003204146143068432,0.0,0.0,0.0022203010181742686,0.004711641888881062,0.004392746975017544
2020-05-26,-0.0007985836940814532,-0.002069608587348504,0.0,0.0,0.0021617896276306652,-0.010771596639600015,-0.014417702805489522
2020-05-27,-0.00035079524255993806,0.0023912294745167284,0.00029918715011670365,0.0,-0.0005145022005192723,0.000716663510672168,0.0005008790976177847
2020-05-28,-8.127902229771796e-05,-0.0003107797636549871,-0.0005273355482213976,0.0022446386414215233,-0.00037492287490007407,0.0001573709881722081,-0.0005455026310508526
2020-05-29,0.0003495000373434515,0.0007457566972682125,0.001855429721561571,0.0016762402728637742,0.005873181309883479,0.0017833143698256628,0.003806717080343549
2020-06-01,-5.586416465949732e-05,0.0006762567560803685,-0.0001739916754060121,-0.0003915771370035607,-0.0008014509869869241,-0.003136829673916501,-0.002755843812704459
2020-06-02,0.0,0.0013864514342433766,0.0,0.0,-0.003217011871410475,-0.005821541440062842,-0.0057184871676575055
2020-06-03,0.0,0.0022290082043768373,0.0,0.0,-0.006455239177624486,-0.01342784845235792,-0.014543964422526283
2020-06-04,0.0,-5.0833371642571914e-05,0.0,0.0,-0.00031307873659011383,-0.0048360283175479845,-0.0032227859273384844
2020-06-05,0.0,0.0,0.0,0.0,0.0,-0.010996065697665362,-0.011188830252137924
2020-06-08,0.0,0.0,0.0,0.0,-0.00278117698989298,0.0020388260960045638,0.0030048945774586184
2020-06-09,0.0,0.0,0.0,0.0,-0.007183138019143089,0.00369861646024203,0.003954846276703696
2020-06-10,0.0,0.0,0.0,0.0,0.00011882306674271663,0.011768745454265879,0.011916809621486342
2020-06-11,0.0,0.0,0.0,0.0,0.0003752752333974538,0.011663663451594222,0.009175180479880259
2020-06-12,0.0,0.0,0.0,0.0,-0.005019201173199556,-0.007431952560915491,-0.005451484561739951
2020-06-15,0.0,0.0,0.0,0.0,-0.0015193517404554957,-0.0003278324450098687,-0.00035021282255992705
2020-06-16,0.0,0.0,0.0,0.0,-0.0014987632691954927,-0.00467638880110567,-0.0036057209186679514
2020-06-17,0.0,0.0,0.0,0.0,0.0009623207277273174,0.0023833179565021932,0.0021453252794243777
2020-06-18,0.0,0.0,0.0,0.0,0.0031028644115918534,0.0033611278765232136,0.00357662367365399
2020-06-19,0.0,0.0013774552823610335,0.0,0.0,0.0004918954188414285,0.0019282773850409387,0.0036620822046926744
2020-06-22,0.0,-0.0016356936529448635,0.0,0.0,0.0007126358419712755,-0.0037414583094711362,-0.0023961946239571376
2020-06-23,0.0,-0.0011744101397509223,0.0,0.0,0.0006446069861034265,0.0006589111050738833,0.001257505378115388
2020-06-24,0.002411365577928509,0.00649406231879984,0.0,0.0,-0.0038018426816991777,0.0050474640852168386,0.003910507298669022
2020-06-25,-0.0006348909451959915,-0.0027339112831690966,0.0,0.0,-0.0006701550354183951,-0.00014415461066542124,6.512726370973968e-05
2020-06-26,0.0028404275411544598,-0.007181235759447386,0.004814668416821551,0.0,0.0049556887996412,0.005074335712130622,0.005180615966990302
2020-06-29,-0.0005120155877561958,0.0043369056527736635,0.0019551436813777345,0.0017394731989847042,0.0019551436813777345,-0.005002085905899685,-0.003460614421120439
2020-06-30,-0.001696878724719826,0.003779712900745352,-0.003617534368506303,0.00240574892696328,-0.003617534368506303,0.0028996460121716266,0.0025170918330566124
2020-07-01,-0.00016107188170275404,0.002066108164063804,-0.0006010851853015481,-0.0006865683763515775,-0.0031332712933448085,-0.00577617258609605,-0.0031184265034426605
2020-07-02,0.0,0.0016240809507733545,0.0,0.0,-0.0006009392539811961,-0.0021556147717054367,-0.0005591800240394043
2020-07-06,0.0,0.004556333804189026,0.0,0.0,0.0,0.0026556506745790205,-0.00207310162547289
2020-07-07,0.0,-8.95461842405165e-05,0.0,0.0,-0.007029613836257224,0.0032678414261542435,0.006359012888300226
2020-07-08,0.0,0.0,0.0,0.0,0.0030992997004050467,0.004056675226041268,-0.0026508627930102216
2020-07-09,0.0,0.0,0.0,0.0,0.0002747964292094616,0.0009192818061721596,0.006910165199544092
2020-07-10,0.0,0.0,0.0,0.0,-0.004450442961101417,-0.0016541949593839088,-0.002835351874513957
2020-07-13,0.0,0.0,0.0,0.0,0.00212035654594407,0.005251755967470119,0.002854427807347189
2020-07-14,0.0,0.0,0.0,0.0,-0.00017571620992122593,0.001909468716573192,-5.92301898993709e-05
2020-07-15,0.0,0.0,0.0,0.0,-0.0006685855659834624,6.287825845308335e-05,-0.0034922182388532176
2020-07-16,0.0,0.0,0.0,0.0,-0.0006001968805798214,-0.0044338534744905265,0.0018732586151399072
2020-07-17,0.0,0.0,0.0,0.0,0.0,0.003863008321531721,-0.0002836951109376308
2020-07-20,0.0,0.0,0.0,0.0,-0.0019239229698112788,0.0056214519795043365,0.004084252775370453
2020-07-21,0.0,0.0,0.0,0.0,-0.0021445131960768763,0.01253489796821592,0.001419317752459586
2020-07-22,0.0,-0.0025076660029452326,0.0,0.0,-0.0006700173950221661,0.019062502916462932,0.0062243491304483775
2020-07-23,0.0,0.004983795425339167,0.0,0.0,0.0007520285783555324,-0.0007440365939413303,0.00012891200340460552
2020-07-24,0.0,0.0026870999834988285,0.0,0.0,-0.000988986617937894,0.0033450080912730902,-0.00011132737780650075
2020-07-27,-0.002798871443052167,-0.0030529069230356013,0.0,0.0,0.0018907575113278616,0.015864219534968662,0.0015591718251343138
2020-07-28,0.003035048331796652,0.002647031137046866,0.0,0.0,0.003541779585496593,0.002713803048570696,0.0028969844688041084
2020-07-29,-0.0008441845914150194,0.005167355193940599,0.0020052638894471455,0.0,0.002603846302890491,-0.0009371449752039304,-0.0018797503466220684
2020-07-30,0.0017487803976122755,-0.0015765364490850763,0.00276535119487796,0.005915853857136204,0.00276535119487796,-0.00679752841545639,-1.6315847131910053e-05
2020-07-31,-0.0010530307017156922,0.0034844582413197573,0.0004808978293430744,-0.012951756702539946,0.0004808978293430744,0.010960512063084361,0.008505224036566159
2020-08-03,-0.0003052197169235556,0.003064861111181428,-0.0005998534105527139,-0.0007842852353019796,-0.0009857312309772613,-0.001414710531144969,0.0010218191032585117
2020-08-04,0.0,0.0017019913009475468,0.0,0.0,-0.000600293581459444,0.007855955937157209,0.007658676794067111
2020-08-05,0.0,0.002738165981753139,0.0,0.0,0.0,-0.0007099455005558248,0.0009606993416194586
2020-08-06,0.0,-0.00013281306173353033,0.0,0.0,0.0,0.005393076110139007,0.006404801601392883
2020-08-07,0.0,0.0,0.0,0.0,0.0036193977057198934,-0.006052448320254612,-0.00798903818055855
2020-08-10,0.0,0.0,0.0,0.0,0.002103254223703209,-0.0018939265676633432,-0.0019523752623911315
2020-08-11,0.0,0.0,0.0,0.0,0.0068456737159519,-0.015194300281223727,-0.014866405720486735
2020-08-12,0.0,0.0,0.0,0.0,0.005881949817723538,-0.004352965709159377,-0.0010157456051277135
2020-08-13,0.0,0.0,0.0,0.0,-2.0299756395701885e-05,0.003068855497412023,0.0010025106315132786
2020-08-14,0.0,0.0,0.0,0.0,0.0003070512091995861,-0.0022369559907142664,-0.0027416428847092476
2020-08-17,0.0,0.0,0.0,0.0,0.0032866010426715457,0.004757467181816075,0.006197838894000631
2020-08-18,0.0,0.0,0.0,0.0,0.0034444066355946573,0.005050749409575457,0.006626469216914786
2020-08-19,0.0,0.0,0.0,0.0,-0.002450812001770622,-0.008508086690285604,-0.008658290450652589
2020-08-20,0.0,-0.001763953467760043,0.0,0.0,0.005690336613472619,0.004733690251134476,0.00529407627382809
2020-08-21,0.0,-0.0018336835585679506,0.0,0.0,0.0014655338003260244,0.001319928703676094,0.001521726350360907
2020-08-24,0.0,-0.005228876031666282,0.0,0.0,0.0015710061998110067,-0.0027132724657320246,-0.0010487963509925244
2020-08-25,-0.003590050240769223,-0.001810240040708862,0.0,0.0,0.004738182185258327,-0.001662473477877751,-0.0006498294460115842
2020-08-26,-0.0024677083487638168,-0.005173808360659275,0.0,0.0,0.0008025535495650618,0.0026950897413360554,0.004631852299521951
2020-08-27,-0.004167107762281208,0.0008379082081327597,-0.007680445982559975,0.0,-0.0023304548686992614,-0.006228562990098361,-0.007562038019153961
2020-08-28,0.00042145067126384065,0.003412365695943722,0.0032906683973696754,-0.004517607451418962,0.0028277836551469943,0.0040486112864645905,0.005840513319930132
2020-08-31,0.0018521426005607745,-0.001917723070376414,0.0021323703919179284,0.005869557423966743,0.0021323703919179284,0.0038068186739354704,0.0046172530695847685
2020-09-01,-0.0003755083865716001,0.004976103298716152,-0.0005993587473646469,-0.0007634881346373723,0.006546791944733465,0.006869100402602672,0.0063827182317902935
2020-09-02,0.0,0.007643018865915773,0.0,0.0,0.002778059619334125,0.004082072728917072,0.002419586814724278
2020-09-03,0.0,-0.018196006479507903,0.0,0.0,-0.0005991654666516759,-0.0076518548910559205,-0.008415970971902862
2020-09-04,0.0,-0.0001559685474119293,0.0,0.0,0.0,-0.005940388410968561,-0.005923568635337936
2020-09-08,0.0,0.0,0.0,0.0,-0.004894050624686755,-0.0032335172570057452,-0.003885818663072041
2020-09-09,0.0,0.0,0.0,0.0,0.0009673072973595941,0.00477617350455324,0.005218139566018719
2020-09-10,0.0,0.0,0.0,0.0,-0.00037887453005222294,-0.00257106139319405,-0.00252409618092042
2020-09-11,0.0,0.0,0.0,0.0,0.0025806122425060902,0.0013331855289798486,0.0012390218537867905
2020-09-14,0.0,0.0,0.0,0.0,-0.0018129811299389298,0.003436682114975163,0.003242349780813677
2020-09-15,0.0,0.0,0.0,0.0,-0.000993948637046872,0.00121331825964828,0.000990531883543263
2020-09-16,0.0,0.0,0.0,0.0,-0.0011582910785253322,-0.0022282741602621,-0.002367279395876436
2020-09-17,0.0,0.0,0.0,0.0,0.0006493692371623693,-0.0012267947596692225,-0.0007913292031974968
2020-09-18,0.0,0.0,0.0,0.0,-0.001814560036944559,-0.0035802607051236774,-0.0030431482485262585
2020-09-21,0.0,0.006282529770490323,0.0,0.0,-0.00483238782593921,-0.004201426164329414,-0.004762685637047273
2020-09-22,0.0,-0.005920261312396028,0.0,0.0,-1.9139201017949605e-05,0.001152166610762314,0.0006117260763509016
2020-09-23,0.0,0.013456736599126981,0.0,0.0,-1.5079365079365077e-05,-0.007786874005638765,-0.00840269558607526
2020-09-24,-0.0006723005666802402,-0.0015583007612174635,0.0,0.0,-0.0005164772195745929,0.0003192124749897416,0.0006997242804262548
2020-09-25,0.0032234898289971023,-0.009391449102252052,0.0,0.0,0.0011657822536474587,0.0016684716687473046,0.001311544305758923
2020-09-28,0.005006183756157104,0.009225118814820006,-0.0009367655442245772,0.0,-0.0003372568419578173,0.005574452418479283,0.005894424218145593
2020-09-29,-0.0028164189902478085,-0.003144204437333265,0.0014671021834681175,-0.004055029441861443,0.0014671021834681175,0.0014901685219035647,0.0024796354507954426
2020-09-30,0.006698950967504667,0.004370383949289325,-0.005410077297164095,-0.00012773004899797495,-0.005410077297164095,-0.0019266596764905873,-0.0024439051563831748
2020-10-01,-0.0005863349811763468,0.003699895521398885,-0.000601629310787876,-0.0008202526925101932,-0.000601629310787876,0.0027920429091581106,0.004282601840467598
2020-10-02,0.0,-0.00547828581396231,0.0,0.0,0.0,-0.0013052339492520026,-0.0026800763051524814
2020-10-05,0.0,0.01022456920446089,0.0,0.0,0.012038826952366742,0.003944272625050874,-0.0002759492156558428
2020-10-06,0.0,-0.00017430973984872248,0.0,0.0,-0.004657254809678824,-0.003801980370908754,-0.0025564247575625846
2020-10-07,0.0,0.0,0.0,0.0,0.005754795972257845,0.003594528317872782,0.002356872466501588
2020-10-08,0.0,0.0,0.0,0.0,-8.081794325419264e-05,0.002477335547973527,0.003458171634449548
2020-10-09,0.0,0.0,0.0,0.0,-0.0014967836716607507,0.005288796033972336,0.0047778143573628615
2020-10-12,0.0,0.0,0.0,0.0,0.0021399731878019544,0.004075854393516271,0.0053451021019196914
2020-10-13,0.0,0.0,0.0,0.0,0.004448650637411937,-0.004340069759195281,-0.002322516391060537
2020-10-14,0.0,0.0,0.0,0.0,0.0006476698354496493,-0.0007581686792755133,-0.0006167927857979157
2020-10-15,0.0,0.0,0.0,0.0,-0.0005998025724760616,-0.0013016282109519248,-0.0024365620612447963
2020-10-16,0.0,0.0,0.0,0.0,0.0,-0.00019984459647692926,4.345106182088418e-06
2020-10-19,0.0,0.0,0.0,0.0,0.002684110093130363,-0.0020017238629751626,-0.0030248928104584533
2020-10-20,0.0,0.0,0.0,0.0,0.004276015496698991,0.0016221202916066003,-0.00037159766410542727
2020-10-21,0.0,0.0008944138455724317,0.0,0.0,0.0026299770465540045,0.0008934116399836047,0.00024361345119265938
2020-10-22,0.0,-0.0031008801690663623,0.0,0.0,-0.008168076277506537,-0.0008231697796565021,-0.0027153110467842746
2020-10-23,0.0,-0.0019220307688997123,0.0,0.0,0.002818457406825142,0.0019824370417084523,0.003232451757375962
2020-10-26,0.006464859905709912,0.010424390618219636,0.0,0.0,-0.0065304891452098845,-0.004245465261997658,-0.002211447551009126
2020-10-27,0.003237393227703065,0.0019364059970699199,0.0,0.0,-0.004494809589899284,0.0012742108530789504,0.0026450244780212733
2020-10-28,0.007064633512390495,-0.01952384717451241,-0.0007671030335026923,0.0,0.0001454975405008234,-0.009002935365265157,-0.008595928271341494
2020-10-29,-0.006898517923901234,0.0057002861129091765,-0.00837231449636575,-0.0037935620201846854,-0.0019904272448636644,0.00046305268754804745,-0.0013782201222423101
2020-10-30,-0.0014747270551477326,-0.005854246759185755,-0.006431846030987928,-0.0015708830224485223,-0.006989709589735544,-0.0021232840934687284,-0.005145584291515953
2020-11-02,-0.00040018111080281934,0.006288704064630813,-0.0005970596748711629,-0.0008511297412475659,0.003424046995914432,-0.00012607099818842243,0.0027574328593608
2020-11-03,0.0,0.009907105928607314,0.0,0.0,-0.004501914029067115,-0.005794286237100194,-0.0011938007800931312
2020-11-04,0.0,0.012541339970390213,0.0,0.0,0.01683567116045687,0.005005258299125794,0.013220461394671526
2020-11-05,0.0,-0.00017002189085303315,0.0,0.0,-0.0005950302271420256,-0.00011404583256254165,0.005531109016702936
2020-11-06,0.0,0.0,0.0,0.0,0.006165820620227689,-0.002542967483574369,-0.002944210831393699
2020-11-09,0.0,0.0,0.0,0.0,0.014750527490349321,-0.018233415922355636,-0.016419531518064127
2020-11-10,0.0,0.0,0.0,0.0,0.005656394137197316,-0.006678625929377544,-0.006802050131022002
2020-11-11,0.0,0.0,0.0,0.0,-0.0005125435583299751,0.000525692178741746,0.002332031461333125
2020-11-12,0.0,0.0,0.0,0.0,0.0003637562493589138,0.007899093416630565,0.006121591803610654
2020-11-13,0.0,0.0,0.0,0.0,-0.0032510994512767563,-0.0018617072446122575,0.00011015183507430981
2020-11-16,0.0,0.0,0.0,0.0,-0.001508165562056784,-0.0036925866080098936,-0.00010232428625330275
2020-11-17,0.0,0.0,0.0,0.0,0.0031881449501326388,0.0005532903443244706,0.001638616024681254
2020-11-18,0.0,0.005681637447843287,0.0,0.0,-0.0004456678472714206,0.0007674153508736317,0.0005994648050734067
2020-11-19,0.0,-0.0020468806666511267,0.0,0.0,0.0019556670506230335,-5.562888105109474e-05,0.0024884159464605223
2020-11-20,0.0,0.003312575250032104,0.0,0.0,0.0034844961443143076,0.001066460951770655,0.001058059095553108
2020-11-23,-0.006748685882506432,-0.0029100973059402397,0.0,0.0,0.0027675545721392676,-0.004796293334944488,-0.003343980659058229
2020-11-24,-0.009099955624214574,-0.007813013960302147,0.0,0.0,-0.00436316730633464,-0.007686803427556688,-0.002780448950282549
2020-11-25,0.0011988149452131253,-0.0010354772679904407,5.905629610953217e-05,0.0,0.000658105412964573,-0.0005023667941382466,0.00023086886279964926
2020-11-27,0.004648331666403405,0.0013361231027883612,0.00598779596078467,-0.006014339378980607,0.00598779596078467,0.00067347172089923,0.0036980285673718343
2020-11-30,0.0003937300126523367,-0.0021285861459837546,-0.0013368546817740814,0.004935064512967683,-0.0013368546817740814,0.0034899694667680087,0.0011970810944757191
2020-12-01,-0.000683390025412466,0.005252606788840236,-0.0006003991456475005,-0.000796577573490657,-0.01064673134061984,-0.0021393735833991206,9.273886385204359e-05
2020-12-02,0.0,0.0010081402393255926,0.0,0.0,-0.0006032260796738175,-0.00045131301383945417,0.00012567252395940056
2020-12-03,0.0,-0.00013287063693040565,0.0,0.0,0.0,0.0037944986890697625,0.00435364979372946
2020-12-04,0.0,-0.0001441073573981246,0.0,0.0,0.0,-0.0006594574466773501,-0.00169082575782207
2020-12-07,0.0,0.0,0.0,0.0,-0.006818317328786429,0.0016545263471974317,0.0030434300940120392
2020-12-08,0.0,0.0,0.0,0.0,-0.0020273895829016745,0.0011858574367443362,0.0016380799057367776
2020-12-09,0.0,0.0,0.0,0.0,0.0028175335114950335,-0.0037071258111599364,-0.004551778857921511
2020-12-10,0.0,0.0,0.0,0.0,0.000252180134637319,0.0033870214538580957,0.003660535168840877
2020-12-11,0.0,0.0,0.0,0.0,0.0035271477731344844,-0.0004780853715342612,-0.00027625031200152663
2020-12-14,0.0,0.0,0.0,0.0,-0.0011733822027101568,-0.00034214658743028864,-0.00045645336055417436
2020-12-15,0.0,0.0,0.0,0.0,-0.0020049950577809604,0.003965646624219541,0.0041740649311957185
2020-12-16,0.0,0.0,0.0,0.0,-0.0016756010599240278,0.0005734097852331102,0.0007753817383212525
2020-12-17,0.0,0.0,0.0,0.0,-0.0006005011931728933,0.002305712648883294,0.002608153537912589
2020-12-18,0.0,0.0,0.0,0.0,0.0,-0.001428337158278424,-0.001102524490212396
2020-12-21,0.0,0.001846275016897429,0.0,0.0,-0.001953645080487966,-0.0013003043007239856,-0.001235227921904132
2020-12-22,0.0,0.0009467561365112901,0.0,0.0,0.0021341831646973864,3.228497123941535e-05,-0.00041408743555649034
2020-12-23,0.0,-0.0005129154974689803,0.0,0.0,-0.004178998857717983,0.0016742593471387364,0.0019993467082479806
2020-12-24,2.9008610714895177e-05,-0.0022035000993525645,0.0,0.0,0.002833482749963101,0.001196633444024944,0.00126086865013595
2020-12-28,-0.0009401823533814854,-0.004859917569827047,0.0,0.0,0.00015683357653803795,0.002214779143973382,0.0018560673432147614
2020-12-29,0.0001379271197039705,-0.0015104354532834705,-0.0009410353277509781,0.0,-0.0005866981902008546,0.0004389674781481859,0.0007919786806568554
2020-12-30,0.00013778422156726205,0.0008615570518772389,0.0013297535737774248,0.004598058758084972,0.0007605525025271976,0.0026289772254688044,0.0029238805195742
2020-12-31,-0.00027723592848903004,0.003073156555338875,0.0013273195467503425,-0.00513823905243817,0.0013273195467503425,-0.00038156647835278394,-0.0001338533349638724
2021-01-04,-0.00017004527282680885,-0.008243360712541633,-0.0005996000750260026,-0.0008249023085658118,0.0004922679239032663,0.0005298911781242693,0.0014760711779692793
2021-01-05,0.0,0.004166002789791227,0.0,0.0,-0.004675104194730403,0.00030704416876888263,0.0010438771472130745
2021-01-06,0.0,0.0036161882405982013,0.0,0.0,-0.0006014069106343798,-0.0019659754410743845,-0.004244598094591599
2021-01-07,0.0,-0.0001820232758976736,0.0,0.0,0.0,0.0010187978409425453,0.0005052528570427745
2021-01-08,0.0,0.0,0.0,0.0,0.0,-0.006382022411163926,-0.003693802996124163
2021-01-11,0.0,0.0,0.0,0.0,0.0032734212433601965,-0.0037437076458533424,-0.004790592282805723
2021-01-12,0.0,0.0,0.0,0.0,0.0003186311465865723,0.00269913014689044,0.002444917960378737
2021-01-13,0.0,0.0,0.0,0.0,0.0009008691843694002,0.0012358486748781745,0.0023126887970615407
2021-01-14,0.0,0.0,0.0,0.0,-0.005025135645402678,0.000267236391243737,-0.000563431400066021
2021-01-15,0.0,0.0,0.0,0.0,0.005408521054732522,-0.00322700192615327,-0.003407504152384183
2021-01-19,0.0,0.0,0.0,0.0,0.0011736449930140607,0.004152946312025592,0.005206712230386338
2021-01-20,0.0,-0.009237210525864105,0.0,0.0,0.00022572252255922203,0.0032154744108042936,0.0041223817058633075
2021-01-21,0.0,-0.0006051990892952542,0.0,0.0,-0.003130349332281799,0.00043988764573264826,0.00044112803015847836
2021-01-22,0.0,0.002305038007914335,0.0,0.0,0.003033935156544081,-0.001433909598601046,-0.0011131020178854222
2021-01-25,0.0021341306368486447,-0.0025816975486749705,0.0,0.0,-0.0093113087761306,0.0005631311162379158,0.0024486674933564645
2021-01-26,8.165265863169761e-05,0.0010119986792229206,0.0,0.0,0.0006465982366583316,-0.0010592393545544847,-0.0013679872738816409
2021-01-27,0.006746372223284673,-0.016491609630511064,0.0012125867809531083,0.0,-0.0005641789132105829,-0.003829161952490754,-0.006000586537367039
2021-01-28,-0.004216851027019478,0.0056607056780840805,-0.0036166475397837574,0.000984306083434595,-0.00010531894812917323,0.004534630136433647,0.0026783619150066167
2021-01-29,0.0032365932885400077,-0.013187287189877283,-0.002457371162547494,0.0045031139256984055,-0.004126731871590602,-0.0021799564614264906,-0.0054176787469679645
2021-02-01,-0.00031924417160567113,0.010959729446263791,-0.000416856241845744,-0.0008051553138726311,0.0024895584361472895,0.006710687844957303,0.004671860251975788
2021-02-02,0.0,0.009309919555429818,0.0,0.0,-0.005059477565636943,0.0018037421000945057,0.00012474856591911842
2021-02-03,0.0,0.0005160566906862289,0.0,0.0,-0.004903171461941364,0.0008220149925828354,-0.00013506486191260174
2021-02-04,0.0,-0.00019763421134826528,0.0,0.0,-0.0006014767759093188,0.0017978136159986675,4.7309297053789536e-05
2021-02-05,0.0,0.0,0.0,0.0,0.003612345168481058,0.0022679117866925033,0.0018669911331613306
2021-02-08,0.0,0.0,0.0,0.0,-0.0008716402221005083,0.003462210022509234,0.004424543695908272
2021-02-09,0.0,0.0,0.0,0.0,-0.0015490414586028412,0.0004213319106503004,0.0012771210168290928
2021-02-10,0.0,0.0,0.0,0.0,-0.005106846258860825,-0.0007386464847349815,0.0006202964353314831
2021-02-11,0.0,0.0,0.0,0.0,-0.000800780706169567,0.000574272395588155,-0.00047848261143239833
2021-02-12,0.0,0.0,0.0,0.0,-0.007148034378911288,0.001478812794230664,-0.0003909827271968365
2021-02-16,0.0,0.0,0.0,0.0,-0.014437530298351452,-8.089918819547706e-05,-0.0036584376429309303
2021-02-17,0.0,-0.00041210065790476673,0.0,0.0,0.0013610647850990569,-0.0007487917194167209,-0.00035824811837286704
2021-02-18,0.0,0.0032416790641623255,0.0,0.0,-0.00017426886045885488,-0.0016918507273448499,-0.002981882628540193
2021-02-19,0.0,0.0013390100899287835,0.0,0.0,-0.008036629509087529,0.0006218211045131916,-0.0020071543579198796
2021-02-22,0.0003193140805911485,0.005864460981305937,0.0,0.0,0.002036745816163518,-0.001506518986836293,-0.0019317931606622066
2021-02-23,0.0006928738226795339,-0.0009385860621549281,0.0,0.0,-0.0015703682877320777,-8.162377331767207e-05,-0.00022642369253679336
2021-02-24,-0.007546108344181571,0.008479037788553577,-0.003351093050361951,0.0,0.0027258892423371803,0.002778017064930491,0.0017907989476798414
2021-02-25,-0.010621230529177317,-0.019580233325780214,-0.02666318297770219,0.003191148039167223,-0.00122628960812751,-0.00817921650385414,-0.01497752104677555
2021-02-26,0.017338713703749124,-0.004189232075921878,0.01794351229079046,0.009645994452497966,0.017365390953800634,-0.0023971333457496525,0.003006986010734772
2021-03-01,-0.0006335126909395533,0.01969403037043869,-0.0005947085366051611,-0.0009052520820342073,-0.0022564028175060488,0.005738811398099247,0.0032605323373296946
2021-03-02,0.0,-0.006342611749082605,0.0,0.0,0.003630423643714628,-0.0006954409658117192,-0.0006834137960248422
2021-03-03,0.0,-0.010764540490906973,0.0,0.0,-0.01071641959046158,-0.003725478516050051,-0.004105610419997094
2021-03-04,0.0,-0.00024314705880740747,0.0,0.0,-0.0006032482021798569,-0.005032818048760749,-0.005428762018513785
2021-03-05,0.0,0.0,0.0,0.0,0.0,0.0028349642806624856,0.002980800780717835
2021-03-08,0.0,0.0,0.0,0.0,0.0072455256922276945,-0.005811463320651238,-0.005160975743821365
2021-03-09,0.0,0.0,0.0,0.0,-0.009503322933185421,0.005824089756109502,0.006357809566368878
2021-03-10,0.0,0.0,0.0,0.0,-0.004220361866498761,0.0028568508638235294,0.00302555438891913
2021-03-11,0.0,0.0,0.0,0.0,-0.0008461330867808514,0.004143567134473691,0.0046766953448389385
2021-03-12,0.0,0.0,0.0,0.0,-0.014962856237315601,-0.003795908100317509,-0.0025245409337331846
2021-03-15,0.0,0.0,0.0,0.0,0.0024507503644209086,0.0011923372972030132,0.0016685916929823532
2021-03-16,0.0,0.0,0.0,0.0,-0.0003526787834724059,-0.0009134352375078159,-0.00047235187856540085
2021-03-17,0.0,0.0,0.0,0.0,-0.0033354376036042526,0.0015116284923351896,0.001794385435132101
2021-03-18,0.0,0.0,0.0,0.0,-0.012478160415934058,-0.00840735700339598,-0.008344804041969417
2021-03-19,0.0,0.0,0.0,0.0,-0.001243094985642891,0.003029341410117146,0.0016863344315802735
2021-03-22,0.0,-0.005509319266618898,0.0,0.0,-0.007768771528250151,0.0015637812394576995,0.001932647613303528
2021-03-23,0.0,0.00521687533903766,0.0,0.0,-0.009905626009523086,-0.0037010094162718762,-0.0036775577672980837
2021-03-24,0.0,0.0033660334905050646,0.0,0.0,-0.002663937412066442,-8.81874173925377e-05,-0.000772139860049168
2021-03-25,-0.00259174434974219,-0.0037450139182519716,0.0,0.0,-0.0006513749062911425,0.00010679459019061324,0.0005197734303310254
2021-03-26,-0.006303711518983993,-0.010711781722964947,0.0,0.0,-0.007260762629558305,0.003967518174789226,0.004420986407858148
2021-03-29,-0.0022857923112029753,-0.0007344567863486026,-0.007470460293143452,0.0,-0.006872474201407269,-0.0022663186150210335,-0.0023408546401242165
2021-03-30,3.076312820604767e-05,-0.001744023643917741,-0.0017701811074342293,-0.0025130372554798895,-0.0017701811074342293,-0.0017020826766099431,-0.002158101865941987
2021-03-31,-0.001992050957352224,0.0026626649552111163,-0.0028332319583518825,-0.0037275861723274884,-0.0028332319583518825,0.0028243366386312384,0.0025748889404363325
2021-04-01,-0.00028442701366621553,0.007095714474189969,-0.0006008515060684706,-0.0008911135450363768,-0.0006008515060684706,0.005268693661767129,0.005355236826839492
2021-04-05,0.0,0.00943028751534767,0.0,0.0,0.0,-0.0015905404644817722,0.002532666772955847
2021-04-06,0.0,-0.00038963685436731855,0.0,0.0,0.0,0.0038670818282758265,0.0006115704946919621
2021-04-07,0.0,-0.00019709924005164792,0.0,0.0,0.0,-0.0016423285344650165,-0.0005972910450207598
2021-04-08,0.0,0.0,0.0,0.0,0.0,0.005187452429695541,0.0028337569995072628
2021-04-09,0.0,0.0,0.0,0.0,0.0,-0.003408008129431728,-0.0004483511568581202
2021-04-12,0.0,0.0,0.0,0.0,0.0006099653407177459,-0.0016742555968302661,-0.001045941227579152
2021-04-13,0.0,0.0,0.0,0.0,0.0006313270428743664,0.005925752451938135,0.00314161479254486
2021-04-14,0.0,0.0,0.0,0.0,-0.0029604158385292006,0.002200835009686085,0.0007564743657553839
2021-04-15,0.0,0.0,0.0,0.0,0.01281880454421952,0.007504496860304453,0.004732445387082116
2021-04-16,0.0,0.0,0.0,0.0,-0.00541480924155741,-0.0006933408916967049,0.0011604269304139442
2021-04-19,0.0,0.0,0.0,0.0,-0.0011581703607578765,-0.0006132187398693926,-0.0009985176875504293
2021-04-20,0.0,0.0,0.0,0.0,-0.006799760376971864,-0.0014737898557631343,-0.0031974718386586923
2021-04-21,0.0,-0.0064319117404487945,0.0,0.0,-0.0010746136998313553,0.0047767542079151385,0.004934453205993627
2021-04-22,0.0,0.006000540328988216,0.0,0.0,0.0003680867337732552,-0.0018436634923304092,-0.002981018223412105
2021-04-23,0.0,-0.007145781227562675,0.0,0.0,-0.002619451450784965,0.004583794240578132,0.004995114475815339
2021-04-26,-0.0008283502082732445,-0.0013845480155953473,0.0,0.0,0.0008736816734461736,0.0012411449948866464,0.0016941281430017645
2021-04-27,-0.0014254065379966552,0.00013350043930315756,0.0,0.0,-0.009067083526915227,-0.0004798473792958527,0.00028885196465101696
2021-04-28,0.0005236538623014436,-0.0005802351365220281,0.0019884990287166657,0.0,0.0026291784313810795,0.00419902040095616,0.0015931224376694183
2021-04-29,-0.0015261295864238398,0.004150570973371018,-0.0034324113918285286,-0.003414569438408699,-0.0035067695109680178,-0.0002918324677470436,0.001057652766779951
2021-04-30,0.0012263650223785832,-0.0042804137511192044,0.0017170010652176168,-0.01099012833576024,0.001754135867492592,-0.005504468632497647,-0.004429068955413199
2021-05-03,-0.00015173355575146233,0.0014033098357251314,-0.0005867901600072701,-0.0009033270981999015,0.003402547970031194,0.0038982832638011227,0.0036806478823876256
2021-05-04,0.0,-0.0040189243633799495,0.0,0.0,-0.0005989815944088968,-0.005015400514129535,-0.005078335004117177
2021-05-05,0.0,0.0002028141338028231,0.0,0.0,0.0,0.002600175381206785,0.0013072878569356725
2021-05-06,0.0,-0.00019542409118070915,0.0,0.0,0.0,0.004423337442735986,0.00526984436030257
2021-05-07,0.0,0.0,0.0,0.0,-0.0013215992167587046,0.00656712922542861,0.006835717170324506
2021-05-10,0.0,0.0,0.0,0.0,0.003995132941606273,-0.004213582295767103,-0.00422707473295857
2021-05-11,0.0,0.0,0.0,0.0,0.0032995408358042024,-0.0037917488405118395,-0.002239023034746842
2021-05-12,0.0,0.0,0.0,0.0,0.009617473712386405,-0.011344995243190681,-0.01111017947489493
2021-05-13,0.0,0.0,0.0,0.0,-0.00025066082612827483,0.005003769180318986,0.003129669456094769
2021-05-14,0.0,0.0,0.0,0.0,0.003822878305348768,0.009102703556485183,0.008793093569271057
2021-05-17,0.0,0.0,0.0,0.0,-0.0019303012283186378,0.0005316734315909848,0.0020365572809184617
2021-05-18,0.0,0.0,0.0,0.0,-2.166639007046328e-06,-0.0015919734760568864,-0.0006928815497981015
2021-05-19,0.0,0.0015677535961332275,0.0,0.0,-0.0028500059666743743,-0.005282260301575221,-0.00483410843543282
2021-05-20,0.0,-0.007308788187528249,0.0,0.0,0.007918879827854247,0.006667346873010586,0.005241108103724814
2021-05-21,0.0,0.0005439941149911338,0.0,0.0,0.0006973691845446479,0.00020880531755156724,-0.0006792987555162659
2021-05-24,0.00027487028363390535,-0.006925489924479733,0.0,0.0,-0.0031477770042755682,0.005025748852343687,0.005391979702694969
2021-05-25,-0.0005107920767202965,0.0014946025200095212,0.0,0.0,-0.007372332571769115,0.00021027342984265962,0.0006621535353917748
2021-05-26,0.00021069515639814034,0.0009220971627938491,-0.0013183935871980224,0.0,0.0022374115507857863,0.00020413526780016942,0.00044786184698247724
2021-05-27,0.00021813205846527413,0.00034988255970181645,-0.0016049880238865294,-0.007841915680357699,-0.000653281797005758,0.001068169502282544,0.0014320090199012843
2021-05-28,8.423199469990158e-05,0.0011947253525783946,-8.073761693713584e-05,0.0005476393478380462,-0.0007674442580556595,0.0009836145233286053,0.0014174985975248617
2021-06-01,-4.6636473506698076e-05,-0.0005890251931694901,-0.0002758238133550771,-0.0009029604531319628,-0.0003689573897844894,0.0014813383860476689,0.0044131212040766435
2021-06-02,0.0,0.0010499074752626015,0.0,0.0,0.0022725318941687455,0.0016312424390490133,0.002241571071731695
2021-06-03,0.0,-0.0024800265635665612,0.0,0.0,-0.005071381598537421,-0.012174354835468972,-0.006977840734421237
2021-06-04,0.0,-0.0002001674411474092,0.0,0.0,-0.0006015284821223482,0.007866816886639953,0.005305932611012039
2021-06-07,0.0,0.0,0.0,0.0,0.0009460603583627232,0.0008192319641997221,0.0020816261683188485
2021-06-08,0.0,0.0,0.0,0.0,-0.005779343176568367,-0.0015764074247933888,3.8234202295326825e-05
2021-06-09,0.0,0.0,0.0,0.0,-0.006286831521845902,-0.0013862497993915855,-0.001467107222722991
2021-06-10,0.0,0.0,0.0,0.0,0.0006345255018468858,0.005112412173942435,0.0033777571111992767
2021-06-11,0.0,0.0,0.0,0.0,-0.0034236049364151904,-0.005404800798923534,-0.0014827568043519169
2021-06-14,0.0,0.0,0.0,0.0,-0.0062314298912768615,-0.0014102438162053922,0.0007584625155599605
2021-06-15,0.0,0.0,0.0,0.0,0.00034214103426745293,-0.0010244468003592706,-0.001888816717400939
2021-06-16,0.0,0.0,0.0,0.0,-0.013709792660779053,-0.012076157420745406,-0.006776681271539542
2021-06-17,0.0,0.0,0.0,0.0,0.0071552211689045134,-0.012292808542026322,-0.007092375071436607
2021-06-18,0.0,0.0,0.0,0.0,0.011309605623834606,-0.005204881267243617,-0.007833058537949805
2021-06-21,0.0,-0.013181553664963321,0.0,0.0,0.00518837601347732,0.005606183863124627,0.008481448959198517
2021-06-22,0.0,-0.004834996282506341,0.0,0.0,-0.0036724623211510845,0.0009261421068093575,0.0009820063081136619
2021-06-23,0.0,0.0010746517651251122,0.0,0.0,0.003963115043374808,0.00038556755962121343,7.545233574794007e-05
2021-06-24,-7.682968740955401e-05,-0.005341150947292742,0.0,0.0,-0.0006124584299739668,0.0011369797290987616,0.003151377774641943
2021-06-25,-9.272542184553915e-05,-0.003212906423630974,0.0,0.0,-0.004764330655312835,0.0029135313194930596,0.0028327404803658394
2021-06-28,6.324499708755811e-05,0.001216311479927092,0.005663386235380532,0.0,0.00626213009357637,0.000337001122740505,-0.0008745637119410254
2021-06-29,8.262339015960861e-06,0.00046596528569224887,0.0010358659419611486,-0.0018007740452797266,0.0010358659419611486,-0.004009436896345141,-0.0013623732291268885
2021-06-30,3.311122694218964e-05,0.0007292449565093816,0.003118060140861386,-0.008671194358497251,0.003118060140861386,0.0006957605321435497,-0.000564133659902639
2021-07-01,-1.1159266908719831e-05,0.004807199682308075,-0.0005990662134964219,-0.0009196905506881935,-0.0005990662134964219,-0.0017355022421668266,0.0014249455720891327
2021-07-02,0.0,0.006636560845449436,0.0,0.0,0.0,0.006372529412525203,0.003610476382149904
2021-07-06,0.0,-0.0015840703391031467,0.0,0.0,0.0,-0.009557071081449058,-0.006357675074558467
2021-07-07,0.0,-0.00026049804403641054,0.0,0.0,0.0,-0.003013271967299202,-0.0016788422363385284
2021-07-08,0.0,0.0,0.0,0.0,0.0,-0.0026440450869704224,-0.005257986053658802
2021-07-09,0.0,0.0,0.0,0.0,0.0,0.006605457023483627,0.009689012396383926
2021-07-12,0.0,0.0,0.0,0.0,0.00041092703385725625,0.0013232704362818178,0.00240892108224101
2021-07-13,0.0,0.0,0.0,0.0,-0.0018612483582805207,-0.005580034599612874,-0.003990320967281794
2021-07-14,0.0,0.0,0.0,0.0,0.008128625704893562,0.0027278606244554213,0.00028961199212603546
2021-07-15,0.0,0.0,0.0,0.0,0.008406418804538952,-0.001128986325378956,-0.0033177354749673147
2021-07-16,0.0,0.0,0.0,0.0,-0.00034889430281725547,-0.004048491838517446,-0.004136013236942846
2021-07-19,0.0,0.0,0.0,0.0,0.007291800248538006,-0.013813803374068487,-0.015187582691032254
2021-07-20,0.0,0.0,0.0,0.0,0.0016560759789303354,0.003911784817918109,0.009320758056563452
2021-07-21,0.0,-0.007429881779895264,0.0,0.0,0.011521599366185294,0.007522702772288796,0.008268381152975866
2021-07-22,0.0,-0.0018634777435525228,0.0,0.0,0.003416019482540365,0.002021590675275807,-2.7295698995805968e-05
2021-07-23,0.0,-0.009103080061082815,0.0,0.0,-0.00307096704158781,0.0008660074609852145,0.004722829874636473
2021-07-26,-2.8282260091981296e-06,-0.0021836120451835667,0.0,0.0,0.00014429977390233902,0.0015953259824679235,0.0009916996269192485
2021-07-27,8.13296806761959e-06,0.004018374489734453,0.0,0.0,-0.007140300034889284,-0.005716340462042736,-0.005661606825405021
2021-07-28,1.3348918381774e-06,-0.0008926582136313649,0.0005740144850693788,0.0,-0.0004821238663390862,0.007538033021677355,0.004949136415310261
2021-07-29,-6.330727208435492e-06,0.0036662393716422673,-0.00320507129375909,0.004870025610930264,-9.419153934448196e-05,0.005878341335164318,0.004760031665252616
2021-07-30,6.381412134887502e-06,-0.004297641848172049,0.0029425403374017858,-0.0035893577107080857,0.005028262594342745,-0.002509653350571886,-0.003542022558289217
2021-08-02,-5.612638635565582e-07,-0.001857559486424672,-0.00031416596180482603,-0.0008758018625253848,0.00876672225620582,-0.0022571272327495894,-0.0023002212891599042
2021-08-03,0.0,0.007194177002478256,0.0,0.0,0.000501115358736997,0.0038829111365263763,0.003097828679529506
2021-08-04,0.0,-0.004352921965007269,0.0,0.0,-0.0005116840789132814,-0.003520274434300272,-0.003872560001181648
2021-08-05,0.0,-0.0002652036360263583,0.0,0.0,-0.0006001523464038383,0.003927812440386135,0.004137622707526314
2021-08-06,0.0,0.0,0.0,0.0,0.011104313386498433,-0.002132233201632201,-0.001712027546900962
2021-08-09,0.0,0.0,0.0,0.0,0.004242951235290495,-0.0024766270369215213,-0.003081053770323736
2021-08-10,0.0,0.0,0.0,0.0,0.003743340029899262,-0.0005501831325452491,-0.00018218832198739563
2021-08-11,0.0,0.0,0.0,0.0,-0.002253789797806484,0.0027799677431826065,0.002792941560196277
2021-08-12,0.0,0.0,0.0,0.0,-0.0007559375827591653,0.00038737421492389266,-0.00021400606267887127
2021-08-13,0.0,0.0,0.0,0.0,0.010924444222468771,0.002519357060930004,0.001182424435129077
2021-08-16,0.0,0.0,0.0,0.0,0.004427554172680726,-0.0011907375837847969,-0.0019964822715211206
2021-08-17,0.0,0.0,0.0,0.0,-0.001027730884888557,-0.006829360854540293,-0.007666441768355738
2021-08-18,0.0,0.0,0.0,0.0,-0.0007832567731169582,-0.005361234045996774,-0.005158091196559114
2021-08-19,0.0,0.0,0.0,0.0,0.004082222750856877,-0.0026392343565135737,-0.004292412562397839
2021-08-20,0.0,-0.00880547369681362,0.0,0.0,-0.0018752541563456506,0.0034597524800105313,0.0018359177430092427
2021-08-23,0.0,-0.009384947192184028,0.0,0.0,-0.001730622355938432,0.008595688295535905,0.009633026758849752
2021-08-24,0.0,-0.001707089997320898,0.0,0.0,0.005424284752479704,0.003301120447949799,0.005255445743247489
2021-08-25,-0.00202974550458987,-0.0022462221795098132,0.0,0.0,0.007822895148020944,0.0015670413609509442,0.003094364181463205
2021-08-26,0.0011693561143872105,0.006275629198718002,0.0,0.0,-0.0006016968464189357,-0.004201544778611795,-0.004647951081671593
2021-08-27,-0.0005842621940574269,0.009069099660030954,0.005904890695735734,0.0,0.005913537505158728,0.0091873962816333,0.009301320974593845
2021-08-30,-0.00015645949301794295,0.0047749537009538255,0.003920100463070927,-0.001915064584378603,0.003920100463070927,0.002588716479365362,0.002394868833040668
2021-08-31,-0.0003970113836575749,-0.0016111790693647309,-0.0037528443226328007,-0.001840295228164643,-0.0037528443226328007,-0.0005048514200460731,0.00025443143190515173
2021-09-01,-0.000169501960556165,0.0005750199056060204,-0.0006011287801854444,-0.0009620319409634707,0.000849097195595385,0.00311750089927058,0.0042317315769306914
2021-09-02,0.0,0.003340054218177561,0.0,0.0,-0.0005997439604385912,0.0037708759529824394,0.0033208693717642437
2021-09-03,0.0,-0.00026611610681620475,0.0,0.0,0.0,-0.0036585236197040983,-0.0009463248425664509
2021-09-07,0.0,-0.00032590721460970464,0.0,0.0,0.007243481140224439,0.00032177150045719803,-0.0014881832177110446
2021-09-08,0.0,0.0,0.0,0.0,-0.0055177949648579395,0.0003081623516860711,-0.00047846373718806004
2021-09-09,0.0,0.0,0.0,0.0,0.0001972786220572385,0.00436888286340404,-0.0019691929233454477
2021-09-10,0.0,0.0,0.0,0.0,-0.006822929079670406,-0.0036710929474126092,-0.002823636358438813
2021-09-13,0.0,0.0,0.0,0.0,0.0023899327433671252,0.0008214962182663587,0.002799999329128163
2021-09-14,0.0,0.0,0.0,0.0,0.007520246385660538,-0.0036088500671755544,-0.004655583930452872
2021-09-15,0.0,0.0,0.0,0.0,-0.003412714682585683,0.005531632431391022,0.005580302452926844
2021-09-16,0.0,0.0,0.0,0.0,-0.0006010256847237157,0.0026170298223903705,0.0015687271623946663
2021-09-17,0.0,0.0,0.0,0.0,0.0,-0.006497327377824067,-0.00499345872129183
2021-09-20,0.0,0.0,0.0,0.0,-0.010750911020137041,-0.010433051758534696,-0.012661077612936012
2021-09-21,0.0,0.0006718289008662571,0.0,0.0,0.0011656081524882233,-0.0004888748945079482,0.0012761864268124817
2021-09-22,0.0,-0.01034996557905335,0.0,0.0,0.0006792670638270912,0.003231542460575751,0.005239233689363507
2021-09-23,0.0,-0.012894536114160528,0.0,0.0,-0.018104845277101173,0.0073609014819554,0.008968012240985911
2021-09-24,0.0017685202228890733,-0.001765092862096924,0.0,0.0,-0.006039416279734188,-0.004822402607408989,-0.002537423926381803
2021-09-27,0.0006674101319953151,0.0030199991415775333,0.0,0.0,0.004135080670735015,-0.0017909727367695272,-0.0007489133519358032
2021-09-28,-0.0031774335736322735,-0.020725725153112606,-0.008034837437050796,0.0,-0.0007078851193705116,-0.013650451091253894,-0.012130325150732743
2021-09-29,-0.00012394719338703554,0.0016780644364506332,0.0020332374983245997,0.012468244820730133,0.001492874880756325,-0.003321870555087004,0.0009223583189300026
2021-09-30,-0.0037855662013191113,-0.012197806113520403,0.0023717647856900063,-0.005004840149690792,0.002429192690256721,-0.006983745342001825,-0.006737427134105033
2021-10-01,-0.00023499099958932713,0.011856862820372628,-0.0005851311210984521,-0.001042062934936213,0.008161062226950079,0.007552301731214464,0.006402707129645731
2021-10-04,0.0,-0.012869976760238341,0.0,0.0,-0.002428222394978578,-0.0029836240531549386,-0.006351686677133576
2021-10-05,0.0,0.01038138238479396,0.0,0.0,-0.0006007285504416169,0.0035326670873714887,0.004870953187603094
2021-10-06,0.0,-0.00029936499585887354,0.0,0.0,0.0,-0.0013151643742461458,-0.0023536485650441537
2021-10-07,0.0,0.0,0.0,0.0,0.0,0.004356285782840462,0.007291976049963982
2021-10-08,0.0,0.0,0.0,0.0,0.0,-0.0018929868329828276,-0.002481725234634786
2021-10-11,0.0,0.0,0.0,0.0,0.004273806697050686,-0.0032308441470518643,-0.0030999960615126615
2021-10-12,0.0,0.0,0.0,0.0,-0.00913448221964898,0.0005909744454222121,-0.00013316674148286468
2021-10-13,0.0,0.0,0.0,0.0,-0.00010489753918251368,0.008028107024066816,0.0054903625962958065
2021-10-14,0.0,0.0,0.0,0.0,0.004189888379620934,0.007718289733830195,0.009049490499538957
2021-10-15,0.0,0.0,0.0,0.0,-0.009905039534732181,0.005316697872956812,0.00532913769617375
2021-10-18,0.0,0.0,0.0,0.0,-0.0028003381243943406,0.0003758158402992448,-0.00023457744216910737
2021-10-19,0.0,0.0,0.0,0.0,-0.0031174543574685543,0.00048119547277235714,0.0031944030351958286
2021-10-20,0.0,-0.0037395229977623527,0.0,0.0,2.7426213600501772e-05,0.00328157202327807,0.0021577923017364327
2021-10-21,0.0,-0.0023118959965958397,0.0,0.0,-0.006468285601454466,0.002286133286605677,-0.0007208336025927908
2021-10-22,0.0,0.0009045359517083429,0.0,0.0,0.005095779896814428,0.00075592691381726,-0.0013846816164741827
2021-10-25,-0.0019043410938562632,-0.004741123056112001,0.0,0.0,-0.0036752208960712713,0.0025424463784580295,0.00282817841484407
2021-10-26,0.0010944089094575018,-0.000805168305451661,0.0,0.0,-0.0024746973369267834,0.0055301018438823095,0.00222474911064205
2021-10-27,0.009721954877351651,-0.004502826622476964,0.00568730328891976,0.0,-0.011225946646858444,0.0020930157587627464,-0.004535811711393717
2021-10-28,-0.00870832466815217,0.008637808591437698,-0.002805168263665619,0.009573622562854689,-0.0006985243844836814,0.001014124152689152,0.006233157042659085
2021-10-29,-0.0005576166791726172,0.0018149059193385646,0.00046633481173073905,-0.016017288619560578,0.00027833398285822414,-0.008378285499146982,-0.005362489043811719
2021-11-01,-0.0005562938807773554,0.0015385760235108845,-0.00032191488018599665,-0.001058527808079169,-0.0001616038933491498,-0.0001711046750680438,0.0031888876353258957
2021-11-02,0.0,0.003618364057104607,0.0,0.0,0.004885358577592631,0.0010254044618197278,0.0010261843889544271
2021-11-03,0.0,0.005464911541439195,0.0,0.0,-0.0062762362713180714,0.005579817638543499,0.005288002865148926
2021-11-04,0.0,-0.00026880396570095087,0.0,0.0,-0.0006018931138567753,0.002120226796700189,-0.00012306881903995052
2021-11-05,0.0,0.0,0.0,0.0,-0.011567878952113196,0.005024717616618067,0.0036285482437693503
2021-11-08,0.0,0.0,0.0,0.0,0.008612689872311773,0.0023277837988909555,0.003188139044706398
2021-11-09,0.0,0.0,0.0,0.0,-0.009228962749106548,-0.00022516970832292828,-0.001372487156287488
2021-11-10,0.0,0.0,0.0,0.0,-0.0025098484714599985,-0.01325368685693944,-0.009687568279069548
2021-11-11,0.0,0.0,0.0,0.0,-0.006988451522222349,0.00043371198691050686,0.0026592251206841297
2021-11-12,0.0,0.0,0.0,0.0,0.00419086044954766,0.0029928359725101936,0.002315143269483423
2021-11-15,0.0,0.0,0.0,0.0,-0.007857563387871967,-0.004116605506128241,-0.0013498081194029134
2021-11-16,0.0,0.0,0.0,0.0,-0.0011440288022350768,-0.0016766614260374892,-0.0006910510838015933
2021-11-17,0.0,0.0,0.0,0.0,-0.008089769709939128,-0.0002739383969729485,-0.0023511228175679914
2021-11-18,0.0,-0.0033529595177879293,0.0,0.0,1.2770753921110511e-05,0.001864835291604011,0.0006875616338491225
2021-11-19,0.0,0.0016069808992504738,0.0,0.0,0.005407789512120082,-0.005008296490233001,-0.005473857473787422
2021-11-22,0.0,0.002536890631240984,0.0,0.0,0.013408565235265887,-0.008147532722094102,-0.005334308560527375
2021-11-23,-0.0016155836473281397,-0.0012094366773285502,0.0,0.0,-0.009436275712692732,-0.0027445868921393032,0.0005668027173657277
2021-11-24,0.0005535415649597025,-0.002424787624975738,0.0,0.0,0.006158023074377174,-0.0018521631294473764,-0.0009183503707541476
2021-11-26,0.007331202655043332,-0.020981059619220685,0.025206929143489192,0.0,0.025805090893149227,-0.01411788695526055,-0.021653392083053547
2021-11-29,-0.0025362121054602034,0.011234424575453717,-0.0045191761532388025,-0.008041036402452205,-0.0045191761532388025,0.006167961467299455,0.006598204787617344
2021-11-30,0.0047638006839780525,-0.01782648596114247,0.011983907533355013,0.010093261958633531,0.011983907533355013,-0.007452332973587453,-0.0110693576937949
2021-12-01,-0.0001368475831881464,-0.010177715002375753,-0.0005964458414479985,-0.0008770599969579585,-0.0005964458414479985,-0.007122604430114371,-0.01100721463808604
2021-12-02,0.0,0.014028736607405367,0.0,0.0,0.0,0.010901899842829858,0.01579173396616513
2021-12-03,0.0,-0.007973610147590345,0.0,0.0,0.0,-0.013551591546304908,-0.01229675658911817
2021-12-06,0.0,-0.0002746174595890385,0.0,0.0,0.009350877265299607,0.011031230345852827,0.014352844585773078
2021-12-07,0.0,0.0,0.0,0.0,0.007572282679505593,0.014101737597785895,0.018159918948980083
2021-12-08,0.0,0.0,0.0,0.0,0.006390797547471944,0.003164803521179806,0.0058954360748763755
2021-12-09,0.0,0.0,0.0,0.0,5.913526030954582e-05,-0.003919932959407188,-0.009397486839073687
2021-12-10,0.0,0.0,0.0,0.0,0.0008714374650706576,0.0003990342174004063,0.0026745032784647625
2021-12-13,0.0,0.0,0.0,0.0,0.009532355098413539,-0.009721574176941366,-0.00907391940773968
2021-12-14,0.0,0.0,0.0,0.0,-0.003458249600109706,0.001298891261876998,-0.003020284534314473
2021-12-15,0.0,0.0,0.0,0.0,-0.0029443570478741334,0.0053327164803381455,0.010419143959010026
2021-12-16,0.0,0.0,0.0,0.0,-0.0006008841650053247,-0.013379464750070567,-0.009109416016762345
2021-12-17,0.0,0.0,0.0,0.0,0.0,-0.000690172226896802,-0.004155565743324136
2021-12-20,0.0,0.0,0.0,0.0,0.0008251119493945314,-0.004135438205497131,-0.005119501212848501
2021-12-21,0.0,-0.012779726651963268,0.0,0.0,0.005967184263495555,0.013010396930632898,0.015597343746589847
2021-12-22,0.0,-0.007084935425480004,0.0,0.0,0.0005316555052366458,-0.0004748613404627212,0.004687222180727536
2021-12-23,0.0,-0.004410835223773899,0.0,0.0,-0.0031180862638680623,0.003417448904425219,0.005207734481663859
2021-12-27,-0.0026878395327884917,-0.010019035155188689,0.0,0.0,0.0005186316478406216,0.00559911929971057,0.008221673134416605
2021-12-28,7.071101944062026e-05,0.000566091330069635,0.0,0.0,-0.0006493522423797906,0.0005936730274161042,0.00020956580183718068
2021-12-29,-0.002549862198317258,0.0004483798324294011,-0.00821841613789083,0.0,-0.0008940035678217536,0.0020636840936276166,0.0037631697035822084
2021-12-30,0.002008056272806645,-0.001869268050527325,0.005019361013166319,0.0008128728858859346,0.006046040283577085,-0.0026178515942944865,-0.0019237222965205454
2021-12-31,-4.063876245909101e-05,-0.0017044788843932593,-0.0017168116411234511,-0.004279643621255553,-0.002264239523945992,-0.007665251804503104,-0.004428262325079728
2022-01-03,-0.00019121478520122887,0.003909400113919532,-0.0004553946452563923,-0.0007446670984257899,-0.018616543610003707,0.01421816193420988,0.013668848960048044
2022-01-04,0.0,-0.0002288676981578402,0.0,0.0,-0.0010657513724041188,-0.004081382379221155,-0.002995952888067494
2022-01-05,0.0,-0.012976243356236754,0.0,0.0,-0.0006003164475534028,-0.011373349826781924,-0.012915938840103967
2022-01-06,0.0,-0.00020141332553983552,0.0,0.0,0.0,0.008781944478704985,0.0036210477878820973
2022-01-07,0.0,0.0,0.0,0.0,0.0,-0.009144552169109248,-0.005562674275463422
2022-01-10,0.0,0.0,0.0,0.0,-8.044453347313714e-05,-0.0016658247602537603,-0.002395094548082265
2022-01-11,0.0,0.0,0.0,0.0,-0.004805755965765951,0.0010872116792531373,0.001699982669728816
2022-01-12,0.0,0.0,0.0,0.0,-0.00037254792036435405,-0.005627718963827799,-0.005427542867887546
2022-01-13,0.0,0.0,0.0,0.0,0.00018400797491598163,-0.007163985789916917,-0.009005435391090553
2022-01-14,0.0,0.0,0.0,0.0,-0.01428982236717463,0.005923614364687397,0.0070746979530196775
2022-01-18,0.0,0.0,0.0,0.0,-0.015117309413263221,-0.0058741980833363905,-0.0052489432111716946
2022-01-19,0.0,0.0,0.0,0.0,0.004814603368213622,-0.014223412204503178,-0.015395871894936764
2022-01-20,0.0,0.007532077291186367,0.0,0.0,0.004270490340395398,-0.004913353250005042,-0.00893364269225642
2022-01-21,0.0,0.013729774488213588,0.0,0.0,0.008330969615302488,-0.004493341989595956,-0.009518610000122852
2022-01-24,0.0,-0.0029814170061392043,0.0,0.0,0.0007247924521448839,0.0034031885126083565,0.007256732957954841
2022-01-25,-0.003861569007540385,0.008539322234046753,0.0,0.0,0.001994622927138265,-0.0047335125728056255,-0.006042770076192
2022-01-26,0.005209089798012343,0.0017483919068191822,0.0,0.0,-0.005056016836858473,0.007131611406085598,0.00522524256558114
2022-01-27,-0.005536429905755574,-0.003661753564692703,0.005579500305577594,0.0,0.0025920891369059697,0.010039197605983957,-0.0006702981765132659
2022-01-28,0.007410155136391448,0.016340373100531727,0.003306480326253361,-0.0019610067232683445,0.0042020512194250155,0.01506667435048643,0.015374269135577203
2022-01-31,0.0068308128294810215,0.011846294937094961,-1.4075746575043242e-05,-0.006053068154877982,-2.0430627490921703e-05,0.002717418883422652,0.006090991976808057
2022-02-01,-0.00037406256171422986,0.004440639312155355,-0.0004298582586911912,-0.0007233991128222808,-0.0024449790494370737,-0.0031699545020019535,-0.0004286033583456821
2022-02-02,0.0,0.006387798436675159,0.0,0.0,0.0035513699052477444,0.000258434469108379,0.004189804388806398
2022-02-03,0.0,-0.015476186056163866,0.0,0.0,-0.0005213974620155042,-0.005295009013821386,-0.009483363809825075
2022-02-04,0.0,-0.0001958364240324283,0.0,0.0,0.014744049549080455,0.002920926320589313,0.0036439919739666977
2022-02-07,0.0,0.0,0.0,0.0,-0.0005549451641718558,-0.009048645730276642,-0.005669363557602317
2022-02-08,0.0,0.0,0.0,0.0,0.006470178471420656,-0.0007651797294289219,-2.4269813601843677e-06
2022-02-09,0.0,0.0,0.0,0.0,-0.002714162352607534,0.0034027612814640264,0.006591087473428044
2022-02-10,0.0,0.0,0.0,0.0,-0.0022841398891562084,-0.002019576664238435,-0.005739093963668409
2022-02-11,0.0,0.0,0.0,0.0,0.020150231003846872,-0.014202581821041378,-0.01421737574275003
2022-02-14,0.0,0.0,0.0,0.0,-0.013897551619882717,0.0005285054414104551,0.002985193604011323
2022-02-15,0.0,0.0,0.0,0.0,-0.006017068853128591,0.009279199807806924,0.007120755999080682
2022-02-16,0.0,-0.0007849671574748908,0.0,0.0,0.0012838517976496073,-0.005095144731673867,-0.0020882356491404505
2022-02-17,0.0,0.011834304205205004,0.0,0.0,0.006764778879794067,-0.011479200790377384,-0.011872588819716241
2022-02-18,0.0,0.003582553205379446,0.0,0.0,0.004178254076001731,-0.0016596916577712307,-0.0014655894807688089
2022-02-22,-0.0008188777210534291,0.005944918991024819,0.0,0.0,-0.0007947475762487727,-0.0007406565271433434,-0.0011168815507074164
2022-02-23,-0.0002705347029281258,0.00982485907341233,0.0,0.0,0.004792564319041661,-0.0026171794129015726,-0.0005573872026636447
2022-02-24,0.0006183508380084658,0.007628674312186554,0.0025397747827801908,0.0,-1.008537859918098e-05,0.014246573292855162,0.01386318847700815
2022-02-25,0.0016078024948038376,0.011656327331296523,-0.0003536260267156286,-0.004949743804711847,-0.0011256994228147118,3.808448358920411e-05,0.004699537648326722
2022-02-28,-0.0023235065440739573,-0.0013620477319324187,0.01415042909715877,-0.00035709912498057617,0.02270126043803303,-0.00026395828190783845,-0.007038788454009578
2022-03-01,-7.848810775980183e-05,-0.00805846499862236,-0.0003729635678141633,-0.000735396173963091,0.019447686844150203,0.005695689897301774,0.0017339418807403547
2022-03-02,0.0,0.009717129191138539,0.0,0.0,-0.02438352242826949,0.007107006491865123,0.009784982888661729
2022-03-03,0.0,-0.002640989553809082,0.0,0.0,-0.0004886517214876138,0.006527499117802301,0.003587066702399038
2022-03-04,0.0,-0.000158224140780821,0.0,0.0,0.0,0.018089433948487898,0.01287837002913761
2022-03-07,0.0,0.0,0.0,0.0,0.007901864604216177,0.02512226560795091,0.01134657167619676
2022-03-08,0.0,0.0,0.0,0.0,0.012972566178286748,0.020680137435453917,0.007680757013357107
2022-03-09,0.0,0.0,0.0,0.0,0.012339129486305,-0.03192420017592547,-0.017596371250010193
2022-03-10,0.0,0.0,0.0,0.0,-0.0018505777569685267,0.012654238616980092,0.004754443108027076
2022-03-11,0.0,0.0,0.0,0.0,-0.0010964703377745978,0.009039800059860008,0.00807867916065995
2022-03-14,0.0,0.0,0.0,0.0,-0.025361608029460216,0.01099871655056128,0.004326734602753383
2022-03-15,0.0,0.0,0.0,0.0,-0.0009597678307325135,-0.02173669568497685,-0.00916574560015777
2022-03-16,0.0,0.0,0.0,0.0,-0.0022984161630401332,-0.01932106907813196,-0.011661025584155615
2022-03-17,0.0,0.0,0.0,0.0,-0.0004669375312706203,0.004120419610716819,0.00944379359777444
2022-03-18,0.0,0.0,0.0,0.0,0.0,-0.007521289800609708,0.0004704104393794898
2022-03-21,0.0,0.0,0.0,0.0,0.012080985784303111,0.026524683036685936,0.014666857867461443
2022-03-22,0.0,-0.005652047655164565,0.0,0.0,0.0052022465415129775,-0.006181598043318006,-0.001382612703972577
2022-03-23,0.0,0.006070587902028066,0.0,0.0,-0.006140788653683163,0.010161449612241195,0.007094313469204883
2022-03-24,0.0,-0.007103047778592686,0.0,0.0,-0.0056247395512482425,0.0002585148570458882,0.00038305687504446473
2022-03-25,-0.007656939810828913,-0.0023003435642238554,0.0,0.0,-0.009210214919690993,0.01227222696565654,0.008025834586644487
2022-03-28,-0.00042552230878802874,-0.003347647093865683,0.0,0.0,-0.004449675831161046,-0.020546358594729027,-0.00791519891554664
2022-03-29,-9.811373901597985e-05,0.0055664454728051585,0.004321060550077407,0.0,0.004195678355146272,-0.013665150295127323,-0.005573983504340804
2022-03-30,0.0038916064216508207,-0.0029371952546404585,0.003622343081602547,-0.004143524810994697,0.007519352762906239,0.007008728737577561,0.0029310109540463627
2022-03-31,0.004948680993567688,-0.0073033978706926635,0.0017090112281070572,-0.004896291656982877,0.0036860382076001432,0.0006469679723293349,-0.0038052538194437587
2022-04-01,-0.0002531962161347131,0.0013321131437237625,-0.0002780610774843492,-0.0006758912686676304,-0.013065048726287005,0.0028613830878408005,-0.005115512455450761
2022-04-04,0.0,0.0040464290795278034,0.0,0.0,-0.0010478692891946488,0.009624203624839206,0.002637162911429895
2022-04-05,0.0,-0.00599823915206621,0.0,0.0,-0.00034770187659442233,-0.0024958033825067997,0.018349481859370693
2022-04-06,0.0,-0.00014120686011626424,0.0,0.0,0.0,-0.0027909601296440766,0.007040787595945365
2022-04-07,0.0,0.0,0.0,0.0,0.0,-2.3098858147767793e-06,0.004951416639290993
2022-04-08,0.0,0.0,0.0,0.0,0.0,0.0005880107523132358,0.009210904233140273
2022-04-11,0.0,0.0,0.0,0.0,0.009040149022508938,-0.009587007896388949,0.005220529818335216
2022-04-12,0.0,0.0,0.0,0.0,-0.009622014919746895,0.0008336307302225022,-0.00029847624408067553
2022-04-13,0.0,0.0,0.0,0.0,-0.0002316093640660911,0.0014293285382963735,-0.005783174989058225
2022-04-14,0.0,0.0,0.0,0.0,-0.018612427743204367,-0.0017841228584771136,0.01296431132609972
2022-04-18,0.0,0.0,0.0,0.0,-0.005871017286762941,0.0035517521435935217,0.008079921304497707
2022-04-19,0.0,0.0,0.0,0.0,-0.011005342946540672,0.014332295967553487,0.008684359977088524
2022-04-20,0.0,0.00021418281871284816,0.0,0.0,0.0039943209285435936,-0.0019299453689142453,-0.009503462447750318
2022-04-21,0.0,0.006938498294990183,0.0,0.0,-0.004799798382290548,0.0009462529172866068,0.01363756193089672
2022-04-22,0.0,0.012721234746221438,0.0,0.0,0.00037563693547798966,-0.010172101691526872,0.0005681891654192319
2022-04-25,0.00045237802153770193,-0.002680445166061887,0.0,0.0,-0.009821703387396762,0.004196049636655653,-0.006753932017675539
2022-04-26,0.002566256953633484,0.013428610869886915,0.0,0.0,-0.00961029510413051,-0.0071994095787062985,0.0038525619425784858
2022-04-27,-0.0009052876760683875,0.000998030019777817,-0.0031049880003366395,0.0,0.00865678034276432,0.003925538347762181,0.008651791044302987
2022-04-28,-0.0016659158523903686,0.011510323123516915,-0.0007794407072132037,0.014780409342903849,-0.0007229990134858179,0.026525462611772455,0.008110831731041906
2022-04-29,0.0014435593345302194,-0.016878743371443686,-0.002815548508703673,-0.007492304527248132,-0.011263372902324124,-0.03315701604107773,-0.0038264212343602326
2022-05-02,-5.625033869560091e-05,0.0027274310853921393,-0.00015736174712870988,-0.0006062074079166274,-0.014975530166045163,-0.007434283339785341,-0.0017382161608155318
2022-05-03,0.0,0.0020748570088168533,0.0,0.0,0.002128927230845095,-0.0013086946135711225,-0.005008098433336809
2022-05-04,0.0,0.01387859536306391,0.0,0.0,0.006437630319341053,-0.01438836586855119,-0.014943911027077055
2022-05-05,0.0,-0.0001391168764186837,0.0,0.0,-0.00031205987841657657,0.02229918478459863,0.028632461169419067
2022-05-06,0.0,0.0,0.0,0.0,0.010852551028079981,0.006117698565168583,0.010671963929467064
2022-05-09,0.0,0.0,0.0,0.0,-0.014799190253522042,0.008797022155336386,0.00577287497348461
2022-05-10,0.0,0.0,0.0,0.0,-0.006644061191876948,0.0002511033082562877,-0.007975537825846942
2022-05-11,0.0,0.0,0.0,0.0,-0.012288791626791308,0.010593317504221274,0.007828914053200395
2022-05-12,0.0,0.0,0.0,0.0,-0.00029485023941108485,0.011649078622148189,0.004164667107599355
2022-05-13,0.0,0.0,0.0,0.0,-0.011118257835304348,-0.01595210625803524,-0.007323914500711309
2022-05-16,0.0,0.0,0.0,0.0,0.00829290667672517,-0.0034020257186875174,-0.0010355227236559356
2022-05-17,0.0,0.0,0.0,0.0,-0.013479090191586818,-0.01753742329819717,-0.009876263052003918
2022-05-18,0.0,0.0,0.0,0.0,0.004136677618843241,0.018188587392264696,0.011404545853356703
2022-05-19,0.0,0.002292211548051393,0.0,0.0,0.0029970639523534356,-0.009411001416552024,-0.009352366587649555
2022-05-20,0.0,-0.00016089406028772495,0.0,0.0,0.0039244479279501015,0.005325195097902249,-0.0012678130690221166
2022-05-23,0.0,-0.0073142893478835656,0.0,0.0,0.007125428803970968,-0.010648027978056203,-0.004711139872950848
2022-05-24,-0.0073307396885211136,0.0029977024006954856,0.0,0.0,-0.010915198076987424,0.002579029687002923,-0.0025338090797457926
2022-05-25,0.0008174900228066628,-0.003449054073947095,0.0,0.0,-0.002919585812497279,-0.0013076936808679627,-0.007945036212973959
2022-05-26,0.004948369113887852,0.007301913330391337,-0.001086996985503146,0.0,-0.0005717554329123871,-0.008861443270631967,-0.009948677702604632
2022-05-27,0.004828011624619645,0.00925894136705568,0.0018481675691277917,-0.0012654551476000617,0.002242815045338106,-0.00815386403674984,-0.009146433381577668
2022-05-31,0.005132116773541186,-0.0021388889739547817,-0.013874902833320954,0.007215228582357139,-0.020969936669309238,0.0042246674684804555,0.00795377977735707
2022-06-01,-0.00025087669263378055,-0.003073465427112548,-0.00039836408522428543,-0.0005026726189892275,-0.010318987143384735,0.007097291030233467,0.006274533580801907
2022-06-02,0.0,0.007178163441061891,0.0,0.0,0.0011638973416587572,-0.012080845248206988,-0.012606029276126631
2022-06-03,0.0,-0.006220108334456352,0.0,0.0,-0.0002985254317623519,0.010475773000205269,0.010341173566324788
2022-06-06,0.0,-0.00011219338198779254,0.0,0.0,0.014490051287935273,0.007158549628963137,0.005656282545883434
2022-06-07,0.0,0.0,0.0,0.0,-0.007994825454675732,-0.006845970278497894,-0.007446663602097489
2022-06-08,0.0,0.0,0.0,0.0,0.007504293994653579,0.00988650800116632,0.009776804353453142
2022-06-09,0.0,0.0,0.0,0.0,-0.000874438518124508,0.012720221384269747,0.013756016623373375
2022-06-10,0.0,0.0,0.0,0.0,-0.020297800842894804,0.012700708627699255,0.014817141698806829
2022-06-13,0.0,0.0,0.0,0.0,-0.03568013208435171,0.03947408948006305,0.03882437993413297
2022-06-14,0.0,0.0,0.0,0.0,-0.01612207511820151,0.008729761528969203,0.00662605651368637
2022-06-15,0.0,0.0,0.0,0.0,0.01862321632806008,-0.025201775372598705,-0.02279219594559092
2022-06-16,0.0,0.0,0.0,0.0,-0.00040449357048568985,0.0011077738640790711,0.008205272810329813
2022-06-17,0.0,0.0,0.0,0.0,0.0,0.0016498439341330968,-0.00046768510088802153
2022-06-21,0.0,-0.009244106545674643,0.0,0.0,0.0034872331502651954,6.999063442448281e-09,-0.0028029079780572813
2022-06-22,0.0,0.000673908854130721,0.0,0.0,-0.008910102223996283,-0.008157510663846576,-0.006345740919307519
2022-06-23,0.0,-0.003546527952610571,0.0,0.0,0.0036142334997413374,-0.0051198229655445605,-0.0064531577466533825
2022-06-24,0.009508069516021168,-0.011543879935062078,0.0,0.0,-0.002542128352686477,-0.007165599209855117,-0.010109783846946063
2022-06-27,0.002692966295121615,0.0014051941183722088,0.0,0.0,0.00693929337652278,0.006403760911641554,0.005498423955861961
2022-06-28,-0.005621484178233643,-0.007421829532894749,0.0007146080593285652,0.0,0.0004331690849368919,0.008414357120431103,0.010137206389095635
2022-06-29,-0.005281252069545204,-0.000311819024217052,0.006178286020180543,-0.0034654040807408394,0.015617051751630563,-0.0017206997352183157,-0.0007253843183541255
2022-06-30,-0.006779084726953729,-0.0028794512923046977,0.0059018878365675615,-0.0009124198606405064,0.015231107021116514,-0.0014384996627945642,0.0002372646135350395
2022-07-01,-0.0002639206704536192,0.003694635084078548,-0.0002328373026102079,-0.0004798586128591029,0.0213038216594897,-0.008376296437739888,-0.007253788678604096
2022-07-05,0.0,0.0006372294988697833,0.0,0.0,0.0029969322075815,-0.005042628743689483,-0.0020392945214598927
2022-07-06,0.0,0.0011613732651449122,0.0,0.0,-0.00027580912542624823,0.0038839012067874157,0.00396309880225457
2022-07-07,0.0,-0.00010569965957988685,0.0,0.0,0.0,0.0009827770220539893,-0.0028896310869625567
2022-07-08,0.0,0.0,0.0,0.0,0.0,0.004493666683522212,0.003395798800497348
2022-07-11,0.0,0.0,0.0,0.0,-0.016220051662142687,0.0027473192884051537,0.005528158902321477
2022-07-12,0.0,0.0,0.0,0.0,-0.004235710648266368,-0.0025082688256806425,-0.002906448873846745
2022-07-13,0.0,0.0,0.0,0.0,0.00019241592767284228,-0.0029919978143134345,-0.003085506162500601
2022-07-14,0.0,0.0,0.0,0.0,-0.011798490737198873,0.006331666947947586,0.007292116823424123
2022-07-15,0.0,0.0,0.0,0.0,0.006650797530672557,-0.010596313402927405,-0.011332530613458592
2022-07-18,0.0,0.0,0.0,0.0,-0.0048417348679544135,0.00553270780035348,0.004411233327938722
2022-07-19,0.0,0.0,0.0,0.0,-0.0029061324315264635,-0.009520916435927925,-0.01082681816401407
2022-07-20,0.0,-0.0023110097689894977,0.0,0.0,0.00037548602200127153,-0.0013024135274412516,-0.0014963307201864998
2022-07-21,0.0,-0.003543865896479539,0.0,0.0,0.007550945204117066,-0.011968504422437997,-0.01177343602615181
2022-07-22,0.0,0.0032825898314335507,0.0,0.0,0.008082805687937072,-0.004627401067771414,-0.0026431498215813247
2022-07-25,-0.0017937059303131673,-0.00039618369276971354,0.0,0.0,0.004016698260530944,0.0043195760525550865,0.003128015631421774
2022-07-26,0.00185151631416882,0.004180341264654408,0.0,0.0,-0.00037607304061043205,0.003626170115420488,0.004988557367722091
2022-07-27,-0.00299948451138767,0.008888630750259198,0.000757638080904,0.0,0.00015306261120404702,-0.010785408447448568,-0.011585122157153042
2022-07-28,0.0021159290630055985,0.004375959243603323,0.004562228485309307,-0.008588513230850022,0.0020535584642679683,-0.015489147045612422,-0.012418354956537921
2022-07-29,-0.0019987395917703994,0.0050928707688164395,0.00013326944558701364,-0.001622870744343102,3.960989313722105e-05,-0.006591064220127545,-0.005473004641690002
2022-08-01,-0.00016514412469527523,-0.0010768828805173087,-0.00013967666371644564,-0.0004677567668232253,0.009237038155354173,-0.003304763810627611,-0.0036302363342654385
2022-08-02,0.0,-0.002354674778668283,0.0,0.0,-0.012269565494521004,0.009695071935418744,0.012206578414985642
2022-08-03,0.0,0.005472012463880221,0.0,0.0,0.003489594949132104,-0.007757110847008303,-0.008722008616005984
2022-08-04,0.0,-0.00010655693998509898,0.0,0.0,-0.00025981493305098714,-0.004243502582528427,-0.00549763539261351
2022-08-05,0.0,0.0,0.0,0.0,0.028497335555710584,0.007449544758532766,0.01090591808883038
2022-08-08,0.0,0.0,0.0,0.0,-0.011623138381192544,-0.0066002132192568225,-0.0069821463984664645
2022-08-09,0.0,0.0,0.0,0.0,0.006120072291913644,0.003989520453802122,0.004273882099714088
2022-08-10,0.0,0.0,0.0,0.0,-0.0009651866840749138,-0.010116086938205976,-0.009368767096497026
2022-08-11,0.0,0.0,0.0,0.0,-0.0013543898200162991,0.004998530763582347,0.006975533907272148
2022-08-12,0.0,0.0,0.0,0.0,0.007173519579035043,-0.010768503034223454,-0.010751530559788116
2022-08-15,0.0,0.0,0.0,0.0,0.006155306811432013,0.003141998331394362,0.0033672116375216498
2022-08-16,0.0,0.0,0.0,0.0,-0.002201023284870415,0.0008093460744880492,0.000880120086961828
2022-08-17,0.0,0.0,0.0,0.0,-0.004640569156707878,0.00813356901813709,0.009131766025323809
2022-08-18,0.0,0.0,0.0,0.0,0.0013124946732267914,0.0018174317133388632,0.001721372398369828
2022-08-19,0.0,0.0,0.0,0.0,-0.0063914626161040025,0.011517306424709287,0.013208531790266109
2022-08-22,0.0,0.008962869117438503,0.0,0.0,0.0046552559294760695,0.012259099805553314,0.011760649524869703
2022-08-23,0.0,0.001089311266199152,0.0,0.0,0.0029322379364751096,-0.00015376922829800257,-0.00034581488038878537
2022-08-24,0.0,-0.0013501215661690725,0.0,0.0,0.004337075422807148,-0.0008697321674725652,0.000632145932327633
2022-08-25,-0.00019651711671444638,-0.006094432917774566,0.0,0.0,0.0008700999862648791,-0.009142648193098782,-0.011085200692807102
2022-08-26,0.003865023986104318,0.014753824029572829,0.0,0.0,-0.0029750543408838467,0.01692982812003366,0.014332376381556813
2022-08-29,-0.0006957553080263545,-0.0031336095723958584,-0.006908592812282349,0.0,-0.011047064781697773,0.005714237443937416,0.006471814212333277
2022-08-30,0.0012636794145092227,-0.00475087440673958,-0.00046469599918768495,0.00078295820915697,-0.0007496497127231884,0.005807113166273929,0.004780108831819576
2022-08-31,-0.0001650867380799464,-0.0033083618783511133,-0.004820318733338766,0.002138613657690652,-0.003815109789439988,0.006440728270742418,0.006670210039884468
2022-09-01,-0.00011543467403804504,0.0012943379403474312,-0.00033982059076494397,-0.00046847339094190413,-0.0002527596286942287,0.00290517268585964,0.007480299211035698
2022-09-02,0.0,-0.004564587058244099,0.0,0.0,0.0,0.0030571499936107795,0.00041403395004593814
2022-09-06,0.0,-0.0016669312367712016,0.0,0.0,0.0,0.0031079829898212766,0.008574050396668398
2022-09-07,0.0,-0.0001282039043424529,0.0,0.0,0.0,-0.014258050530565962,-0.014349284377770024
2022-09-08,0.0,0.0,0.0,0.0,0.0,-0.0006350956745109929,0.0019258898002158487
2022-09-09,0.0,0.0,0.0,0.0,0.0,-0.0059876989937324996,-0.007555077987045678
2022-09-12,0.0,0.0,0.0,0.0,0.004436853151710851,-0.005833170824652515,-0.005633089671197337
2022-09-13,0.0,0.0,0.0,0.0,-0.001855297961128623,0.02168080639272779,0.020555763896050815
2022-09-14,0.0,0.0,0.0,0.0,0.0002241620786540867,-0.0005962356729978364,-0.0019621002697517774
2022-09-15,0.0,0.0,0.0,0.0,-0.007121175127453021,0.0053959107635784724,0.007708931176662351
2022-09-16,0.0,0.0,0.0,0.0,0.001374422108869742,0.00045118721836627247,0.0016776658720207198
2022-09-19,0.0,0.0,0.0,0.0,-0.002360690010190382,-0.001292951603994507,-0.0012101325041648599
2022-09-20,0.0,0.0,0.0,0.0,0.003924475752240085,0.010297525970265608,0.009803767598746172
2022-09-21,0.0,0.007924428916098018,0.0,0.0,0.00223285532422248,0.004373219910471002,0.0031380266813375896
2022-09-22,0.0,0.003905899714296592,0.0,0.0,-0.01037601090313327,0.008040905737948986,0.010649409719305038
2022-09-23,0.0,0.00774251281191089,0.0,0.0,0.0007793535139557204,0.010260496761535346,0.013007042101012289
2022-09-26,0.0009990339482123488,0.004593448759557823,0.0,0.0,0.02356214368412283,0.011493019677729486,0.01584727735658611
2022-09-27,0.00048651800538817343,0.0012240366565567618,0.0,0.0,0.009954306062974105,0.005562875631967394,0.006555269528241118
2022-09-28,-0.0011475816568440162,0.009036918828033128,0.016280559972441634,0.0,0.004619635075728159,-0.01519816395038536,-0.02130278564486476
2022-09-29,-0.0004133106659469667,-0.01002055250626716,-0.0035259961393219585,-0.002623948476869858,-0.010097336760727535,0.011625605980549592,0.011102447864354095
2022-09-30,-0.00037664051558084844,-0.007433587632796527,-0.002008785836914358,0.0006491531938485084,-0.005123467280385922,0.0013036190012148847,0.003623247437962062
2022-10-03,-3.7015134696393874e-05,0.012520470041439661,-0.0002209027287816051,-0.0004666743810162543,0.01839621999438548,-0.015310784289274893,-0.019156462209996252
2022-10-04,0.0,0.014706180844171163,0.0,0.0,0.0014351732741084233,-0.013819314695854972,-0.014983071665117595
2022-10-05,0.0,-0.0011751684866835436,0.0,0.0,-0.0002561059907327235,0.0067567731178000325,0.008575117183759463
2022-10-06,0.0,-0.00014283043586812332,0.0,0.0,0.0,0.006624902005806652,0.007217074144037494
2022-10-07,0.0,0.0,0.0,0.0,0.0,0.013281365244429707,0.013910856055923472
2022-10-10,0.0,0.0,0.0,0.0,0.011400412226237368,0.006836463776437145,0.009092978752547422
2022-10-11,0.0,0.0,0.0,0.0,-0.004823869951295354,0.0003653225242948592,0.0013498986494551218
2022-10-12,0.0,0.0,0.0,0.0,-0.005781553523402626,0.000830194991831022,-8.68543895834231e-05
2022-10-13,0.0,0.0,0.0,0.0,-0.0015062753581223318,-0.007227637305280975,-0.00487966021072248
2022-10-14,0.0,0.0,0.0,0.0,-0.012008560204486655,0.009955395414762369,0.011128933924013647
2022-10-17,0.0,0.0,0.0,0.0,0.0018144397033868919,-0.013375343175971752,-0.013069356560293198
2022-10-18,0.0,0.0,0.0,0.0,0.003792152138088089,-0.0047144903838045255,-0.004624342332831535
2022-10-19,0.0,0.0,0.0,0.0,-0.006861533633198232,0.009515202022947488,0.011846220644970228
2022-10-20,0.0,0.0034140991929531364,0.0,0.0,-0.00475294693751231,0.004244165413641854,0.004276599639481154
2022-10-21,0.0,-0.010024849172373567,0.0,0.0,0.0013242751632320247,-0.008525048506760013,-0.009964871046589347
2022-10-24,0.0,-0.0050202712641380575,0.0,0.0,0.0013154534197584832,-0.00013643081551386902,0.0022317198941800287
2022-10-25,0.003148477749341646,-0.006566964863454683,0.0,0.0,-0.016296624824072202,-0.012651669357432012,-0.013666466560042865
2022-10-26,0.0052464780974926855,0.0031829603346311556,0.0,0.0,-0.006582113242226131,3.895916101446815e-05,-0.0034194556943224295
2022-10-27,0.005895263926690234,-0.0025167390739108376,0.004808527964173557,0.0,0.0010463305206396877,-0.0007486676268645176,-0.00013286591861798102
2022-10-28,-0.009888738711401777,0.00975790295935152,-0.0038485096903727585,-0.004066828590680376,-0.010762398005117338,-0.007277804228467862,-0.00350730249037011
2022-10-31,-0.0009381792054950595,-0.00305090138868614,-0.0034101514546750872,-7.232776908480642e-05,-0.008983645988497432,0.004376736327068093,0.006133520163830475
2022-11-01,-0.00027157261906098296,-0.001873849988141252,-0.00021761199973001602,-0.00044479410798330425,-0.0006426702382010486,-0.0019589395652155014,-0.004486895599208338
2022-11-02,0.0,-0.01042932381571377,0.0,0.0,-0.001844793863674649,0.012136741715967065,0.010383611250020412
2022-11-03,0.0,-0.00432022623806074,0.0,0.0,-0.00026189381914234545,0.005271238872265012,0.0055871054203859224
2022-11-04,0.0,-0.00012312503081868744,0.0,0.0,0.003967873285822945,-0.015467293133539355,-0.011974129119687515
2022-11-07,0.0,0.0,0.0,0.0,0.007363940236670703,-0.0018837444092548955,-0.000606056187357209
2022-11-08,0.0,0.0,0.0,0.0,-0.013024947029693914,-0.006783130302223347,-0.007259945917452365
2022-11-09,0.0,0.0,0.0,0.0,-0.006539718430352581,0.008599577498661106,0.006810194883123805
2022-11-10,0.0,0.0,0.0,0.0,0.0016954357728555373,-0.031661052075509864,-0.033310232920042676
2022-11-11,0.0,0.0,0.0,0.0,-0.005053015067384327,-0.004445834629637773,-0.00506585565060291
2022-11-14,0.0,0.0,0.0,0.0,-0.005126425312700015,0.004771881641372379,0.004743130594188957
2022-11-15,0.0,0.0,0.0,0.0,0.01312097050941204,-0.003979088347047872,-0.007556594455872524
2022-11-16,0.0,0.0,0.0,0.0,0.0045723861111950466,0.002797350172433219,-0.0001607960963668645
2022-11-17,0.0,0.0,0.0,0.0,-0.005519775233073836,0.005107606785870956,0.004786847691466198
2022-11-18,0.0,-0.0017137736966170096,0.0,0.0,-0.0028839407433666826,-0.00037585169004979776,0.0010653644026497036
2022-11-21,0.0,0.0013856859648135045,0.0,0.0,0.00030512669744286493,0.001842083856135354,0.002381751758177287
2022-11-22,0.0,-0.0048636249295312805,0.0,0.0,0.004943144406127755,-0.005672112144100144,-0.00657450799768209
2022-11-23,3.330053856637373e-05,-0.002249139516867509,0.0,0.0,0.009692832621533911,-0.006863146691549196,-0.008345950398251839
2022-11-25,-4.8237196976695066e-06,0.00013780205406427982,0.0,0.0,-0.0009057609851841673,-0.0002668225465317942,5.3067095911298664e-05
2022-11-28,0.00010606981223171711,-0.00620040884494508,-4.500250979178806e-05,0.0,0.00045863601935605366,0.01042580210858866,0.00790588262300135
2022-11-29,-5.444896281747183e-05,-0.000700732563289285,-0.003370089507605048,0.00019550179907153905,-0.004018186962795192,-0.0018845969357637433,-2.475557755900193e-05
2022-11-30,-6.589275874757181e-05,0.011616400898862362,0.006773687911054405,-0.0011650917295678615,-0.00025269143591768783,-0.016353994248836018,-0.015594854128430707
2022-12-01,-6.54127474550501e-06,-0.000337176765996924,-0.00023079298733947584,-0.000383870086762567,0.0,-0.008724772372207854,-0.009583899439111481
2022-12-02,0.0,-0.000489912842639567,0.0,0.0,0.0,-0.0024466022152458415,-0.0031674752460617833
2022-12-05,0.0,-0.006732625566772206,0.0,0.0,0.0,0.010664008442913169,0.010877829602999795
2022-12-06,0.0,-0.00010996250237444458,0.0,0.0,0.0,0.0011212610879973422,0.00048455374540413163
2022-12-07,0.0,0.0,0.0,0.0,0.0,-0.0043535338669322314,-0.005323880771623977
2022-12-08,0.0,0.0,0.0,0.0,0.0,-0.001169679119060277,-0.0019341936256767336
2022-12-09,0.0,0.0,0.0,0.0,0.0,0.00464408285237429,0.004905014290736468
2022-12-12,0.0,0.0,0.0,0.0,0.0025788992455418568,-0.0010896847421503954,-0.0006576703700377183
2022-12-13,0.0,0.0,0.0,0.0,0.0011243475915433503,-0.00831092665082039,-0.008076026825695344
2022-12-14,0.0,0.0,0.0,0.0,0.00460239689382438,0.0014096627234152135,0.0012234979577693274
2022-12-15,0.0,0.0,0.0,0.0,0.0035555421517247084,0.007096741480772684,0.008455974364934548
2022-12-16,0.0,0.0,0.0,0.0,-0.005392748636854959,0.005011915749706119,0.00350153203626109
2022-12-19,0.0,0.0,0.0,0.0,-0.005376096198564585,0.005647138713913604,0.00598136227168227
2022-12-20,0.0,-0.0005840865973509856,0.0,0.0,0.004179097938111705,0.0015136912385001718,-0.0004980642599197102
2022-12-21,0.0,-0.0057175822154548915,0.0,0.0,-0.0006603758978016275,-0.005281817122536401,-0.0038786145172089895
2022-12-22,0.0,0.005570299710368797,0.0,0.0,-0.0006545663600903318,0.00477615725503697,0.0051495443934936255
2022-12-23,0.0026471309702991866,-0.0021646452318199684,0.0,0.0,-0.0029519891338553564,0.00021206566993337207,0.001153759463713743
2022-12-27,0.0026140664152149054,0.001584876779378608,0.0,0.0,0.010371791868611929,0.004246894924841019,0.004175701005724764
2022-12-28,-0.0012205551793230097,-0.005163560254670549,-0.001294026730148379,0.0,0.0015920376897768003,0.006710652931049608,0.006381422985668511
2022-12-29,0.0012811410493066581,0.00697568006777784,0.0021362722565211327,-0.006038025091853514,0.0008051297509622838,-0.009167115564458051,-0.00964894804646369
2022-12-30,0.0011948336952755944,-0.001098810273411323,-0.0019523936925563731,-0.005518401533780936,-0.009191179985173175,0.003852622370063039,0.0033182137926671415
2023-01-03,-0.0001694852456746025,-0.0017160550434787824,-0.00013493870161898738,-0.0003753365041068311,0.015309736869985557,-0.003549392331384703,-0.004906845872180634
2023-01-04,0.0,0.0029523847133990106,0.0,0.0,0.013498428627289175,-0.007496135278599349,-0.009654787013685358
2023-01-05,0.0,-0.004536899867636268,0.0,0.0,-0.0018194787045789631,0.004005928629205658,0.004385984580753765
2023-01-06,0.0,-0.00011657778496134281,0.0,0.0,-0.0002913979866399156,-0.01306410599577803,-0.01430394505770103
2023-01-09,0.0,0.0,0.0,0.0,-0.005344922396605643,-0.001813478526426398,-0.0027107669971890933
2023-01-10,0.0,0.0,0.0,0.0,0.012905899867458805,0.0006399226395049648,0.0006362867111548321
2023-01-11,0.0,0.0,0.0,0.0,-0.01252819757522497,-0.007432828311966134,-0.006442928260499708
2023-01-12,0.0,0.0,0.0,0.0,0.0014133036457097724,-0.007103955674435138,-0.007981410142126662
2023-01-13,0.0,0.0,0.0,0.0,-0.011536778098426409,0.002134025441495812,0.0018325392708910565
2023-01-17,0.0,0.0,0.0,0.0,-0.006627990396630047,0.0020802051143685818,0.002576052697423965
2023-01-18,0.0,0.0,0.0,0.0,0.025108456776621317,-0.0018366341392405095,-0.0029356720544336727
2023-01-19,0.0,0.0,0.0,0.0,-0.004203327030642236,0.0022378253944877607,0.001354219544165826
2023-01-20,0.0,-0.008438219610685966,0.0,0.0,-0.00510147460754252,-0.0015324564746942873,-0.0009404981835234702
2023-01-23,0.0,-0.005324281021266416,0.0,0.0,0.004210229714029692,-0.0017907250778683372,-0.0019788963202709347
2023-01-24,0.0,0.0005566546418739513,0.0,0.0,-0.008101493967944327,-0.002745523720722099,-0.0029310562105043865
2023-01-25,5.107417275253593e-05,-9.272098306562464e-05,0.0,0.0,-0.0013724727197944801,-0.0009289827873624517,-0.0014571184569766057
2023-01-26,-0.0011537997718302157,-0.004867761876072504,0.0,0.0,-0.0014570683638889207,-0.002078428490526066,-0.0006731909676087439
2023-01-27,-0.00035093848626923903,0.0006947097684908247,-0.002598021107828256,0.0,-0.003911951030400495,-0.00042781220983094826,-0.0004666956421469603
2023-01-30,0.0003388989584645732,-0.005829878484028063,-0.004319127432785818,-0.0008799637744133693,-0.006627558653930549,0.005757418794861976,0.005702727750145317
2023-01-31,-0.0002443300549531298,0.006649765606486122,0.006365526019147617,-0.00012473573516197094,0.009005805584367177,-0.005884989486353749,-0.004860260634965117
2023-02-01,-5.792537674233558e-05,0.004783878146643501,-0.0003904553900001789,-0.0003798640548535691,0.006645848176784212,-0.007358920478494443,-0.008864589724573723
2023-02-02,0.0,0.006583838510974433,0.0,0.0,-0.00029540907665497545,-0.007711016584187394,-0.006121332557325237
2023-02-03,0.0,-0.004952158871570677,0.0,0.0,0.0212100642785386,0.0035287298111398514,0.005712281657954085
2023-02-06,0.0,-0.00013660156278775276,0.0,0.0,0.01756236154993803,0.0054437440330252496,0.00707353312539933
2023-02-07,0.0,0.0,0.0,0.0,0.005235764682319805,-0.004140160909652387,-0.0012829246333677998
2023-02-08,0.0,0.0,0.0,0.0,-0.00704715145934662,0.0039462506872755,0.0022321084043961784
2023-02-09,0.0,0.0,0.0,0.0,-0.001150832884382906,0.0019421989119653726,0.002939928164502591
2023-02-10,0.0,0.0,0.0,0.0,-0.010585508977328692,0.0022503511517498057,0.005107900938000893
2023-02-13,0.0,0.0,0.0,0.0,0.004370183312248514,-0.005389692104886574,-0.005496485629245188
2023-02-14,0.0,0.0,0.0,0.0,-0.009426169393649512,0.00030818721524789386,0.0014684898861274667
2023-02-15,0.0,0.0,0.0,0.0,-0.0030933940079486784,-0.0012944871888740644,-2.9658145647429914e-05
2023-02-16,0.0,0.007725768511052613,0.0,0.0,-0.003496321296781309,0.004603245212651087,0.005463484096681615
2023-02-17,0.0,0.0015099347590387057,0.0,0.0,0.0025862803436464575,0.0006926886054224399,-0.0006930433036851265
2023-02-21,0.0,0.011458471848910242,0.0,0.0,0.01513849378885909,0.010073170894651437,0.011561238684958744
2023-02-22,0.0005399171746488803,0.0008742030763754083,0.0,0.0,-0.0012684086545067372,-0.0005227484667492658,-0.0018766029748757758
2023-02-23,0.00025906823249732336,-0.002913467080653179,0.0,0.0,0.0007435294746591272,-0.004063687970493482,-0.004563937272985158
2023-02-24,-0.00012312582711725806,-0.006336084160421041,-0.00683380025496913,0.0,-0.012987405623801835,0.004853186407057579,0.007260864279042966
2023-02-27,0.00031045623763325836,0.001775049046590415,0.0029850252052532095,-0.004168979445968576,0.005705872569552782,-0.00447706755612084,-0.0035326846014835213
2023-02-28,0.0009468548952016398,-0.002143501528322531,0.0014444113548397878,0.0015391909821198932,0.0027609559913087047,0.002993385104747049,0.0017594993140834748
2023-03-01,-0.00012629039544639615,-0.0022210094648611235,-0.0003136745724537312,-0.0004591478230646537,-0.00904536698745286,0.0014598553670029098,0.0016597392169053699
2023-03-02,0.0,0.004188397202486641,0.0,0.0,-0.0003216500987018346,-7.152949058028505e-05,-0.00010059716112096439
2023-03-03,0.0,0.008747598164013371,0.0,0.0,0.0,-0.009321836312338955,-0.00957247392584849
2023-03-06,0.0,-0.00016675921971078615,0.0,0.0,0.00332598279433152,0.0027496962654950264,0.0028203602498327275
2023-03-07,0.0,0.0,0.0,0.0,0.00014929065074433957,0.00949983158014596,0.009279495235569547
2023-03-08,0.0,0.0,0.0,0.0,0.0009959216517530355,-0.00016432747098654,0.00017867706291037444
2023-03-09,0.0,0.0,0.0,0.0,0.000961261333656729,0.0029640189194755466,0.003923279038544724
2023-03-10,0.0,0.0,0.0,0.0,0.03593069702288731,-0.004638196228307493,-0.0037896536263588255
2023-03-13,0.0,0.0,0.0,0.0,0.023864270794640378,-0.006063143082775093,-0.0045386069437765506
2023-03-14,0.0,0.0,0.0,0.0,-0.019262252942432206,1.8315868831035603e-05,-0.00046864098077692646
2023-03-15,0.0,0.0,0.0,0.0,0.02195838703023972,0.0003398339764915204,0.0010533260262882056
2023-03-16,0.0,0.0,0.0,0.0,-0.00046107670981186064,-0.0010540020533142173,-0.0019130243071799043
2023-03-17,0.0,0.0,0.0,0.0,0.0,-0.0021316044106554823,-0.0010588569489785433
2023-03-20,0.0,0.0,0.0,0.0,0.002895878289345442,-0.0021632399045927973,-0.0021078957849307743
2023-03-21,0.0,0.0,0.0,0.0,0.006425502409074634,-0.0006046676408530574,-0.0014680934710740174
2023-03-22,0.0,0.009911497475901447,0.0,0.0,0.008952760649622986,-0.0032828819121120656,-0.0021478447261003807
2023-03-23,0.0,-0.001489146473744997,0.0,0.0,0.003966994938444127,-0.0023065590782416832,-0.001828389205036366
2023-03-24,0.0,-0.0037458402467689905,0.0,0.0,7.950108906343382e-05,4.219865992382833e-05,-0.00028231209416966274
2023-03-27,0.005247214747961908,-0.0009938492050595824,0.0,0.0,0.01729425015260854,0.00368141618517506,0.002671749137329622
2023-03-28,-0.00030720840595738436,0.0014153803012065794,0.0,0.0,0.0011120356157564952,-0.0018071071674862155,-0.0015380612196105301
2023-03-29,0.004414047935701989,0.008144918884750711,-0.0017971027519753011,0.0,-0.000961708222926981,-0.0033754689772933165,-0.003487333311399998
2023-03-30,0.0008999158328767163,0.003353401675707231,0.0010854615716535771,0.002411930447756723,0.002139468710236533,-0.004929689756902706,-0.004660773036648845
2023-03-31,0.00140973460924502,0.008235746616521296,0.004306736615687534,-0.002496633263843273,0.010583016812802187,-0.004927248193683047,-0.005569913495149466
2023-04-03,-0.00019830220047664752,0.002143346180181661,-0.00024439949986672615,-0.00047565847374272696,0.007966222082541203,-0.0022205125996237326,-0.002804467509977659
2023-04-04,0.0,-0.0033969460929549,0.0,0.0,0.005614287508581345,3.402720999650687e-05,-0.0020151633618287804
2023-04-05,0.0,-0.0016617498039193505,0.0,0.0,-0.0002815303864810826,0.0012888685744262098,0.0012497872307370564
2023-04-06,0.0,-0.0001774546986803846,0.0,0.0,0.0,-0.0017152356470775977,-0.001019656016589381
2023-04-10,0.0,0.0,0.0,0.0,0.0,0.001992760477112313,0.002799877925948294
2023-04-11,0.0,0.0,0.0,0.0,0.0005681800506507883,-0.001389200939025936,-0.0019606758740986423
2023-04-12,0.0,0.0,0.0,0.0,-0.0054700384475715605,0.0007885766485322764,-0.0005844469625018793
2023-04-13,0.0,0.0,0.0,0.0,-0.0015112435324160923,-0.003380947613918013,-0.004168443095513542
2023-04-14,0.0,0.0,0.0,0.0,-0.010781925765803687,0.0039834952547555605,0.004905056235032401
2023-04-17,0.0,0.0,0.0,0.0,-0.013143196839918983,0.0007986608446491792,0.0019038090636092069
2023-04-18,0.0,0.0,0.0,0.0,0.002741037649918703,-0.0007471688264258209,-0.0013250000602191892
2023-04-19,0.0,3.512630789755697e-05,0.0,0.0,-0.0020647817519009273,0.0019730071650155114,0.002409064750658943
2023-04-20,0.0,0.0035413586047494997,0.0,0.0,0.004116756342896819,0.00030179921268120127,0.0002443874522407545
2023-04-21,0.0,-0.0003728546713628294,0.0,0.0,-0.00200223741618223,0.00037340243589004867,0.0009291096942490387
2023-04-24,0.00022837267311859633,-0.0005368963597078547,0.0,0.0,-0.007902526560111823,-0.001781580728016635,-0.0022768060820204513
2023-04-25,0.0012991643984698847,0.01007927214290872,0.0,0.0,-0.015066952528257675,0.0032291432196322445,0.003208148941630752
2023-04-26,-7.241112522381337e-05,-0.0033520642969747903,-0.0021229208742938686,0.0,0.006345806820329237,0.003161521995462242,0.003003111891923895
2023-04-27,-0.0012663292632590117,0.013190879048661994,-0.0032461677577078542,0.0008258365574045886,-0.0023006833030183504,-0.0036618744159853944,-0.003137458758452837
2023-04-28,0.00010658329691105333,0.005579865263826604,0.00351388218879527,0.008514553081843105,0.014036398829425744,-0.004690222649796796,-0.0040877690533163875
2023-05-01,-3.20681326732797e-05,-0.0008117752349533282,-0.0001453985134854207,-0.0005168290806362089,-0.02394884274837888,-0.00024807579015404283,0.0028636606254734036
2023-05-02,0.0,-0.007657453842281178,0.0,0.0,0.023993809427006595,0.006301022024300437,0.0024837749011683754
2023-05-03,0.0,-0.00473006183329765,0.0,0.0,0.005861727044783012,0.0034565889005090567,0.002259353806971276
2023-05-04,0.0,-0.00020033546323758466,0.0,0.0,-0.0002907383346486143,0.003264346981086151,0.0031071327894972196
2023-05-05,0.0,0.0,0.0,0.0,0.010556625951030074,-0.008360483028981272,-0.007533550578388365
2023-05-08,0.0,0.0,0.0,0.0,0.01261290246049337,0.003001627727209372,0.0036325535318156867
2023-05-09,0.0,0.0,0.0,0.0,0.0027949372998175297,0.0013152870593963544,0.0023765185257818644
2023-05-10,0.0,0.0,0.0,0.0,-0.014578912273446067,-0.007218555275631416,-0.006041189763323926
2023-05-11,0.0,0.0,0.0,0.0,-0.0002601926603980507,-0.00679203473400008,-0.0033964541870714527
2023-05-12,0.0,0.0,0.0,0.0,-0.012961426084261436,0.0014457251365360628,0.0038496801147618817
2023-05-15,0.0,0.0,0.0,0.0,-0.004829180724330929,0.0015831655359467931,5.2370937215879e-05
2023-05-16,0.0,0.0,0.0,0.0,-0.00685202797117972,0.006175305526668756,0.00442418548303693
2023-05-17,0.0,0.0,0.0,0.0,-0.003069548766309941,-0.0058698222308964645,-0.004952991574045613
2023-05-18,0.0,0.0,0.0,0.0,-0.00579326697051167,-0.0017873931446613996,-0.0013378582566468283
2023-05-19,0.0,0.0008946483179863456,0.0,0.0,-0.0035844093164914166,0.005363553390083649,0.004881859098505767
2023-05-22,0.0,-0.0001401465971582229,0.0,0.0,0.001971915735758214,-0.004316389377357771,-0.0024506397825678995
2023-05-23,0.0,0.007586336892587223,0.0,0.0,-0.0018637333957837177,0.0001198383889619966,0.001255714976286354
2023-05-24,0.0005461526677257952,0.004940092644945321,0.0,0.0,0.004075967044735687,0.0030255411933183133,0.00305481697349779
2023-05-25,-0.0030083897312007113,-0.005627571574334061,0.0,0.0,-0.002179241733460151,-0.001739520589570762,-0.000244471477815273
2023-05-26,-0.0018701016614139528,0.008357267998557417,0.001874839876273744,0.0,0.0027879719669386253,-0.002945295375755303,-0.006700758398504095
2023-05-30,0.001748021470467204,0.00011706725822546797,0.010551818572017408,-0.0033379390483241744,0.015260646108886942,-0.0036717849541545175,-0.0017318299018057584
2023-05-31,0.0018503208364056573,-0.003957228183745831,0.004947738619408309,-0.00397082806296353,0.006642703519209166,0.001457304155313879,0.0012903064263215182
2023-06-01,-0.00012282466020597043,0.0063908059763874495,-0.00041424687195272764,-0.0005501054002933026,0.002248883428000553,-0.00498585253519002,-0.0057699895181058175
2023-06-02,0.0,0.009802170144645805,0.0,0.0,-0.0002931990006982485,-0.0029168202592634532,-0.004956122202273598
2023-06-05,0.0,-0.001460727908677346,0.0,0.0,0.0,0.0020339244979153508,0.002430566180308437
2023-06-06,0.0,-0.0002061971797415739,0.0,0.0,0.0,-0.003047417373043338,-0.0037770784760367978
2023-06-07,0.0,0.0,0.0,0.0,0.0,0.0027996119662135888,0.0013362269278291504
2023-06-08,0.0,0.0,0.0,0.0,0.0,-0.003805693507641705,-0.0032552997234895176
2023-06-09,0.0,0.0,0.0,0.0,0.0,0.0025083399529496567,0.0025431452107416634
2023-06-12,0.0,0.0,0.0,0.0,-0.003517226835815248,-0.0013450819425974325,-0.00040394069781613526
2023-06-13,0.0,0.0,0.0,0.0,-0.0025505499826785107,-0.0019312967679784995,-0.0024628460430055218
2023-06-14,0.0,0.0,0.0,0.0,0.001768725572944067,-0.002745438138213407,-0.0018831750162658948
2023-06-15,0.0,0.0,0.0,0.0,0.015134137839119441,-0.008424137246028788,-0.00827412951003813
2023-06-16,0.0,0.0,0.0,0.0,-0.00904239433306484,0.0028744129776432648,0.002317618980736175
2023-06-20,0.0,0.0,0.0,0.0,0.0019827586000548962,0.0001406317190976633,0.0013058778961057844
2023-06-21,0.0,0.003995774562609399,0.0,0.0,-0.001154147934684068,-0.0020211616444229625,-0.0020329997969669496
2023-06-22,0.0,-0.0027243268430029105,0.0,0.0,-0.005649963775262617,0.005205118617383489,0.005890970528862341
2023-06-23,0.0,0.006173663041691591,0.0,0.0,0.003496728172450682,0.003952315971019986,0.004291018929288673
2023-06-26,0.003039013495526693,0.0034075890966871404,0.0,0.0,-0.0051127084636756965,-0.0016281572057133264,-0.002104763769732115
2023-06-27,-0.0072179575871036804,-0.00858018498887558,0.0,0.0,0.003307504667828899,-0.0015827505829104967,-0.0014225657139004728
2023-06-28,0.0022269525421682217,-0.0002446822599548114,0.0038688550370380363,0.0,0.0008459049931990861,-0.001607979640648501,-0.001599832112134514
2023-06-29,-0.00822426316157123,0.0031195744661543625,-0.011529857460539066,-0.0022311826718379325,-0.021451374626062555,0.005159183514385285,0.0037789464527472555
2023-06-30,-0.0040747865210128565,0.009685233258748227,0.002171619379218117,0.0007170091556993957,0.003939992699462493,-0.005844322940993127,-0.005544967491556789
2023-07-03,-0.0003268545360835828,0.0007877991031411373,-0.0003301571979482578,-0.000624494651437324,-0.00908889620096042,0.00028134431158150755,0.0011627152285545385
2023-07-05,0.0,-0.0014149974575327169,0.0,0.0,-0.0064822867873229,0.0012464430435520577,0.0004111040851040461
2023-07-06,0.0,-0.006714093501151479,0.0,0.0,-0.0003756831316916151,-0.0003887515953127337,0.0014374109240414537
2023-07-07,0.0,-0.00025025176856288515,0.0,0.0,0.0,0.0034465059024359496,0.0051207331795936825
2023-07-10,0.0,0.0,0.0,0.0,-0.010567519632153083,0.0010984548774079757,0.000973698811486812
2023-07-11,0.0,0.0,0.0,0.0,-0.0038233275810766027,0.0011129030598671988,0.0007272099492885069
2023-07-12,0.0,0.0,0.0,0.0,-0.019133407715589877,0.0016868599062752109,0.003896468587042993
2023-07-13,0.0,0.0,0.0,0.0,0.0018581954568778773,0.0023836858902302298,0.0019247719449609544
2023-07-14,0.0,0.0,0.0,0.0,-0.010817518054910566,0.001145784973268533,0.0019381608664867877
2023-07-17,0.0,0.0,0.0,0.0,0.002895147038898026,0.0023912378434977743,0.0028315177533349534
2023-07-18,0.0,0.0,0.0,0.0,0.0018573038447772072,0.006663284410138017,0.005477878548633602
2023-07-19,0.0,0.0,0.0,0.0,0.002605142233436638,-0.00370027436961701,-0.005049637439000276
2023-07-20,0.0,0.005586298315866251,0.0,0.0,-0.007539174118996406,-0.0023776309189380046,-0.003901245213745302
2023-07-21,0.0,0.00016554869288276753,0.0,0.0,0.0005732614916415595,-0.0010051308593986004,-0.002296169532045997
2023-07-24,0.0,-0.003651942034995954,0.0,0.0,0.00395459649524231,-0.0024028392992464986,-0.004972046110864584
2023-07-25,-0.0009000957947663369,-0.0021682008685721538,0.0,0.0,0.0017283361734399334,0.003261116302939536,0.0036668040767943674
2023-07-26,0.0006512145570834591,3.6284248908287245e-05,0.0,0.0,0.0006498732113857512,5.5081832725050925e-05,0.0016564277101914805
2023-07-27,-0.0011964646417020153,-0.006340451545775759,-0.012988830809082308,0.0,-0.0035813839947263647,0.004179628315371366,0.0010578436388394138
2023-07-28,-0.000830097994642471,0.008163891824046043,0.003465042152510271,-0.003738459261892406,0.0055827391121861325,0.0022439262778551302,0.001924529901993767
2023-07-31,-4.7588057974447175e-05,0.001443474705755943,0.0011897766231509987,-0.006440353004678719,0.0020879890773608098,0.0015201965646792145,0.0009298819856362305
2023-08-01,-0.00010506431823944433,-0.0026167664209038807,-0.00034155912922506594,-0.000610164504442034,-0.007780614866037689,-0.001808999382044466,0.0011962898106783718
2023-08-02,0.0,-0.012031954606051182,0.0,0.0,-0.002811678388552754,-0.009153645094973295,-0.007191126833930662
2023-08-03,0.0,-0.0026207908801959383,0.0,0.0,-0.00038098089182132735,-0.0003020783099850282,0.007639535868897874
2023-08-04,0.0,-0.0002555273429850907,0.0,0.0,-0.02146914543893161,0.0012298574176565894,-0.008937023645705184
2023-08-07,0.0,0.0,0.0,0.0,0.00521529563590077,-0.004186085433157007,0.0015272762629935648
2023-08-08,0.0,0.0,0.0,0.0,-0.009731620768356448,-0.006948143329427847,-0.009796117360132096
2023-08-09,0.0,0.0,0.0,0.0,-0.0008733543989662528,-0.0024372438422975325,-0.005195384651819263
2023-08-10,0.0,0.0,0.0,0.0,-0.0015585576876627465,0.0027532654760572973,0.0074060775974849205
2023-08-11,0.0,0.0,0.0,0.0,-0.011550955698175153,-0.00320802721497521,-0.0007717640216845454
2023-08-14,0.0,0.0,0.0,0.0,-0.0036100102119963604,-0.0015975904774517275,0.0018837993092486703
2023-08-15,0.0,0.0,0.0,0.0,-0.004251298722106899,-0.0008364333288982792,-0.001344036002431116
2023-08-16,0.0,0.0,0.0,0.0,-0.008097240770083449,-0.002297366474194905,-0.0012681448861507278
2023-08-17,0.0,0.0,0.0,0.0,-0.0006023206879510463,0.002299563601873156,-0.00035298889317437185
2023-08-18,0.0,0.0,0.0,0.0,0.0,-0.0020389976025623545,-0.0034257786315539337
2023-08-21,0.0,0.0,0.0,0.0,0.008205831096201337,0.008704954563586309,0.011495781204707078
2023-08-22,0.0,0.0025017790230133165,0.0,0.0,-0.0003208641805329972,-0.0014408493629297417,-0.0039401447197469535
2023-08-23,0.0,-0.01049984179178711,0.0,0.0,-0.014329841113639897,0.009979334786383671,-0.0017596537310975015
2023-08-24,0.0,0.013484887426618629,0.0,0.0,-0.0061037134477396815,-0.006869742719291232,-0.004985422530424886
2023-08-25,0.001070011382249327,-0.0065813262929767585,0.0,0.0,-0.0007045512162244716,0.0005332490880461961,0.0007279322739664601
2023-08-28,0.0004567291740771687,-0.0058979034310390165,0.0,0.0,-0.005474409631271156,0.002592880383869997,0.0027088513521859106
2023-08-29,0.0008755365777029391,0.01278340374079099,0.00929441445648234,0.0,0.01085744280954315,0.0079270096204319,0.0042661276123141115
2023-08-30,0.0006725618528850806,0.0036641359740931917,-0.00044593147241073585,0.0030477019906194167,-0.0007199067739822423,-0.001409688180525707,0.002101611277219873
2023-08-31,-0.0006183696401128185,-0.0015702418920116536,0.002523223394060232,-0.007884932413225427,0.0035944071801890876,-0.005531989437605184,-0.004914006661839193
2023-09-01,-0.00010612989446193662,0.001551751062561844,-0.0004208464079121493,-0.0006180958500772661,-0.012647641711020077,0.0028708791822957672,0.0018843350911534934
2023-09-05,0.0,-0.004250800561924728,0.0,0.0,-0.00866969780586497,0.0028644472671482163,0.0006566241025035311
2023-09-06,0.0,-0.006501488574117562,0.0,0.0,-0.0004057737288228824,-0.001059068241398988,-0.0038315723984909825
2023-09-07,0.0,-0.0002811992922213735,0.0,0.0,0.0,-0.004201554671385631,-0.0034289170563775377
2023-09-08,0.0,0.0,0.0,0.0,0.0,-0.001530538655898911,-0.0014811487294053446
2023-09-11,0.0,0.0,0.0,0.0,0.0032194639340647597,0.005921186712179645,0.007038538721037012
2023-09-12,0.0,0.0,0.0,0.0,-0.002389354710917315,-0.003773476043666472,-0.006646013638063395
2023-09-13,0.0,0.0,0.0,0.0,-0.00037922105496303744,-0.001181867464535003,0.0005282205120421218
2023-09-14,0.0,0.0,0.0,0.0,-0.005408575543243634,-0.0015725392296219358,-0.0012147916784844173
2023-09-15,0.0,0.0,0.0,0.0,-0.0066346586233467075,0.00749930327615201,0.002665660039616335
2023-09-18,0.0,0.0,0.0,0.0,0.0015101903674425785,0.0021748731724034495,0.002773735091859595
2023-09-19,0.0,0.0,0.0,0.0,-0.004859374793873769,0.0052333839142415,0.003525621650974408
2023-09-20,0.0,0.008758625618961267,0.0,0.0,-0.0011139922042890011,0.0005650154427087811,-0.0009436290719996376
2023-09-21,0.0,0.016107717928814356,0.0,0.0,-0.008683171136934165,0.012903105805555155,0.007308525328175182
2023-09-22,0.0,0.00234862777522297,0.0,0.0,0.004201385811648202,-0.0046611290914060615,-0.004160947555776036
2023-09-25,0.0015265862206219846,-0.003858977301737938,0.0,0.0,0.01417203622080777,0.006549789394995873,0.00779791327440982
2023-09-26,-0.0015468310645542914,0.014341340592686595,0.0,0.0,0.0010410392888982292,0.00014220630354611703,-0.0036383272018201945
2023-09-27,0.0007428143080735267,-0.00038455360144331197,-0.00362457521224103,0.0,0.009339239230166357,-0.0024653903907630448,-0.0033539076602394956
2023-09-28,0.00021701985232597205,0.005146392934337173,0.0018380390883854032,-0.005779991071697523,0.0005750859409477433,-0.002815565031803564,5.630120420214811e-05
2023-09-29,-0.0002914451401408212,-0.0024304646798755814,5.177478841112603e-06,0.00010139988792713531,-0.00042787106283620165,-0.0038874579693266302,-0.0023085783237081765
2023-10-02,-7.916001691734686e-05,-0.0005620461625934818,-0.00021828118840424977,-0.0006495785583437988,-0.016647991850084993,-0.004680612385244265,-0.002022245542936851
2023-10-03,0.0,-0.012527473014604946,0.0,0.0,-0.01698411271662265,-0.003809452828255836,-0.0009425955118476891
2023-10-04,0.0,0.006512916565028667,0.0,0.0,0.008965199737526719,0.0006532685384256136,0.001468273946139471
2023-10-05,0.0,-0.0002765313203673484,0.0,0.0,-0.0004450279622783152,0.0007706618617736088,0.0024691605788482998
2023-10-06,0.0,0.0,0.0,0.0,0.0,0.009977455516304676,0.012136592649563257
2023-10-09,0.0,0.0,0.0,0.0,-0.025733798941514285,0.0016186232757659821,-0.005664281982740051
2023-10-10,0.0,0.0,0.0,0.0,0.004322665317836013,0.004320172278677325,0.005177163068359806
2023-10-11,0.0,0.0,0.0,0.0,-0.010587408897660806,0.0002636749072094619,-0.001955423236398058
2023-10-12,0.0,0.0,0.0,0.0,-0.004369258081808857,-0.005576785832826478,-0.0006005882442706415
2023-10-13,0.0,0.0,0.0,0.0,0.011881257005234649,0.003304732350141335,-0.005287667474433129
2023-10-16,0.0,0.0,0.0,0.0,-0.012264313283226231,0.004611476010028177,0.008775060903192178
2023-10-17,0.0,0.0,0.0,0.0,-0.020053628060449063,0.0041397207917366,0.005357282059515711
2023-10-18,0.0,0.0,0.0,0.0,-0.005795968438951523,-0.003033259731275212,-0.0034385827122122353
2023-10-19,0.0,0.0,0.0,0.0,-0.00538851873435095,0.0017487597505438106,0.002332017639288812
2023-10-20,0.0,0.010531538291152068,0.0,0.0,0.00594354787808622,-0.0031382224099106896,-0.005708454988596727
2023-10-23,0.0,0.00166420147120429,0.0,0.0,-0.009907309183922837,-0.002382944768348068,-0.0015652019875159982
2023-10-24,0.0,-0.0063443588922469756,0.0,0.0,-0.003170693610609834,0.002093967416140388,0.0018702125842901404
2023-10-25,-9.04793935720729e-06,0.012571470289274213,0.0,0.0,0.01794177915226305,-0.003366885472133239,-0.001851313806549615
2023-10-26,-7.722440728328558e-05,0.010513619025866828,0.0,0.0,0.003409378159192931,-0.006348109470764269,-0.009696692670625168
2023-10-27,-2.2723589969699957e-05,-0.004389248638209078,0.0020873219579851964,0.0,0.0022601170961088182,0.002527597909399948,0.0008882086716015894
2023-10-30,5.7004400444316255e-05,0.009629556035092876,-0.007071632866337952,-0.0016982928131391343,-0.007084012307058279,0.0060499908495647205,0.009368478366816575
2023-10-31,3.180735458020549e-05,0.004975686204409413,-0.004649884682493382,-0.010135115656614848,-0.004658029581340081,-0.002873298620486858,-0.0001893383443407162
2023-11-01,-2.4673926357741288e-06,0.008571526193516702,-0.000600220377012231,-0.0007907279608195717,0.015525154505834034,-0.0009983188537809214,-0.007932802418143316
2023-11-02,0.0,0.015541565650232805,0.0,0.0,-0.000414977739742148,-0.0011837006242133245,-0.006835927867756099
2023-11-03,0.0,0.007308425689606878,0.0,0.0,-0.015601930401800674,0.006522330290349813,-0.0005246894264191327
2023-11-06,0.0,-0.00024638790908133087,0.0,0.0,0.011950241612017846,-0.004019286121827925,0.007452404750461411
2023-11-07,0.0,0.0,0.0,0.0,-0.011031216381417514,-0.003490865028439499,-0.0037002865174628097
2023-11-08,0.0,0.0,0.0,0.0,-0.00769181475787213,-0.002866039396395685,-0.004730101696614378
2023-11-09,0.0,0.0,0.0,0.0,-0.0026329984381965117,0.0017882480119507675,0.011698527546180346
2023-11-10,0.0,0.0,0.0,0.0,0.0012370773194108398,-0.007494871352186531,-0.0029302737774361608
2023-11-13,0.0,0.0,0.0,0.0,-0.0015158577931583261,0.001064836941472757,0.0014274944272132874
2023-11-14,0.0,0.0,0.0,0.0,0.029648011033783454,0.012597087577895835,-0.003593216434675056
2023-11-15,0.0,0.0,0.0,0.0,-0.015993109171902824,0.0031007978320683745,0.008325469461324082
2023-11-16,0.0,0.0,0.0,0.0,-0.0006047439157411902,0.008811958714137738,0.001573099000983217
2023-11-17,0.0,0.0,0.0,0.0,0.0,-0.00142659189622286,-0.0015038661416813678
2023-11-20,0.0,-0.005710400335819195,0.0,0.0,-0.0016771176200960631,-0.004545743471050813,-0.0014799436057794323
2023-11-21,0.0,0.0017365680069087567,0.0,0.0,0.0005468714750154274,0.005413083545672364,0.0017476127789574046
2023-11-22,0.0,-0.002682810831273976,0.0,0.0,-0.0005970230586347938,-0.0019412178459212413,-0.003130604824398792
2023-11-24,-0.002669524476853771,-0.0003074173596452646,0.0,0.0,-0.006215934560848382,0.009548376090954557,0.011526796352181175
2023-11-27,0.00377528196254401,0.0014628371309014995,0.0,0.0,-0.015602908897196734,0.005475583444590095,-0.003981212332094052
2023-11-28,0.0015850829546099606,0.0001468023249776308,0.005144459887558995,0.0,0.001618526169211699,0.006443498645603322,2.1775539515668415e-05
2023-11-29,0.002442896704388465,-0.0006935359321094123,0.006644827667655133,-0.0018698346737658295,0.009649998160351217,-0.0014200421916469514,-0.010715598557321175
2023-11-30,-0.0033044135850639447,0.00283649695260628,-0.006738034633980854,-0.009416765154274346,-0.010221013101088524,0.0028104057903365854,0.004257188013568626
2023-12-01,-0.00021789412318492347,0.004341830766180843,-0.0003962441397492885,-0.0006636342773240701,0.018452645363253518,-0.004346618327357644,-0.001434845824889985
2023-12-04,0.0,-0.004152082332943888,0.0,0.0,-0.005684511570979942,-0.013022917363742278,-0.011664202202203154
2023-12-05,0.0,-0.00030859548915352763,0.0,0.0,-0.0003768747274642351,-0.009852812359662315,-0.008185171513031874
2023-12-06,0.0,-0.00022818227381550958,0.0,0.0,0.0,-0.004787422490364904,-0.001613334822043506
2023-12-07,0.0,0.0,0.0,0.0,0.0,0.005761063097224314,0.00660446971686541
2023-12-08,0.0,0.0,0.0,0.0,0.0,-0.003224480705787424,-0.0032866451424394586
2023-12-11,0.0,0.0,0.0,0.0,-0.00041927124437590355,-0.0012128779364302135,0.0006126257117190386
2023-12-12,0.0,0.0,0.0,0.0,-3.340472981422368e-05,0.0007788194928108552,0.0038505550511934807
2023-12-13,0.0,0.0,0.0,0.0,0.028825705010660316,0.0003137946833093889,0.0010084476594398035
2023-12-14,0.0,0.0,0.0,0.0,0.01620087652600966,-0.005916898313462342,-0.0073972858028316605
2023-12-15,0.0,0.0,0.0,0.0,-0.0020862290289608196,-0.005168661567749915,-0.004921007338220337
2023-12-18,0.0,0.0,0.0,0.0,-0.002652067380121516,0.006147979318298635,0.0054461388870151155
2023-12-19,0.0,-0.004857632948935003,0.0,0.0,-0.0019533470902682363,0.003863815165853531,0.0036489638486516475
2023-12-20,0.0,0.011034308312102432,0.0,0.0,-0.0039420593750180465,-0.009617996872368351,-0.009796794149950945
2023-12-21,0.0,-0.0072990343756201784,0.0,0.0,-0.0019835634416090686,0.01212013667881966,0.013329563515202876
2023-12-22,0.00014669998323065962,-0.0014284639907605954,0.0,0.0,-0.000970890247817578,0.00018893708346598512,0.00039058096160373763
2023-12-26,0.00020058179492264824,-0.0031627563958076337,0.0,0.0,-0.001708924640829862,0.002513399373810565,0.0020101086607946074
2023-12-27,-0.0004571056627986062,0.0007993355766839807,0.004335209567118054,0.0,-0.008673907931335798,-0.0024417923442513656,-0.0010556865181052609
2023-12-28,0.0002995968334506325,0.0001350357256049618,-0.0023946185209882376,-0.0016518068281099248,-0.002910675246061646,-0.0008750615268504991,0.0007616883734293579
2023-12-29,1.4697719078371241e-05,-0.0024730286334629517,-0.0016013112383959501,-0.0004513039719521249,-0.00580213367796201,0.0027745065192677715,0.002343798449208594
2024-01-02,-3.8894248273979646e-05,-0.0046277889521775355,-0.00017835958012190636,-0.000559041828223913,-0.007885603514880074,-0.0009413631275301611,-0.0038260740162752993
2024-01-03,0.0,-0.006678163175142485,0.0,0.0,0.004372429264260958,-0.008673461509328687,-0.0105646997669567
2024-01-04,0.0,-0.0027345475680350118,0.0,0.0,-0.007839659960594334,-0.0018461246566170964,0.0006979917422985885
2024-01-05,0.0,-0.00023906028480651423,0.0,0.0,-0.00036661321858822956,-0.0011178889605887989,0.0007414361000302558
2024-01-08,0.0,0.0,0.0,0.0,-0.0069204774711162445,0.008826681733458307,0.009523488285531716
2024-01-09,0.0,0.0,0.0,0.0,0.001222185346661289,-0.003971935510110796,-0.003216295648428954
2024-01-10,0.0,0.0,0.0,0.0,0.003528304845423925,0.0021618112458351804,0.004080223221116807
2024-01-11,0.0,0.0,0.0,0.0,0.001251619455291964,-0.00021394392483461703,-0.001859345343969125
2024-01-12,0.0,0.0,0.0,0.0,0.00451871175370665,0.0010427270468762785,-4.35014328720099e-05
2024-01-16,0.0,0.0,0.0,0.0,-0.01662712925744638,-0.01018440457856409,-0.0073473147329770686
2024-01-17,0.0,0.0,0.0,0.0,-0.006916576982066564,-0.007534225305838539,-0.006252337275182004
2024-01-18,0.0,0.0,0.0,0.0,-0.004830033174692939,0.0036346669111152613,0.005462578499822443
2024-01-19,0.0,0.0,0.0,0.0,-0.00042110796617453555,0.0071775031077032725,0.008045887976430756
2024-01-22,0.0,-0.0018620722773690596,0.0,0.0,-0.006592444018497062,0.004701434197503436,0.001668979506884107
2024-01-23,0.0,-0.0022848569479030382,0.0,0.0,0.005424393613944308,-0.002309460392458305,5.4733852866530334e-05
2024-01-24,0.0,-0.000755236245005778,0.0,0.0,0.006070548060636138,-0.0025632417538162004,0.0006491892132032069
2024-01-25,-0.00018559301349737833,-0.004400812833423549,0.0,0.0,0.002200977877718312,0.004284251810052455,0.0018616112004660279
2024-01-26,-0.00031367815889582365,0.001226993923039149,0.0,0.0,-0.004367597146123006,-0.0002455164815429227,-0.0006254925993064899
2024-01-29,-8.569518418926134e-05,0.006432955643686827,0.010874926707202307,0.0,0.011589988769083823,0.004633517263927396,0.003321420532387896
2024-01-30,0.0007010524423089517,-0.0008842014815404337,0.0022799310997335953,0.000477473281350344,0.0023042046985369824,-0.0032453462755489973,-0.004014418729048999
2024-01-31,0.007739672934307365,-0.014901224460741084,0.01613827562253936,-0.00366834411717468,0.011420036527467262,-0.007005025022811978,-0.010651468148867877
2024-02-01,-0.0001944724847897042,0.011615380740845027,-0.0005888793899982294,-0.0005570672969942926,-0.00042494454737570196,0.0013872993620748005,0.002528267832913476
2024-02-02,0.0,0.0093056292789077,0.0,0.0,0.025818768934269237,0.01728348814435805,0.02089585316560619
2024-02-05,0.0,-0.0034705970392165998,0.0,0.0,0.019832022118916767,0.00714168942530604,0.010465931819913735
2024-02-06,0.0,-0.00027043047839221966,0.0,0.0,-0.010404967022984546,-0.007115210874422004,-0.008820219103944475
2024-02-07,0.0,0.0,0.0,0.0,0.003955219923174196,0.006707700096359016,0.006285044319514673
2024-02-08,0.0,0.0,0.0,0.0,-0.0015817566228916514,-0.0048418137478994415,-0.0006388970205005084
2024-02-09,0.0,0.0,0.0,0.0,-0.004529418180076643,0.0007218010469559068,0.0018254086222317084
2024-02-12,0.0,0.0,0.0,0.0,0.0014887380687054952,-0.005409670314119445,-0.005194513400476041
2024-02-13,0.0,0.0,0.0,0.0,-0.022408713485897336,0.007277789813425657,0.011387230385936715
2024-02-14,0.0,0.0,0.0,0.0,0.007061188412065522,-0.0014427575975804296,-0.00275011428883553
2024-02-15,0.0,0.0,0.0,0.0,-0.0005977717698057742,-0.008361288518086122,-0.00582043139447612
2024-02-16,0.0,0.0,0.0,0.0,0.0,-0.005425705623091474,-7.047231239126734e-05
2024-02-20,0.0,0.005472943118769751,0.0,0.0,-0.002158328956523563,0.004603467819956457,0.001796114909323285
2024-02-21,0.0,-0.0007226814463229102,0.0,0.0,0.00409178832370482,-0.0011927499046978552,0.000999631892150011
2024-02-22,0.0,-0.020770529256995067,0.0,0.0,-0.0008515171776168793,0.012872810699218702,0.010081271606067399
2024-02-23,0.002204842239743586,-0.0005123844101685282,0.0,0.0,0.005351147357488961,0.0012269246217925134,-0.001806733117518021
2024-02-26,0.0009297022902935327,0.003909924001270312,0.0,0.0,0.0024054203836566088,0.0024993588366783765,-3.4241674479659474e-07
2024-02-27,-0.0024383417396227174,0.0009623269697077198,-0.004314534710816699,0.0,-0.006087345792949061,0.0005846657457811535,0.0013077850690573238
2024-02-28,0.002987480102728175,-0.0014329764072902981,0.0053769240799757066,-0.0006480775129687073,0.00684127408339444,-0.00027135896101209567,-0.002143259343308496
2024-02-29,-0.0006165240483861363,0.0031727048602821295,0.0028475691845246467,-0.0046690387208070385,0.0036224576350526857,0.001250977303877386,-0.00013600496191524045
2024-03-01,-0.0003505076286978866,0.008600545684793225,-0.0004709892676970615,-0.0006249239979724574,0.008713883339029494,0.006604821654829185,0.007723888872625881
2024-03-04,0.0,-0.0011995276499073828,0.0,0.0,-0.003767547296748842,0.004072230590956011,0.0027763217482619984
2024-03-05,0.0,-0.009557055539716064,0.0,0.0,-0.00044651364183671415,-0.004750643636146379,-0.006325907452150873
2024-03-06,0.0,-0.0002808702536741805,0.0,0.0,0.0,0.008787761665882,0.007736382855155223
2024-03-07,0.0,0.0,0.0,0.0,0.0,0.009358387035169016,0.009511915118207226
2024-03-08,0.0,0.0,0.0,0.0,0.0,-0.0021034035549001174,-0.0027676601614918033
2024-03-11,0.0,0.0,0.0,0.0,0.0023121894612466542,-0.00023655551586600933,-0.0013269747903532165
2024-03-12,0.0,0.0,0.0,0.0,0.0085917357485914,0.003074986385677805,0.0054937784101748415
2024-03-13,0.0,0.0,0.0,0.0,-0.0019710961525801576,0.005684765971824512,0.002315341920748544
2024-03-14,0.0,0.0,0.0,0.0,-0.0156786320586406,-0.0033206086856636045,-0.0030484827023362104
2024-03-15,0.0,0.0,0.0,0.0,-0.0038322087854305614,-0.0006354153216879958,-0.002656399785290108
2024-03-18,0.0,0.0,0.0,0.0,-0.0027664693527564045,0.0003756983719011957,0.0008973459782049124
2024-03-19,0.0,-0.005095391378440015,0.0,0.0,0.003641952625273515,-0.00013583211124403843,0.0003481910532468268
2024-03-20,0.0,-0.008151437481787021,0.0,0.0,0.0023713668692351064,0.011267422141097628,0.011353954118364783
2024-03-21,0.0,-0.0028023499370828566,0.0,0.0,-0.00011774041192254487,-0.005241440040214169,-0.003197996958209127
2024-03-22,0.0019421195673909283,0.0018811645513691483,0.0,0.0,0.005348809807039474,-0.006788507054181121,-0.0059040171682668745
2024-03-25,-0.0003575701144411567,0.0026617802488376756,0.0,0.0,0.0047396636064688386,0.0019941225563875403,0.0005517372434813781
2024-03-26,0.0008999827929731506,-0.002453192191899723,0.0008376861565593139,0.0,-0.00258471015063302,-0.0017662886139784124,-0.0009776084807296493
2024-03-27,-0.0005314236395230902,0.007606441348016328,0.0030890737710938397,-0.001399199799719342,0.0028554823697876717,0.0032300550925847054,0.003808022167795806
2024-03-28,-0.00032470291110780786,-0.0003703075039963096,-0.0009914398410191846,0.003782076991568858,-0.0026012107073682305,0.0002754101349232911,-0.00087263817469474
2024-04-01,-0.0001718427411756775,-0.0018070747851721856,-0.00025690234011952075,-0.0007855785672787265,-0.018512318449885205,-0.0008405384322989914,0.003093423307299284
2024-04-02,0.0,-0.006092186709631791,0.0,0.0,-0.004696279592412492,0.0007434589252431815,-0.0009441116288327759
2024-04-03,0.0,0.0008268872326601415,0.0,0.0,0.0015937328823637416,0.005973103974737579,0.002607957143817595
2024-04-04,0.0,-0.00027841166658216295,0.0,0.0,-0.000517519045900727,-0.010417648834839853,-0.012318770239954415
2024-04-05,0.0,0.0,0.0,0.0,0.0,0.012530513832733106,0.013724749833480343
2024-04-08,0.0,0.0,0.0,0.0,0.004300413939018115,0.007148482093178102,0.006269422525159038
2024-04-09,0.0,0.0,0.0,0.0,-0.007576230497005465,0.003519733919297103,0.0019024575326015106
2024-04-10,0.0,0.0,0.0,0.0,0.026966722131182782,-0.009709750018634207,-0.002640817082345849
2024-04-11,0.0,0.0,0.0,0.0,-0.0016816515407687064,0.010853158545068988,0.011351544708575866
2024-04-12,0.0,0.0,0.0,0.0,0.007423856869363114,-0.013446903537929168,-0.01614351658474314
2024-04-15,0.0,0.0,0.0,0.0,-0.013202461793548082,0.003876454624273606,0.0027884678282276867
2024-04-16,0.0,0.0,0.0,0.0,-0.008270055144715556,-0.0065486998437564005,-0.003336198789955383
2024-04-17,0.0,0.0,0.0,0.0,0.007882455681031663,-0.007946581197681194,-0.008655259865248548
2024-04-18,0.0,0.0,0.0,0.0,-0.0039934742096921685,0.0022653655299715173,0.0029279366975262697
2024-04-19,0.0,0.0073317976255742375,0.0,0.0,0.0011487000364463404,0.001416293834781533,-0.0036445050326284296
2024-04-22,0.0,-0.007666669107082477,0.0,0.0,-0.0007412866908057624,-0.0027129962442891207,0.0013178199956672607
2024-04-23,0.0,-0.009924883950981064,0.0,0.0,-0.002223290192855344,0.006083657476315791,0.006367819186997744
2024-04-24,0.000499452801185582,0.0005650975172716268,0.0,0.0,0.006486777274781992,-0.00017894476070305236,0.0025687536405876884
2024-04-25,0.0003117667367975288,0.0033964882821226664,0.0,0.0,-0.005056322910183653,-0.0014097945812026876,-0.0004931424464023309
2024-04-26,0.0007345671223500929,0.007271593304035188,0.004463540258736742,0.0,0.004772710497503,0.005628043837290284,0.005862373035814369
2024-04-29,-0.00036918953813016935,0.002797164430652808,0.007669397269467021,0.006531110258053011,0.007669397269467021,0.0006923038092496649,0.00010989788986556244
2024-04-30,-0.0011718970222092144,-0.013470635065830964,-0.009780608186208226,-0.004152336725130992,-0.009780608186208226,-0.015467518136576451,-0.010566812441885147
2024-05-01,-0.00010551328637639579,-0.0029011226160439558,-0.0006028350003568439,-0.0008458919393136688,0.006024428603176509,0.0027127071035787814,0.00012172856603506274
2024-05-02,0.0,0.0076753428231434995,0.0,0.0,-0.0004895426058125997,0.006902145084241093,0.0028280528519670565
2024-05-03,0.0,0.01022821013258524,0.0,0.0,-0.011300899154985227,0.008543050771356876,0.0016098375769490086
2024-05-06,0.0,-0.00025228758203399806,0.0,0.0,-0.001347631092830491,0.001815337981598661,0.001365944954695413
2024-05-07,0.0,0.0,0.0,0.0,-0.004795752570498737,-0.00179988825754752,-0.001647326907047081
2024-05-08,0.0,0.0,0.0,0.0,0.005992992266175551,0.0024037179410136876,0.002838122582789566
2024-05-09,0.0,0.0,0.0,0.0,0.00042947830169057943,-0.001081093273352277,-0.0037462378413342877
2024-05-10,0.0,0.0,0.0,0.0,-0.007361375380632644,0.006234217991022408,0.005383816226405354
2024-05-13,0.0,0.0,0.0,0.0,0.0019595060078092773,-0.005543927119168648,-0.002795290459634397
2024-05-14,0.0,0.0,0.0,0.0,0.005414980090311919,0.006361358043525597,0.0016357666566529528
2024-05-15,0.0,0.0,0.0,0.0,0.014654869325006346,0.004867952344277866,-0.0027768770675875454
2024-05-16,0.0,0.0,0.0,0.0,-0.0005955451663388312,-0.003986434065345309,-0.0011867123677718901
2024-05-17,0.0,0.0,0.0,0.0,0.0,-0.0027693953836799416,0.00015759393282251848
2024-05-20,0.0,0.0,0.0,0.0,0.0020553405611004926,-0.0006565249208692099,0.0015751206040996088
2024-05-21,0.0,0.0,0.0,0.0,-0.003521318358915796,-0.0015970464257809085,-0.003703666930338405
2024-05-22,0.0,0.0024153419960087296,0.0,0.0,0.0021864377913116666,0.0014202067680113065,0.0010152933253798797
2024-05-23,0.0,0.006525713775712258,0.0,0.0,-0.006432979114800833,-0.0034673969420575363,0.0007049637533305866
2024-05-24,-0.0015334946896794737,-0.00558982437523624,0.0,0.0,0.0016011671267939119,0.002344690436874931,0.001594274469816129
2024-05-28,-0.0029479952188469793,-0.00043985966587037096,0.0,0.0,0.010548311137610608,-0.008952953226050674,-0.0008223509838201654
2024-05-29,-0.00040489909737044413,0.006264259433046461,-0.009790363426470515,0.0,-0.011351444266528461,-0.005812382386313336,-0.0005107064095322626
2024-05-30,0.004258682367894034,-0.006775901302771771,0.008724537241631417,0.004510861497808351,0.009589336425192592,0.003356439170716764,-0.0026705397505742325
2024-05-31,-0.00039028554723613074,0.0081219727757663,0.008088928794915459,0.00022175918741323795,0.008890686320592398,0.001954837728683654,-0.0018360200003271424
2024-06-03,-0.00023177185124412762,0.000553286347720094,-0.0005437945066369618,-0.0007541062316686189,0.012678746139980726,-0.0045990440100208765,-0.00763347150459659
2024-06-04,0.0,0.0008300797168872521,0.0,0.0,0.009540771208989126,-0.010699533701075552,-0.010962183499012025
2024-06-05,0.0,0.01065621916431858,0.0,0.0,-0.0005437293809280297,0.009348016938647164,0.008533740243895745
2024-06-06,0.0,-0.00027406249235653477,0.0,0.0,0.0,0.004975033590872757,0.0047796889165902644
2024-06-07,0.0,0.0,0.0,0.0,0.0,-0.006253806408991292,-0.0028285210901279165
2024-06-10,0.0,0.0,0.0,0.0,0.004096157144176209,0.009210569333317742,0.009236879829402293
2024-06-11,0.0,0.0,0.0,0.0,-0.01017742072119394,-0.006094473732753519,-0.00614967671197749
2024-06-12,0.0,0.0,0.0,0.0,0.002211913556320695,0.0050074425304962285,0.004806098297059984
2024-06-13,0.0,0.0,0.0,0.0,0.003542257198127669,-0.008547967541319375,-0.00877652536754326
2024-06-14,0.0,0.0,0.0,0.0,0.0038121398443732714,-0.001568456368090476,-0.002869842170186295
2024-06-17,0.0,0.0,0.0,0.0,-0.00972012034313989,0.006080130096722233,0.00744835760958488
2024-06-18,0.0,0.0,0.0,0.0,0.0054143973523114765,0.001126652159072195,0.000382253519287744
2024-06-20,0.0,0.0024382872960874566,0.0,0.0,-0.005686089439183248,0.005996354270068163,0.004460494953866332
2024-06-21,0.0,0.0014324582631755612,0.0,0.0,-0.00028104826472960786,-0.0056251265952346865,-0.004689692915233619
2024-06-24,0.0005553659063182196,0.0032161589487215607,0.0,0.0,-0.0022204643692934536,-6.498587191682833e-05,-0.0004728337064310538
2024-06-25,-0.00041230970820471126,-0.0034133837798839797,0.0,0.0,-0.0013041062242454288,-0.0033832273154437947,-0.002732467374163417
2024-06-26,-0.0015652892703933116,-0.0009839590935183601,-0.0049604521420089885,0.0,0.01245330435282355,0.0028278319833356827,0.0038513778220945496
2024-06-27,0.00024619941449590803,0.0007297153015249672,0.0015381462729127748,0.0010046991004994457,0.0012249836596204009,0.0032703226528974193,0.0023938733882747656
2024-06-28,-0.0006143199689261557,-0.003915401531876103,-0.004185655652715221,0.00024444899665045013,-0.011320592505955617,0.005268793608476973,0.0053343473288487075
2024-07-01,-0.00011272259634833708,0.0017487459257370921,-0.0002272743533514728,-0.0007311862251561452,-0.015307050475958182,0.006529277837849781,0.008742748124385828
2024-07-02,0.0,0.006164463135424881,0.0,0.0,0.007133151383898445,0.00026956908490308694,0.0006691676320998701
2024-07-03,0.0,0.004021483302668608,0.0,0.0,0.010445028686764595,0.0005529354867265599,0.0020118006514948626
2024-07-05,0.0,-0.00028363888547563846,0.0,0.0,-0.00048818537208582453,0.0007851297558213711,0.001031321477552828
2024-07-08,0.0,0.0,0.0,0.0,-0.0008456600647353267,-0.0018578915364580507,-0.0026966708509196928
2024-07-09,0.0,0.0,0.0,0.0,0.003151083159335212,0.0006542671388532748,0.0005657179438195801
2024-07-10,0.0,0.0,0.0,0.0,-0.00152473639752767,0.006967486810783921,0.006307392128644358
2024-07-11,0.0,0.0,0.0,0.0,0.002495064740749941,0.0044832808042585435,0.0015107317875228195
2024-07-12,0.0,0.0,0.0,0.0,0.0033666917351065015,0.002166255848337317,0.0015664736517492514
2024-07-15,0.0,0.0,0.0,0.0,-0.0067325432438787355,0.007004178961771755,0.00392473860385051
2024-07-16,0.0,0.0,0.0,0.0,0.008459763225485091,0.008620397694557472,0.00581827550498862
2024-07-17,0.0,0.0,0.0,0.0,0.0006996281951381275,-0.012274456069104699,-0.01328524439339066
2024-07-18,0.0,0.0,0.0,0.0,-0.003491326204735426,-0.006081349801165171,-0.00597022720419334
2024-07-19,0.0,0.0,0.0,0.0,-0.003817251050550294,-0.004923906663869741,-0.005880038468947027
2024-07-22,0.0,0.0,0.0,0.0,0.0013518061937077604,0.011218553964614226,0.011069095025484164
2024-07-23,0.0,0.0014820939916530555,0.0,0.0,-0.0010964444605381836,0.0005252533552918743,-0.001702419418206304
2024-07-24,0.0,0.02316973879581348,0.0,0.0,0.004827726628795331,-0.013416716214012164,-0.01331185896605485
2024-07-25,0.000348753421832789,0.005464169032234854,0.0,0.0,0.0013358598869625913,-0.009140587045888417,-0.008827974635333557
2024-07-26,-0.00018937559112815268,-0.011161131729360669,0.0,0.0,0.008845319202886634,0.007894717231738832,0.005710550817017054
2024-07-29,8.25695636111807e-05,-0.00040779667734191263,0.002359239227058269,0.0,0.002956410716364589,-0.0034435092210319596,-0.00370806278988629
2024-07-30,0.0003677951395257937,-0.005436384365397962,0.0037941153885662467,-0.0003673494818427387,0.0037941153885662467,0.0006290261009901112,-0.0014388696429667451
2024-07-31,-0.00024298555874834689,0.014786738439964727,0.014269434212669999,0.011435143616437915,0.012611807230824645,0.007059781859878362,0.010312980784937125
2024-08-01,-3.4423172386268406e-05,-0.01323381647820156,-0.0005956598843766716,-0.0007559643650343853,-0.0005300174573540321,-0.01341241347077491,-0.013469183705692523
2024-08-02,0.0,-0.017337824986877363,0.0,0.0,-0.03120331484174432,-0.011706314910829803,-0.020445465697647904
2024-08-05,0.0,-0.02701782638908886,0.0,0.0,-0.0016960099174156062,-0.02421832611636753,-0.025691310814798213
2024-08-06,0.0,-0.0002757357895625287,0.0,0.0,0.01817367059170272,0.007005902415772126,0.014401460832224208
2024-08-07,0.0,0.0,0.0,0.0,0.007587328992332167,-0.006718913898115817,-0.0029789965764038554
2024-08-08,0.0,0.0,0.0,0.0,-0.0018092815967788493,0.016445971427944052,0.016398239620803584
2024-08-09,0.0,0.0,0.0,0.0,0.00720202631008539,0.00179341254294413,-0.0018177777991074092
2024-08-12,0.0,0.0,0.0,0.0,0.005181731594183744,0.0003565733257173527,-0.0029636772095338
2024-08-13,0.0,0.0,0.0,0.0,0.00846912737167942,0.012029721051755054,0.008994774148071632
2024-08-14,0.0,0.0,0.0,0.0,0.0022656322382084864,0.0018963942453326503,0.0022409521334512384
2024-08-15,0.0,0.0,0.0,0.0,-0.0005992009385655384,0.011485538947672756,0.013383959108658213
2024-08-16,0.0,0.0,0.0,0.0,0.0,0.004653317264188538,0.0036551518339337664
2024-08-19,0.0,0.0,0.0,0.0,-0.001754896035710971,0.007115733078502971,0.0051190412416884596
2024-08-20,0.0,0.0,0.0,0.0,-0.0046372644026561865,-0.0007013427420652043,-0.005183454451557806
2024-08-21,0.0,0.0,0.0,0.0,-0.0022721896737249816,0.0042402677259298464,0.003278464064756147
2024-08-22,0.0,0.005391154920687303,0.0,0.0,-0.006579146988626774,-0.005942770351996568,-0.0011153040562282075
2024-08-23,0.0,-0.007276692315812996,0.0,0.0,0.005389577408917656,0.01062472744003439,0.00592747972490823
2024-08-26,-2.86991043678438e-05,0.0017866096751723718,0.0,0.0,0.001860556871609824,-0.0021595935767808614,-0.0018102959083247602
2024-08-27,9.72654157752191e-05,-0.0008281298298133708,0.0,0.0,0.001188368912181588,0.0014675252174203032,0.0005777316316178259
2024-08-28,-0.00019210527510861748,0.004173769800514766,-0.0007465567629349521,0.0,0.0013934114216216313,-0.004201208708707218,-0.001880282993128887
2024-08-29,0.0001527648825993542,-0.0004894051414580914,-0.0014353753090074752,-0.004679230672930422,-0.00280645550187157,0.0006774795459449046,0.0025200042916323244
2024-08-30,0.0006876786185898784,0.006469233661104855,-0.002728819156508437,-0.0046613699884279595,-0.007680140844739689,0.005550294030480061,0.008506751519239842
2024-09-03,-3.6932131190728546e-05,-0.014377874190079677,-0.00022177194840569054,-0.0006469507091359689,0.012787512846337239,-0.00915609639372416,-0.01310585945893103
2024-09-04,0.0,-0.0015538709550622397,0.0,0.0,0.011304716186145133,0.004185560918451127,0.0037513860045574558
2024-09-05,0.0,-0.001818965981794103,0.0,0.0,0.0032579976334882617,0.003409405974426555,0.002579558623877961
2024-09-06,0.0,-0.0002074469319362107,0.0,0.0,-0.0004711354534959818,-0.006940815270780696,-0.0073183233701043186
2024-09-09,0.0,0.0,0.0,0.0,-0.003082478946165592,0.004353798852697426,0.004988343007426046
2024-09-10,0.0,0.0,0.0,0.0,-0.008169781288290389,0.003024189901628727,0.003183922928446021
2024-09-11,0.0,0.0,0.0,0.0,0.0017722860440921348,0.0019959978261570805,0.0025025880055563918
2024-09-12,0.0,0.0,0.0,0.0,-0.001747447546386761,0.006627525185221673,0.005456736544956443
2024-09-13,0.0,0.0,0.0,0.0,0.003033664516881367,0.006845651572395442,0.0069303295237766105
2024-09-16,0.0,0.0,0.0,0.0,0.00488067218212895,0.0034428691312273383,0.0031213969592862995
2024-09-17,0.0,0.0,0.0,0.0,-0.0040095257390038675,-0.002756683268246559,-0.002233855899088632
2024-09-18,0.0,0.0,0.0,0.0,-0.00906046309666131,-0.0038309945146296574,-0.003445079370883249
2024-09-19,0.0,0.0,0.0,0.0,-0.0013637497719800535,0.009553977825888507,0.009818360099495327
2024-09-20,0.0,0.0010305896468132997,0.0,0.0,-0.0005301980779410459,-0.0001965102547315383,-0.0008440532298022589
2024-09-23,0.0,-0.0015042098301871587,0.0,0.0,0.0006290769983620506,-0.00014123819530260836,0.00020792585597496924
2024-09-24,-2.250334682459267e-05,-0.0017392248528714327,0.0,0.0,-0.0019049027419166644,0.007334737267939158,0.0068297986965547165
2024-09-25,0.00026623741590074164,0.0015296228857537072,0.0,0.0,0.008456898339601952,-0.006380788046170216,-0.005945909464070854
2024-09-26,0.00019910233816850087,-0.0024506722228578104,-0.002384649964966657,0.0,-0.0018809908833244677,0.005149738603600069,0.006327716842269535
2024-09-27,-0.00036700979604617837,-0.0014134935411869898,0.007601555679467298,0.004975145642676596,0.007326137348092567,-1.5084888568778296e-06,0.000172072939568407
2024-09-30,0.00036686265883599344,0.0024184794885603322,-0.0058492420778701,-0.0070972270020555955,-0.0058492420778701,-0.0031476279256806424,-0.002898914603685418
2024-10-01,-3.460275832329278e-05,-0.005773165201287945,-0.0006016555286887936,-0.000651873666508704,0.006918653367057423,-0.0013530445022791242,-0.0020938568850910697
2024-10-02,0.0,0.0001535522611748114,0.0,0.0,-0.005501593317955529,-0.001476713803484778,-0.001874432945896619
