date,base,delay_1d,cost_2x
2005-04-13,-0.0012495631,,-0.0018495631
2005-04-14,0.003911004,-0.0055197959,0.0027101486
2005-04-15,0.012903777,0.011700613,0.01290222
2005-04-18,-0.0043483384,-0.0043483384,-0.0043521924
2005-04-19,0.011214422,0.011428967,0.011202345
2005-04-20,-0.00047444874,-0.0012636798,-0.0010604054
2005-04-21,0.00011190476,-0.00047762599,0.00011190476
2005-04-22,0.00011388889,0.00011388889,0.00011388889
2005-04-25,0.00011428571,0.00011428571,0.00011428571
2005-04-26,0.00011349206,0.00011349206,0.00011349206
2005-04-27,-0.0039037622,0.00011230159,-0.0042738001
2005-04-28,0.006820778,-0.0076555713,0.0060745402
2005-04-29,-0.0045013712,-0.0052759598,-0.0045030279
2005-05-02,0.0012039752,0.0012332349,0.0011958209
2005-05-03,0.0015460049,0.0015311406,0.0015434616
2005-05-04,-0.0002544723,-0.00031346783,-0.00062045254
2005-05-05,0.00010912698,-0.000256976,0.00010912698
2005-05-06,0.013945969,0.00011111111,0.013345969
2005-05-09,0.00053991745,-4.7449595e-05,0.0005272845
2005-05-10,-0.0067377522,-0.0067377522,-0.0067379644
2005-05-11,-0.0022728448,-0.0022728448,-0.0022792365
2005-05-12,-0.00031398109,-0.0015629471,-0.0010172525
2005-05-13,0.0045345299,0.00023531894,0.0040355386
2005-05-16,0.00011735267,-0.00037999425,0.00011581765
2005-05-17,0.0024536837,0.0024536837,0.0024536142
2005-05-18,0.0064062832,0.0064062832,0.0064055155
2005-05-19,-0.00048654928,-0.0061459519,-0.0010846065
2005-05-20,0.00011230159,-0.00048951915,0.00011230159
2005-05-23,0.00011547619,0.00011547619,0.00011547619
2005-05-24,0.00011428571,0.00011428571,0.00011428571
2005-05-25,0.0040108897,0.00011468254,0.0036656639
2005-05-26,-3.8374543e-05,-0.00078040795,-0.00072504176
2005-05-27,0.0011674671,0.00048906642,0.0011647159
2005-05-31,0.0059162618,0.0059100576,0.0059159923
2005-06-01,0.0072339138,0.0070078374,0.0072218945
2005-06-02,-0.00023744454,-0.00043819455,-0.00059036526
2005-06-03,0.00011666667,-0.00023666024,0.00011666667
2005-06-06,0.00011746032,0.00011746032,0.00011746032
2005-06-07,0.00011746032,0.00011746032,0.00011746032
2005-06-08,0.0034055292,0.00011746032,0.0028055292
2005-06-09,-0.00038985607,0.0008778495,-0.00095885362
2005-06-10,-0.013411666,0.00014000284,-0.014039354
2005-06-13,-0.0054549826,-0.0060786473,-0.0054588315
2005-06-14,-0.0024439408,-0.0024439408,-0.0024455494
2005-06-15,-0.00078810145,-0.00081470381,-0.0008370704
2005-06-16,-0.00043641558,0.0056345798,-0.00098830735
2005-06-17,0.00011587302,-0.00043441061,0.00011587302
2005-06-20,0.00011746032,0.00011746032,0.00011746032
2005-06-21,0.00011746032,0.00011746032,0.00011746032
2005-06-22,0.00011785714,0.00011785714,0.00011785714
2005-06-23,0.00011904762,0.00011904762,0.00011904762
2005-06-24,0.00011984127,0.00011984127,0.00011984127
2005-06-27,0.00012261905,0.00012261905,0.00012261905
2005-06-28,0.00012222222,0.00012222222,0.00012222222
2005-06-29,0.00029243329,0.00012142857,-3.5693626e-05
2005-06-30,0.0030601281,-0.0038727363,0.0024098661
2005-07-01,-0.0093719078,-0.0099082908,-0.0093758596
2005-07-05,-0.0044217281,-0.0044433649,-0.0044233787
2005-07-06,0.0021255443,0.0022654459,0.0021068349
2005-07-07,-0.00018400426,0.0023598984,-0.00049023074
2005-07-08,0.00012301587,-0.00018320915,0.00012301587
2005-07-11,0.00012420635,0.00012420635,0.00012420635
2005-07-12,0.00012460317,0.00012460317,0.00012460317
2005-07-13,0.0013079591,0.000125,0.00083475422
2005-07-14,-0.0030773707,0.0018657067,-0.0040270481
2005-07-15,0.00029925457,-0.00064891922,0.00029836935
2005-07-18,-0.0026935611,-0.0026881065,-0.0026944737
2005-07-19,0.0022114231,0.0021684608,0.002199007
2005-07-20,-0.00036220949,0.0029780018,-0.00085259358
2005-07-21,0.0001297619,-0.00036047657,0.0001297619
2005-07-22,0.00013095238,0.00013095238,0.00013095238
2005-07-25,0.00013373016,0.00013373016,0.00013373016
2005-07-26,0.00013333333,0.00013333333,0.00013333333
2005-07-27,0.0014611871,0.00013214286,0.0011371919
2005-07-28,0.0040472078,-0.0047666155,0.0034001511
2005-07-29,-0.0064985985,-0.0071182622,-0.00650017
2005-08-01,-0.0022151724,-0.0021818805,-0.0022192895
2005-08-02,-0.0010414749,-0.0010598106,-0.0010469677
2005-08-03,-0.00019022354,0.0026768809,-0.00051457406
2005-08-04,0.00013452381,-0.00018973642,0.00013452381
2005-08-05,0.010443839,0.00013650794,0.009843839
2005-08-08,0.0056209468,0.0050304379,0.0056114556
2005-08-09,-0.0053522053,-0.0053522053,-0.0053568977
2005-08-10,0.0013341679,0.0013341679,0.0013289783
2005-08-11,-0.00035136501,-0.0081928071,-0.00095920288
2005-08-12,0.0073355141,-0.00036706189,0.0067442467
2005-08-15,-0.002737246,-0.0033261159,-0.0027396456
2005-08-16,0.0093227078,0.0093227078,0.0093219267
2005-08-17,-0.0079085946,-0.0079085946,-0.0079114062
2005-08-18,-0.00046663475,0.010496924,-0.0010689838
2005-08-19,0.00013650794,-0.00046033514,0.00013650794
2005-08-22,0.00013730159,0.00013730159,0.00013730159
2005-08-23,0.00013730159,0.00013730159,0.00013730159
2005-08-24,-0.00055420747,0.00013690476,-0.00087647098
2005-08-25,-2.4402722e-05,-0.00068047981,-0.00067005899
2005-08-26,-0.0017962814,-0.0024230032,-0.0017990386
2005-08-29,0.00075422216,0.00075157185,0.00075417421
2005-08-30,0.0050775836,0.0050826509,0.0050772879
2005-08-31,-0.00018886767,0.0070813545,-0.00051424327
2005-09-01,0.00013492063,-0.00019040449,0.00013492063
2005-09-02,0.00013412698,0.00013412698,0.00013412698
2005-09-06,0.00013690476,0.00013690476,0.00013690476
2005-09-07,0.00013531746,0.00013531746,0.00013531746
2005-09-08,9.3771687e-05,0.00013492063,2.4021452e-05
2005-09-09,0.0008315957,-9.6001986e-05,0.00016184546
2005-09-12,-0.0064462022,-0.0071155326,-0.0064466924
2005-09-13,0.0059596708,0.0059596708,0.005957766
2005-09-14,-0.0043374271,-0.004343049,-0.0043385802
2005-09-15,-0.00046686868,-0.0062190895,-0.0010674675
2005-09-16,0.00013571429,-0.00046545317,0.00013571429
2005-09-19,0.00013928571,0.00013928571,0.00013928571
2005-09-20,0.00014047619,0.00014047619,0.00014047619
2005-09-21,0.00013253968,0.00013253968,0.00013253968
2005-09-22,0.00013452381,0.00013452381,0.00013452381
2005-09-23,0.00013492063,0.00013492063,0.00013492063
2005-09-26,0.00013730159,0.00013730159,0.00013730159
2005-09-27,0.00013571429,0.00013571429,0.00013571429
2005-09-28,-0.0023681585,0.00013452381,-0.0027119222
2005-09-29,-0.0033099707,0.0025019146,-0.0040030458
2005-09-30,-0.003297282,-0.0039986883,-0.003298707
2005-10-03,-0.0044900969,-0.0044550048,-0.0044925184
2005-10-04,0.00053439687,0.00052955025,0.00051581343
2005-10-05,-0.00022897649,0.0028734535,-0.00059684187
2005-10-06,0.00013968254,-0.00022802458,0.00013968254
2005-10-07,0.00014047619,0.00014047619,0.00014047619
2005-10-10,0.00014047619,0.00014047619,0.00014047619
2005-10-11,0.00014484127,0.00014484127,0.00014484127
2005-10-12,0.00014365079,0.00014365079,0.00014365079
2005-10-13,-0.0037103215,0.0001452381,-0.0042886916
2005-10-14,-0.00013992029,-0.00071424113,-0.00014703246
2005-10-17,-0.0024164827,-0.0024259161,-0.0024173872
2005-10-18,0.0026074911,0.0026017339,0.0026070154
2005-10-19,-0.00042193746,0.0021484793,-0.00099347809
2005-10-20,0.00014920635,-0.00042245827,0.00014920635
2005-10-21,0.00014960317,0.00014960317,0.00014960317
2005-10-24,0.00015238095,0.00015238095,0.00015238095
2005-10-25,0.00015238095,0.00015238095,0.00015238095
2005-10-26,0.0049027643,0.00015119048,0.004515555
2005-10-27,0.0020981561,-0.0030125229,0.0013339091
2005-10-28,-0.0014264736,-0.0021817725,-0.0014294733
2005-10-31,0.00088912863,0.00087744312,0.00087927174
2005-11-01,-0.00087491872,-0.0008813063,-0.00087599754
2005-11-02,-0.00024145825,-0.0027468482,-0.00063569428
2005-11-03,0.00015277778,-0.00024163517,0.00015277778
2005-11-04,0.00081102564,0.00015396825,0.00021102564
2005-11-07,-0.0032105544,-0.0038096796,-0.0032114291
2005-11-08,-0.0095139538,-0.0095139538,-0.0095172477
2005-11-09,0.011053638,0.011053638,0.011044596
2005-11-10,-0.00025365636,-0.010978023,-0.00085465047
2005-11-11,0.0016715227,-0.00043015946,0.0010820338
2005-11-14,-0.0090778746,-0.0096666861,-0.0090785974
2005-11-15,0.0066230536,0.0066230536,0.0066203532
2005-11-16,0.009976156,0.009976156,0.0099741353
2005-11-17,-0.00044143494,0.0036827418,-0.0010384254
2005-11-18,0.00015515873,-0.00044369329,0.00015515873
2005-11-21,0.00015515873,0.00015515873,0.00015515873
2005-11-22,0.00015238095,0.00015238095,0.00015238095
2005-11-23,0.0034421224,0.0001531746,0.0030424586
2005-11-25,0.0031004508,-0.0040469786,0.0023083417
2005-11-28,0.0016699162,0.00088196352,0.0016682788
2005-11-29,-0.0071815923,-0.0072322196,-0.007184165
2005-11-30,-0.00067045525,-0.00067374295,-0.00067158113
2005-12-01,-0.00023575335,-0.0029709085,-0.00062547496
2005-12-02,0.0001547619,-0.00023516674,0.0001547619
2005-12-05,0.00015674603,0.00015674603,0.00015674603
2005-12-06,0.00015674603,0.00015674603,0.00015674603
2005-12-07,0.0010477571,0.00015634921,0.00044775709
2005-12-08,-0.0015241515,-0.0088341895,-0.0020400079
2005-12-09,-0.0097077854,0.00089512303,-0.010391308
2005-12-12,-0.0047322395,-0.005412147,-0.0047349248
2005-12-13,0.0046765137,0.0046765137,0.0046751341
2005-12-14,0.012370387,0.012370387,0.012368945
2005-12-15,-0.00044390861,-0.0027885945,-0.0010401982
2005-12-16,0.00015238095,-0.00044841088,0.00015238095
2005-12-19,0.00015436508,0.00015436508,0.00015436508
2005-12-20,0.00015396825,0.00015396825,0.00015396825
2005-12-21,0.0001547619,0.0001547619,0.0001547619
2005-12-22,0.00015436508,0.00015436508,0.00015436508
2005-12-23,0.0001547619,0.0001547619,0.0001547619
2005-12-27,0.0001547619,0.0001547619,0.0001547619
2005-12-28,0.00015357143,0.00015357143,0.00015357143
2005-12-29,-0.0015992543,0.00015555556,-0.0019891544
2005-12-30,-0.00036215785,-0.00050673877,-0.0011409896
2006-01-03,-0.00020501225,-0.00098048847,-0.00020637576
2006-01-04,0.002283902,0.0022695319,0.0022809627
2006-01-05,0.00025662774,0.00025792987,0.00025074352
2006-01-06,-0.00023428209,-0.0017938225,-0.00063205624
2006-01-09,0.00016428571,-0.00023368926,0.00016428571
2006-01-10,0.00016626984,0.00016626984,0.00016626984
2006-01-11,0.0048962564,0.00016666667,0.0042962564
2006-01-12,0.0058252913,-0.0073096847,0.0046297868
2006-01-13,0.0086661778,0.0074618026,0.0086640367
2006-01-17,0.0022058957,0.0022058957,0.002203268
2006-01-18,0.00054258371,0.00054248305,0.00054213976
2006-01-19,-0.00043086822,-0.0051523397,-0.0010303872
2006-01-20,0.00016865079,-0.00043258262,0.00016865079
2006-01-23,0.00016984127,0.00016984127,0.00016984127
2006-01-24,0.00017063492,0.00017063492,0.00017063492
2006-01-25,0.0088014624,0.00017142857,0.0083734666
2006-01-26,-0.0040444547,0.0030473533,-0.0048994349
2006-01-27,0.00094021315,0.00010324757,0.00093209688
2006-01-30,-0.0031938477,-0.003142709,-0.0032006517
2006-01-31,0.0020234979,0.0019963533,0.0020175841
2006-02-01,-0.00026495466,-0.0045944338,-0.00070332202
2006-02-02,0.0001734127,-0.00026587442,0.0001734127
2006-02-03,-0.0061432754,0.0001734127,-0.0067432754
2006-02-06,0.0033831907,0.0027886594,0.0033777219
2006-02-07,0.0029077377,0.0029077377,0.0029051433
2006-02-08,0.0017052109,0.0017052109,0.0017030457
2006-02-09,-0.0014334365,-0.0014334365,-0.0014345218
2006-02-10,-0.0071699363,0.0062934333,-0.0083716798
2006-02-13,-0.00017833527,-0.0013714038,-0.00018008323
2006-02-14,-0.0030825152,-0.0030825152,-0.0030825152
2006-02-15,0.0034582745,0.0034582745,0.0034574002
2006-02-16,-0.00042272287,-0.0011434964,-0.0010216362
2006-02-17,0.00017579365,-0.0004244965,0.00017579365
2006-02-21,0.0023180808,0.00017698413,0.0017180808
2006-02-22,-0.0069834414,-0.0075812768,-0.006985606
2006-02-23,0.0017921999,0.005317495,0.001417329
2006-02-24,-0.0034213426,0.00087535215,-0.004252274
2006-02-27,-0.0040447286,-0.0048754272,-0.004045454
2006-02-28,0.0078077646,0.0078077646,0.0078066006
2006-03-01,-0.0041235909,-0.0041235909,-0.0041259683
2006-03-02,-0.00042261617,-0.0081759447,-0.0010238038
2006-03-03,0.00017857143,-0.00042384676,0.00017857143
2006-03-06,0.0001781746,0.0001781746,0.0001781746
2006-03-07,0.0001781746,0.0001781746,0.0001781746
2006-03-08,-0.0010716487,0.00017738095,-0.0016716487
2006-03-09,-0.0014452265,-0.0020443436,-0.0014461093
2006-03-10,-0.0052882634,0.0044180729,-0.0064900253
2006-03-13,-0.0018909773,-0.0030862969,-0.0018921543
2006-03-14,0.01133021,0.01133021,0.011329695
2006-03-15,-0.0038345726,-0.0038345726,-0.0038379858
2006-03-16,-0.00042252824,0.01250552,-0.0010236279
2006-03-17,0.00017936508,-0.00041687703,0.00017936508
2006-03-20,0.00018055556,0.00018055556,0.00018055556
2006-03-21,0.00018134921,0.00018134921,0.00018134921
2006-03-22,0.00018134921,0.00018134921,0.00018134921
2006-03-23,0.00018055556,0.00018055556,0.00018055556
2006-03-24,0.00018015873,0.00018015873,0.00018015873
2006-03-27,0.0042795849,0.00017896825,0.0036795849
2006-03-28,0.0037052185,0.0096429813,0.0033410431
2006-03-29,0.0010706124,0.00070424751,0.0010654441
2006-03-30,-0.0068837275,0.0026057268,-0.0077184057
2006-03-31,0.0012901588,0.00045807061,0.0012883873
2006-04-03,-0.0023941263,-0.0023941263,-0.002394567
2006-04-04,6.5650469e-05,6.5650469e-05,6.4985058e-05
2006-04-05,-0.00041937028,0.004495773,-0.0010192961
2006-04-06,0.00018095238,-0.00041765123,0.00018095238
2006-04-07,0.00018134921,0.00018134921,0.00018134921
2006-04-10,0.00018174603,0.00018174603,0.00018174603
2006-04-11,0.00018174603,0.00018174603,0.00018174603
2006-04-12,0.00018174603,0.00018174603,0.00018174603
2006-04-13,0.00018174603,0.00018174603,0.00018174603
2006-04-17,0.00018293651,0.00018293651,0.00018293651
2006-04-18,0.00018293651,0.00018293651,0.00018293651
2006-04-19,0.00018293651,0.00018293651,0.00018293651
2006-04-20,0.00018293651,0.00018293651,0.00018293651
2006-04-21,0.00018373016,0.00018373016,0.00018373016
2006-04-24,0.00018412698,0.00018412698,0.00018412698
2006-04-25,0.00018531746,0.00018531746,0.00018531746
2006-04-26,0.00092591693,0.00018531746,0.00032591693
2006-04-27,-0.0020834814,-0.0055385801,-0.0024611715
2006-04-28,0.0024645077,-0.0013526865,0.0016420368
2006-05-01,-0.011018247,-0.011839294,-0.011019285
2006-05-02,0.0030564576,0.0030564576,0.0030531728
2006-05-03,-0.0029303706,-0.0029303706,-0.0029313412
2006-05-04,-0.00041511085,-0.0014338066,-0.001015936
2006-05-05,-0.004810705,-0.00041386671,-0.005410705
2006-05-08,-0.00045830782,-0.0010540157,-0.00046259997
2006-05-09,0.0012885128,0.0012885128,0.0012876158
2006-05-10,-0.0004477234,-0.00045483587,-0.00052745933
2006-05-11,0.0035116859,0.0034281053,0.0035113811
2006-05-12,-0.0087899479,0.0069755052,-0.0099074727
2006-05-15,0.0040686591,0.0029562105,0.0040663966
2006-05-16,0.0073095867,0.0073095867,0.0073083145
2006-05-17,-0.0059173777,-0.0059173777,-0.0059196103
2006-05-18,-0.00041482361,0.014045965,-0.001016552
2006-05-19,0.00018650794,-0.00040928162,0.00018650794
2006-05-22,0.00018690476,0.00018690476,0.00018690476
2006-05-23,0.00018730159,0.00018730159,0.00018730159
2006-05-24,-0.0030377447,0.00018650794,-0.0036377447
2006-05-25,0.001067898,0.0031546684,0.00067884395
2006-05-26,0.0007376117,-0.00069007969,-7.5430387e-05
2006-05-30,-0.0019242685,-0.0027376961,-0.001924789
2006-05-31,-0.0063851362,-0.0063851362,-0.006385658
2006-06-01,0.003155524,0.003155524,0.0031536535
2006-06-02,-0.00041288894,0.015261051,-0.001011889
2006-06-05,0.00018769841,-0.00040773764,0.00018769841
2006-06-06,0.00018809524,0.00018809524,0.00018809524
2006-06-07,0.002661752,0.00018809524,0.002061752
2006-06-08,-0.0021869498,-0.0027845073,-0.0021893923
2006-06-09,0.0035601427,-0.0044118865,0.0023576835
2006-06-12,-0.0011808627,-0.0023838629,-0.0011823407
2006-06-13,0.0025277605,0.0025277605,0.0025274637
2006-06-14,-0.013510342,-0.013510342,-0.013511155
2006-06-15,-0.00041674843,-0.0046630319,-0.0010207985
2006-06-16,0.00018849206,-0.00041285547,0.00018849206
2006-06-19,0.00019087302,0.00019087302,0.00019087302
2006-06-20,0.00019047619,0.00019047619,0.00019047619
2006-06-21,0.00019007937,0.00019007937,0.00019007937
2006-06-22,0.00019007937,0.00019007937,0.00019007937
2006-06-23,0.00019206349,0.00019206349,0.00019206349
2006-06-26,0.0012123358,0.00019484127,0.00061233582
2006-06-27,-0.0047051894,-0.0053040643,-0.0047063144
2006-06-28,0.0023665073,0.007055423,0.0019849484
2006-06-29,0.0072654153,-0.0031227185,0.0064434724
2006-06-30,0.0068010101,0.0059786516,0.0067985462
2006-07-03,-0.0011501537,-0.0011501537,-0.0011522382
2006-07-05,-0.0074451582,-0.0074451582,-0.0074454438
2006-07-06,-0.00040893729,0.0060785785,-0.0010111285
2006-07-07,0.00019404762,-0.00040408191,0.00019404762
2006-07-10,0.00019563492,0.00019563492,0.00019563492
2006-07-11,0.0001952381,0.0001952381,0.0001952381
2006-07-12,0.00019563492,0.00019563492,0.00019563492
2006-07-13,0.0001952381,0.0001952381,0.0001952381
2006-07-14,0.00019563492,0.00019563492,0.00019563492
2006-07-17,0.00019761905,0.00019761905,0.00019761905
2006-07-18,0.0001984127,0.0001984127,0.0001984127
2006-07-19,0.00019761905,0.00019761905,0.00019761905
2006-07-20,0.00019642857,0.00019642857,0.00019642857
2006-07-21,0.0001968254,0.0001968254,0.0001968254
2006-07-24,0.00019722222,0.00019722222,0.00019722222
2006-07-25,0.0001984127,0.0001984127,0.0001984127
2006-07-26,-0.0049809485,0.00019761905,-0.0055809485
2006-07-27,6.1464426e-05,0.00021511351,-0.00031209588
2006-07-28,0.0044055819,-0.0021218541,0.0035747156
2006-07-31,0.0030028745,0.0021724662,0.0030012535
2006-08-01,0.00026880243,0.00026880243,0.00026784498
2006-08-02,0.0015304094,0.0015304094,0.0015302691
2006-08-03,-0.00040186351,0.00029440516,-0.0010013461
2006-08-04,-0.009893344,-0.00040302691,-0.010493344
2006-08-07,0.0032589901,0.0026679525,0.0032500278
2006-08-08,0.00032041925,0.00032041925,0.00031799784
2006-08-09,0.0015476533,0.0015476533,0.0015474328
2006-08-10,-0.0002877958,6.7479138e-05,-0.00073970089
2006-08-11,-0.0073309802,0.0014003733,-0.0080782449
2006-08-14,-0.0036495335,-0.0043941157,-0.0036514622
2006-08-15,0.0094296175,0.0094296175,0.0094285791
2006-08-16,0.0081525654,0.0081525654,0.0081497046
2006-08-17,-0.00040068992,-0.00068789842,-0.00099820523
2006-08-18,0.00019722222,-0.00040292443,0.00019722222
2006-08-21,0.00019761905,0.00019761905,0.00019761905
2006-08-22,0.00019722222,0.00019722222,0.00019722222
2006-08-23,0.0001968254,0.0001968254,0.0001968254
2006-08-24,0.0001968254,0.0001968254,0.0001968254
2006-08-25,0.00019761905,0.00019761905,0.00019761905
2006-08-28,0.00021217727,0.00019722222,-0.00038782273
2006-08-29,-0.0011401065,-0.0017398867,-0.0011403263
2006-08-30,-0.00097630277,-0.0018713293,-0.0013443951
2006-08-31,0.0016412103,-0.001069832,0.00080726116
2006-09-01,0.0027766643,0.0019434645,0.0027758653
2006-09-05,-0.0067577191,-0.0067577191,-0.0067586079
2006-09-06,-0.0016552966,-0.0016552966,-0.0016572787
2006-09-07,-0.00040837552,0.0012698169,-0.0010088145
2006-09-08,0.00019047619,-0.00040908575,0.00019047619
2006-09-11,0.0036040089,0.00019087302,0.0030040089
2006-09-12,-0.0050707659,-0.0056674882,-0.0050740436
2006-09-13,0.00055349966,-0.0014073104,-0.00065158031
2006-09-14,-0.0040820969,-0.0052832707,-0.0040826804
2006-09-15,-0.0014125425,-0.0014125425,-0.0014137142
2006-09-18,-0.0031180813,-0.0031180813,-0.0031184477
2006-09-19,-0.00040961067,0.011772031,-0.0010104912
2006-09-20,0.00019087302,-0.00040558016,0.00019087302
2006-09-21,0.00019007937,0.00019007937,0.00019007937
2006-09-22,0.00019047619,0.00019047619,0.00019047619
2006-09-25,0.00018888889,0.00018888889,0.00018888889
2006-09-26,0.00018888889,0.00018888889,0.00018888889
2006-09-27,0.00042113895,0.00018888889,-0.00017886105
2006-09-28,0.00097052696,0.0018625,0.00065939162
2006-09-29,-0.0032405202,0.001089959,-0.0041284117
2006-10-02,0.003337465,0.0024502924,0.0033368146
2006-10-03,-0.00043293334,-0.00043293334,-0.00043398772
2006-10-04,0.0089694415,0.0089694415,0.0089693689
2006-10-05,-0.00040640393,-0.0071512543,-0.0010036809
2006-10-06,0.00019126984,-0.00041083208,0.00019126984
2006-10-09,0.00019126984,0.00019126984,0.00019126984
2006-10-10,0.00019325397,0.00019325397,0.00019325397
2006-10-11,0.00019404762,0.00019404762,0.00019404762
2006-10-12,0.00019563492,0.00019563492,0.00019563492
2006-10-13,0.0001952381,0.0001952381,0.0001952381
2006-10-16,0.0001968254,0.0001968254,0.0001968254
2006-10-17,0.0001968254,0.0001968254,0.0001968254
2006-10-18,0.0001968254,0.0001968254,0.0001968254
2006-10-19,0.00019722222,0.00019722222,0.00019722222
2006-10-20,0.0001968254,0.0001968254,0.0001968254
2006-10-23,0.0055710843,0.00019801587,0.0049710843
2006-10-24,-0.0021194256,-0.0027144129,-0.0021244383
2006-10-25,-0.0033874392,-0.0067491151,-0.0037077666
2006-10-26,-0.0028411624,-0.003151003,-0.0028418667
2006-10-27,0.0054547178,-0.0027154566,0.004569435
2006-10-30,0.00076626702,-0.00011699297,0.00076431847
2006-10-31,0.0087293501,0.0087293501,0.0087290607
2006-11-01,0.0067437577,0.0067437577,0.0067411035
2006-11-02,-0.00040189988,-0.0057238358,-0.00099983151
2006-11-03,0.015143022,-0.00040484153,0.014543022
2006-11-06,-0.0013884609,-0.0019750064,-0.0014019154
2006-11-07,-0.0062265442,-0.0062265442,-0.0062282951
2006-11-08,-0.0037892493,-0.0037892493,-0.0037954023
2006-11-09,0.00070074539,0.0008047658,0.00064531179
2006-11-10,0.0029965001,-0.0034845771,0.0018481884
2006-11-13,-0.0011616617,-0.0023122455,-0.0011629587
2006-11-14,0.0038971762,0.0038971762,0.0038968868
2006-11-15,-0.0057251114,-0.0057251114,-0.0057263347
2006-11-16,-0.00040484194,-0.0052578305,-0.0010065093
2006-11-17,0.0001968254,-0.00040470012,0.0001968254
2006-11-20,0.00019642857,0.00019642857,0.00019642857
2006-11-21,0.00019603175,0.00019603175,0.00019603175
2006-11-22,0.0001952381,0.0001952381,0.0001952381
2006-11-24,0.00019484127,0.00019484127,0.00019484127
2006-11-27,-0.0019525819,0.0001952381,-0.0025525819
2006-11-28,-0.003033594,-0.0036318676,-0.0030353203
2006-11-29,0.0010152383,0.0029479247,0.00066649324
2006-11-30,0.0094770525,-0.0044585918,0.0086231143
2006-12-01,0.0044350422,0.0035811803,0.0044319174
2006-12-04,-0.00043328921,-0.00043328921,-0.00043467258
2006-12-05,-0.0028149547,-0.0028149547,-0.0028150261
2006-12-06,-0.00040793153,-0.0032952452,-0.0010087202
2006-12-07,0.00019246032,-0.00040847306,0.00019246032
2006-12-08,0.00019206349,0.00019206349,0.00019206349
2006-12-11,-0.0062953766,0.00019087302,-0.0068953766
2006-12-12,-0.0030486979,-0.0036430428,-0.003054353
2006-12-13,0.010822177,0.010822177,0.010818933
2006-12-14,-0.004507261,0.0036667849,-0.0056981072
2006-12-15,0.00029074519,-0.00090551093,0.00028980483
2006-12-18,0.00077078424,0.00077078424,0.00077063978
2006-12-19,-0.00067315828,-0.00067315828,-0.0006734469
2006-12-20,-0.00040808082,-0.00067404621,-0.0010082251
2006-12-21,0.00019206349,-0.00040808113,0.00019206349
2006-12-22,0.00019285714,0.00019285714,0.00019285714
2006-12-26,-0.0014868671,0.00019325397,-0.0020868671
2006-12-27,0.0058834768,0.0052847772,0.0058821763
2006-12-28,0.0015295534,0.0051469221,0.0011428226
2006-12-29,-0.0019720605,0.00027043188,-0.0027797464
2007-01-03,0.0056264927,0.0048184588,0.0056262013
2007-01-04,0.0069352824,0.0070613588,0.0069266109
2007-01-05,-0.00039230315,-0.0065919583,-0.00097984439
2007-01-08,0.00019642857,-0.00039502736,0.00019642857
2007-01-09,0.00019642857,0.00019642857,0.00019642857
2007-01-10,0.0001968254,0.0001968254,0.0001968254
2007-01-11,0.00019761905,0.00019761905,0.00019761905
2007-01-12,0.0001968254,0.0001968254,0.0001968254
2007-01-16,0.00019761905,0.00019761905,0.00019761905
2007-01-17,0.00019801587,0.00019801587,0.00019801587
2007-01-18,0.00019801587,0.00019801587,0.00019801587
2007-01-19,0.00019880952,0.00019880952,0.00019880952
2007-01-22,0.0001984127,0.0001984127,0.0001984127
2007-01-23,0.00019880952,0.00019880952,0.00019880952
2007-01-24,-0.00027159055,0.0001984127,-0.00087159055
2007-01-25,0.0027597104,0.0077657197,0.002375836
2007-01-26,-0.0012578699,4.4398302e-05,-0.0020727674
2007-01-29,-0.0016647164,-0.0024809418,-0.0016647897
2007-01-30,0.0017569733,0.0017569733,0.0017565329
2007-01-31,0.0071362093,0.0071362093,0.0071356237
2007-02-01,-0.00039940288,-0.001643745,-0.00099721846
2007-02-02,-0.0017399342,-0.00040162405,-0.0023399342
2007-02-05,-0.0016286525,-0.0022271086,-0.0016301964
2007-02-06,-0.0050452005,-0.0050452005,-0.0050471857
2007-02-07,-0.0038150368,-0.0038150368,-0.0038201196
2007-02-08,-0.0003119645,8.5716246e-05,-0.00080280792
2007-02-09,-0.006985146,0.00092742865,-0.0076983031
2007-02-12,-0.0028818846,-0.0035926985,-0.0028837175
2007-02-13,-0.0016637973,-0.0016637973,-0.0016646035
2007-02-14,0.011276422,0.011276422,0.011275982
2007-02-15,-0.00039699307,0.0029515793,-0.00099358931
2007-02-16,0.0002,-0.0003990566,0.0002
2007-02-20,-0.0024433028,0.00020039683,-0.0030433028
2007-02-21,0.00081330992,0.00021549382,0.00081112602
2007-02-22,0.0026465575,0.0056582386,0.0023484483
2007-02-23,0.0069032259,-0.0039280657,0.0060030836
2007-02-26,0.0060740874,0.0051723629,0.0060717054
2007-02-27,0.016655263,0.016655263,0.016653391
2007-02-28,-0.007127251,-0.007127251,-0.0071322237
2007-03-01,-0.00040367882,0.0016007829,-0.0010057703
2007-03-02,0.00019761905,-0.00040184154,0.00019761905
2007-03-05,0.00019722222,0.00019722222,0.00019722222
2007-03-06,0.00019801587,0.00019801587,0.00019801587
2007-03-07,0.00019722222,0.00019722222,0.00019722222
2007-03-08,0.00019642857,0.00019642857,0.00019642857
2007-03-09,0.0001968254,0.0001968254,0.0001968254
2007-03-12,-0.0055656782,0.0001968254,-0.0061656782
2007-03-13,-0.0083141865,-0.0089091797,-0.0083191933
2007-03-14,-0.0040290509,0.0031796023,-0.0052371085
2007-03-15,-0.0023491656,-0.0035460188,-0.0023499554
2007-03-16,-0.00043280813,-0.00043280813,-0.00043345559
2007-03-19,-0.0028304693,-0.0028304693,-0.0028305406
2007-03-20,-0.00040555442,0.0026802661,-0.0010063469
2007-03-21,0.00019484127,-0.00040429832,0.00019484127
2007-03-22,0.0001952381,0.0001952381,0.0001952381
2007-03-23,0.00019603175,0.00019603175,0.00019603175
2007-03-26,0.00019563492,0.00019563492,0.00019563492
2007-03-27,0.00019563492,0.00019563492,0.00019563492
2007-03-28,0.00020241922,0.0001952381,-0.00039758078
2007-03-29,0.0013997026,0.0028430069,0.0010812965
2007-03-30,-0.0034784987,0.0011767501,-0.0043590913
2007-04-02,0.002027898,0.0011478979,0.0020271752
2007-04-03,-0.0018858267,-0.0018858267,-0.0018864922
2007-04-04,0.0029458801,0.0029458801,0.0029453722
2007-04-05,-0.00040461602,-0.0052622198,-0.0010036765
2007-04-09,0.00019404762,-0.00040748017,0.00019404762
2007-04-10,0.00019404762,0.00019404762,0.00019404762
2007-04-11,0.00019444444,0.00019444444,0.00019444444
2007-04-12,0.00019404762,0.00019404762,0.00019404762
2007-04-13,0.00019365079,0.00019365079,0.00019365079
2007-04-16,0.00019365079,0.00019365079,0.00019365079
2007-04-17,0.00019325397,0.00019325397,0.00019325397
2007-04-18,0.00019285714,0.00019285714,0.00019285714
2007-04-19,0.00019246032,0.00019246032,0.00019246032
2007-04-20,0.00019246032,0.00019246032,0.00019246032
2007-04-23,0.00019246032,0.00019246032,0.00019246032
2007-04-24,0.00019206349,0.00019206349,0.00019206349
2007-04-25,0.001153843,0.00019166667,0.000553843
2007-04-26,0.002813768,0.0057221365,0.0025020112
2007-04-27,-0.0010764176,5.4509996e-05,-0.0019619621
2007-04-30,0.0084934125,0.0076062504,0.0084934125
2007-05-01,-9.3955666e-05,-9.3955666e-05,-9.6538288e-05
2007-05-02,-0.0026010592,-0.0026010592,-0.0026010884
2007-05-03,-0.00041183638,-0.0023604994,-0.0010125617
2007-05-04,-0.0051313641,-0.00041176379,-0.0057313641
2007-05-07,-0.0011474685,-0.0017428784,-0.0011520586
2007-05-08,0.00054133634,0.00054133634,0.00053981555
2007-05-09,-0.0078902069,0.0070425878,-0.0090902069
2007-05-10,0.0048836456,0.0036914231,0.0048816822
2007-05-11,-0.0042860565,-0.0042860565,-0.0042875708
2007-05-14,-0.0030869533,-0.0030869533,-0.0030881874
2007-05-15,-0.00042845212,-0.00042845212,-0.00042932405
2007-05-16,-0.0013937433,-0.0013937433,-0.0013938157
2007-05-17,-0.00041464926,-0.0055102866,-0.0010150128
2007-05-18,0.00018650794,-0.00041509788,0.00018650794
2007-05-21,0.00018888889,0.00018888889,0.00018888889
2007-05-22,0.00019007937,0.00019007937,0.00019007937
2007-05-23,0.00018928571,0.00018928571,0.00018928571
2007-05-24,0.00018928571,0.00018928571,0.00018928571
2007-05-25,0.00018849206,0.00018849206,0.00018849206
2007-05-29,0.0040953439,0.00018888889,0.0034953439
2007-05-30,-0.00091012375,-0.0020215687,-0.0012084763
2007-05-31,-0.001815157,0.00041267125,-0.0027136647
2007-06-01,-0.0088003603,-0.0096978477,-0.0088005807
2007-06-04,0.0030154193,0.0030154193,0.0030128123
2007-06-05,-0.0065850058,-0.0065850058,-0.0065859638
2007-06-06,-0.00041661416,0.00079773717,-0.0010185458
2007-06-07,0.00018531746,-0.00041438733,0.00018531746
2007-06-08,0.00018412698,0.00018412698,0.00018412698
2007-06-11,0.0051500435,0.00018253968,0.0045500435
2007-06-12,0.014740753,0.014145432,0.014736073
2007-06-13,0.0051677383,-0.006032024,0.0039803593
2007-06-14,0.00032039184,-0.0008835805,0.00031844411
2007-06-15,0.0085867409,0.0085867409,0.0085865905
2007-06-18,-0.001178031,-0.001178031,-0.001180637
2007-06-19,-0.00042093416,0.0095493548,-0.0010212334
2007-06-20,0.00018293651,-0.00041417291,0.00018293651
2007-06-21,0.00018134921,0.00018134921,0.00018134921
2007-06-22,0.00018214286,0.00018214286,0.00018214286
2007-06-25,-0.006528486,0.00018611111,-0.007128486
2007-06-26,3.2618336e-05,-0.00056152712,2.676379e-05
2007-06-27,0.00011202182,0.00077655077,-0.00022267519
2007-06-28,-0.0022891721,0.0005515916,-0.0031548595
2007-06-29,0.010228137,0.0093630703,0.010227765
2007-07-02,0.0028519575,0.0028519575,0.0028488654
2007-07-03,-0.0061254014,-0.0061254014,-0.0061263124
2007-07-05,-0.00041091769,-0.011350169,-0.0010127084
2007-07-06,0.00019087302,-0.000412512,0.00019087302
2007-07-09,0.00019166667,0.00019166667,0.00019166667
2007-07-10,0.00019087302,0.00019087302,0.00019087302
2007-07-11,0.00019087302,0.00019087302,0.00019087302
2007-07-12,0.00019166667,0.00019166667,0.00019166667
2007-07-13,0.00019166667,0.00019166667,0.00019166667
2007-07-16,0.00019206349,0.00019206349,0.00019206349
2007-07-17,0.00019126984,0.00019126984,0.00019126984
2007-07-18,0.00019126984,0.00019126984,0.00019126984
2007-07-19,0.00019206349,0.00019206349,0.00019206349
2007-07-20,0.00019166667,0.00019166667,0.00019166667
2007-07-23,0.00019365079,0.00019365079,0.00019365079
2007-07-24,0.00019365079,0.00019365079,0.00019365079
2007-07-25,-0.0027443849,0.00019246032,-0.0033443849
2007-07-26,-0.006166272,-0.015974072,-0.0065380085
2007-07-27,0.0028674679,-0.0015568878,0.0020335013
2007-07-30,-0.005285902,-0.0061162328,-0.0052870641
2007-07-31,0.0080734652,0.0080734652,0.0080719293
2007-08-01,-0.005141483,-0.0057307473,-0.0052049669
2007-08-02,-0.00034672426,0.0010850244,-0.00088194058
2007-08-03,-0.01297217,-0.00034645109,-0.01357217
2007-08-06,0.0085152832,0.0079270544,0.008503512
2007-08-07,0.00078480675,0.00078480675,0.00077767578
2007-08-08,0.014398504,0.014398504,0.014398284
2007-08-09,-0.008487505,-0.010736069,-0.008604648
2007-08-10,-0.0041730585,0.0025838291,-0.0052504837
2007-08-13,0.0029838766,0.0019159529,0.0029829982
2007-08-14,0.0071201291,0.0071201291,0.0071191818
2007-08-15,0.0034705297,0.0034705297,0.0034683555
2007-08-16,-0.00045248476,0.0075970228,-0.0010513981
2007-08-17,0.00014484127,-0.00045285322,0.00014484127
2007-08-20,0.00012222222,0.00012222222,0.00012222222
2007-08-21,0.00013928571,0.00013928571,0.00013928571
2007-08-22,0.00014206349,0.00014206349,0.00014206349
2007-08-23,0.00015039683,0.00015039683,0.00015039683
2007-08-24,0.00016388889,0.00016388889,0.00016388889
2007-08-27,0.00017857143,0.00017857143,0.00017857143
2007-08-28,0.00016984127,0.00016984127,0.00016984127
2007-08-29,0.0074565004,0.00015396825,0.0068565004
2007-08-30,-0.003486796,-0.010215898,-0.0038808265
2007-08-31,-0.0004797755,-0.00031777384,-0.001280609
2007-09-04,-0.0038968372,-0.0046959381,-0.00389698
2007-09-05,0.012263253,0.012263253,0.012262132
2007-09-06,-0.003626301,-0.0044467629,-0.0037443088
2007-09-07,-0.00032177545,0.016867982,-0.00080069376
2007-09-10,0.0001531746,-0.00032213853,0.0001531746
2007-09-11,0.00015873016,0.00015873016,0.00015873016
2007-09-12,0.00015595238,0.00015595238,0.00015595238
2007-09-13,0.010986885,0.00015753968,0.010421888
2007-09-14,0.0011948458,-0.0026024201,7.7601893e-05
2007-09-17,0.00093106088,-0.0001580434,0.00091514638
2007-09-18,-0.0020848523,-0.0020817706,-0.0020888776
2007-09-19,-0.0066494395,-0.00664395,-0.0066496451
2007-09-20,-0.00040487009,-0.020855063,-0.00095616874
2007-09-21,0.00014444444,-0.00041050064,0.00014444444
2007-09-24,0.00014920635,0.00014920635,0.00014920635
2007-09-25,0.0001468254,0.0001468254,0.0001468254
2007-09-26,-0.0009098351,0.00014444444,-0.0015098351
2007-09-27,-0.0021879218,-0.0066525564,-0.0026029878
2007-09-28,-0.00021900001,-0.00040990216,-0.0010055541
2007-10-01,0.0022430679,0.0014575929,0.0022428535
2007-10-02,0.0041470167,0.0041470167,0.0041462998
2007-10-03,-0.001299962,-0.0015856518,-0.0014480099
2007-10-04,-0.00029805164,0.0024635566,-0.00074888107
2007-10-05,0.00015436508,-0.00029589799,0.00015436508
2007-10-08,0.00015436508,0.00015436508,0.00015436508
2007-10-09,0.00015714286,0.00015714286,0.00015714286
2007-10-10,0.00015674603,0.00015674603,0.00015674603
2007-10-11,0.00015912698,0.00015912698,0.00015912698
2007-10-12,0.00016230159,0.00016230159,0.00016230159
2007-10-15,0.00016626984,0.00016626984,0.00016626984
2007-10-16,0.00016428571,0.00016428571,0.00016428571
2007-10-17,0.00015515873,0.00015515873,0.00015515873
2007-10-18,0.0001452381,0.0001452381,0.0001452381
2007-10-19,0.00014880952,0.00014880952,0.00014880952
2007-10-22,0.0001547619,0.0001547619,0.0001547619
2007-10-23,0.00015396825,0.00015396825,0.00015396825
2007-10-24,-0.010327771,0.00014880952,-0.010927771
2007-10-25,0.00019141587,0.0014785689,-0.00026384268
2007-10-26,-0.0058442776,0.0010481316,-0.0065980565
2007-10-29,0.001493585,0.0007416775,0.0014920964
2007-10-30,0.0019656091,0.0019656091,0.0019651148
2007-10-31,-0.0102723,-0.013559366,-0.010422033
2007-11-01,-0.00030392937,0.012004919,-0.00075508095
2007-11-02,-0.0056270084,-0.00030814218,-0.0062270084
2007-11-05,0.0027541834,0.00215909,0.0027492768
2007-11-06,0.0039405754,0.0039405754,0.0039384636
2007-11-07,-0.0069315229,-0.0069315229,-0.0069346894
2007-11-08,0.00035208321,-0.0040990346,-0.00039252044
2007-11-09,0.011365443,0.0020752892,0.010903586
2007-11-12,0.0033641434,0.0029061082,0.0033605996
2007-11-13,-0.010369246,-0.010369246,-0.010370291
2007-11-14,0.0012675454,0.0012675454,0.0012644438
2007-11-15,-0.00047180197,0.011082978,-0.0010713817
2007-11-16,0.00013174603,-0.0004649279,0.00013174603
2007-11-19,0.00013174603,0.00013174603,0.00013174603
2007-11-20,0.00012579365,0.00012579365,0.00012579365
2007-11-21,0.00011984127,0.00011984127,0.00011984127
2007-11-23,0.000125,0.000125,0.000125
2007-11-26,0.00012142857,0.00012142857,0.00012142857
2007-11-27,0.00012222222,0.00012222222,0.00012222222
2007-11-28,0.0068335402,0.00011825397,0.0062335402
2007-11-29,-0.0027693656,-0.011542407,-0.0032315482
2007-11-30,0.0018905691,-0.00090976594,0.0011580311
2007-12-03,0.0077852533,0.0070543448,0.0077844319
2007-12-04,0.0017031849,0.0017031849,0.0017008321
2007-12-05,-0.0049503004,-0.0076441736,-0.0051753217
2007-12-06,-0.00025494217,-0.0068266571,-0.0006297256
2007-12-07,0.00012063492,-0.00025428954,0.00012063492
2007-12-10,0.00011825397,0.00011825397,0.00011825397
2007-12-11,0.00011388889,0.00011388889,0.00011388889
2007-12-12,0.011847694,0.00011150794,0.011416099
2007-12-13,0.010247292,0.010453023,0.010231102
2007-12-14,-0.0047305669,0.0041714051,-0.0055317781
2007-12-17,0.0077551699,0.0071160391,0.0077466527
2007-12-18,0.0025392497,0.0025413979,0.002538553
2007-12-19,0.010309217,0.010399255,0.010306096
2007-12-20,-0.00027460962,-0.0021188404,-0.00066231447
2007-12-21,0.00011587302,-0.00027292418,0.00011587302
2007-12-24,0.00012936508,0.00012936508,0.00012936508
2007-12-26,0.0092525631,0.00012857143,0.0086547703
2007-12-27,-0.0025493626,-0.013631531,-0.0030395822
2007-12-28,0.014984711,-0.0030049392,0.014294721
2007-12-31,0.0088721561,0.0082665504,0.008871084
2008-01-02,0.013531951,0.013757197,0.013525003
2008-01-03,0.0020350641,0.0038169485,0.0017977221
2008-01-04,-0.00020997226,0.0026604051,-0.00054375404
2008-01-07,0.0001265873,-0.00020717333,0.0001265873
2008-01-08,0.00012579365,0.00012579365,0.00012579365
2008-01-09,0.00012460317,0.00012460317,0.00012460317
2008-01-10,0.00012539683,0.00012539683,0.00012539683
2008-01-11,0.00011984127,0.00011984127,0.00011984127
2008-01-14,0.0001234127,0.0001234127,0.0001234127
2008-01-15,0.00012261905,0.00012261905,0.00012261905
2008-01-16,0.00012142857,0.00012142857,0.00012142857
2008-01-17,0.00011904762,0.00011904762,0.00011904762
2008-01-18,0.00011071429,0.00011071429,0.00011071429
2008-01-22,9.1269841e-05,9.1269841e-05,9.1269841e-05
2008-01-23,8.5714286e-05,8.5714286e-05,8.5714286e-05
2008-01-24,9.2063492e-05,9.2063492e-05,9.2063492e-05
2008-01-25,8.9285714e-05,8.9285714e-05,8.9285714e-05
2008-01-28,0.0068342695,9.0873016e-05,0.0062458399
2008-01-29,0.00086468076,0.007505584,0.00037558409
2008-01-30,-0.0016119072,-0.0002410513,-0.0022820578
2008-01-31,0.0097950704,0.0091596139,0.0097928803
2008-02-01,-0.0074426535,0.0061521497,-0.008615645
2008-02-04,0.011352959,0.010184861,0.011347079
2008-02-05,-0.013866391,-0.013866391,-0.013876288
2008-02-06,0.0037594115,0.0037594115,0.0037465516
2008-02-07,0.010555611,0.022693298,0.010244893
2008-02-08,0.01590653,-0.008181952,0.015026646
2008-02-11,0.004366849,0.0034809765,0.0043618711
2008-02-12,-0.0043189539,-0.0043189539,-0.0043202863
2008-02-13,-0.0085655737,-0.0085655737,-0.0085668476
2008-02-14,-0.00051288206,-0.011069748,-0.0011154467
2008-02-15,8.5714286e-05,-0.00051761552,8.5714286e-05
2008-02-19,8.8492063e-05,8.8492063e-05,8.8492063e-05
2008-02-20,8.7301587e-05,8.7301587e-05,8.7301587e-05
2008-02-21,8.531746e-05,8.531746e-05,8.531746e-05
2008-02-22,8.531746e-05,8.531746e-05,8.531746e-05
2008-02-25,8.531746e-05,8.531746e-05,8.531746e-05
2008-02-26,8.2936508e-05,8.2936508e-05,8.2936508e-05
2008-02-27,-0.00499241,7.6984127e-05,-0.0055760917
2008-02-28,-0.0046334456,-0.023185301,-0.005112382
2008-02-29,0.020600598,-0.0042807667,0.019890013
2008-03-03,-0.00515877,-0.0058629214,-0.0051650506
2008-03-04,-0.0075151887,-0.0075990066,-0.0075238435
2008-03-05,-0.005351689,-0.0086401566,-0.0055941343
2008-03-06,-0.00029853449,0.0092019968,-0.00065143405
2008-03-07,5.6349206e-05,-0.00029578772,5.6349206e-05
2008-03-10,5.2777778e-05,5.2777778e-05,5.2777778e-05
2008-03-11,5.7539683e-05,5.7539683e-05,5.7539683e-05
2008-03-12,-0.015687151,5.7539683e-05,-0.016088009
2008-03-13,0.0069871775,0.006734665,0.0069688533
2008-03-14,0.012510061,-0.013494062,0.011736078
2008-03-17,0.0065877975,0.0056401005,0.0065763717
2008-03-18,-0.0090185634,-0.0090336595,-0.0090189873
2008-03-19,0.01150924,0.011364408,0.011504945
2008-03-20,-0.0003747513,0.0028771815,-0.00077410577
2008-03-24,4.8809524e-05,-0.00035139989,4.8809524e-05
2008-03-25,5.0396825e-05,5.0396825e-05,5.0396825e-05
2008-03-26,-0.0019864169,5.0396825e-05,-0.0025808264
2008-03-27,0.00013344288,0.0021373059,-0.00033920697
2008-03-28,0.0071226888,-0.0020211138,0.006399797
2008-03-31,0.0034385302,0.0027170742,0.0034361795
2008-04-01,-0.017541982,-0.017541982,-0.017543027
2008-04-02,-0.0043174733,-0.0066859993,-0.0045544223
2008-04-03,-0.00031390767,-0.00024609461,-0.00068257724
2008-04-04,5.2777778e-05,-0.00031561245,5.2777778e-05
2008-04-07,5.6746032e-05,5.6746032e-05,5.6746032e-05
2008-04-08,5.515873e-05,5.515873e-05,5.515873e-05
2008-04-09,5.1190476e-05,5.1190476e-05,5.1190476e-05
2008-04-10,4.9603175e-05,4.9603175e-05,4.9603175e-05
2008-04-11,4.6428571e-05,4.6428571e-05,4.6428571e-05
2008-04-14,4.2460317e-05,4.2460317e-05,4.2460317e-05
2008-04-15,4.3253968e-05,4.3253968e-05,4.3253968e-05
2008-04-16,4.4047619e-05,4.4047619e-05,4.4047619e-05
2008-04-17,4.8015873e-05,4.8015873e-05,4.8015873e-05
2008-04-18,5.2380952e-05,5.2380952e-05,5.2380952e-05
2008-04-21,5.2777778e-05,5.2777778e-05,5.2777778e-05
2008-04-22,5e-05,5e-05,5e-05
2008-04-23,0.0015350368,4.9206349e-05,0.00093503681
2008-04-24,0.002936719,0.015185403,0.0024665494
2008-04-25,-0.0034853673,0.00018854513,-0.0042119656
2008-04-28,0.0035563225,0.0028293599,0.0035555083
2008-04-29,0.0035473939,0.0035473939,0.0035463137
2008-04-30,0.0039281119,0.0062433341,0.0037243675
2008-05-01,-0.00033843535,-0.00036935366,-0.00073321991
2008-05-02,0.015751923,-0.00033685868,0.015151923
2008-05-05,-0.0028095134,-0.0033951652,-0.0028238616
2008-05-06,0.0065078479,0.0065078479,0.0065051841
2008-05-07,-0.0077876533,-0.0077876533,-0.0077933267
2008-05-08,0.00098896183,-0.012738652,0.00030625562
2008-05-09,0.0016576846,-0.0003551557,0.0011335392
2008-05-12,-0.0034395052,-0.0039632782,-0.003440178
2008-05-13,-0.016721569,-0.016721569,-0.016722584
2008-05-14,-0.00072588326,-0.00075964083,-0.00082074602
2008-05-15,-0.00043891023,0.0093201982,-0.00094924903
2008-05-16,7.1825397e-05,-0.00043642108,7.1825397e-05
2008-05-19,7.1031746e-05,7.1031746e-05,7.1031746e-05
2008-05-20,7.2619048e-05,7.2619048e-05,7.2619048e-05
2008-05-21,7.2619048e-05,7.2619048e-05,7.2619048e-05
2008-05-22,7.2619048e-05,7.2619048e-05,7.2619048e-05
2008-05-23,7.2222222e-05,7.2222222e-05,7.2222222e-05
2008-05-27,0.0093144562,7.3809524e-05,0.0087144562
2008-05-28,0.015170407,0.014579068,0.015161746
2008-05-29,0.0017322953,0.009565339,0.0012788761
2008-05-30,0.0058585146,-0.001838149,0.0051261192
2008-06-02,0.011809292,0.011077339,0.011807306
2008-06-03,0.010439469,0.010439469,0.010435946
2008-06-04,-0.005238436,-0.0073517449,-0.0054206744
2008-06-05,-0.00034299705,-0.007467724,-0.00075821633
2008-06-06,7.1825397e-05,-0.00034365198,7.1825397e-05
2008-06-09,7.3809524e-05,7.3809524e-05,7.3809524e-05
2008-06-10,7.8571429e-05,7.8571429e-05,7.8571429e-05
2008-06-11,-0.0017537825,7.6190476e-05,-0.0021852539
2008-06-12,0.013004344,0.01232045,0.012996578
2008-06-13,-0.0044739257,0.0035620089,-0.0053629882
2008-06-16,0.00012581063,-0.00076313798,0.0001194793
2008-06-17,0.0052132112,0.0050450801,0.0051969332
2008-06-18,0.0085505552,0.0084518844,0.008544791
2008-06-19,-0.00039779402,-0.0091500728,-0.00086979438
2008-06-20,7.2619048e-05,-0.00040245378,7.2619048e-05
2008-06-23,0.00052009031,7.3412698e-05,-7.9909691e-05
2008-06-24,-0.010436546,-0.011035716,-0.010437377
2008-06-25,-0.00023978665,0.00040823012,-0.00065990989
2008-06-26,-0.003413299,-0.0038656168,-0.0034156536
2008-06-27,0.0089749301,-0.0029717259,0.0081860598
2008-06-30,0.001286056,0.00050032487,0.001283136
2008-07-01,-0.0046914937,-0.0055000919,-0.0047885513
2008-07-02,0.0040609268,0.003873223,0.0040488879
2008-07-03,-0.00044278724,0.00052257834,-0.00095739988
2008-07-07,7.3015873e-05,-0.0004423552,7.3015873e-05
2008-07-08,7.2619048e-05,7.2619048e-05,7.2619048e-05
2008-07-09,7.1031746e-05,7.1031746e-05,7.1031746e-05
2008-07-10,6.5079365e-05,6.5079365e-05,6.5079365e-05
2008-07-11,6.2698413e-05,6.2698413e-05,6.2698413e-05
2008-07-14,5.952381e-05,5.952381e-05,5.952381e-05
2008-07-15,5.4365079e-05,5.4365079e-05,5.4365079e-05
2008-07-16,5.3571429e-05,5.3571429e-05,5.3571429e-05
2008-07-17,5.5555556e-05,5.5555556e-05,5.5555556e-05
2008-07-18,5.7539683e-05,5.7539683e-05,5.7539683e-05
2008-07-21,5.7936508e-05,5.7936508e-05,5.7936508e-05
2008-07-22,6.031746e-05,6.031746e-05,6.031746e-05
2008-07-23,0.0027757688,6.1904762e-05,0.0021757688
2008-07-24,-0.0058991919,-0.017677724,-0.0063016639
2008-07-25,-0.012492312,0.0034549112,-0.01328974
2008-07-28,0.011394397,0.01060514,0.011390868
2008-07-29,-0.0057703457,-0.0057703457,-0.0057737463
2008-07-30,0.0031094819,0.003819252,0.0030099685
2008-07-31,-0.00043607442,0.013229727,-0.00093762502
2008-08-01,-0.001427939,-0.00043485592,-0.002027939
2008-08-04,0.0015426385,0.0009435378,0.0015417393
2008-08-05,0.01040501,0.01040501,0.010403785
2008-08-06,-0.00052732426,-0.00052732426,-0.00053643386
2008-08-07,-0.0065817089,-0.018553109,-0.0069809931
2008-08-08,-0.0017775887,-8.7958068e-06,-0.0025820919
2008-08-11,-0.0098036417,-0.010604551,-0.0098039139
2008-08-12,0.013797368,0.013797368,0.01379442
2008-08-13,-0.0043667665,-0.0043667665,-0.0043708714
2008-08-14,-0.00052787998,0.0060345242,-0.0011291727
2008-08-15,7.1825397e-05,-0.00052635296,7.1825397e-05
2008-08-18,7.1031746e-05,7.1031746e-05,7.1031746e-05
2008-08-19,7.0238095e-05,7.0238095e-05,7.0238095e-05
2008-08-20,6.6666667e-05,6.6666667e-05,6.6666667e-05
2008-08-21,6.7063492e-05,6.7063492e-05,6.7063492e-05
2008-08-22,6.6269841e-05,6.6269841e-05,6.6269841e-05
2008-08-25,6.7857143e-05,6.7857143e-05,6.7857143e-05
2008-08-26,6.6666667e-05,6.6666667e-05,6.6666667e-05
2008-08-27,-0.0033338371,6.5079365e-05,-0.0039338371
2008-08-28,0.00066842507,0.0024808134,0.00026561531
2008-08-29,-0.0033244003,0.00052478532,-0.0041237305
2008-09-02,0.010820549,0.010021884,0.010819809
2008-09-03,0.0048417176,0.0048417176,0.0048384863
2008-09-04,0.0087088487,0.0099564038,0.0086388039
2008-09-05,-0.00046101319,-0.0040233485,-0.00098750257
2008-09-08,6.7063492e-05,-0.00046232131,6.7063492e-05
2008-09-09,6.468254e-05,6.468254e-05,6.468254e-05
2008-09-10,0.0042731892,6.4285714e-05,0.0037229189
2008-09-11,0.00344004,0.0028571297,0.003428889
2008-09-12,-0.010399064,0.0094183507,-0.01150853
2008-09-15,0.036810247,0.034354206,0.036791152
2008-09-16,-0.0054401252,-0.0055280014,-0.00544358
2008-09-17,0.01492257,0.017093877,0.014850867
2008-09-18,-0.00048759676,-0.019645796,-0.0009843205
2008-09-19,3.8492063e-05,-0.00046516801,3.8492063e-05
2008-09-22,5.1190476e-05,5.1190476e-05,5.1190476e-05
2008-09-23,3.2142857e-05,3.2142857e-05,3.2142857e-05
2008-09-24,-0.0057300326,1.984127e-05,-0.0063300326
2008-09-25,0.0014943398,0.0055136981,0.001075418
2008-09-26,-0.0021682462,5.6764916e-05,-0.0029530897
2008-09-29,0.02785425,0.027069106,0.027853844
2008-09-30,-0.026445412,-0.026445412,-0.026453552
2008-10-01,0.010275788,0.014058696,0.010112546
2008-10-02,-0.0004187915,0.008142398,-0.00086218617
2008-10-03,1.984127e-05,-0.00042385915,1.984127e-05
2008-10-06,2.1428571e-05,2.1428571e-05,2.1428571e-05
2008-10-07,3.2142857e-05,3.2142857e-05,3.2142857e-05
2008-10-08,2.6587302e-05,2.6587302e-05,2.6587302e-05
2008-10-09,2.3015873e-05,2.3015873e-05,2.3015873e-05
2008-10-10,-0.024053608,9.5238095e-06,-0.024653608
2008-10-13,-0.013703173,-0.014295971,-0.013710375
2008-10-14,-0.0094341106,-0.0094341106,-0.0094382735
2008-10-15,0.015938882,0.016372118,0.015920709
2008-10-16,-0.00056234819,0.00041973672,-0.0011425535
2008-10-17,3.1746032e-05,-0.00055280563,3.1746032e-05
2008-10-20,4.9206349e-05,4.9206349e-05,4.9206349e-05
2008-10-21,4.3253968e-05,4.3253968e-05,4.3253968e-05
2008-10-22,4.0873016e-05,4.0873016e-05,4.0873016e-05
2008-10-23,3.8095238e-05,3.8095238e-05,3.8095238e-05
2008-10-24,3.4126984e-05,3.4126984e-05,3.4126984e-05
2008-10-27,0.00059234537,3.3333333e-05,-7.654632e-06
2008-10-28,0.016185043,0.015586046,0.016184039
2008-10-29,-0.0011467014,-0.0028983889,-0.0015803173
2008-10-30,0.0038505693,0.0034517212,0.0038482986
2008-10-31,-0.0048552393,0.0010435643,-0.0056036921
2008-11-03,0.0031578017,0.0024293487,0.0031533737
2008-11-04,0.014662868,0.023792984,0.014440169
2008-11-05,0.0066111168,0.0063665726,0.0066083036
2008-11-06,-0.00036210901,-0.00378675,-0.00073651962
2008-11-07,0.0066064881,-0.00036328259,0.0060064881
2008-11-10,-0.0020265749,-0.0026201461,-0.0020330038
2008-11-11,-0.0074293472,-0.0074293472,-0.0074311787
2008-11-12,-0.012360065,-0.012360065,-0.01236681
2008-11-13,-0.0053562626,0.014496735,-0.0061560989
2008-11-14,0.019366599,0.0054445356,0.01895467
2008-11-17,0.0084493084,0.0080443984,0.0084434883
2008-11-18,0.015509523,0.015509523,0.015507006
2008-11-19,0.021131841,0.021552191,0.021124792
2008-11-20,-0.00058120651,0.039472094,-0.0011636035
2008-11-21,7.9365079e-07,-0.0005766217,7.9365079e-07
2008-11-24,0.016290702,5.1587302e-06,0.015751405
2008-11-25,-0.0083966607,-0.031414991,-0.0087820791
2008-11-26,0.010014817,-0.0032698927,0.0093447834
2008-11-28,0.0034014539,0.0028738339,0.0033854031
2008-12-01,0.022860006,0.022903546,0.022859373
2008-12-02,0.0054116025,0.0088545701,0.0052294494
2008-12-03,-0.00031903319,0.0014854789,-0.00063886003
2008-12-04,7.9365079e-07,-0.00031911085,7.9365079e-07
2008-12-05,7.9365079e-07,7.9365079e-07,7.9365079e-07
2008-12-08,1.1904762e-06,1.1904762e-06,1.1904762e-06
2008-12-09,1.1904762e-06,1.1904762e-06,1.1904762e-06
2008-12-10,0.00113322,0,0.00059001297
2008-12-11,-0.0032143484,-0.011514613,-0.003616896
2008-12-12,0.0043618402,-0.0017161766,0.0036805634
2008-12-15,0.0039160704,0.0032300163,0.003913794
2008-12-16,0.029809468,0.028682898,0.029786852
2008-12-17,0.0078462568,0.012743859,0.0076453723
2008-12-18,-0.00035459188,0.007791021,-0.00070918375
2008-12-19,7.9365079e-07,-0.000353801,7.9365079e-07
2008-12-22,0.0041976829,3.968254e-07,0.0036503215
2008-12-23,-0.00015065929,0.00035203795,-0.00054565445
2008-12-24,-0.0025253514,9.4317383e-05,-0.003218802
2008-12-26,0.0097085105,0.0090232308,0.0097076561
2008-12-29,0.0040112716,0.0040040444,0.0040077161
2008-12-30,0.0014282383,0.0025554994,0.0012300999
2008-12-31,-0.00034244803,-0.012966383,-0.00068926114
2009-01-02,3.1746032e-06,-0.00034432106,3.1746032e-06
2009-01-05,5.5555556e-06,5.5555556e-06,5.5555556e-06
2009-01-06,5.5555556e-06,5.5555556e-06,5.5555556e-06
2009-01-07,-0.00099164445,4.3650794e-06,-0.0015727642
2009-01-08,-0.0016264771,-0.0057892269,-0.0020763569
2009-01-09,0.0083099215,-0.0024869835,0.0075929597
2009-01-12,0.012473733,0.011459023,0.012456045
2009-01-13,0.0014188338,0.001403969,0.0014151312
2009-01-14,0.0069814811,0.0111827,0.0067678513
2009-01-15,-0.00038096364,-0.0012518574,-0.00076629236
2009-01-16,4.7619048e-06,-0.00038127034,4.7619048e-06
2009-01-20,5.1587302e-06,5.1587302e-06,5.1587302e-06
2009-01-21,4.3650794e-06,4.3650794e-06,4.3650794e-06
2009-01-22,3.968254e-06,3.968254e-06,3.968254e-06
2009-01-23,4.3650794e-06,4.3650794e-06,4.3650794e-06
2009-01-26,0.004382622,5.952381e-06,0.003782622
2009-01-27,-0.013141295,-0.013736828,-0.013145763
2009-01-28,0.0031705733,0.012821026,0.0027273101
2009-01-29,0.0073336726,0.0069110598,0.0073318832
2009-01-30,-0.0016152319,0.00024230606,-0.0023788739
2009-02-02,0.01586145,0.015398273,0.01585036
2009-02-03,-0.010997886,-0.01688563,-0.011205124
2009-02-04,-0.0064065763,-0.0065871081,-0.0064078054
2009-02-05,-0.00036671616,0.0029454229,-0.00074494025
2009-02-06,0.011522206,-0.00036638356,0.010922206
2009-02-09,0.0040657186,0.0034764895,0.0040549476
2009-02-10,-0.0267684,-0.0267684,-0.026772041
2009-02-11,-0.015444941,-0.015444941,-0.015469704
2009-02-12,-0.00066866933,0.00062533849,-0.0013144456
2009-02-13,-0.016319978,-0.0014516193,-0.016888318
2009-02-17,0.033613009,0.033049253,0.033608211
2009-02-18,-0.014582697,-0.014582697,-0.014592458
2009-02-19,-0.011120758,-0.011120758,-0.011125191
2009-02-20,-0.00059265445,0.0056760083,-0.0011960232
2009-02-23,-0.0024765271,-0.00058639787,-0.0030765271
2009-02-24,0.0075678297,0.0069695325,0.0075661269
2009-02-25,0.015454515,0.018125303,0.01537523
2009-02-26,-0.0026073511,0.0043101315,-0.0033307101
2009-02-27,-0.0020949233,-0.001360426,-0.0024732367
2009-03-02,0.020055265,0.019677563,0.020054753
2009-03-03,-0.0025595936,-0.0025595936,-0.0025654953
2009-03-04,-0.0066824074,-0.010189318,-0.0069023799
2009-03-05,-0.00037338107,0.014655434,-0.00075469866
2009-03-06,7.9365079e-06,-0.00037167124,7.9365079e-06
2009-03-09,-0.0014420462,9.1269841e-06,-0.0020420462
2009-03-10,0.014605642,0.014006403,0.01460488
2009-03-11,-0.014289774,-0.014289774,-0.014302727
2009-03-12,0.00049223097,-0.0057259459,-0.00024992393
2009-03-13,-0.0019555026,-0.0010478975,-0.0024261764
2009-03-16,-0.011412685,-0.011883179,-0.011413129
2009-03-17,-0.0038367904,-0.0038367904,-0.0038402507
2009-03-18,0.062986241,0.068513935,0.062937096
2009-03-19,-0.00052912586,-0.0062802554,-0.0010661882
2009-03-20,8.3333333e-06,-0.00054525765,8.3333333e-06
2009-03-23,0.0062166141,8.7301587e-06,0.0056166141
2009-03-24,0.002895506,0.0023015973,0.0028894147
2009-03-25,0.010640859,0.012029492,0.010577217
2009-03-26,0.00093818727,-0.0047027761,0.00022348155
2009-03-27,-0.0016634143,-0.0011203422,-0.0020734522
2009-03-30,0.0085330011,0.008123113,0.0085326261
2009-03-31,0.0035129443,0.0035129443,0.0035104039
2009-04-01,0.0026181434,0.0048933228,0.0023701155
2009-04-02,-0.00034204296,-0.0078821319,-0.00069281607
2009-04-03,8.3333333e-06,-0.00034297704,8.3333333e-06
2009-04-06,7.9365079e-06,7.9365079e-06,7.9365079e-06
2009-04-07,7.9365079e-06,7.9365079e-06,7.9365079e-06
2009-04-08,-0.010163744,7.1428571e-06,-0.010743694
2009-04-09,0.0018948564,0.010778341,0.0014267563
2009-04-13,0.01066968,-0.002816132,0.009973131
2009-04-14,0.0098483611,0.0091853557,0.009847256
2009-04-15,0.0017907391,0.0017951551,0.0017892058
2009-04-16,-0.0048151454,-0.0075888788,-0.0050413825
2009-04-17,-0.00034194438,-0.0095621725,-0.00068944432
2009-04-20,5.5555556e-06,-0.00034217186,5.5555556e-06
2009-04-21,5.952381e-06,5.952381e-06,5.952381e-06
2009-04-22,5.5555556e-06,5.5555556e-06,5.5555556e-06
2009-04-23,3.968254e-06,3.968254e-06,3.968254e-06
2009-04-24,3.968254e-06,3.968254e-06,3.968254e-06
2009-04-27,-0.0088705096,5.1587302e-06,-0.0094705096
2009-04-28,0.0091238789,0.0090971983,0.009083395
2009-04-29,-0.0037641699,0.010182857,-0.0044919212
2009-04-30,-0.0038492515,-0.0016832754,-0.0042810346
2009-05-01,0.0023399301,-0.0068602025,0.001435848
2009-05-04,-0.0017809428,-0.0018783774,-0.0019730394
2009-05-05,0.00032336747,0.00016434459,0.00021783159
2009-05-06,-0.00086009795,-0.00096678981,-0.00086048487
2009-05-07,-0.0025886336,0.016734825,-0.0032583894
2009-05-08,0.0018417585,-0.00037499355,0.0013102955
2009-05-11,0.018797207,0.018266965,0.018796495
2009-05-12,-0.0013005659,-0.0013005659,-0.0013061034
2009-05-13,0.0092014165,0.0092083957,0.0092006025
2009-05-14,-0.00059049,0.00020513459,-0.0011873292
2009-05-15,6.7460317e-06,-0.00059276273,6.7460317e-06
2009-05-18,7.5396825e-06,7.5396825e-06,7.5396825e-06
2009-05-19,7.1428571e-06,7.1428571e-06,7.1428571e-06
2009-05-20,7.1428571e-06,7.1428571e-06,7.1428571e-06
2009-05-21,7.5396825e-06,7.5396825e-06,7.5396825e-06
2009-05-22,7.1428571e-06,7.1428571e-06,7.1428571e-06
2009-05-26,0.012716141,7.1428571e-06,0.012116141
2009-05-27,0.022603214,0.022035268,0.022591936
2009-05-28,0.0023396984,-0.010464626,0.0015824486
2009-05-29,0.022131098,0.0058965261,0.02170917
2009-06-01,-0.032650998,-0.033065874,-0.032657617
2009-06-02,0.0066732252,0.0066732252,0.0066631031
2009-06-03,0.0073804126,0.01221588,0.0071557746
2009-06-04,-0.00036725925,-0.014657268,-0.00074007406
2009-06-05,7.5396825e-06,-0.00036690342,7.5396825e-06
2009-06-08,0.0095571586,7.5396825e-06,0.0089571586
2009-06-09,-0.0086340857,-0.0092250352,-0.0086431363
2009-06-10,0.011452797,0.011962938,0.011420605
2009-06-11,0.0022450911,-0.013095258,0.0015502088
2009-06-12,0.01013356,0.0015723497,0.0096632491
2009-06-15,0.0089707632,0.0085034917,0.0089676133
2009-06-16,0.011167155,0.011167155,0.011164484
2009-06-17,-0.004071603,-0.0053442787,-0.0042282856
2009-06-18,-0.00043340844,-0.017981174,-0.00087395974
2009-06-19,7.1428571e-06,-0.00043539818,7.1428571e-06
2009-06-22,-0.011381225,7.9365079e-06,-0.011981225
2009-06-23,-0.0064887977,-0.0070789889,-0.0064986066
2009-06-24,0.0075642967,0.0075642967,0.0075584276
2009-06-25,0.0074056046,-0.025043027,0.0066160081
2009-06-26,0.0022382221,4.9919349e-05,0.0018354238
2009-06-29,0.0041801529,0.0037773946,0.0041793604
2009-06-30,-0.0052892368,-0.0052892368,-0.0052904882
2009-07-01,-0.0010875918,-0.0012904248,-0.0012641464
2009-07-02,-0.00041840562,0.0045245827,-0.00084355726
2009-07-06,7.5396825e-06,-0.00041691303,7.5396825e-06
2009-07-07,-0.0085386364,7.5396825e-06,-0.0091386364
2009-07-08,-0.02306378,-0.023656579,-0.023070981
2009-07-09,-0.0036471555,0.011699917,-0.0044159186
2009-07-10,0.011987091,0.0023269687,0.011534175
2009-07-13,-0.0071716292,-0.0076199511,-0.0071753174
2009-07-14,-0.013295723,-0.013295723,-0.013297886
2009-07-15,-0.021391206,-0.025882585,-0.021501821
2009-07-16,-0.00049008988,0.0097452525,-0.00098771944
2009-07-17,6.7460317e-06,-0.00048478933,6.7460317e-06
2009-07-20,7.5396825e-06,7.5396825e-06,7.5396825e-06
2009-07-21,7.5396825e-06,7.5396825e-06,7.5396825e-06
2009-07-22,7.5396825e-06,7.5396825e-06,7.5396825e-06
2009-07-23,7.5396825e-06,7.5396825e-06,7.5396825e-06
2009-07-24,7.1428571e-06,7.1428571e-06,7.1428571e-06
2009-07-27,0.0087237333,7.5396825e-06,0.0081237333
2009-07-28,-0.0040241296,-0.0046158147,-0.0040324445
2009-07-29,-0.0013403455,-0.0013403455,-0.0013439732
2009-07-30,0.0017234082,-0.0080117824,0.00093414699
2009-07-31,0.019746692,0.0055278002,0.01933503
2009-08-03,-0.021266495,-0.021671804,-0.021272425
2009-08-04,-0.0057942499,-0.0057942499,-0.0058007643
2009-08-05,-0.0075279152,-0.011382835,-0.0077440553
2009-08-06,-0.00037948853,-0.00021977219,-0.00076572309
2009-08-07,0.012629599,-0.00037846135,0.012029599
2009-08-10,-0.012879502,-0.013467749,-0.012891255
2009-08-11,-0.013924598,-0.013924598,-0.013936329
2009-08-12,0.005554616,0.005554616,0.0055419199
2009-08-13,0.00074546264,-0.015649429,9.7196634e-05
2009-08-14,0.0056535191,-0.00011077934,0.0051071131
2009-08-17,0.013692083,0.013147322,0.013690233
2009-08-18,-0.0070352651,-0.0070352651,-0.0070393199
2009-08-19,0.0072038531,0.0074799021,0.0071812203
2009-08-20,-0.00057073633,0.0050619523,-0.0011482187
2009-08-21,6.7460317e-06,-0.00057132886,6.7460317e-06
2009-08-24,-0.012986523,6.7460317e-06,-0.013586523
2009-08-25,-0.0052866734,-0.005875389,-0.0052979578
2009-08-26,-0.0025500514,-0.002642638,-0.0025820016
2009-08-27,-0.0023705422,0.0051889864,-0.0031232284
2009-08-28,0.004179806,0.00062105162,0.0037572755
2009-08-31,0.0059060451,0.005485256,0.0059046689
2009-09-01,0.0051817415,0.0051817415,0.0051799779
2009-09-02,0.007231458,0.010912374,0.0070409371
2009-09-03,-0.00040118262,-0.005063427,-0.00080831762
2009-09-04,5.5555556e-06,-0.00040290327,5.5555556e-06
2009-09-08,0.0039976521,5.5555556e-06,0.0033976521
2009-09-09,-0.0017698275,-0.0023657022,-0.0017739528
2009-09-10,0.0026760418,-0.014942415,0.001937383
2009-09-11,0.0054157374,0.00059645583,0.0049533647
2009-09-14,-0.011742844,-0.012203798,-0.011744599
2009-09-15,-0.0041631005,-0.0041631005,-0.004166663
2009-09-16,-0.0014253543,-0.0015382649,-0.0014986012
2009-09-17,-0.00052434431,0.0086075941,-0.0010526569
2009-09-18,3.1746032e-06,-0.00052286721,3.1746032e-06
2009-09-21,0.00070380586,4.3650794e-06,0.00010380586
2009-09-22,-0.0052799242,-0.0058787426,-0.0052811057
2009-09-23,-0.004393017,-0.004393017,-0.0043977833
2009-09-24,0.0010642597,-0.0054770426,0.00025455377
2009-09-25,0.0076616173,0.0019543315,0.0072675422
2009-09-28,0.0034650765,0.0030734836,0.0034626779
2009-09-29,-0.00087256025,-0.00087256025,-0.0008735982
2009-09-30,0.0010510656,0.00151107,0.00091973611
2009-10-01,-0.00046476231,0.011625747,-0.00093349287
2009-10-02,3.968254e-06,-0.00046299904,3.968254e-06
2009-10-05,-0.00040048105,3.1746032e-06,-0.001000481
2009-10-06,0.0064551188,0.0058553112,0.0064549264
2009-10-07,-0.012782846,-0.012782846,-0.012788631
2009-10-08,-0.0026658396,0.0072798678,-0.0034334167
2009-10-09,-0.019648144,-0.0057384583,-0.020092477
2009-10-12,0.0058732037,0.0054342953,0.0058673306
2009-10-13,0.0045547219,0.0045547219,0.0045529677
2009-10-14,-0.012899805,-0.013653618,-0.012932963
2009-10-15,-0.00056616237,-0.006209966,-0.0011351025
2009-10-16,2.7777778e-06,-0.00056435054,2.7777778e-06
2009-10-19,3.1746032e-06,3.1746032e-06,3.1746032e-06
2009-10-20,3.1746032e-06,3.1746032e-06,3.1746032e-06
2009-10-21,2.7777778e-06,2.7777778e-06,2.7777778e-06
2009-10-22,2.3809524e-06,2.3809524e-06,2.3809524e-06
2009-10-23,2.7777778e-06,2.7777778e-06,2.7777778e-06
2009-10-26,0.010787331,3.1746032e-06,0.010187331
2009-10-27,-0.017224476,-0.01781433,-0.017234622
2009-10-28,-0.0061555333,-0.0061555333,-0.0061712843
2009-10-29,-0.0042052334,0.0095698629,-0.0050227313
2009-10-30,0.014504175,0.0044587176,0.014115827
2009-11-02,-0.0052693778,-0.0056525621,-0.0052737806
2009-11-03,-0.0046212572,-0.0046212572,-0.0046228443
2009-11-04,-0.0052291738,-0.0055104845,-0.005264934
2009-11-05,-0.00056543046,0.0003788005,-0.0011324482
2009-11-06,-0.006581055,-0.00056314002,-0.007181055
2009-11-09,-0.0009022245,-0.0014968243,-0.00090762466
2009-11-10,-0.0015571145,-0.0015571145,-0.0015579084
2009-11-11,0.00022409932,-0.0057359135,-0.00047382365
2009-11-12,0.00010807188,-0.00059386363,0.0001078331
2009-11-13,0.0010293632,0.00024922454,0.00052634468
2009-11-16,0.010731493,0.010228963,0.010731034
2009-11-17,0.0043542195,0.0043542195,0.0043510333
2009-11-18,-0.0050041857,-0.0050041857,-0.0050054879
2009-11-19,-0.00060071428,0.0023956403,-0.0012022222
2009-11-20,7.9365079e-07,-0.00059848869,7.9365079e-07
2009-11-23,0.0022151034,1.984127e-06,0.0016151034
2009-11-24,-0.010271709,-0.010869166,-0.010274251
2009-11-25,0.0019525155,-0.0067529699,0.0010923025
2009-11-27,0.0087317065,0.0029408116,0.0083827354
2009-11-30,0.0032230031,0.0028767802,0.0032203031
2009-12-01,-0.011029422,-0.011029422,-0.011030387
2009-12-02,-0.0041208487,-0.0041208487,-0.0041241934
2009-12-03,-0.00059885881,-0.0093369105,-0.0012000986
2009-12-04,2.3809524e-06,-0.00060044541,2.3809524e-06
2009-12-07,-0.0061099935,1.5873016e-06,-0.0067099935
2009-12-08,-0.0070357806,-0.0076308114,-0.0070407497
2009-12-09,0.0039026061,0.0039026061,0.003896252
2009-12-10,-0.0026565311,0.0067557039,-0.0034205063
2009-12-11,-0.01031296,-0.0035187638,-0.010745713
2009-12-14,-4.5805769e-06,-0.00043445607,-7.5738523e-06
2009-12-15,-0.006398802,-0.006398802,-0.006398802
2009-12-16,-3.5187018e-06,-3.5187018e-06,-5.450102e-06
2009-12-17,-0.0005984127,0.017702315,-0.0011984127
2009-12-18,1.984127e-06,-0.0005927971,1.984127e-06
2009-12-21,3.1746032e-06,3.1746032e-06,3.1746032e-06
2009-12-22,3.1746032e-06,3.1746032e-06,3.1746032e-06
2009-12-23,2.7777778e-06,2.7777778e-06,2.7777778e-06
2009-12-24,1.984127e-06,1.984127e-06,1.984127e-06
2009-12-28,0.0047793893,4.3650794e-06,0.0041793893
2009-12-29,-0.0052971903,-0.0058923653,-0.0053020154
2009-12-30,0.00050256608,-0.0036212587,-0.00032367801
2009-12-31,-0.010038948,-0.0043890161,-0.010417377
2010-01-04,0.0049609909,0.004585102,0.0049580652
2010-01-05,0.0087766326,0.0087766326,0.0087751498
2010-01-06,-0.0080514455,-0.0080762179,-0.0080523437
2010-01-07,-0.00059872284,-6.1270393e-06,-0.0011994298
2010-01-08,1.984127e-06,-0.0005963027,1.984127e-06
2010-01-11,-0.0019661436,1.5873016e-06,-0.0025661436
2010-01-12,-0.01439914,-0.014997926,-0.014400354
2010-01-13,0.0095622191,0.0095622191,0.0095490883
2010-01-14,0.001788264,-0.0094422355,0.0010349151
2010-01-15,0.0084829595,0.0016383845,0.0080452092
2010-01-19,-0.0035593622,-0.0039944775,-0.0035620154
2010-01-20,0.0068928664,0.0068928664,0.0068917963
2010-01-21,0.0073146639,0.0073146639,0.0073126093
2010-01-22,-0.00059543927,0.0017612012,-0.0011932595
2010-01-25,0.0037957601,-0.00059709025,0.0031957601
2010-01-26,-0.0039991222,-0.0045951684,-0.0040030759
2010-01-27,0.0046168199,0.0046168199,0.0046132239
2010-01-28,-0.0010779703,0.0006463865,-0.0019028808
2010-01-29,0.0073734923,0.0021301021,0.0070025368
2010-02-01,-0.0068644445,-0.0072328664,-0.0068667509
2010-02-02,0.0033253107,0.0033253107,0.0033232391
2010-02-03,-0.0095360857,-0.0095360857,-0.0095370818
2010-02-04,-0.00059931542,0.016473027,-0.0012022023
2010-02-05,-0.0070155299,-0.00059116805,-0.0076155299
2010-02-08,0.0017453517,0.0011511521,0.0017395513
2010-02-09,0.010786349,0.010786349,0.010784767
2010-02-10,0.0055175131,0.0055175131,0.0055078992
2010-02-11,-0.0010951008,0.0024280524,-0.0017892951
2010-02-12,0.0041657941,7.7538729e-05,0.0036648638
2010-02-16,0.0044327286,0.0039334291,0.0044313339
2010-02-17,-0.010634613,-0.010634613,-0.010635938
2010-02-18,-0.0071315146,-0.0071315146,-0.0071347376
2010-02-19,-0.00059778755,0.0011118764,-0.0011999402
2010-02-22,0.00095259218,-0.00059529978,0.00035259218
2010-02-23,-0.015207094,-0.015805689,-0.015208499
2010-02-24,-0.0011301535,-0.0011301535,-0.0011440411
2010-02-25,0.0019060849,-0.0073261685,0.0010812527
2010-02-26,0.0027093437,0.00032376289,0.002333386
2010-03-01,0.0020736084,0.0016984554,0.0020726841
2010-03-02,0.0010972566,0.0010972566,0.001096634
2010-03-03,-0.0019931855,-0.0019931855,-0.0019935161
2010-03-04,-0.00059504182,0.0035281235,-0.0011956392
2010-03-05,5.952381e-06,-0.00059299107,5.952381e-06
2010-03-08,0.004713131,6.3492063e-06,0.004113131
2010-03-09,-0.0051214132,-0.0057166524,-0.005126174
2010-03-10,0.0033152912,0.0033152912,0.0033106669
2010-03-11,-0.0012510856,0.0017681982,-0.0020139919
2010-03-12,0.0026689883,9.7983934e-05,0.0022348121
2010-03-15,-7.6758758e-06,-0.00044074121,-8.6057199e-06
2010-03-16,0.0077601216,0.0077601216,0.0077601216
2010-03-17,0.0024232408,0.0024232408,0.0024209288
2010-03-18,-0.00059292311,-0.0053051899,-0.0011921954
2010-03-19,6.3492063e-06,-0.00059524869,6.3492063e-06
2010-03-22,-0.0072572047,5.952381e-06,-0.0078572047
2010-03-23,0.0041864921,0.0035925183,0.0041804659
2010-03-24,0.019911536,0.019911536,0.019907772
2010-03-25,-0.003934824,0.0073527374,-0.0047694513
2010-03-26,0.0043586663,0.0011360052,0.0040107249
2010-03-29,-0.0029172179,-0.0032635091,-0.0029186249
2010-03-30,0.0020100168,0.0020100168,0.0020091413
2010-03-31,0.004696988,0.004696988,0.004696384
2010-04-01,-0.00059224622,-0.0041518583,-0.0011908416
2010-04-05,7.1428571e-06,-0.00059410555,7.1428571e-06
2010-04-06,-0.0064951722,6.7460317e-06,-0.0070951722
2010-04-07,-0.0124367,-0.013031366,-0.012442034
2010-04-08,-0.0014261249,0.0022315974,-0.0022098037
2010-04-09,0.0018149421,-0.00012159184,0.0013872126
2010-04-12,0.0053799533,0.0049530618,0.0053792801
2010-04-13,0.0038012603,0.0038012603,0.0037996529
2010-04-14,-0.0053741216,-0.0053741216,-0.00537526
2010-04-15,-0.00059526947,0.0033547985,-0.0011968881
2010-04-16,6.3492063e-06,-0.00059264534,6.3492063e-06
2010-04-19,6.3492063e-06,6.3492063e-06,6.3492063e-06
2010-04-20,6.3492063e-06,6.3492063e-06,6.3492063e-06
2010-04-21,5.952381e-06,5.952381e-06,5.952381e-06
2010-04-22,6.3492063e-06,6.3492063e-06,6.3492063e-06
2010-04-23,6.3492063e-06,6.3492063e-06,6.3492063e-06
2010-04-26,-0.0019438696,6.3492063e-06,-0.0025438696
2010-04-27,-0.018748858,-0.019347652,-0.018750065
2010-04-28,0.010146219,0.010146219,0.010129028
2010-04-29,0.00049730623,-0.0033455155,-0.00033225418
2010-04-30,0.011828905,0.0040102321,0.011467606
2010-05-03,-0.0052495616,-0.0056070307,-0.0052531765
2010-05-04,0.013514618,0.013514618,0.013513038
2010-05-05,0.0076990938,0.0076990938,0.0076950912
2010-05-06,-0.0005933399,0.021931603,-0.0011910449
2010-05-07,0.0048179851,-0.00058840108,0.0042179851
2010-05-10,0.015221314,0.014626171,0.015216456
2010-05-11,-0.0024307602,-0.0024307602,-0.0024442623
2010-05-12,0.0050309747,0.0050309747,0.0050287982
2010-05-13,-0.00016847738,-0.0054983602,-0.00081572503
2010-05-14,0.012363284,0.00046287854,0.011815161
2010-05-17,-0.0043607683,-0.0049049071,-0.0043645942
2010-05-18,0.014597437,0.014597437,0.014596126
2010-05-19,0.0017203944,0.0017203944,0.0017160759
2010-05-20,-0.00059273543,0.019454651,-0.0011922169
2010-05-21,6.7460317e-06,-0.00058752685,6.7460317e-06
2010-05-24,-0.00060357143,6.7460317e-06,-0.0012035714
2010-05-25,-0.0068544871,-0.0074544871,-0.0068544871
2010-05-26,0.0040425896,0.0040425896,0.0040363813
2010-05-27,-0.0068333905,0.019016095,-0.0076205358
2010-05-28,0.0086483615,0.00211054,0.0082384745
2010-06-01,0.0025744203,0.0021682069,0.0025717254
2010-06-02,-0.011409115,-0.011409115,-0.011409888
2010-06-03,-0.0025058497,-0.0028222146,-0.0025946481
2010-06-04,-0.00050962534,0.023700324,-0.0010248062
2010-06-07,-0.0087312334,-0.00050491151,-0.0093312334
2010-06-08,0.0061571129,0.0055644823,0.0061497436
2010-06-09,-0.0002304551,-0.0002304551,-0.00023597761
2010-06-10,-0.0038337698,0.018561999,-0.0045352297
2010-06-11,0.012212784,0.0014633397,0.011713427
2010-06-14,-0.0017175839,-0.0022121236,-0.0017213506
2010-06-15,-0.0062206664,-0.0062206664,-0.0062211805
2010-06-16,0.0050854397,0.005582843,0.0050352773
2010-06-17,-0.00054685593,0.0086250641,-0.0010972833
2010-06-18,4.3650794e-06,-0.00054518445,4.3650794e-06
2010-06-21,0.00088657465,4.7619048e-06,0.00028657465
2010-06-22,-0.011991204,-0.012589859,-0.011992548
2010-06-23,-0.0074647501,-0.0074647501,-0.0074756643
2010-06-24,-0.0011462025,0.0016814617,-0.0018946032
2010-06-25,0.0027186892,1.3873948e-05,0.0022602752
2010-06-28,0.014180242,0.013722961,0.01417929
2010-06-29,0.008608711,0.008608711,0.0086045141
2010-06-30,0.0020297047,0.0029215473,0.0018792439
2010-07-01,-0.00043990935,-0.00081134651,-0.00088656472
2010-07-02,6.7460317e-06,-0.00044032606,6.7460317e-06
2010-07-06,6.7460317e-06,6.7460317e-06,6.7460317e-06
2010-07-07,6.3492063e-06,6.3492063e-06,6.3492063e-06
2010-07-08,5.952381e-06,5.952381e-06,5.952381e-06
2010-07-09,6.3492063e-06,6.3492063e-06,6.3492063e-06
2010-07-12,-0.0039864931,6.3492063e-06,-0.0045864931
2010-07-13,0.0099052163,0.0093082702,0.0099021624
2010-07-14,0.00088176642,-0.0099784009,0.00019648115
2010-07-15,0.0098245987,0.00092230622,0.0093190404
2010-07-16,0.011531712,0.011029235,0.011528643
2010-07-19,-0.0052273426,-0.0052273426,-0.0052307653
2010-07-20,0.0019265371,0.0020850037,0.0018894892
2010-07-21,-0.00055765635,0.011952978,-0.0011216619
2010-07-22,6.3492063e-06,-0.00055504126,6.3492063e-06
2010-07-23,6.3492063e-06,6.3492063e-06,6.3492063e-06
2010-07-26,2.3117799e-05,6.3492063e-06,-0.0005768822
2010-07-27,0.0069055578,0.0063061225,0.006904993
2010-07-28,-0.0086294741,-0.0086294741,-0.0086356522
2010-07-29,0.00024248303,-0.0042022127,-0.00050698898
2010-07-30,0.011235703,0.0020198272,0.010777508
2010-08-02,-0.0061960098,-0.0066504552,-0.0061994791
2010-08-03,0.0093925197,0.0093925197,0.0093906523
2010-08-04,-0.006210208,-0.0083256256,-0.0063711957
2010-08-05,-0.00043109463,0.0068147136,-0.00086814163
2010-08-06,-0.013695819,-0.00042932128,-0.014295819
2010-08-09,0.00039507485,-0.00019298802,0.00038313771
2010-08-10,-0.010123773,-0.010123773,-0.010124145
2010-08-11,-0.011313912,-0.011313912,-0.011323111
2010-08-12,-0.00075944707,0.0050932277,-0.0013860418
2010-08-13,0.0080153191,-0.00037220003,0.0074315893
2010-08-16,0.014468728,0.013887664,0.014466169
2010-08-17,-0.01013456,-0.01013456,-0.010138841
2010-08-18,-0.0020446033,-0.0020446033,-0.0020476714
2010-08-19,-0.00059426259,0.0089566212,-0.0011948744
2010-08-20,5.952381e-06,-0.00059138243,5.952381e-06
2010-08-23,-0.0032486908,6.3492063e-06,-0.0038486908
2010-08-24,-0.015857363,-0.016454977,-0.015859749
2010-08-25,0.0090506781,0.0090506781,0.0090361831
2010-08-26,0.0012871349,-0.0091241056,0.00056301169
2010-08-27,-0.023454453,-0.0058011398,-0.023921904
2010-08-30,0.015281603,0.014820018,0.015274546
2010-08-31,0.0088938955,0.0088938955,0.0088893763
2010-09-01,-0.01058802,-0.014409005,-0.010751134
2010-09-02,-0.00043009707,-0.006210393,-0.0008657497
2010-09-03,5.5555556e-06,-0.00042949864,5.5555556e-06
2010-09-07,-0.016429616,5.5555556e-06,-0.017029616
2010-09-08,0.0054822086,0.0048966778,0.0054677394
2010-09-09,-0.0027804062,0.015729755,-0.0034558651
2010-09-10,-0.006294465,-0.0014352505,-0.006814544
2010-09-13,0.0094965534,0.0089785094,0.0094948128
2010-09-14,0.010068839,0.010068839,0.010066014
2010-09-15,-0.006738638,-0.006964639,-0.0067563762
2010-09-16,-0.00057480753,-0.0067710125,-0.0011559643
2010-09-17,6.3492063e-06,-0.00057481514,6.3492063e-06
2010-09-20,6.7460317e-06,6.7460317e-06,6.7460317e-06
2010-09-21,6.7460317e-06,6.7460317e-06,6.7460317e-06
2010-09-22,6.3492063e-06,6.3492063e-06,6.3492063e-06
2010-09-23,6.3492063e-06,6.3492063e-06,6.3492063e-06
2010-09-24,5.952381e-06,5.952381e-06,5.952381e-06
2010-09-27,-0.016072381,6.3492063e-06,-0.016672381
2010-09-28,-0.0066831015,-0.0072689619,-0.006697241
2010-09-29,-0.0015918504,0.0048184924,-0.002307278
2010-09-30,-0.0029194966,-0.0011426664,-0.003410275
2010-10-01,0.0010647649,0.00057479868,0.0010640364
2010-10-04,0.0070781582,0.0070781582,0.0070778369
2010-10-05,0.00011355766,0.00039632759,-5.762224e-05
2010-10-06,-0.0004215149,0.0090015851,-0.00084818853
2010-10-07,5.1587302e-06,-0.00042039899,5.1587302e-06
2010-10-08,4.7619048e-06,4.7619048e-06,4.7619048e-06
2010-10-11,-0.0026096084,4.7619048e-06,-0.0032096084
2010-10-12,0.0057847721,0.0051865758,0.0057829684
2010-10-13,-1.3518703e-05,-1.3518703e-05,-1.8704072e-05
2010-10-14,-0.0020455707,0.011417081,-0.002717914
2010-10-15,-0.0091999212,-0.0017028876,-0.0097278919
2010-10-18,0.0095042336,0.0089789614,0.009501611
2010-10-19,0.0068429094,0.0068429094,0.0068400824
2010-10-20,-0.0011674062,-0.0012125337,-0.0012053403
2010-10-21,-0.00055515854,-0.0103599,-0.0011154758
2010-10-22,5.1587302e-06,-0.0005575759,5.1587302e-06
2010-10-25,-4.8352968e-07,5.5555556e-06,-0.00060048353
2010-10-26,0.01332631,0.012726856,0.013325764
2010-10-27,0.011573981,0.011573981,0.011562138
2010-10-28,0.0013823526,-0.011679204,0.00068587013
2010-10-29,0.008451282,0.0008784958,0.0079584788
2010-11-01,-0.0033565429,-0.0038467782,-0.0033592037
2010-11-02,0.0067031775,0.0067031775,0.0067021695
2010-11-03,0.0044797051,0.0064774346,0.0043119292
2010-11-04,-0.0004244633,0.011416257,-0.00085408532
2010-11-05,0.0078085758,-0.00042357446,0.0072085758
2010-11-08,-0.00062006393,-0.0012125519,-0.00062757592
2010-11-09,0.016887471,0.016887471,0.016886927
2010-11-10,-0.00055775735,-0.0075302745,-0.0011447286
2010-11-11,-0.0028261933,-0.00061074004,-0.0034242609
2010-11-12,-0.016597721,-0.017195129,-0.016598389
2010-11-15,-0.025716202,-0.025716202,-0.025721264
2010-11-16,0.014867062,0.014867062,0.014859147
2010-11-17,-0.00059004562,-0.005754143,-0.0011856468
2010-11-18,5.952381e-06,-0.00059578083,5.952381e-06
2010-11-19,5.5555556e-06,5.5555556e-06,5.5555556e-06
2010-11-22,-0.011309047,5.952381e-06,-0.011909047
2010-11-23,-0.0041090643,-0.0046993273,-0.0041188013
2010-11-24,-0.0042633086,0.021442261,-0.004966701
2010-11-26,0.008166076,0.00076458734,0.0076650528
2010-11-29,0.0043086119,0.0038111731,0.0043060322
2010-11-30,0.0034773408,0.0034773408,0.0034760509
2010-12-01,-0.018468392,-0.026306402,-0.018650206
2010-12-02,-0.00041297595,-0.0036653627,-0.0008323011
2010-12-03,5.5555556e-06,-0.00041199598,5.5555556e-06
2010-12-06,-0.01311793,5.952381e-06,-0.01371793
2010-12-07,0.033140419,0.032551822,0.033129015
2010-12-08,0.017036241,0.017036241,0.017007355
2010-12-09,-0.00019185652,-0.0042747562,-0.00084059657
2010-12-10,-0.017513299,-0.0024696334,-0.018049346
2010-12-13,0.0064089217,0.0058775201,0.0064037422
2010-12-14,-0.021118833,-0.021118833,-0.021120747
2010-12-15,-0.0068762974,-0.0082022054,-0.0069874264
2010-12-16,-0.0004915119,0.0097162929,-0.00098818253
2010-12-17,4.3650794e-06,-0.00048907486,4.3650794e-06
2010-12-20,5.5555556e-06,5.5555556e-06,5.5555556e-06
2010-12-21,5.5555556e-06,5.5555556e-06,5.5555556e-06
2010-12-22,5.5555556e-06,5.5555556e-06,5.5555556e-06
2010-12-23,5.5555556e-06,5.5555556e-06,5.5555556e-06
2010-12-27,6.7460317e-06,6.7460317e-06,6.7460317e-06
2010-12-28,0.01905065,5.952381e-06,0.018490487
2010-12-29,0.0028394412,-0.021563661,0.002203193
2010-12-30,-0.0045749451,-0.0012953228,-0.0050815934
2010-12-31,0.010063752,0.0095574798,0.010062528
2011-01-03,-0.0061918218,-0.0061918218,-0.0061948127
2011-01-04,0.0025274564,0.0046972791,0.0022796522
2011-01-05,-0.00034835701,-0.012960182,-0.00070226958
2011-01-06,5.952381e-06,-0.0003488061,5.952381e-06
2011-01-07,5.5555556e-06,5.5555556e-06,5.5555556e-06
2011-01-10,-0.0074261269,5.952381e-06,-0.0080261269
2011-01-11,0.0078465198,0.0072527001,0.0078403395
2011-01-12,0.0057438385,0.0057438385,0.0057368208
2011-01-13,0.00063868562,-0.013484056,-1.343266e-05
2011-01-14,-0.0060719174,-0.0011919652,-0.0066143359
2011-01-18,-0.0049069709,-0.0054481629,-0.0049086372
2011-01-19,0.0051169012,0.0051169012,0.0051154243
2011-01-20,-0.011768717,-0.015556195,-0.011918958
2011-01-21,-0.00044362155,0.0048109503,-0.00089359231
2011-01-24,-0.00081659596,-0.00044114645,-0.001416596
2011-01-25,-0.010062177,-0.010661986,-0.010062367
2011-01-26,0.010331168,0.012119214,0.010237696
2011-01-27,0.00045771329,-0.0065205767,-0.00013312133
2011-01-28,0.0086516855,0.00067768191,0.0081354922
2011-01-31,-0.0078681071,-0.0083815228,-0.0078708343
2011-02-01,-0.0093060191,-0.0093060191,-0.0093083957
2011-02-02,-0.0029626148,-0.0047331534,-0.0032222356
2011-02-03,-0.00033775617,-0.0067856135,-0.0006810679
2011-02-04,0.011733048,-0.00033752608,0.011133048
2011-02-07,0.00085451726,0.000265487,0.00084354751
2011-02-08,0.013724099,0.013724099,0.013723317
2011-02-09,-0.011429503,-0.011429503,-0.011441693
2011-02-10,-0.0006240636,0.0065262536,-0.0012359973
2011-02-11,0.0085906527,-0.00056726585,0.0079921937
2011-02-14,0.00064718915,5.147526e-05,0.00064445612
2011-02-15,0.0045673987,0.0045673987,0.0045672023
2011-02-16,-0.0026861908,-0.0028300418,-0.0027227362
2011-02-17,-0.00055921273,0.006890749,-0.0011219969
2011-02-18,3.968254e-06,-0.00055631626,3.968254e-06
2011-02-22,-0.01991409,4.7619048e-06,-0.02051409
2011-02-23,0.0044882461,0.0043318698,0.0044242952
2011-02-24,0.00012599737,-0.0048181805,-0.00051220481
2011-02-25,0.0059298641,0.00030632716,0.0054183379
2011-02-28,-0.00086483748,-0.0013744023,-0.00086675906
2011-03-01,0.0022693579,0.0022693579,0.0022691006
2011-03-02,-0.0067374112,-0.010514957,-0.0069651414
2011-03-03,-0.00036689904,-0.0086440088,-0.00073895682
2011-03-04,4.7619048e-06,-0.00036743414,4.7619048e-06
2011-03-07,0.0043465871,4.3650794e-06,0.0037465871
2011-03-08,0.0047373812,0.0041418208,0.0047329417
2011-03-09,-0.011712406,-0.011712406,-0.011716663
2011-03-10,0.0011314388,-0.017033696,0.00045717812
2011-03-11,-0.0052369717,-0.0011747254,-0.0057729367
2011-03-14,0.0044914291,0.0039563368,0.004490013
2011-03-15,0.0072536077,0.0072536077,0.0072522648
2011-03-16,0.015251331,0.01701306,0.015193325
2011-03-17,-0.00053304046,-0.0055621843,-0.0010692555
2011-03-18,2.7777778e-06,-0.0005383818,2.7777778e-06
2011-03-21,3.968254e-06,3.968254e-06,3.968254e-06
2011-03-22,3.968254e-06,3.968254e-06,3.968254e-06
2011-03-23,3.5714286e-06,3.5714286e-06,3.5714286e-06
2011-03-24,3.5714286e-06,3.5714286e-06,3.5714286e-06
2011-03-25,3.5714286e-06,3.5714286e-06,3.5714286e-06
2011-03-28,-0.0012540653,4.3650794e-06,-0.0018540653
2011-03-29,0.0057809084,0.0051814878,0.005780329
2011-03-30,0.00051521665,-0.0069031844,-0.00018530525
2011-03-31,-0.0056437286,-0.0016162552,-0.0061377873
2011-04-01,0.0042634324,0.0037705139,0.0042618806
2011-04-04,0.0045139202,0.0045139202,0.0045126453
2011-04-05,-0.007999415,-0.010094009,-0.008130249
2011-04-06,-0.00046676652,-0.0068649394,-0.000935914
2011-04-07,1.5873016e-06,-0.00046736627,1.5873016e-06
2011-04-08,1.5873016e-06,1.5873016e-06,1.5873016e-06
2011-04-11,-0.0032257359,1.984127e-06,-0.0038257359
2011-04-12,-0.011305679,-0.011903326,-0.011308032
2011-04-13,-0.0077970103,-0.0077970103,-0.0078072831
2011-04-14,-0.0016109605,0.0066427336,-0.0023010821
2011-04-15,0.014146171,0.0013555054,0.013629045
2011-04-18,0.0049166642,0.0044045139,0.004912328
2011-04-19,0.0025599275,0.0025599275,0.0025584576
2011-04-20,-0.0078956385,-0.0078956385,-0.0078964057
2011-04-21,-0.00060000563,0.0014946959,-0.0012023922
2011-04-25,2.7777778e-06,-0.00059677306,2.7777778e-06
2011-04-26,-0.009144668,2.7777778e-06,-0.009744668
2011-04-27,0.0057106331,0.0051183754,0.0057028908
2011-04-28,0.00088615442,-0.0076921287,0.00016564047
2011-04-29,0.0035551062,0.00011240543,0.0030810318
2011-05-02,-0.00061913208,-0.0010921346,-0.00062033645
2011-05-03,0.0053072184,0.0053072184,0.0053070335
2011-05-04,0.0043810031,0.0050769288,0.0043087044
2011-05-05,-0.00052432085,0.0086321176,-0.0010494354
2011-05-06,-0.0016727078,-0.00052337218,-0.0022727078
2011-05-09,-0.0029618224,-0.0035608753,-0.0029627696
2011-05-10,0.0096253696,0.0096253696,0.0096227152
2011-05-11,-0.0071942104,-0.0071942104,-0.0072028109
2011-05-12,-0.00062655345,0.0043815432,-0.0012355455
2011-05-13,0.0071905092,-0.000564953,0.0065930004
2011-05-16,0.0048175223,0.0042223473,0.0048152036
2011-05-17,0.0058539259,0.0058539259,0.0058524864
2011-05-18,-0.011475426,-0.011475426,-0.011477173
2011-05-19,-0.00060149732,0.0020917771,-0.0012049788
2011-05-20,1.984127e-06,-0.00059738802,1.984127e-06
2011-05-23,-0.0033348227,2.3809524e-06,-0.0039348227
2011-05-24,-0.0021062919,-0.0027038389,-0.0021087449
2011-05-25,-0.00022519048,-0.00022519048,-0.00022707286
2011-05-26,0.0019236206,-0.011070539,0.0011786205
2011-05-27,-0.00066268699,-0.00080354864,-0.0011174601
2011-05-31,0.0031073058,0.0026521739,0.003107244
2011-06-01,0.016478486,0.016478486,0.016477556
2011-06-02,-0.011641748,-0.011947371,-0.011652533
2011-06-03,-0.00058610829,0.0076448941,-0.0011738039
2011-06-06,0.00061853367,-0.00058020257,1.8533665e-05
2011-06-07,-0.0037337515,-0.0043326402,-0.0037348629
2011-06-08,-0.0043497164,-0.0043497164,-0.0043530722
2011-06-09,-0.0020390083,0.0079960925,-0.0027429274
2011-06-10,0.0058964326,0.00037500103,0.0053961725
2011-06-13,-0.0043258568,-0.0048237287,-0.0043277642
2011-06-14,-0.015882677,-0.015882677,-0.015883979
2011-06-15,0.021610746,0.021610746,0.021605906
2011-06-16,-0.00059166783,0.0055451837,-0.0011853198
2011-06-17,1.5873016e-06,-0.00059675585,1.5873016e-06
2011-06-20,1.1904762e-06,1.1904762e-06,1.1904762e-06
2011-06-21,1.1904762e-06,1.1904762e-06,1.1904762e-06
2011-06-22,7.9365079e-07,7.9365079e-07,7.9365079e-07
2011-06-23,3.968254e-07,3.968254e-07,3.968254e-07
2011-06-24,7.9365079e-07,7.9365079e-07,7.9365079e-07
2011-06-27,0.0071288482,7.9365079e-07,0.0065288482
2011-06-28,0.018402453,0.017809374,0.018395531
2011-06-29,-0.0036303422,0.011948191,-0.0043593153
2011-06-30,-0.0073191218,-0.0023954502,-0.0077743126
2011-07-01,-0.0050001269,-0.0054530518,-0.0050021999
2011-07-05,0.01257523,0.01257523,0.012573723
2011-07-06,0.0031832401,0.0035379667,0.0031344931
2011-07-07,-0.00054553868,-0.0070735415,-0.0010922678
2011-07-08,1.1904762e-06,-0.0005480864,1.1904762e-06
2011-07-11,-0.015908733,1.1904762e-06,-0.016508733
2011-07-12,-0.0029052727,-0.0034912994,-0.002919246
2011-07-13,-0.0032998452,-0.0032998452,-0.0033024366
2011-07-14,-0.0023440517,0.011419968,-0.0030337482
2011-07-15,0.0077089145,0.00051282233,0.0071953006
2011-07-18,-0.0012330876,-0.0017436479,-0.0012355345
2011-07-19,0.0075796864,0.0075796864,0.007579317
2011-07-20,-0.0098002393,-0.0098002393,-0.0098024966
2011-07-21,-0.00060098411,-0.011079732,-0.0012039523
2011-07-22,1.984127e-06,-0.00060137551,1.984127e-06
2011-07-25,0.0057495139,1.984127e-06,0.0051495139
2011-07-26,-0.0084706647,-0.0090649703,-0.0084763591
2011-07-27,0.0032618414,0.0032618414,0.0032541721
2011-07-28,9.896279e-05,-0.003923863,-0.00062413934
2011-07-29,0.023733349,0.004358993,0.023259539
2011-08-01,0.0072616886,0.0067957084,0.007254597
2011-08-02,0.018421527,0.018421527,0.018419361
2011-08-03,0.001196948,0.0015977987,0.0010902162
2011-08-04,-0.00048680216,0.021402869,-0.00097439798
2011-08-05,0.022525688,-0.00048348737,0.021925688
2011-08-08,-0.031864751,-0.032444389,-0.031885113
2011-08-09,-0.011673621,-0.011673621,-0.011703207
2011-08-10,-0.026477591,-0.026477591,-0.026488176
2011-08-11,-0.00071351066,0.029342951,-0.0013397639
2011-08-12,0.013334025,-0.00053339216,0.012735804
2011-08-15,-0.0074103222,-0.0080043816,-0.0074144447
2011-08-16,0.0091889314,0.0091889314,0.0091866932
2011-08-17,0.013642045,0.014014569,0.013629262
2011-08-18,-0.00058025499,0.010159381,-0.0011609068
2011-08-19,7.9365079e-07,-0.00058082613,7.9365079e-07
2011-08-22,0.003027745,3.968254e-07,0.002427745
2011-08-23,0.0080586494,0.0074619228,0.008055376
2011-08-24,0.019528047,0.021421213,0.019483304
2011-08-25,0.0012022954,-0.011292798,0.00058167636
2011-08-26,0.005898043,0.00030308531,0.0053873022
2011-08-29,-0.013164588,-0.013673603,-0.013166499
2011-08-30,0.013829354,0.013829354,0.013825353
2011-08-31,-0.0043777412,-0.0071635481,-0.0046276887
2011-09-01,-0.00034535585,0.0089334916,-0.00069150536
2011-09-02,7.9365079e-07,-0.00034474685,7.9365079e-07
2011-09-06,7.9365079e-07,7.9365079e-07,7.9365079e-07
2011-09-07,7.9365079e-07,7.9365079e-07,7.9365079e-07
2011-09-08,7.9365079e-07,7.9365079e-07,7.9365079e-07
2011-09-09,3.968254e-07,3.968254e-07,3.968254e-07
2011-09-12,0.0054641441,3.968254e-07,0.0048641441
2011-09-13,0.0058829375,0.0052920027,0.005877903
2011-09-14,-0.00054264167,-0.0011750372,-0.0011931218
2011-09-15,-0.015462804,-0.0020532672,-0.016006602
2011-09-16,0.0038506375,0.0033110163,0.0038460942
2011-09-19,0.016343516,0.016343516,0.016342363
2011-09-20,0.0018430939,0.0026662077,0.0016951477
2011-09-21,-0.00044653971,0.0062381945,-0.00089347624
2011-09-22,0,-0.00044629424,0
2011-09-23,3.968254e-07,3.968254e-07,3.968254e-07
2011-09-26,0.007715906,7.9365079e-07,0.007115906
2011-09-27,0.013293673,0.012701115,0.013286232
2011-09-28,-0.00042412886,-0.00041648177,-0.00050886614
2011-09-29,-0.00058601771,-0.00011476787,-0.0011726097
2011-09-30,0.012124302,0.0011610669,0.011607207
2011-10-03,0.018515468,0.018002496,0.018511722
2011-10-04,-0.010209547,-0.010209547,-0.010215002
2011-10-05,-0.0049905995,-0.0083609916,-0.0052543601
2011-10-06,-0.00033912207,-0.0081390357,-0.00067864096
2011-10-07,3.968254e-07,-0.0003392475,3.968254e-07
2011-10-10,0.020423561,3.968254e-07,0.019823561
2011-10-11,-0.0066745865,-0.0072560353,-0.0066931376
2011-10-12,0.0065742695,0.0067794602,0.0065515869
2011-10-13,9.7668526e-05,-0.007811444,-0.0005345274
2011-10-14,-0.01046029,-0.0015477213,-0.011005436
2011-10-17,0.013084002,0.012541459,0.013080998
2011-10-18,-0.002139277,-0.002139277,-0.0021431528
2011-10-19,0.0020300331,0.0031072552,0.0018550229
2011-10-20,-0.00042416442,-0.0030643365,-0.00084951931
2011-10-21,7.9365079e-07,-0.00042520189,7.9365079e-07
2011-10-24,0.00035198022,7.9365079e-07,-0.00024801978
2011-10-25,-0.017169207,-0.017768332,-0.017170082
2011-10-26,0.012116705,0.014644779,0.012001602
2011-10-27,-0.0038277042,0.02002901,-0.0043995823
2011-10-28,0.011495215,0.0010559664,0.010975468
2011-10-31,0.026821776,0.026306661,0.026818214
2011-11-01,0.023979691,0.023979691,0.023971854
2011-11-02,-0.0028038894,-0.0047892818,-0.0030796493
2011-11-03,-0.00031685913,-0.0052525054,-0.00063411509
2011-11-04,-0.0065952086,-0.00031690145,-0.0071952086
2011-11-07,-0.0023346292,-0.0029292216,-0.0023400369
2011-11-08,0.0089943615,0.0089943615,0.0089922807
2011-11-09,-0.017764257,-0.017764257,-0.017772302
2011-11-10,-0.00064275904,0.0097059015,-0.0012605679
2011-11-11,-0.0098134312,-0.00061644608,-0.010411878
2011-11-14,0.012533797,0.011938141,0.012531007
2011-11-15,-0.0026868796,-0.0026868796,-0.0026905942
2011-11-16,0.0070166136,0.0072919448,0.0069948752
2011-11-17,-0.00057632431,0.0038570172,-0.0011534423
2011-11-18,3.968254e-07,-0.00057759406,3.968254e-07
2011-11-21,-0.0061780538,7.9365079e-07,-0.0067780538
2011-11-22,-0.0056747335,-0.0067354567,-0.005730239
2011-11-23,0.00038392993,-0.0063546609,-0.00026031043
2011-11-25,-0.013228286,-0.0025504978,-0.013738137
2011-11-28,0.00018673628,-0.00031986733,0.00018287184
2011-11-29,-0.0038217423,-0.0038217423,-0.0038217998
2011-11-30,-0.0075929817,-0.011674856,-0.0078152902
2011-12-01,-0.00037903076,-0.00059025204,-0.00075845835
2011-12-02,7.9365079e-07,-0.00037807733,7.9365079e-07
2011-12-05,3.968254e-07,3.968254e-07,3.968254e-07
2011-12-06,3.968254e-07,3.968254e-07,3.968254e-07
2011-12-07,7.9365079e-07,7.9365079e-07,7.9365079e-07
2011-12-08,3.968254e-07,3.968254e-07,3.968254e-07
2011-12-09,3.968254e-07,3.968254e-07,3.968254e-07
2011-12-12,-0.007542271,3.968254e-07,-0.008142271
2011-12-13,-0.0092195706,-0.0098132995,-0.0092258417
2011-12-14,0.00022996448,-0.0084181437,-0.00044295165
2011-12-15,-0.002243815,-0.00085604715,-0.0027790349
2011-12-16,0.0096904735,0.0091555115,0.00968996
2011-12-19,-0.00054019037,0.0068025645,-0.0011327303
2011-12-20,0.0024521801,-0.00073109667,0.0023631992
2011-12-21,-0.00123109,0.00081767667,-0.0014119708
2011-12-22,0.0019775883,0.00022176024,0.0014748465
2011-12-23,-0.0081943946,-0.0086960994,-0.008195137
2011-12-27,0.0011274014,0.0011274014,0.0011249231
2011-12-28,0.0083282976,0.012641058,0.0081331781
2011-12-29,-0.00040286455,0.0014773135,-0.00080652275
2011-12-30,7.9365079e-07,-0.00040357386,7.9365079e-07
2012-01-03,7.9365079e-07,7.9365079e-07,7.9365079e-07
2012-01-04,7.9365079e-07,7.9365079e-07,7.9365079e-07
2012-01-05,7.9365079e-07,7.9365079e-07,7.9365079e-07
2012-01-06,7.9365079e-07,7.9365079e-07,7.9365079e-07
2012-01-09,-0.0010024731,3.968254e-07,-0.0016024731
2012-01-10,0.0039765897,0.0033769317,0.0039762477
2012-01-11,-0.011664385,-0.011664385,-0.011667969
2012-01-12,-0.0011928883,0.0041415224,-0.001876808
2012-01-13,0.0084064868,0.00042312333,0.007879692
2012-01-17,0.0018901714,0.001366396,0.0018875148
2012-01-18,-0.0062430723,-0.0062430723,-0.0062436395
2012-01-19,-0.011511731,-0.011953567,-0.011536965
2012-01-20,-0.00057788063,-0.0066303963,-0.0011577454
2012-01-23,0.0037850038,-0.00057690177,0.0031850038
2012-01-24,-0.0023254522,-0.0029215059,-0.0023293985
2012-01-25,-0.0096046467,-0.0096046467,-0.0096067237
2012-01-26,0.0012078906,-0.010710517,0.00049116903
2012-01-27,0.0055776174,0.00037681375,0.005085999
2012-01-30,0.0068077725,0.0063178056,0.0068059621
2012-01-31,0.0075354129,0.0075354129,0.0075333832
2012-02-01,-0.0056382024,-0.0069473335,-0.0057592797
2012-02-02,-0.00047448299,0.0021226464,-0.00095214059
2012-02-03,0.015223801,-0.00047310646,0.014623801
2012-02-06,-0.0055399273,-0.0061258952,-0.0055539593
2012-02-07,0.012869554,0.012869554,0.012864566
2012-02-08,-0.00097814547,-0.00097814547,-0.00098959781
2012-02-09,-0.00061734839,0.0045605719,-0.0012205303
2012-02-10,0.010672066,-0.00055103629,0.010074383
2012-02-13,-0.0013363917,-0.0019307115,-0.001339736
2012-02-14,0.0041778231,0.0041778231,0.0041774239
2012-02-15,0.0015134586,0.0015134586,0.001512209
2012-02-16,-0.00059557672,-0.0091059542,-0.0011951217
2012-02-17,3.5714286e-06,-0.00059918411,3.5714286e-06
2012-02-21,0.0066291751,3.1746032e-06,0.0060291751
2012-02-22,-0.0078656755,-0.0084592032,-0.0078721477
2012-02-23,-9.2219308e-05,-0.0028792974,-0.00083557283
2012-02-24,0.0010560185,-0.00039069142,0.0005923609
2012-02-27,0.0066519196,0.0061886688,0.0066514632
2012-02-28,0.00094256859,0.00094256859,0.00094058466
2012-02-29,-0.0074503419,-0.0079630651,-0.0074917756
2012-03-01,-0.00055703457,-0.0060757987,-0.0011172438
2012-03-02,2.7777778e-06,-0.00055707086,2.7777778e-06
2012-03-05,3.1746032e-06,3.1746032e-06,3.1746032e-06
2012-03-06,3.1746032e-06,3.1746032e-06,3.1746032e-06
2012-03-07,3.1746032e-06,3.1746032e-06,3.1746032e-06
2012-03-08,3.1746032e-06,3.1746032e-06,3.1746032e-06
2012-03-09,3.5714286e-06,3.5714286e-06,3.5714286e-06
2012-03-12,-4.1255397e-05,3.5714286e-06,-0.0006412554
2012-03-13,0.014320859,0.013721373,0.014320345
2012-03-14,-0.0043703356,0.022883671,-0.0050542273
2012-03-15,-0.0010923777,-0.00076850855,-0.0015965193
2012-03-16,-0.00058652169,-0.0010897538,-0.00058669731
2012-03-19,-0.012279377,-0.012279377,-0.012279552
2012-03-20,0.00097200794,0.00097200794,0.0009682796
2012-03-21,-0.00059613495,0.010186297,-0.0011958413
2012-03-22,3.1746032e-06,-0.00059379919,3.1746032e-06
2012-03-23,3.1746032e-06,3.1746032e-06,3.1746032e-06
2012-03-26,0.0017152362,3.5714286e-06,0.0011152362
2012-03-27,-0.011086068,-0.011683977,-0.011088158
2012-03-28,0.0034532347,0.0034532347,0.0034431593
2012-03-29,0.0011926177,-0.0083380378,0.00045676117
2012-03-30,-0.010291105,-0.0030213449,-0.010751821
2012-04-02,0.0047855071,0.0043270917,0.0047825295
2012-04-03,-0.014711699,-0.014711699,-0.01471313
2012-04-04,0.0095513469,0.010130093,0.0095145108
2012-04-05,-0.00056192471,0.0084083906,-0.001127024
2012-04-09,3.5714286e-06,-0.00056183031,3.5714286e-06
2012-04-10,-0.0099811029,3.5714286e-06,-0.010581103
2012-04-11,0.0077816254,0.0071901363,0.0077731144
2012-04-12,-0.0012590895,0.0039894683,-0.0019391485
2012-04-13,0.011540913,0.001068004,0.011027817
2012-04-16,-0.00057670821,-0.0010857347,-0.00058028238
2012-04-17,-0.0020970554,-0.0020970554,-0.0020972265
2012-04-18,0.0039964276,0.0039964276,0.0039957982
2012-04-19,-0.00059602705,0.0022761442,-0.0011948319
2012-04-20,3.1746032e-06,-0.00059614292,3.1746032e-06
2012-04-23,-0.004601408,3.1746032e-06,-0.005201408
2012-04-24,0.0050995734,0.0045031762,0.0050959706
2012-04-25,0.0024517876,0.0024517876,0.0024472064
2012-04-26,0.00073774985,-0.0066716585,7.8541551e-06
2012-04-27,0.0016153547,-0.00027670798,0.0011477131
2012-04-30,0.0016984699,0.0012312844,0.0016978453
2012-05-01,-0.0036419119,-0.0036419119,-0.0036424219
2012-05-02,0.0034435215,0.0037936257,0.0033945928
2012-05-03,-0.00054771691,-0.00022500244,-0.0010990052
2012-05-04,-0.0085762219,-0.00054943306,-0.0091762219
2012-05-07,0.00054735647,-4.5421366e-05,0.0005401343
2012-05-08,-0.0045443809,-0.0045443809,-0.0045448904
2012-05-09,-0.0017142682,-0.0017142682,-0.0017183645
2012-05-10,-0.00061253167,0.0028096031,-0.0012166795
2012-05-11,0.0059949794,-0.00056736972,0.0053975937
2012-05-14,0.0088267628,0.0082313552,0.0088247969
2012-05-15,0.00055416522,0.00055416522,0.00055153861
2012-05-16,0.0014932101,0.0014932101,0.0014930421
2012-05-17,-0.00059558321,0.0074692712,-0.0011951347
2012-05-18,3.1746032e-06,-0.00059459992,3.1746032e-06
2012-05-21,0.0046034046,3.5714286e-06,0.0040034046
2012-05-22,0.0042775479,0.0036822183,0.0042728774
2012-05-23,-0.0052591274,-0.0052591274,-0.0052629766
2012-05-24,-0.0018090097,0.0042784187,-0.0025616091
2012-05-25,0.0053445194,0.00068718114,0.0048922147
2012-05-29,-0.0016837994,-0.0021339956,-0.0016855294
2012-05-30,0.019041478,0.019041478,0.019040973
2012-05-31,0.0077397822,0.0077613733,0.0077359838
2012-06-01,-0.00059312184,0.017125215,-0.0011890215
2012-06-04,3.1746032e-06,-0.00058999559,3.1746032e-06
2012-06-05,3.1746032e-06,3.1746032e-06,3.1746032e-06
2012-06-06,3.5714286e-06,3.5714286e-06,3.5714286e-06
2012-06-07,3.5714286e-06,3.5714286e-06,3.5714286e-06
2012-06-08,3.5714286e-06,3.5714286e-06,3.5714286e-06
2012-06-11,-0.0059857156,3.5714286e-06,-0.0065857156
2012-06-12,0.01070104,0.010105902,0.010696179
2012-06-13,-0.010611158,-0.010611158,-0.010620702
2012-06-14,-0.001511737,0.0053393416,-0.0022124964
2012-06-15,0.0087524897,0.00072332026,0.0082434461
2012-06-18,-0.00056081785,-0.0010666437,-0.00056357187
2012-06-19,-0.0068300176,-0.0068300176,-0.0068301839
2012-06-20,-0.0040782359,-0.0040782359,-0.0040802979
2012-06-21,-0.00059765535,0.0042610986,-0.0011988821
2012-06-22,3.5714286e-06,-0.00059515424,3.5714286e-06
2012-06-25,-0.01158106,3.968254e-06,-0.01218106
2012-06-26,0.0044155579,0.0038255396,0.0044055761
2012-06-27,-0.002797344,-0.002797344,-0.0028013201
2012-06-28,0.00080561466,-0.0064911263,5.9499946e-05
2012-06-29,-0.0096818,-0.0029548443,-0.010137953
2012-07-02,0.0092718034,0.0088178553,0.009269011
2012-07-03,-0.0049945816,-0.0049945816,-0.0049973396
2012-07-05,0.0052161686,0.005365431,0.0051996476
2012-07-06,-0.00058032414,0.0068259654,-0.0011638229
2012-07-09,-0.0061350927,-0.00057947491,-0.0067350927
2012-07-10,-0.00093630702,-0.0015313096,-0.00094130441
2012-07-11,0.0018224708,0.0018224708,0.0018216436
2012-07-12,0.00012908983,-0.0046044309,-0.00057824725
2012-07-13,-0.0021433561,-0.0010100542,-0.0026342112
2012-07-16,0.0043959526,0.0039053765,0.0043954572
2012-07-17,-0.0051285636,-0.0051285636,-0.005129878
2012-07-18,0.0020133521,0.0020133521,0.0020118072
2012-07-19,-0.00059582425,-0.0029359688,-0.0011952199
2012-07-20,3.5714286e-06,-0.0005973107,3.5714286e-06
2012-07-23,-0.0039004801,3.968254e-06,-0.0045004801
2012-07-24,-0.003846995,-0.0044440255,-0.0038499645
2012-07-25,-0.0011090619,-0.0011090619,-0.0011125241
2012-07-26,-0.0024733244,0.00617846,-0.0032399284
2012-07-27,-0.0148645,-0.0047400176,-0.015299112
2012-07-30,0.0064283051,0.0059977774,0.0064239141
2012-07-31,0.003478251,0.003478251,0.0034763322
2012-08-01,-0.0072998622,-0.0072998622,-0.007300904
2012-08-02,-0.00059863311,0.0047769299,-0.0012008376
2012-08-03,0.009847989,-0.00059500059,0.009247989
2012-08-06,-0.0013121788,-0.0019028613,-0.0013214963
2012-08-07,0.01049762,0.01049762,0.010496457
2012-08-08,0.0027575056,0.0027575056,0.0027481455
2012-08-09,-0.00060267126,0.0014722042,-0.0012029086
2012-08-10,0.0051558824,-0.00057126588,0.0045586107
2012-08-13,-0.0013018664,-0.0018974111,-0.0013035836
2012-08-14,-0.0098274652,-0.0098274652,-0.0098278545
2012-08-15,-0.010061748,-0.010061748,-0.010064724
2012-08-16,-0.00059947577,-0.004873806,-0.001202523
2012-08-17,3.5714286e-06,-0.00059789587,3.5714286e-06
2012-08-20,4.3650794e-06,4.3650794e-06,4.3650794e-06
2012-08-21,4.3650794e-06,4.3650794e-06,4.3650794e-06
2012-08-22,4.3650794e-06,4.3650794e-06,4.3650794e-06
2012-08-23,4.3650794e-06,4.3650794e-06,4.3650794e-06
2012-08-24,3.968254e-06,3.968254e-06,3.968254e-06
2012-08-27,-0.005803381,4.3650794e-06,-0.006403381
2012-08-28,-0.00075673922,-0.0013520414,-0.00076143702
2012-08-29,0.0012847143,0.0012847143,0.0012840477
2012-08-30,0.0001948897,-0.0037136214,-0.00055716764
2012-08-31,0.012478862,0.0025468647,0.012032222
2012-09-04,-0.0045831799,-0.0050256464,-0.0045870091
2012-09-05,-0.0007414641,-0.0007414641,-0.00074284302
2012-09-06,-0.013639805,-0.013639805,-0.013640026
2012-09-07,-0.00059978203,0.0025878442,-0.0012039291
2012-09-10,-0.0015380692,-0.00059525486,-0.0021380692
2012-09-11,0.0036911686,0.003092003,0.0036903343
2012-09-12,0.0098175579,0.0098175579,0.0098142367
2012-09-13,0.00038199233,-0.0058009206,-0.00032168071
2012-09-14,-0.019268928,-0.0042336738,-0.019756289
2012-09-17,0.0041191173,0.0036366323,0.0041133763
2012-09-18,0.0050507628,0.0050507628,0.0050495291
2012-09-19,0.0046644186,0.0046644186,0.0046629094
2012-09-20,-0.00059424035,0.0011129265,-0.0011928458
2012-09-21,4.3650794e-06,-0.00059529969,4.3650794e-06
2012-09-24,-0.0050718479,4.3650794e-06,-0.0056718479
2012-09-25,-0.0074318118,-0.0080277788,-0.0074358448
2012-09-26,-0.0083325153,-0.0083325153,-0.0083392405
2012-09-27,-0.0019155994,0.0042109402,-0.0026857867
2012-09-28,-0.00044148505,-0.00075703165,-0.00087900184
2012-10-01,0.0037078738,0.0032705147,0.0037078738
2012-10-02,-0.0012931687,-0.0012931687,-0.001294278
2012-10-03,0.0020239502,0.0020239502,0.0020235632
2012-10-04,-0.0005954246,-0.0079281818,-0.0011948175
2012-10-05,4.3650794e-06,-0.00059803099,4.3650794e-06
2012-10-08,-0.007113558,4.3650794e-06,-0.007713558
2012-10-09,0.0040553028,0.0034611936,0.0040494119
2012-10-10,-0.0048400238,-0.0048400238,-0.0048436747
2012-10-11,-0.00037057437,-0.0018667448,-0.0010859135
2012-10-12,-0.00030760086,-0.00067554281,-0.00079656011
2012-10-15,0.00055154323,6.2581503e-05,0.00055148752
2012-10-16,-0.0094353772,-0.0094353772,-0.0094355439
2012-10-17,-0.012638395,-0.012638395,-0.012641251
2012-10-18,-0.00059986957,-0.0035598933,-0.0012037074
2012-10-19,3.968254e-06,-0.00059710117,3.968254e-06
2012-10-22,0.0061018769,3.968254e-06,0.0055018769
2012-10-23,-0.0095608351,-0.010154833,-0.0095668372
2012-10-24,0.0042634693,0.0042634693,0.0042547968
2012-10-25,-0.002635269,0.0072637311,-0.0033868868
2012-10-26,0.012286867,0.0025532691,0.01184205
2012-10-31,0.0081817054,0.0077414097,0.0081779325
2012-11-01,-0.00059399158,-0.0039970449,-0.0011915546
2012-11-02,-0.0022874213,-0.00059763068,-0.0028874213
2012-11-05,-0.004843296,-0.0054417866,-0.0048448054
2012-11-06,0.0090668033,0.0090668033,0.0090624342
2012-11-07,-0.016780057,-0.016780057,-0.016788158
2012-11-08,-0.00057158205,-0.0088918859,-0.0011898147
2012-11-09,-0.00041628467,-0.00060651548,-0.0010133804
2012-11-12,0.0012836841,0.00068663122,0.0012836288
2012-11-13,0.0023839679,0.0023839679,0.0023835822
2012-11-14,0.00054625408,0.00054625408,0.00054553917
2012-11-15,-0.00059666021,-0.00092226889,-0.001196495
2012-11-16,2.3809524e-06,-0.00059789498,2.3809524e-06
2012-11-19,3.5714286e-06,3.5714286e-06,3.5714286e-06
2012-11-20,3.1746032e-06,3.1746032e-06,3.1746032e-06
2012-11-21,3.968254e-06,3.968254e-06,3.968254e-06
2012-11-23,3.968254e-06,3.968254e-06,3.968254e-06
2012-11-26,-0.0039397452,3.968254e-06,-0.0045397452
2012-11-27,-0.0046307675,-0.0052277624,-0.0046337725
2012-11-28,-0.0025951061,-0.0025951061,-0.0025992797
2012-11-29,-0.00021749054,-0.0020397789,-0.00098123235
2012-11-30,-0.00080875211,-0.00086052396,-0.001247262
2012-12-03,-0.00079527153,-0.0012337604,-0.00079538169
2012-12-04,0.0034924096,0.0034924096,0.0034921721
2012-12-05,0.0016509675,0.0016509675,0.0016499222
2012-12-06,-0.00059553577,0.0010960685,-0.0011950398
2012-12-07,3.5714286e-06,-0.00059609877,3.5714286e-06
2012-12-10,-0.002453002,3.5714286e-06,-0.003053002
2012-12-11,0.0038452434,0.0032469024,0.0038435844
2012-12-12,0.0084569203,0.0084569203,0.0084534586
2012-12-13,-0.0014816868,0.0038639637,-0.0021931933
2012-12-14,0.0039684407,0.00016869741,0.0034873716
2012-12-17,-0.0073011927,-0.011026891,-0.0074954944
2012-12-18,-0.0078421088,-0.005463864,-0.008025147
2012-12-19,0.0027883505,0.0025595382,0.0027787279
2012-12-20,0.0013015369,0.0012897398,0.0013006993
2012-12-21,0.0054011916,0.0054011916,0.0054008007
2012-12-24,-0.0020482092,-0.0020482092,-0.0020498217
2012-12-26,0.0041123667,0.0041123667,0.0041117522
2012-12-27,-0.00059559549,0.0040855833,-0.0011943656
2012-12-28,3.968254e-07,-0.00059838118,3.968254e-07
2012-12-31,1.984127e-06,1.984127e-06,1.984127e-06
2013-01-02,3.1746032e-06,3.1746032e-06,3.1746032e-06
2013-01-03,3.1746032e-06,3.1746032e-06,3.1746032e-06
2013-01-04,2.7777778e-06,2.7777778e-06,2.7777778e-06
2013-01-07,-0.0017419544,2.7777778e-06,-0.0023419544
2013-01-08,-0.0048960567,-0.0054950417,-0.0048970716
2013-01-09,-0.001145154,-0.001145154,-0.0011495671
2013-01-10,-0.0019044234,0.0057829931,-0.0026277503
2013-01-11,0.0059005184,0.00058537126,0.0054226222
2013-01-14,-0.00075363438,-0.0012291872,-0.0007555366
2013-01-15,0.0048621951,0.0048621951,0.0048619704
2013-01-16,0.0026081058,0.0026081058,0.0026066531
2013-01-17,-0.00059644044,-0.0091389001,-0.0011956587
2013-01-18,3.1746032e-06,-0.00059959127,3.1746032e-06
2013-01-22,3.1746032e-06,3.1746032e-06,3.1746032e-06
2013-01-23,3.1746032e-06,3.1746032e-06,3.1746032e-06
2013-01-24,3.1746032e-06,3.1746032e-06,3.1746032e-06
2013-01-25,3.1746032e-06,3.1746032e-06,3.1746032e-06
2013-01-28,0.0035231707,2.7777778e-06,0.0029231707
2013-01-29,0.0029960574,0.0023997668,0.002992348
2013-01-30,-0.00043043124,-0.0011493335,-0.0012150391
2013-01-31,0.0012830814,-0.00025703421,0.00087043463
2013-02-01,-0.0067972044,-0.0072093225,-0.0067977131
2013-02-04,0.011547574,0.011547574,0.011545522
2013-02-05,-0.0071608718,-0.0071608718,-0.007164298
2013-02-06,-0.00059938409,0.0060421276,-0.001201546
2013-02-07,2.7777778e-06,-0.00059541901,2.7777778e-06
2013-02-08,-0.0021235363,2.7777778e-06,-0.0027235363
2013-02-11,0.0020565189,0.0014578782,0.0020551596
2013-02-12,0.0020569951,0.0020569951,0.002055135
2013-02-13,0.0069628734,0.0069628734,0.0069610125
2013-02-14,-0.00053888906,-0.0085313885,-0.0011364871
2013-02-15,-0.0024832851,-0.00061967646,-0.0030794356
2013-02-19,-0.0032132028,-0.0038088069,-0.0032137688
2013-02-20,0.004340552,0.004340552,0.0043395865
2013-02-21,0.0039524911,0.0039524911,0.0039511928
2013-02-22,-0.00059365827,0.0024382866,-0.0011924753
2013-02-25,-0.016016676,-0.0005945065,-0.016616676
2013-02-26,0.0037069374,0.0031210208,0.0036928539
2013-02-27,-0.0010880409,0.00092117451,-0.0018773513
2013-02-28,0.0023925554,0.00011017869,0.0019851764
2013-03-01,0.004984741,0.0045783298,0.0049839021
2013-03-04,-0.0046664085,-0.0046664085,-0.0046678981
2013-03-05,-0.0020591861,-0.0020591861,-0.0020605908
2013-03-06,-0.0005966494,-0.0063642153,-0.001197267
2013-03-07,3.968254e-06,-0.00059795185,3.968254e-06
2013-03-08,3.968254e-06,3.968254e-06,3.968254e-06
2013-03-11,-0.0015590821,3.968254e-06,-0.0021590821
2013-03-12,-0.0054990916,-0.0060982384,-0.0054999449
2013-03-13,0.0016788542,0.0016788542,0.0016738893
2013-03-14,-0.0006034916,-0.00057805105,-0.0013264206
2013-03-15,0.0065089539,0.00072660887,0.0060334281
2013-03-18,0.0065793885,0.0061061781,0.0065773066
2013-03-19,0.0061821969,0.0061821969,0.0061802346
2013-03-20,-0.0076697028,-0.0076697028,-0.0076715475
2013-03-21,-0.00059953951,0.0052502065,-0.0012018568
2013-03-22,2.7777778e-06,-0.00059565387,2.7777778e-06
2013-03-25,-0.0021108349,3.1746032e-06,-0.0027108349
2013-03-26,-0.0020750953,-0.0026737464,-0.0020764442
2013-03-27,-0.0086060418,-0.0086060418,-0.0086078981
2013-03-28,-0.0019571983,0.0036955788,-0.0027526081
2013-04-01,0.0049009073,0.00087933349,0.0044883873
2013-04-02,-0.0039129504,-0.0043235664,-0.0039145369
2013-04-03,0.0083863489,0.0083863489,0.0083851717
2013-04-04,0.0079792631,0.0079792631,0.0079767671
2013-04-05,-0.00059484584,0.0062826567,-0.0011924694
2013-04-08,0.0058378072,-0.00059534767,0.0052378072
2013-04-09,-0.00076268657,-0.0013569159,-0.00076845729
2013-04-10,0.0083033783,0.0083033783,0.0083027116
2013-04-11,-0.0002434742,-0.0022505676,-0.00096414905
2013-04-12,0.010652694,0.0016468578,0.010180876
2013-04-15,0.0044202599,0.0039520692,0.0044169585
2013-04-16,-0.0057082303,-0.0057082303,-0.0057095522
2013-04-17,0.0036883756,0.0036883756,0.0036866544
2013-04-18,-0.0005969122,0.0011011689,-0.0011958085
2013-04-19,1.984127e-06,-0.00059768496,1.984127e-06
2013-04-22,-0.0017221138,1.984127e-06,-0.0023221138
2013-04-23,0.0012702886,0.00067128354,0.0012692937
2013-04-24,-0.00093923409,-0.00093923409,-0.00094039282
2013-04-25,-0.0014812638,0.002190915,-0.0022702713
2013-04-26,0.0067754558,0.0014693333,0.0063635558
2013-04-29,-0.00073832753,-0.001147757,-0.00074046894
2013-04-30,-0.00037095787,-0.00037095787,-0.00037117829
2013-05-01,0.006530237,0.006530237,0.0065301263
2013-05-02,-0.00059606877,-3.9312257e-06,-0.0011941217
2013-05-03,0.016438299,-0.00059801587,0.015838299
2013-05-06,0.0025565692,0.0019716623,0.0025414761
2013-05-07,0.0027568008,0.0027568008,0.0027544752
2013-05-08,-0.0024339033,-0.0024339033,-0.0024363968
2013-05-09,-0.00060620267,0.00035049009,-0.001211834
2013-05-10,-0.011900074,-0.00066663021,-0.01249662
2013-05-13,-0.0035457058,-0.0041388408,-0.0035491351
2013-05-14,-0.0080308559,-0.0080308559,-0.0080319218
2013-05-15,0.0052445187,0.0052445187,0.0052420908
2013-05-16,-0.00059724318,0.0095302816,-0.0011956768
2013-05-17,1.5873016e-06,-0.00059557979,1.5873016e-06
2013-05-20,1.984127e-06,1.984127e-06,1.984127e-06
2013-05-21,1.5873016e-06,1.5873016e-06,1.5873016e-06
2013-05-22,1.5873016e-06,1.5873016e-06,1.5873016e-06
2013-05-23,1.984127e-06,1.984127e-06,1.984127e-06
2013-05-24,1.5873016e-06,1.5873016e-06,1.5873016e-06
2013-05-28,0.022873551,1.984127e-06,0.022273551
2013-05-29,-0.0082157157,-0.0087950587,-0.0082363727
2013-05-30,-0.00071544322,-0.00021608797,-0.0014818901
2013-05-31,-0.0059345741,-0.002214082,-0.0063755403
2013-06-03,0.0028860136,0.0024464916,0.0028843569
2013-06-04,-0.0051280108,-0.0051280108,-0.0051288752
2013-06-05,0.0097044821,0.0097044821,0.0097029365
2013-06-06,-0.00059513147,0.0024579603,-0.0011922471
2013-06-07,1.5873016e-06,-0.00059767566,1.5873016e-06
2013-06-10,0.0043386375,1.984127e-06,0.0037386375
2013-06-11,-0.0049911046,-0.0055866658,-0.0049955435
2013-06-12,0.0089382967,0.0089382967,0.0089338024
2013-06-13,0.001931423,-0.015158313,0.0012352849
2013-06-14,0.0021622766,-0.00025508296,0.0016669207
2013-06-17,-0.0047479944,-0.0052429772,-0.0047487902
2013-06-18,-0.0011447236,-0.0011447236,-0.0011461539
2013-06-19,-0.02742468,-0.02742468,-0.027425023
2013-06-20,-0.00060647454,-0.0090832733,-0.0012149332
2013-06-21,1.984127e-06,-0.00060076264,1.984127e-06
2013-06-24,0.0042834968,2.3809524e-06,0.0036834968
2013-06-25,0.0023357965,0.0017401851,0.0023314079
2013-06-26,-0.0080840341,-0.0080840341,-0.0080861503
2013-06-27,0.0015850336,-0.010802254,0.0008485586
2013-06-28,-0.0028117999,-0.0012417222,-0.0032822472
2013-07-01,0.00075918924,0.00028896396,0.00075848566
2013-07-02,0.00078025741,0.00078025741,0.00078002914
2013-07-03,-0.0034662783,-0.0039068639,-0.0035458569
2013-07-05,-0.00051934767,-0.029253173,-0.0010402826
2013-07-08,-0.012357284,-0.000524819,-0.012957284
2013-07-09,-0.0033926191,-0.0039819281,-0.0034033101
2013-07-10,0.0070865313,0.0070865313,0.0070834945
2013-07-11,0.0019461532,-0.020040749,0.0012740536
2013-07-12,-0.0020915031,-0.00090080724,-0.0026124726
2013-07-15,0.0062808748,0.005759753,0.0062804034
2013-07-16,0.00097421799,0.00097421799,0.00097234488
2013-07-17,0.0087600849,0.0088032351,0.0087575869
2013-07-18,-0.00059343652,-0.0093077011,-0.0011880635
2013-07-19,1.1904762e-06,-0.00059881047,1.1904762e-06
2013-07-22,-0.00042429423,1.5873016e-06,-0.0010242942
2013-07-23,0.0023126618,0.001712837,0.0023124865
2013-07-24,0.013426249,0.013426249,0.013424153
2013-07-25,-0.00015785688,-0.0029741372,-0.00085605665
2013-07-26,0.0012747515,-0.00038791246,0.0007849968
2013-07-29,-0.0041131459,-0.0046024127,-0.0041136746
2013-07-30,-0.00059060436,-0.00059060436,-0.00059184288
2013-07-31,0.00086158588,0.0013710643,0.00070621105
2013-08-01,-0.00044306709,-0.013241503,-0.00088772147
2013-08-02,-0.017656485,-0.0004451343,-0.018256485
2013-08-05,0.006252727,0.0056683265,0.0062371275
2013-08-06,-0.00061591462,-0.00061591462,-0.00062153685
2013-08-07,-0.0073056238,-0.0073056238,-0.0073061563
2013-08-08,-0.00059710607,-0.0029694881,-0.0012056392
2013-08-09,0.00077087367,-0.00059821173,0.00017280291
2013-08-12,-0.0039196905,-0.004517352,-0.0039201012
2013-08-13,-0.018056732,-0.018056732,-0.018057912
2013-08-14,0.0017742029,0.0017742029,0.0017686874
2013-08-15,-0.00059748231,-0.011082028,-0.0011969488
2013-08-16,1.984127e-06,-0.00060137697,1.984127e-06
2013-08-19,2.3809524e-06,2.3809524e-06,2.3809524e-06
2013-08-20,1.5873016e-06,1.5873016e-06,1.5873016e-06
2013-08-21,1.5873016e-06,1.5873016e-06,1.5873016e-06
2013-08-22,1.1904762e-06,1.1904762e-06,1.1904762e-06
2013-08-23,1.1904762e-06,1.1904762e-06,1.1904762e-06
2013-08-26,-0.0046138018,1.5873016e-06,-0.0052138018
2013-08-27,-0.011384169,-0.01198056,-0.011387779
2013-08-28,0.0080972067,0.0080972067,0.0080868627
2013-08-29,-2.2176628e-05,-0.0020195201,-0.00086099917
2013-08-30,-0.0041329138,-0.0023970715,-0.0044867913
2013-09-03,-0.011352622,-0.01170549,-0.01135376
2013-09-04,-0.0066249025,-0.0066249025,-0.0066283468
2013-09-05,-0.011158319,-0.015301226,-0.011329417
2013-09-06,-0.00043156251,0.0085670595,-0.00086391868
2013-09-09,-0.0046525188,-0.00042897401,-0.0052525188
2013-09-10,0.0092294372,0.0086330799,0.0092257946
2013-09-11,-0.010137828,-0.010137828,-0.010146081
2013-09-12,-0.0006517059,-0.00023102123,-0.0013250114
2013-09-13,0.0020783777,-0.00038458397,0.001542498
2013-09-16,0.0044175573,0.0038825208,0.004416775
2013-09-17,0.0040069882,0.0040069882,0.0040056683
2013-09-18,0.023144761,0.024798804,0.023106829
2013-09-19,-0.00055456333,-0.0064965279,-0.0011095235
2013-09-20,3.968254e-07,-0.0005621714,3.968254e-07
2013-09-23,-0.0081480006,7.9365079e-07,-0.0087480006
2013-09-24,-0.0073289629,-0.0079221376,-0.0073357882
2013-09-25,-0.0055314849,-0.0055314849,-0.0055381038
2013-09-26,-0.0026278668,0.0042840475,-0.0034799004
2013-09-27,0.0023958602,0.000289153,0.0020428191
2013-09-30,0.0033343242,0.0029822598,0.0033335015
2013-10-01,-0.0044546227,-0.0044546227,-0.0044556202
2013-10-02,0.0023494596,0.0033409146,0.0021971908
2013-10-03,-0.00044751049,0.0019049598,-0.00089621147
2013-10-04,1.1904762e-06,-0.00044757677,1.1904762e-06
2013-10-07,-0.0023887612,1.1904762e-06,-0.0029887612
2013-10-08,0.00096103158,0.00036262607,0.00095943709
2013-10-09,0.0035183239,0.0035183239,0.0035174423
2013-10-10,-0.0011566684,0.004308139,-0.001821829
2013-10-11,0.0024227763,-0.00032515181,0.0018909948
2013-10-14,-0.0067014042,-0.0072321088,-0.0067022889
2013-10-15,0.00038774254,0.00038774254,0.00038571979
2013-10-16,0.0096773372,0.0096773372,0.0096772187
2013-10-17,-0.0005951393,0.011399747,-0.0011922627
2013-10-18,1.5873016e-06,-0.0005950299,1.5873016e-06
2013-10-21,1.5873016e-06,1.5873016e-06,1.5873016e-06
2013-10-22,1.5873016e-06,1.5873016e-06,1.5873016e-06
2013-10-23,1.5873016e-06,1.5873016e-06,1.5873016e-06
2013-10-24,1.1904762e-06,1.1904762e-06,1.1904762e-06
2013-10-25,1.5873016e-06,1.5873016e-06,1.5873016e-06
2013-10-28,0.00132013,1.5873016e-06,0.00072013005
2013-10-29,-0.0027393466,-0.0033376047,-0.0027410885
2013-10-30,-0.0016952497,0.0052150652,-0.0024101447
2013-10-31,-0.002821984,-0.0011439068,-0.0033097266
2013-11-01,-0.011094686,-0.011581625,-0.011095388
2013-11-04,0.0039145334,0.0039145334,0.0039111684
2013-11-05,-0.0084036198,-0.0090025897,-0.0084450474
2013-11-06,-0.00055758705,0.0056137922,-0.0011171582
2013-11-07,1.984127e-06,-0.00055396801,1.984127e-06
2013-11-08,0.021857827,2.3809524e-06,0.021257827
2013-11-11,0.00095130738,0.00037108982,0.00093152493
2013-11-12,0.0017650409,0.0017650409,0.0017641528
2013-11-13,-0.0083294715,-0.0083294715,-0.0083310708
2013-11-14,-0.00082362918,-0.0096793195,-0.0014166776
2013-11-15,-0.0021869413,-0.00055361403,-0.0028015112
2013-11-18,0.0070632885,0.0064492753,0.007062817
2013-11-19,-0.0074386505,-0.0074386505,-0.0074407558
2013-11-20,-0.011000781,-0.011000781,-0.011003028
2013-11-21,-0.0006005575,0.001770886,-0.0012038928
2013-11-22,2.7777778e-06,-0.00059669007,2.7777778e-06
2013-11-25,-0.0021871998,3.1746032e-06,-0.0027871998
2013-11-26,-0.0043407666,-0.0049393488,-0.0043421845
2013-11-27,-0.0016447992,0.0044916222,-0.0023710947
2013-11-29,-0.0016599864,-0.00095759551,-0.0021377629
2013-12-02,-0.0085919072,-0.0090692085,-0.0085922616
2013-12-03,0.0035569197,0.0035569197,0.0035543205
2013-12-04,-0.008809936,-0.0090873656,-0.0088283301
2013-12-05,-0.00058064783,-0.0048235094,-0.0011636766
2013-12-06,2.3809524e-06,-0.00057951303,2.3809524e-06
2013-12-09,-0.0030013347,2.7777778e-06,-0.0036013347
2013-12-10,-0.0083522085,-0.0089500561,-0.0083543609
2013-12-11,0.0076829131,0.0076829131,0.0076753489
2013-12-12,-0.0014807884,0.0057338498,-0.0021578873
2013-12-13,0.0024664401,-0.00025896579,0.0019502472
2013-12-16,-0.00081007396,-0.0015118868,-0.0010875477
2013-12-17,0.00010117478,0.0031307092,-0.00018423316
2013-12-18,0.0016232223,-0.00073761968,0.0014430492
2013-12-19,-0.0023037189,0.0018206791,-0.0025916118
2013-12-20,0.0057346085,0.0012087655,0.0052791526
2013-12-23,-0.0063772992,-0.0068303635,-0.0063791456
2013-12-24,-0.0077952512,-0.0077952512,-0.0077971752
2013-12-26,-0.0017320846,-0.0017320846,-0.0017344402
2013-12-27,-0.0005977412,-0.0012104216,-0.0011982602
2013-12-30,2.7777778e-06,-0.0005975848,2.7777778e-06
2013-12-31,2.7777778e-06,2.7777778e-06,2.7777778e-06
2014-01-02,2.7777778e-06,2.7777778e-06,2.7777778e-06
2014-01-03,2.7777778e-06,2.7777778e-06,2.7777778e-06
2014-01-06,-0.0062432195,1.984127e-06,-0.0068432195
2014-01-07,-0.0032284206,-0.0038233291,-0.003233512
2014-01-08,0.00977925,0.00977925,0.0097763569
2014-01-09,9.3310061e-05,-0.0052534169,-0.00058660811
2014-01-10,0.01632454,0.0017958611,0.015813355
2014-01-13,0.005757551,0.0052516958,0.0057525834
2014-01-14,-0.0075359863,-0.0075359863,-0.0075377055
2014-01-15,-0.0017937153,-0.0017937153,-0.0017959922
2014-01-16,-0.00059895062,0.0055732942,-0.0011994885
2014-01-17,1.984127e-06,-0.00059635252,1.984127e-06
2014-01-21,1.5873016e-06,1.5873016e-06,1.5873016e-06
2014-01-22,1.5873016e-06,1.5873016e-06,1.5873016e-06
2014-01-23,1.5873016e-06,1.5873016e-06,1.5873016e-06
2014-01-24,1.5873016e-06,1.5873016e-06,1.5873016e-06
2014-01-27,0.0054819723,1.984127e-06,0.0048819723
2014-01-28,-0.002985748,-0.0035802914,-0.0029912045
2014-01-29,-0.0094776932,-0.0094776932,-0.0094803673
2014-01-30,0.0019312031,0.0019312031,0.0019226115
2014-01-31,0.0066539617,-0.0078761839,0.0054557233
2014-02-03,0.010868013,0.0096632272,0.010865676
2014-02-04,-0.0060467782,-0.0060467782,-0.0060500048
2014-02-05,-0.0072349464,-0.0072349464,-0.0072367698
2014-02-06,-0.00059940712,-0.0037297991,-0.001201592
2014-02-07,-0.0059188866,-0.00059794703,-0.0065188866
2014-02-10,-0.00099993691,-0.0015951373,-0.0010047365
2014-02-11,0.0087952882,0.0087952882,0.0087944057
2014-02-12,0.004695756,0.004695756,0.0046878926
2014-02-13,-0.00085461184,-0.009489966,-0.0014328265
2014-02-14,-0.0019923164,-0.00055070119,-0.0026099604
2014-02-18,0.0049075719,0.0042904414,0.0049071592
2014-02-19,-0.0039227204,-0.0039227204,-0.0039241862
2014-02-20,-0.0021616284,-0.0021616284,-0.0021628087
2014-02-21,-0.00059866481,0.0025517436,-0.0011993138
2014-02-24,0.0013447413,-0.00059725151,0.00074474129
2014-02-25,-0.006896361,-0.0074945982,-0.0068981239
2014-02-26,-0.0058978712,-0.0058978712,-0.0059041031
2014-02-27,-0.00018078932,-0.0023662038,-0.00093206076
2014-02-28,-0.0024057212,-0.0012213436,-0.0028596797
2014-03-03,0.0098904347,0.0094369015,0.0098898487
2014-03-04,-0.015374397,-0.015374397,-0.015377336
2014-03-05,0.0021505203,0.0021505203,0.0021458375
2014-03-06,-0.00059736999,-0.0086204842,-0.0011967241
2014-03-07,2.3809524e-06,-0.00060022688,2.3809524e-06
2014-03-10,-0.0027918502,1.984127e-06,-0.0033918502
2014-03-11,-0.0019918799,-0.0025899191,-0.0019938408
2014-03-12,-0.007904917,-0.007904917,-0.0079066954
2014-03-13,0.0010283307,-0.011805685,0.00033348627
2014-03-14,-0.00031709447,-0.00066824851,-0.00082903826
2014-03-17,-0.0080064104,-0.0085186539,-0.0080064694
2014-03-18,0.0048963158,0.0048963158,0.0048938952
2014-03-19,-0.018575582,-0.018575582,-0.018577045
2014-03-20,-0.000603296,0.00038667508,-0.001208973
2014-03-21,2.3809524e-06,-0.00059750067,2.3809524e-06
2014-03-24,-0.0014061004,2.3809524e-06,-0.0020061004
2014-03-25,0.0011625168,0.00056322783,0.0011618057
2014-03-26,-0.0084867961,-0.0084867961,-0.0084878578
2014-03-27,-0.00030526961,-0.0019874039,-0.0010459194
2014-03-28,-0.0075214433,-0.0022968118,-0.0079884071
2014-03-31,0.00019295231,-0.00027221462,0.00019082141
2014-04-01,-0.0041386544,-0.0041386544,-0.0041387135
2014-04-02,-0.0086859183,-0.0086859183,-0.0086871645
2014-04-03,-0.00060183433,0.0013848004,-0.0012044623
2014-04-04,1.1904762e-06,-0.00059839363,1.1904762e-06
2014-04-07,-0.0053447316,1.1904762e-06,-0.0059447316
2014-04-08,-0.0027753968,-0.0033711246,-0.002779669
2014-04-09,0.00056697954,0.00056697954,0.00056449691
2014-04-10,0.00048851078,-0.0084564386,-0.00019416929
2014-04-11,0.0035843561,-0.0001207785,0.0030678189
2014-04-14,-0.0031213518,-0.0036367934,-0.0031225775
2014-04-15,0.0023395856,0.0023395856,0.0023386471
2014-04-16,-0.0031230325,-0.0031230325,-0.0031237335
2014-04-17,-0.00059974868,-0.011332111,-0.0012006878
2014-04-21,1.5873016e-06,-0.00060185064,1.5873016e-06
2014-04-22,0.00016477851,1.1904762e-06,-0.00043522149
2014-04-23,-0.0051330231,-0.0057323171,-0.005133729
2014-04-24,-0.00087830378,0.00055970326,-0.0016213804
2014-04-25,0.002281963,-0.00010392497,0.0018203943
2014-04-28,-0.0029393366,-0.00339996,-0.0029401577
2014-04-29,0.0017642243,0.0017642243,0.0017633406
2014-04-30,0.0052899219,0.0052899219,0.0052893931
2014-05-01,-0.00059723039,0.0057561917,-0.0011956513
2014-05-02,-0.0035494436,-0.00059748855,-0.0041494436
2014-05-05,0.0011470074,0.00054965032,0.0011443644
2014-05-06,-0.0023626334,-0.0023626334,-0.0023636851
2014-05-07,-0.0015817495,-0.0015817495,-0.0015838616
2014-05-08,-0.00067882507,-0.0021647628,-0.001250084
2014-05-09,-0.0021882827,-0.0004934463,-0.002818465
2014-05-12,-0.0052576397,-0.0058872928,-0.0052581075
2014-05-13,0.0078044172,0.0078044172,0.0078028321
2014-05-14,0.0091359143,0.0091359143,0.0091335903
2014-05-15,-0.00059609253,0.0071579456,-0.0011933755
2014-05-16,1.1904762e-06,-0.00059667625,1.1904762e-06
2014-05-19,1.1904762e-06,1.1904762e-06,1.1904762e-06
2014-05-20,1.1904762e-06,1.1904762e-06,1.1904762e-06
2014-05-21,1.5873016e-06,1.5873016e-06,1.5873016e-06
2014-05-22,1.1904762e-06,1.1904762e-06,1.1904762e-06
2014-05-23,1.5873016e-06,1.5873016e-06,1.5873016e-06
2014-05-27,-0.0011993477,1.5873016e-06,-0.0017993477
2014-05-28,-0.011020986,-0.011620463,-0.011021508
2014-05-29,-0.0013734012,0.0024671442,-0.0021315025
2014-05-30,-0.001989856,-0.0011242203,-0.0024418598
2014-06-02,-0.0091545312,-0.0096060374,-0.0091549928
2014-06-03,-0.010068427,-0.010068427,-0.010071198
2014-06-04,-0.0015603024,-0.0015603024,-0.0015633524
2014-06-05,-0.00059888013,0.0029166458,-0.0011993476
2014-06-06,1.5873016e-06,-0.00059753964,1.5873016e-06
2014-06-09,0.002299828,1.5873016e-06,0.001699828
2014-06-10,0.0034855128,0.0028881321,0.0034828934
2014-06-11,-0.0027557113,-0.0027557113,-0.0027588567
2014-06-12,0.00034567367,-0.0078167728,-0.0003357595
2014-06-13,-0.0044044009,-0.0011957802,-0.0049252081
2014-06-16,-2.7564421e-06,-0.00052273403,-3.9255826e-06
2014-06-17,-0.0083667753,-0.0083667753,-0.0083667753
2014-06-18,0.010544182,0.010544182,0.010541651
2014-06-19,-0.00059607501,-0.0050559085,-0.0011929437
2014-06-20,7.9365079e-07,-0.00060072964,7.9365079e-07
2014-06-23,0.00074112125,1.1904762e-06,0.00014112125
2014-06-24,-0.008200098,-0.0087988744,-0.0082013216
2014-06-25,-0.0019666968,-0.0019666968,-0.0019741183
2014-06-26,0.00062271316,-0.0052513215,-0.00013759794
2014-06-27,-0.00044243267,-0.00076273353,-0.00088367487
2014-06-30,0.0015446831,0.0011032457,0.0015446831
2014-07-01,-0.0065392114,-0.0065392114,-0.0065396745
2014-07-02,-0.0081553515,-0.0081553515,-0.0081573258
2014-07-03,-0.00060206905,-0.0040943653,-0.0012045349
2014-07-07,1.5873016e-06,-0.00059964519,1.5873016e-06
2014-07-08,-0.0097766285,1.1904762e-06,-0.010376629
2014-07-09,-0.00041599703,-0.0010076801,-0.00042431393
2014-07-10,-0.00013975037,-0.0042873095,-0.00081539589
2014-07-11,0.0027623805,-0.00026596229,0.0022377974
2014-07-14,-0.004444012,-0.0049676395,-0.0044449951
2014-07-15,-0.0017437553,-0.0017437553,-0.0017450938
2014-07-16,0.0029048946,0.0029048946,0.0029043712
2014-07-17,-0.00059833701,0.011606511,-0.0011974677
2014-07-18,7.9365079e-07,-0.00059576386,7.9365079e-07
2014-07-21,1.1904762e-06,1.1904762e-06,1.1904762e-06
2014-07-22,1.1904762e-06,1.1904762e-06,1.1904762e-06
2014-07-23,1.1904762e-06,1.1904762e-06,1.1904762e-06
2014-07-24,1.1904762e-06,1.1904762e-06,1.1904762e-06
2014-07-25,1.1904762e-06,1.1904762e-06,1.1904762e-06
2014-07-28,0.0016901532,1.5873016e-06,0.0010901532
2014-07-29,-0.0027208134,-0.0033187399,-0.0027228869
2014-07-30,-0.0043208443,0.014027786,-0.0050756079
2014-07-31,-0.0010308573,-0.00088689872,-0.0014790565
2014-08-01,0.011769744,0.011322227,0.01176957
2014-08-04,0.0011544984,0.0011544984,0.0011510082
2014-08-05,0.00096220882,0.00096220882,0.00096186135
2014-08-06,-0.00059852068,0.0017352631,-0.0011982318
2014-08-07,1.1904762e-06,-0.0005982894,1.1904762e-06
2014-08-08,0.0011065949,1.1904762e-06,0.00050659488
2014-08-11,0.00093968894,0.00034124041,0.00093813747
2014-08-12,0.0028603732,0.0028603732,0.0028595098
2014-08-13,-0.0065631871,-0.0065631871,-0.0065657729
2014-08-14,-0.00093333423,-0.0040519971,-0.0014820049
2014-08-15,0.0073800493,-0.0013143304,0.0067226565
2014-08-18,-0.0062947776,-0.006949915,-0.00629717
2014-08-19,-0.0021060666,-0.0021060666,-0.0021079659
2014-08-20,-0.0059356591,-0.0059356591,-0.0059362913
2014-08-21,-0.00060099701,0.0042205178,-0.0012027877
2014-08-22,1.1904762e-06,-0.00059754792,1.1904762e-06
2014-08-25,-0.0021520222,1.5873016e-06,-0.0027520222
2014-08-26,0.0003620525,-0.00023656571,0.0003606707
2014-08-27,-0.0055719586,-0.0055719586,-0.0055723038
2014-08-28,-9.7751983e-05,-0.0026996298,-0.00084932728
2014-08-29,-0.00026498878,-0.00070205658,-0.00071833853
2014-09-02,-0.012775957,-0.013229343,-0.012776014
2014-09-03,0.0028762848,0.0028762848,0.0028724028
2014-09-04,-0.0071031214,-0.0071031214,-0.0071039833
2014-09-05,-0.00060095508,0.00057438897,-0.0012031006
2014-09-08,0.0014977031,-0.00059903313,0.00089770315
2014-09-09,0.0046026154,0.0040045186,0.0046007122
2014-09-10,0.0049988629,0.0049988629,0.0049947187
2014-09-11,-0.00096182635,0.0024921306,-0.0016279349
2014-09-12,-0.0080939523,-0.0015578352,-0.0086234124
2014-09-15,0.0036967199,0.0031694098,0.0036944335
2014-09-16,-0.00058668455,-0.00058668455,-0.0005877904
2014-09-17,-0.0050533419,-0.0050533419,-0.0050535174
2014-09-18,-0.00060072976,-0.001367409,-0.0012022532
2014-09-19,7.9365079e-07,-0.00059961644,7.9365079e-07
2014-09-22,-0.004896981,3.968254e-07,-0.005496981
2014-09-23,-0.0042911447,-0.0048872812,-0.0042950081
2014-09-24,0.0055863337,0.0055863337,0.005582479
2014-09-25,0.0016946302,-0.009728346,0.00094871395
2014-09-26,-0.0046962519,-0.0018279896,-0.0051449506
2014-09-29,0.0063828991,0.0059349578,0.0063816196
2014-09-30,-0.0017394272,-0.0017394272,-0.0017413305
2014-10-01,0.016803348,0.016803348,0.016802826
2014-10-02,-0.00059464509,-0.005950064,-0.001189687
2014-10-03,3.968254e-07,-0.00060139725,3.968254e-07
2014-10-06,-0.0038906117,7.9365079e-07,-0.0044906117
2014-10-07,-0.011741613,-0.012338661,-0.011744564
2014-10-08,-0.0070992212,-0.0070992212,-0.0071098917
2014-10-09,-0.0010565113,0.0033970716,-0.0017300402
2014-10-10,0.007281312,0.00021051432,0.006748347
2014-10-13,0.010439296,0.0099089497,0.01043697
2014-10-14,0.0039631773,0.0039631773,0.0039600771
2014-10-15,0.011307372,0.011307372,0.011306187
2014-10-16,-0.00059545466,-0.0054409984,-0.0011920998
2014-10-17,7.9365079e-07,-0.0006008462,7.9365079e-07
2014-10-20,7.9365079e-07,7.9365079e-07,7.9365079e-07
2014-10-21,7.9365079e-07,7.9365079e-07,7.9365079e-07
2014-10-22,7.9365079e-07,7.9365079e-07,7.9365079e-07
2014-10-23,3.968254e-07,3.968254e-07,3.968254e-07
2014-10-24,3.968254e-07,3.968254e-07,3.968254e-07
2014-10-27,-0.0027054646,7.9365079e-07,-0.0033054646
2014-10-28,0.0048966743,0.0042985539,0.0048947948
2014-10-29,0.0066152245,0.0066152245,0.0066108182
2014-10-30,-0.00024918253,-0.0021226988,-0.00098165337
2014-10-31,-0.003694583,-0.0014857912,-0.0041560977
2014-11-03,-0.00074622891,-0.0012069692,-0.00074720185
2014-11-04,-0.00019184879,-0.00019184879,-0.00019207229
2014-11-05,0.00057049325,0.00057049325,0.00057043611
2014-11-06,-0.0005986381,-0.0061067184,-0.0011984667
2014-11-07,-0.013443775,-0.00060065238,-0.014043775
2014-11-10,0.0081438964,0.0075555875,0.0081322053
2014-11-11,-0.00021850756,-0.00021850756,-0.00022580718
2014-11-12,0.00074107689,0.00074107689,0.00074090605
2014-11-13,-0.00089307444,-0.0032689788,-0.001426174
2014-11-14,0.0035287728,-0.0010014267,0.002862427
2014-11-17,-0.0022872323,-0.002952363,-0.0022884858
2014-11-18,0.0022859208,0.0022859208,0.0022852338
2014-11-19,-0.005330794,-0.005330794,-0.0053314786
2014-11-20,-0.00060081383,0.0036231914,-0.0012024213
2014-11-21,3.968254e-07,-0.00059851943,3.968254e-07
2014-11-24,-0.0029036128,7.9365079e-07,-0.0035036128
2014-11-25,-0.0049594799,-0.0055574212,-0.0049615386
2014-11-26,6.9428276e-06,-0.0034351432,-0.00072801026
2014-11-28,0.0072806378,0.00095253719,0.0068112521
2014-12-01,-0.0049069584,-0.0053738771,-0.0049092657
2014-12-02,-0.0088928065,-0.0088928065,-0.0088942848
2014-12-03,0.00075730981,0.00075730981,0.00075461884
2014-12-04,-0.0005989784,0.0070257138,-0.0011987505
2014-12-05,7.9365079e-07,-0.00059711304,7.9365079e-07
2014-12-08,-0.0072808304,1.1904762e-06,-0.0078808304
2014-12-09,-0.0074206532,-0.0080146185,-0.0074266879
2014-12-10,-0.0090981487,-0.0090981487,-0.0091048543
2014-12-11,-0.00088903368,0.0033587117,-0.0015396809
2014-12-12,0.015834996,0.00052001031,0.015277342
2014-12-15,-0.0072945629,-0.0078470177,-0.0072994016
2014-12-16,0.010125834,0.010125834,0.010123631
2014-12-17,-0.013815431,-0.013815431,-0.013818439
2014-12-18,-0.00060261409,-0.011281868,-0.0012068155
2014-12-19,1.5873016e-06,-0.0006018341,1.5873016e-06
2014-12-22,-0.00061785714,1.984127e-06,-0.0012178571
2014-12-23,0.016550745,0.015950745,0.016550745
2014-12-24,-0.00043840438,-0.0014835608,-0.0011277184
2014-12-26,0.0021644984,-0.00024388042,0.0016685323
2014-12-29,0.006830001,0.0063348723,0.0068292049
2014-12-30,0.0022644633,0.0022644633,0.0022624276
2014-12-31,0.0022647398,0.0022647398,0.0022640611
2015-01-02,-0.00059852779,0.010188881,-0.0011978492
2015-01-05,1.1904762e-06,-0.00059578326,1.1904762e-06
2015-01-06,1.1904762e-06,1.1904762e-06,1.1904762e-06
2015-01-07,1.1904762e-06,1.1904762e-06,1.1904762e-06
2015-01-08,1.1904762e-06,1.1904762e-06,1.1904762e-06
2015-01-09,7.9365079e-07,7.9365079e-07,7.9365079e-07
2015-01-12,-0.0076606331,1.1904762e-06,-0.0082606331
2015-01-13,-0.0018715666,-0.0024651854,-0.0018779479
2015-01-14,-0.00022551721,-0.0092426495,-0.00085325587
2015-01-15,0.01649668,0.00010854563,0.015922865
2015-01-16,-0.014749333,-0.01531802,-0.014754369
2015-01-20,0.0045786193,0.0045786193,0.0045741302
2015-01-21,-0.0095165255,-0.0095165255,-0.0095178945
2015-01-22,-0.00060169113,-0.0049667352,-0.0012045727
2015-01-23,7.9365079e-07,-0.00060070257,7.9365079e-07
2015-01-26,0.0039578396,1.1904762e-06,0.0033578396
2015-01-27,-0.0027776169,-0.0033735154,-0.0027817184
2015-01-28,-0.015417309,-0.015417309,-0.015419793
2015-01-29,0.0070575778,0.0070575778,0.0070435071
2015-01-30,0.01632669,-0.017548912,0.015133028
2015-02-02,-0.002508387,-0.0037192714,-0.0025135528
2015-02-03,-0.016873611,-0.016873611,-0.016874363
2015-02-04,0.0032871986,0.0032871986,0.0032820501
2015-02-05,-0.00059822177,-0.0073092041,-0.0011972372
2015-02-06,0.021747961,-0.00060141471,0.021147961
2015-02-09,0.00088375165,0.0003034436,0.0008640597
2015-02-10,0.0049861444,0.0049861444,0.0049853117
2015-02-11,0.00071665324,0.00071665324,0.00071216708
2015-02-12,-0.00061544415,-0.0007661326,-0.0011537614
2015-02-13,-0.0073561903,0.00013918855,-0.0080172316
2015-02-17,-0.014185777,-0.014844524,-0.014187799
2015-02-18,0.0095815,0.0095815,0.0095771839
2015-02-19,-0.0050552101,-0.0050552101,-0.0050580588
2015-02-20,-0.00060072951,-0.0011265056,-0.0012022527
2015-02-23,-0.009814911,-0.00059954399,-0.010414911
2015-02-24,-0.013289706,-0.013881355,-0.013298056
2015-02-25,-0.0018883412,-0.0018883412,-0.0019004356
2015-02-26,-0.0021227057,0.011841288,-0.0027976466
2015-02-27,0.0065576892,0.00020312816,0.0060306288
2015-03-02,-0.014890165,-0.01541459,-0.014892276
2015-03-03,-0.0043177927,-0.0043177927,-0.0043223264
2015-03-04,0.0010418128,0.0015025568,0.00090908879
2015-03-05,-0.00046758389,0.00074774812,-0.00093596144
2015-03-06,3.968254e-07,-0.00046803045,3.968254e-07
2015-03-09,-0.0099107383,7.9365079e-07,-0.010510738
2015-03-10,-0.0085225288,-0.00911409,-0.0085309676
2015-03-11,-0.0035979399,-0.0035979399,-0.0036056487
2015-03-12,-0.00056141477,-0.0018988325,-0.0011837844
2015-03-13,-0.0035794739,-0.00071536586,-0.004160312
2015-03-16,0.0069417353,0.0063617555,0.0069408334
2015-03-17,0.0041104303,0.0041104303,0.0041083613
2015-03-18,0.022955929,0.022955929,0.0229547
2015-03-19,-0.0005920766,-0.0094196885,-0.0011853437
2015-03-20,3.968254e-07,-0.00060245353,3.968254e-07
2015-03-23,-0.0032064057,1.1904762e-06,-0.0038064057
2015-03-24,-0.006109354,-0.0067070204,-0.0061116876
2015-03-25,0.0086175652,0.0086175652,0.0086120546
2015-03-26,-0.0019855685,0.01123546,-0.0026483694
2015-03-27,0.0072675555,0.00025725879,0.0067377635
2015-03-30,-0.00018860497,-0.00071556112,-0.00019092654
2015-03-31,0.0051795531,0.0051795531,0.0051794977
2015-04-01,0.0073041008,0.0095144056,0.00717435
2015-04-02,-0.00046666433,-0.0045834247,-0.00093412231
2015-04-06,1.1904762e-06,-0.00046826732,1.1904762e-06
2015-04-07,-0.0022808681,7.9365079e-07,-0.0028808681
2015-04-08,0.0018205591,0.001222055,0.0018190631
2015-04-09,-0.00088420714,0.0080849018,-0.001502328
2015-04-10,-0.0011361743,-0.00063009247,-0.0017164733
2015-04-13,0.0040706777,0.003490615,0.004070511
2015-04-14,0.0059076144,0.0059076144,0.0059063978
2015-04-15,0.0011012971,0.0011012971,0.0010995347
2015-04-16,-0.00059887556,0.0014715734,-0.0011985448
2015-04-17,3.968254e-07,-0.00059916201,3.968254e-07
2015-04-20,1.1904762e-06,1.1904762e-06,1.1904762e-06
2015-04-21,1.1904762e-06,1.1904762e-06,1.1904762e-06
2015-04-22,1.1904762e-06,1.1904762e-06,1.1904762e-06
2015-04-23,1.1904762e-06,1.1904762e-06,1.1904762e-06
2015-04-24,1.1904762e-06,1.1904762e-06,1.1904762e-06
2015-04-27,0.0025083065,7.9365079e-07,0.0019083065
2015-04-28,0.0091965972,0.0085994052,0.0091937893
2015-04-29,-0.0016237453,0.0073775273,-0.0022928612
2015-04-30,-0.0010834059,-0.00074262607,-0.00160628
2015-05-01,-0.010932907,-0.011455416,-0.010933075
2015-05-04,-0.0041250402,-0.0041250402,-0.0041283562
2015-05-05,-0.0030827839,-0.0033814036,-0.0031484627
2015-05-06,-0.00053548181,-0.0087912243,-0.0010717573
2015-05-07,3.968254e-07,-0.00053723925,3.968254e-07
2015-05-08,-0.0083358048,3.968254e-07,-0.0089358048
2015-05-11,0.019649209,0.019056204,0.019642213
2015-05-12,-0.0015512711,-0.0015512711,-0.0015686392
2015-05-13,0.0026251955,0.0026251955,0.0026238311
2015-05-14,-0.0012885092,-0.0068438336,-0.0018196826
2015-05-15,0.01367467,-0.0021297891,0.013007944
2015-05-18,-0.013496257,-0.014159048,-0.013500499
2015-05-19,-0.0088705364,-0.0088705364,-0.0088746391
2015-05-20,0.0043546768,0.0043546768,0.0043519933
2015-05-21,-0.00059790458,0.01191056,-0.0011966028
2015-05-22,7.9365079e-07,-0.00059567462,7.9365079e-07
2015-05-26,-0.013055865,7.9365079e-07,-0.013655865
2015-05-27,0.0010892147,0.00050054662,0.0010778828
2015-05-28,3.0121474e-06,-0.0018964377,-0.00087975097
2015-05-29,0.00080595024,-0.00035452007,0.00048973743
2015-06-01,-0.0088252499,-0.009141132,-0.0088255863
2015-06-02,-0.013928411,-0.013928411,-0.013931082
2015-06-03,-0.01596858,-0.017060094,-0.016012612
2015-06-04,-0.00056362088,0.0090546044,-0.0011280354
2015-06-05,1.1904762e-06,-0.00055666698,1.1904762e-06
2015-06-08,-0.0034951901,7.9365079e-07,-0.0040951901
2015-06-09,0.0064808571,0.0058834509,0.0064782632
2015-06-10,0.0076503469,0.0076503469,0.0076445304
2015-06-11,-1.9475131e-05,-0.015830412,-0.00063524685
2015-06-12,-0.0017254306,-0.00067961944,-0.0023026365
2015-06-15,0.0047811175,0.004204079,0.0047807729
2015-06-16,0.0076301346,0.0076301346,0.0076287067
2015-06-17,0.0011377635,0.0011377635,0.0011354913
2015-06-18,-0.00059926143,-0.0015209502,-0.0011989197
2015-06-19,3.968254e-07,-0.00060005993,3.968254e-07
2015-06-22,0.016208202,3.968254e-07,0.015608202
2015-06-23,0.0060665379,0.0054814349,0.0060516409
2015-06-24,-0.0059582358,-0.0059582358,-0.0059636962
2015-06-25,-0.0013676151,0.0049309818,-0.0020552871
2015-06-26,-0.010079257,-0.0019890759,-0.010597102
2015-06-29,0.02324551,0.022730423,0.023242614
2015-06-30,-0.0055157519,-0.0055157519,-0.0055225681
2015-07-01,-0.0091064205,-0.010455545,-0.0091902267
2015-07-02,-0.00051944215,0.0060381965,-0.0010392811
2015-07-06,7.9365079e-07,-0.00051573588,7.9365079e-07
2015-07-07,-0.0059325279,7.9365079e-07,-0.0065325279
2015-07-08,-0.0079744016,-0.008569596,-0.0079792071
2015-07-09,-0.0011166527,0.01392011,-0.0017449204
2015-07-10,-0.014435526,-0.0010945883,-0.015014606
2015-07-13,-0.0053572707,-0.0059321341,-0.0053614859
2015-07-14,0.006323919,0.006323919,0.0063223046
2015-07-15,0.0076375682,0.0076375682,0.0076356824
2015-07-16,-0.00059693165,-0.00076330157,-0.001194657
2015-07-17,1.1904762e-06,-0.00059903777,1.1904762e-06
2015-07-20,1.5873016e-06,1.5873016e-06,1.5873016e-06
2015-07-21,1.1904762e-06,1.1904762e-06,1.1904762e-06
2015-07-22,1.5873016e-06,1.5873016e-06,1.5873016e-06
2015-07-23,1.1904762e-06,1.1904762e-06,1.1904762e-06
2015-07-24,1.5873016e-06,1.5873016e-06,1.5873016e-06
2015-07-27,-0.00723413,1.984127e-06,-0.00783413
2015-07-28,0.0056280353,0.0050340296,0.005622041
2015-07-29,0.0028125073,0.0028125073,0.0028074492
2015-07-30,-0.00038975942,-0.0022870524,-0.0010611282
2015-07-31,0.011189194,0.00076999021,0.010663169
2015-08-03,0.0060907429,0.0055684559,0.0060872681
2015-08-04,-0.010322855,-0.010322855,-0.010324673
2015-08-05,-0.006430723,-0.0077388627,-0.0065437952
2015-08-06,-0.00048967616,0.0056081383,-0.00098093962
2015-08-07,-0.0085397989,-0.00048659335,-0.0091397989
2015-08-10,0.0082515778,0.0076587656,0.00824439
2015-08-11,-0.013228615,-0.013228615,-0.013235995
2015-08-12,0.00072650057,0.00072650057,0.00071445304
2015-08-13,-1.6157785e-05,0.0052371959,-0.00055591394
2015-08-14,-0.0027322108,-0.00032837502,-0.0033915924
2015-08-17,0.0035724903,0.0029136173,0.0035718682
2015-08-18,-0.0031989325,-0.0031989325,-0.0032000018
2015-08-19,0.012228703,0.012228703,0.012227741
2015-08-20,-0.0005955812,0.0054209717,-0.001191956
2015-08-21,1.1904762e-06,-0.00059719069,1.1904762e-06
2015-08-24,-0.003960564,2.3809524e-06,-0.004560564
2015-08-25,0.010925104,0.010328123,0.010922084
2015-08-26,0.012281428,0.012281428,0.012271685
2015-08-27,-0.0013730828,0.0010982135,-0.0022347903
2015-08-28,4.5246424e-05,-0.00070101842,-0.00028211768
2015-08-31,-0.0033816529,-0.0037088859,-0.0033817654
2015-09-01,0.0089819946,0.0089819946,0.0089809776
2015-09-02,-0.0048239621,-0.0054426133,-0.004897303
2015-09-03,-0.00052426308,0.0041904251,-0.0010493198
2015-09-04,7.9365079e-07,-0.00052224206,7.9365079e-07
2015-09-08,0.0081702054,2.3809524e-06,0.0075702054
2015-09-09,-0.00077850347,-0.0013706642,-0.00078634277
2015-09-10,-0.00079413681,0.0044833868,-0.0014176345
2015-09-11,0.0046899868,-0.00041691264,0.0041127611
2015-09-14,0.0018721558,0.0012966055,0.0018705835
2015-09-15,-0.015751953,-0.015751953,-0.015752515
2015-09-16,-0.00057351056,-0.00057351056,-0.00057831074
2015-09-17,-0.00059977317,0.016632856,-0.0011999432
2015-09-18,-3.968254e-07,-0.00059548844,-3.968254e-07
2015-09-21,0.010758927,3.968254e-07,0.010158927
2015-09-22,-0.0099806096,-0.010570481,-0.0099907377
2015-09-23,0.002209005,0.002209005,0.0021999641
2015-09-24,0.0005434708,-0.0030151668,-0.00034100708
2015-09-25,-0.0055386257,-0.0033843115,-0.0058521164
2015-09-28,0.011412544,0.011100576,0.011410968
2015-09-29,0.0068817037,0.0068817037,0.006878318
2015-09-30,0.00033880542,0.00036813097,0.00032019181
2015-10-01,-0.00058002882,0.0014866059,-0.001159264
2015-10-02,0,-0.00057891471,0
2015-10-05,0.01045645,3.968254e-07,0.0098564504
2015-10-06,-0.004118857,-0.0047089951,-0.0041287189
2015-10-07,0.0049761062,0.0049761062,0.0049724144
2015-10-08,-0.00083417928,0.0051705172,-0.0014543498
2015-10-09,0.00054056112,-0.00057376485,-3.4846407e-05
2015-10-12,0.0067006833,0.0061256818,0.0067003488
2015-10-13,0.0018518798,0.0018518798,0.0018498827
2015-10-14,0.01093609,0.01093609,0.010935534
2015-10-15,-0.00059635768,-0.0068248108,-0.0011931122
2015-10-16,3.968254e-07,-0.00060166358,3.968254e-07
2015-10-19,7.9365079e-07,7.9365079e-07,7.9365079e-07
2015-10-20,7.9365079e-07,7.9365079e-07,7.9365079e-07
2015-10-21,3.968254e-07,3.968254e-07,3.968254e-07
2015-10-22,0,0,0
2015-10-23,3.968254e-07,3.968254e-07,3.968254e-07
2015-10-26,-0.0058316005,7.9365079e-07,-0.0064316005
2015-10-27,-0.005036455,-0.0056317412,-0.0050411687
2015-10-28,0.010343164,0.010343164,0.010338631
2015-10-29,0.00102744,0.012258945,0.00051201263
2015-10-30,0.0032550812,-0.0010066026,0.002580321
2015-11-02,-0.0057496374,-0.0064239858,-0.0057508127
2015-11-03,-0.0052606036,-0.0052606036,-0.0052623372
2015-11-04,-0.0011272486,-0.0020739218,-0.0015140987
2015-11-05,-0.0010304385,-0.00085711672,-0.0012050326
2015-11-06,0.012570002,-0.0089817694,0.01158066
2015-11-09,0.0033969803,0.0024189739,0.0033849277
2015-11-10,-0.0038125224,-0.0038125224,-0.0038155865
2015-11-11,-0.00040981341,0.00093643161,-0.00093956752
2015-11-12,-0.00013573702,-0.00066141523,-0.00013587519
2015-11-13,0.0069119368,-0.00092656042,0.0062383864
2015-11-16,0.0026385708,0.0019669849,0.0026363107
2015-11-17,-0.00057283196,-0.00057283196,-0.00057362389
2015-11-18,-0.00095014396,-0.00095014396,-0.00095031401
2015-11-19,-0.00059591875,0.0043413739,-0.0011962026
2015-11-20,4.3650794e-06,-0.00059433676,4.3650794e-06
2015-11-23,-0.0032511078,5.5555556e-06,-0.0038511078
2015-11-24,-0.0018923279,-0.002489942,-0.0018947138
2015-11-25,-0.0005104591,-0.0011328222,-0.0012097027
2015-11-27,0.0015602826,-0.00035757308,0.0010578635
2015-11-30,0.00074384286,0.00024207426,0.00074322331
2015-12-01,0.010627989,0.010627989,0.010627763
2015-12-02,-0.0056289869,-0.0056289869,-0.0056321443
2015-12-03,-0.00059336144,-0.02104289,-0.0011950562
2015-12-04,8.7301587e-06,-0.00059771527,8.7301587e-06
2015-12-07,-0.0070180753,1.1507937e-05,-0.0076180753
2015-12-08,-0.0011285539,-0.0017227305,-0.0011343772
2015-12-09,-0.003006987,-0.003006987,-0.0030080061
2015-12-10,-0.0008058648,0.00432768,-0.0014343905
2015-12-11,0.015440493,7.5211672e-05,0.014866248
2015-12-14,-0.014789715,-0.01535899,-0.014794447
2015-12-15,-0.005100426,-0.005100426,-0.0051049249
2015-12-16,-0.0053003395,-0.0053003395,-0.0053018731
2015-12-17,-0.00059246788,0.0083227051,-0.0011940627
2015-12-18,7.5396825e-06,-0.00058998095,7.5396825e-06
2015-12-21,9.5238095e-06,9.5238095e-06,9.5238095e-06
2015-12-22,8.3333333e-06,8.3333333e-06,8.3333333e-06
2015-12-23,7.9365079e-06,7.9365079e-06,7.9365079e-06
2015-12-24,7.9365079e-06,7.9365079e-06,7.9365079e-06
2015-12-28,9.1269841e-06,9.1269841e-06,9.1269841e-06
2015-12-29,0.0099704125,9.1269841e-06,0.0093704125
2015-12-30,-0.00055932812,-0.0013566641,-0.0012473528
2015-12-31,0.0017673416,-0.00032418854,0.0012648019
2016-01-04,0.0085133643,0.0080115558,0.008512683
2016-01-05,-0.00057670135,-0.00057670135,-0.00057923657
2016-01-06,0.012066909,0.012066909,0.012066739
2016-01-07,-0.00058848409,0.0043014416,-0.0011849047
2016-01-08,7.9365079e-06,-0.00059077516,7.9365079e-06
2016-01-11,0.0057483226,8.3333333e-06,0.0051483226
2016-01-12,-0.0089931638,-0.0095874875,-0.0089988402
2016-01-13,-0.0078335177,-0.0078335177,-0.0078416808
2016-01-14,-0.00080612392,0.0040831869,-0.0014398745
2016-01-15,0.0087204066,-0.00020146724,0.008147007
2016-01-19,-0.0026063225,-0.0031767944,-0.0026090877
2016-01-20,0.0098186024,0.0098186024,0.0098178224
2016-01-21,-0.004996997,-0.004996997,-0.0049999172
2016-01-22,-0.00058959761,-0.0044530686,-0.0011911
2016-01-25,-0.007261122,-0.00058903625,-0.007861122
2016-01-26,-0.0014708968,-0.0020648497,-0.001476944
2016-01-27,-0.0014642616,-0.0014642616,-0.0014655937
2016-01-28,-0.00027130312,-0.0025676124,-0.00096973342
2016-01-29,0.010173399,0.0010389607,0.0096705829
2016-02-01,-0.0046249534,-0.0051243314,-0.0046281261
2016-02-02,0.01415356,0.01415356,0.014152171
2016-02-03,-0.0022092915,-0.0022092915,-0.0022134826
2016-02-04,-0.00058915111,0.0047421797,-0.0011898102
2016-02-05,-0.0031435081,-0.00058707251,-0.0037435081
2016-02-08,-0.014931037,-0.015528732,-0.014933342
2016-02-09,-0.0003639489,-0.0003639489,-0.00037760163
2016-02-10,-0.0059552144,-0.0059552144,-0.0059555405
2016-02-11,-0.0012205571,-0.0091915745,-0.0017822538
2016-02-12,-0.015911224,0.00055810359,-0.016555161
2016-02-16,-0.0059848979,-0.0066235754,-0.0059895455
2016-02-17,-0.0049117555,-0.0049117555,-0.0049135568
2016-02-18,0.0092610851,0.0092610851,0.0092596084
2016-02-19,-0.00058533847,-1.4661534e-05,-0.0011825817
2016-02-22,0.001406899,-0.00058690476,0.00080689902
2016-02-23,-0.0039736097,-0.004571821,-0.0039753985
2016-02-24,1.1874337e-05,1.1874337e-05,8.2724836e-06
2016-02-25,0.0023502994,-0.0059533349,0.0014203693
2016-02-26,-0.0053682729,-0.0062905849,-0.0053691191
2016-02-29,0.0029789755,0.001795436,0.0027098194
2016-03-01,-0.015645128,-0.015913529,-0.015646103
2016-03-02,-0.0034036717,-0.0034879137,-0.0034258827
2016-03-03,0.0021841335,0.002279099,0.0021603383
2016-03-04,-0.0005480269,-0.0063361277,-0.0011071649
2016-03-07,0.0034455264,-0.00054866186,0.0028455264
2016-03-08,-0.011562349,-0.012158736,-0.011565963
2016-03-09,0.0078536063,0.0078536063,0.0078430719
2016-03-10,-0.0013427874,0.0071550758,-0.0019945978
2016-03-11,-0.0062573635,-0.0012013622,-0.0067987104
2016-03-14,0.0014608552,0.00092126336,0.0014591344
2016-03-15,-0.00038312912,-0.00038312912,-0.00038357129
2016-03-16,0.010498172,0.010498172,0.010498061
2016-03-17,-0.00058537169,0.0021873973,-0.0011822513
2016-03-18,1.1507937e-05,-0.00058783291,1.1507937e-05
2016-03-21,1.2301587e-05,1.2301587e-05,1.2301587e-05
2016-03-22,1.1904762e-05,1.1904762e-05,1.1904762e-05
2016-03-23,1.1904762e-05,1.1904762e-05,1.1904762e-05
2016-03-24,1.1507937e-05,1.1507937e-05,1.1507937e-05
2016-03-28,1.1507937e-05,1.1507937e-05,1.1507937e-05
2016-03-29,-0.014130097,9.1269841e-06,-0.014730097
2016-03-30,-0.0011846869,0.0021248316,-0.0019012535
2016-03-31,0.0067723977,0.00056760142,0.0062765242
2016-04-01,-0.00059176532,-0.0010851318,-0.00059393254
2016-04-04,0.0023507865,0.0023507865,0.0023506123
2016-04-05,0.0079710939,0.0079710939,0.0079703875
2016-04-06,-0.00058849769,-0.0043477532,-0.0011861224
2016-04-07,9.1269841e-06,-0.00059217956,9.1269841e-06
2016-04-08,9.1269841e-06,9.1269841e-06,9.1269841e-06
2016-04-11,-0.00023468739,9.1269841e-06,-0.00083468739
2016-04-12,0.0079408703,0.0073411957,0.0079405448
2016-04-13,-0.0014522731,-0.0014522731,-0.0014593617
2016-04-14,-0.001138961,0.004707888,-0.0018018397
2016-04-15,0.0054413484,-3.5856521e-05,0.0049028061
2016-04-18,-0.0020009987,-0.0025374934,-0.0020027846
2016-04-19,-0.003268335,-0.003268335,-0.0032689333
2016-04-20,-0.010166398,-0.010166398,-0.010167379
2016-04-21,-0.00059395117,-0.0032937701,-0.0011970293
2016-04-22,9.1269841e-06,-0.00059186073,9.1269841e-06
2016-04-25,0.0015998397,9.9206349e-06,0.00099983974
2016-04-26,0.0042103829,0.0036123531,0.0042084127
2016-04-27,0.0012518177,-0.011000783,0.00054934355
2016-04-28,0.0012278474,0.00051668392,0.0012270941
2016-04-29,-0.0012296154,-0.00012324046,-0.0017235098
2016-05-02,-0.005817418,-0.0063113562,-0.0058176362
2016-05-03,0.011860053,0.011860053,0.0118583
2016-05-04,0.003620123,0.003620123,0.0036166038
2016-05-05,-0.00059097808,0.0054257631,-0.0011898927
2016-05-06,0.0040965437,-0.0005908387,0.0034965437
2016-05-09,-0.0038029476,-0.0043987394,-0.0038071558
2016-05-10,0.00036212204,0.00036212204,0.00035868582
2016-05-11,-0.0030675453,-0.0030675453,-0.0030678699
2016-05-12,-0.0001392788,0.0054231781,-0.00069689073
2016-05-13,0.0069479725,-0.0011113757,0.0063029496
2016-05-16,-0.0072278841,-0.0078709813,-0.0072301482
2016-05-17,-0.0027286147,-0.0027286147,-0.0027307948
2016-05-18,-0.016145074,-0.016145074,-0.01614589
2016-05-19,-0.0005930143,0.001993572,-0.0011979334
2016-05-20,1.2698413e-05,-0.00058669968,1.2698413e-05
2016-05-23,-0.0018591742,1.3888889e-05,-0.0024591742
2016-05-24,0.0032990904,0.0027002412,0.0032979396
2016-05-25,0.0009248262,0.0009248262,0.00092188172
2016-05-26,0.00044940071,-0.0062000443,-0.00026110345
2016-05-27,-0.0043253978,-0.0014188391,-0.0048138562
2016-05-31,0.0023573309,0.0018696732,0.0023561791
2016-06-01,-0.00068754192,-0.00068754192,-0.00068825183
2016-06-02,0.0061969539,0.0061969539,0.0061967513
2016-06-03,-0.00058664107,0.018552747,-0.0011847901
2016-06-06,0.0046389892,-0.00058342058,0.0040389892
2016-06-07,-0.002888308,-0.003483626,-0.0028929901
2016-06-08,-0.00234448,-0.00234448,-0.0023470914
2016-06-09,-0.00031173053,-0.0030631943,-0.00098261187
2016-06-10,0.0064820751,0.00014101804,0.0059509208
2016-06-13,0.0039351965,0.0034062391,0.0039331042
2016-06-14,-0.00054946648,-0.00054946648,-0.00055064622
2016-06-15,0.0060808028,0.0060808028,0.0060806415
2016-06-16,-0.00058746939,0.0021307648,-0.0011856531
2016-06-17,1.031746e-05,-0.00058904093,1.031746e-05
2016-06-20,0.008004045,1.1111111e-05,0.007404045
2016-06-21,0.0044947234,0.0039023925,0.0044870542
2016-06-22,6.9677368e-05,-0.0039600584,-0.00064384599
2016-06-23,-0.010024898,-0.0025811107,-0.010507207
2016-06-24,0.027633628,0.027153723,0.027630741
2016-06-27,0.017269832,0.017269832,0.017261761
2016-06-28,-0.00036993218,-0.00036993218,-0.00037503062
2016-06-29,-0.00058978893,-0.0081396315,-0.0011898953
2016-06-30,1.031746e-05,-0.00059214129,1.031746e-05
2016-07-01,1.0714286e-05,1.0714286e-05,1.0714286e-05
2016-07-05,1.1111111e-05,1.1111111e-05,1.1111111e-05
2016-07-06,1.0714286e-05,1.0714286e-05,1.0714286e-05
2016-07-07,1.1507937e-05,1.1507937e-05,1.1507937e-05
2016-07-08,1.0714286e-05,1.0714286e-05,1.0714286e-05
2016-07-11,0.0099584423,1.2301587e-05,0.0093584423
2016-07-12,0.011838332,0.011247724,0.01182894
2016-07-13,-0.0001314391,-0.0051512363,-0.00077995802
2016-07-14,-0.0088857367,-0.0014738636,-0.009426567
2016-07-15,-0.0076690169,-0.0082076462,-0.0076715376
2016-07-18,-0.00055046036,-0.00055046036,-0.00055277433
2016-07-19,0.0053495238,0.0053495238,0.0053493631
2016-07-20,-0.00058570157,-0.0041141916,-0.0011841016
2016-07-21,1.2301587e-05,-0.00058893344,1.2301587e-05
2016-07-22,1.2698413e-05,1.2698413e-05,1.2698413e-05
2016-07-25,0.0010201881,1.2698413e-05,0.00042018809
2016-07-26,-0.0012378861,-0.0018364431,-0.0012393291
2016-07-27,0.00070534522,-0.0085521806,6.417454e-06
2016-07-28,0.00018115368,-0.00052498838,0.00018105423
2016-07-29,0.0071212977,0.0012560442,0.0066195161
2016-08-01,-0.0069563455,-0.0074556379,-0.0069586183
2016-08-02,-0.0047789013,-0.0048138512,-0.0047859639
2016-08-03,0.0010446762,0.0010436891,0.0010418032
2016-08-04,-0.00058294507,0.0047449245,-0.0011762076
2016-08-05,0.011842858,-0.00058146896,0.011242858
2016-08-08,0.0010754616,0.00048651526,0.001064408
2016-08-09,-0.0071451995,-0.0071451995,-0.0071461645
2016-08-10,-0.0053434831,-0.0053434831,-0.005349969
2016-08-11,9.1016784e-05,0.0096027658,-0.00047352807
2016-08-12,0.0064928458,-0.0010199024,0.0058527722
2016-08-15,-0.005887747,-0.0065260752,-0.005889875
2016-08-16,-0.0034045044,-0.0034045044,-0.0034062769
2016-08-17,0.0032061791,0.0032061791,0.003205158
2016-08-18,-0.00058752943,0.0035582381,-0.0011865668
2016-08-19,1.1507937e-05,-0.00058742466,1.1507937e-05
2016-08-22,-0.0050603322,1.1507937e-05,-0.0056603322
2016-08-23,0.00018683136,-0.00040912663,0.00018278935
2016-08-24,0.00072662459,0.00072662459,0.00072646355
2016-08-25,-0.0012258188,0.0032266361,-0.0019251598
2016-08-26,-0.0082009514,-0.0019694399,-0.0087010757
2016-08-29,0.0082394537,0.0077415042,0.0082371295
2016-08-30,-0.00019449349,-0.00019449349,-0.00019694968
2016-08-31,-0.0023219915,-0.0023375251,-0.0023273693
2016-09-01,-0.0005822611,0.0030903356,-0.0011776174
2016-09-02,1.2698413e-05,-0.00058106413,1.2698413e-05
2016-09-06,1.2698413e-05,1.2698413e-05,1.2698413e-05
2016-09-07,1.3492063e-05,1.3492063e-05,1.3492063e-05
2016-09-08,1.3492063e-05,1.3492063e-05,1.3492063e-05
2016-09-09,1.3492063e-05,1.3492063e-05,1.3492063e-05
2016-09-12,-0.0023811756,1.468254e-05,-0.0029811756
2016-09-13,-0.0013950223,0.0068001315,-0.0020571498
2016-09-14,0.0039639904,-0.00018799013,0.0034243152
2016-09-15,0.00052843566,-9.6031084e-06,0.00052708672
2016-09-16,0.0021508206,0.0021508206,0.0021506583
2016-09-19,-0.0034326236,-0.0034326236,-0.003433271
2016-09-20,-0.00058912478,0.0030532259,-0.0011901543
2016-09-21,8.7301587e-06,-0.0005903528,8.7301587e-06
2016-09-22,7.1428571e-06,7.1428571e-06,7.1428571e-06
2016-09-23,7.1428571e-06,7.1428571e-06,7.1428571e-06
2016-09-26,-0.0063269432,9.9206349e-06,-0.0069269432
2016-09-27,-0.0033928833,-0.0039876939,-0.0033980726
2016-09-28,-0.00091254928,0.00089759519,-0.0016425302
2016-09-29,0.00076627773,-0.00045581427,0.00029316026
2016-09-30,-0.0050041078,-0.0054767724,-0.0050044822
2016-10-03,-0.0046685849,-0.0046685849,-0.0046700902
2016-10-04,-0.0091658155,-0.0091658155,-0.0091672183
2016-10-05,-0.00059007234,-0.0045204273,-0.0011928431
2016-10-06,1.2698413e-05,-0.00058865919,1.2698413e-05
2016-10-07,1.2698413e-05,1.2698413e-05,1.2698413e-05
2016-10-10,0.0046562049,1.2698413e-05,0.0040562049
2016-10-11,0.00055767208,-3.7634798e-05,0.00055297895
2016-10-12,1.8557828e-05,1.8557828e-05,1.8068038e-05
2016-10-13,-9.6400613e-05,-0.0041599023,-0.00077962725
2016-10-14,-0.0066799574,-0.0015313199,-0.0071966054
2016-10-17,0.0043399337,0.003824832,0.004338077
2016-10-18,0.0039690494,0.0039690494,0.0039677484
2016-10-19,0.00088828519,0.00088828519,0.00088709478
2016-10-20,-0.00058623729,-0.0018190577,-0.0011859666
2016-10-21,1.3095238e-05,-0.00058744733,1.3095238e-05
2016-10-24,0.0021230176,1.3095238e-05,0.0015230176
2016-10-25,0.00037680356,-0.00022076624,0.00037437335
2016-10-26,0.0043564281,0.0043564281,0.0043561019
2016-10-27,-0.0024173767,0.0068955401,-0.0031598795
2016-10-28,-0.00010087161,-0.00064540902,-0.00055473722
2016-10-31,0.0016231062,0.0011696221,0.0016229969
2016-11-01,5.8694327e-05,5.8694327e-05,5.8204117e-05
2016-11-02,0.0059897899,0.0059897899,0.005989768
2016-11-03,-0.00058352698,-0.0012861302,-0.0011817365
2016-11-04,-0.0067521125,-0.00058569884,-0.0073521125
2016-11-07,0.0083440824,0.007749672,0.0083384928
2016-11-08,0.0071084459,0.0071084459,0.0071010156
2016-11-09,0.03048071,0.03048071,0.030474375
2016-11-10,0.00079468355,0.012042928,0.00028528607
2016-11-11,-0.0047811131,-6.798497e-05,-0.0054446465
2016-11-14,-0.011597668,-0.012260274,-0.011598902
2016-11-15,-2.3354436e-05,-2.3354436e-05,-2.6867602e-05
2016-11-16,0.0018588483,0.0018588483,0.0018588483
2016-11-17,-0.00058237443,-0.0088359898,-0.0011818124
2016-11-18,1.7063492e-05,-0.00058560555,1.7063492e-05
2016-11-21,-0.0022730586,1.8253968e-05,-0.0028730586
2016-11-22,-0.001858253,-0.0024567168,-0.0018597892
2016-11-23,-0.0021553227,0.0072133591,-0.0028777678
2016-11-25,-0.0022043657,-0.0010462098,-0.0026838843
2016-11-28,0.0090897723,0.0086109641,0.0090892597
2016-11-29,0.0020572731,0.0020572731,0.0020545649
2016-11-30,-0.013420035,-0.013420035,-0.013420658
2016-12-01,-0.00058542392,-0.0076518666,-0.0011894986
2016-12-02,1.9047619e-05,-0.00058325872,1.9047619e-05
2016-12-05,1.9444444e-05,1.9444444e-05,1.9444444e-05
2016-12-06,1.9444444e-05,1.9444444e-05,1.9444444e-05
2016-12-07,2.0238095e-05,2.0238095e-05,2.0238095e-05
2016-12-08,1.984127e-05,1.984127e-05,1.984127e-05
2016-12-09,2.1031746e-05,2.1031746e-05,2.1031746e-05
2016-12-12,-0.00094630512,2.0238095e-05,-0.0015463051
2016-12-13,-0.00052067763,-0.0017059846,-0.0011904091
2016-12-14,-0.01717676,-0.0025765021,-0.017707343
2016-12-15,-0.0056117693,-0.0061377552,-0.005616841
2016-12-16,0.002491695,0.002491695,0.0024900095
2016-12-19,0.0092413462,0.0092413462,0.0092405942
2016-12-20,-0.00057661176,-0.0042503163,-0.0011738584
2016-12-21,2.0238095e-05,-0.00058103537,2.0238095e-05
2016-12-22,1.984127e-05,1.984127e-05,1.984127e-05
2016-12-23,2.0238095e-05,2.0238095e-05,2.0238095e-05
2016-12-27,0.0023224225,2.0238095e-05,0.0017224225
2016-12-28,-0.0072859613,-0.0078833718,-0.0072885508
2016-12-29,0.00045526116,-0.0061178659,-0.00026511165
2016-12-30,0.0054268664,0.00041762442,0.0049408179
2017-01-03,-0.00097785041,-0.0014621369,-0.00097961974
2017-01-04,0.0022709323,0.0022709323,0.0022706455
2017-01-05,0.012945572,0.012945572,0.012944886
2017-01-06,-0.00057552492,-0.0091189494,-0.0011716848
2017-01-09,-0.0081766267,-0.00058291211,-0.0087766267
2017-01-10,0.00097770764,0.0003846113,0.00097080398
2017-01-11,-0.0022384991,-0.0022384991,-0.0022393512
2017-01-12,-0.00052945508,-0.0011040484,-0.0011945357
2017-01-13,-0.0049139567,-0.0011053844,-0.0054508995
2017-01-17,0.010035331,0.0094995642,0.010034019
2017-01-18,-0.014184964,-0.014184964,-0.014187951
2017-01-19,-0.0076318305,-0.0076318305,-0.0076361399
2017-01-20,-0.00058285523,0.00093376148,-0.0011851549
2017-01-23,-0.011056886,-0.00057947553,-0.011656886
2017-01-24,0.0076182824,0.007027827,0.0076087379
2017-01-25,0.0099357213,0.0099357213,0.0099289398
2017-01-26,-0.00023235731,-0.0026539998,-0.00092316648
2017-01-27,0.0019653924,-0.00027572088,0.0014651204
2017-01-30,-0.00059444865,-0.0010939832,-0.00059519257
2017-01-31,0.0068572506,0.0068572506,0.0068570785
2017-02-01,-0.0038247705,-0.003854429,-0.0038274079
2017-02-02,-0.00057620246,0.00073268413,-0.001172643
2017-02-03,-0.0020916199,-0.00057524823,-0.0026916199
2017-02-06,-0.009502525,-0.010101148,-0.0095039017
2017-02-07,-0.0035788105,-0.0035788105,-0.0035874795
2017-02-08,-0.0081141847,-0.0081141847,-0.0081174449
2017-02-09,0.00025362253,0.011926373,-0.00031349464
2017-02-10,-0.001991053,-0.00043717737,-0.0026310598
2017-02-13,-0.0030613732,-0.0037012217,-0.0030617726
2017-02-14,-0.007255125,-0.007255125,-0.0072560399
2017-02-15,-0.003844022,-0.003844022,-0.0038462076
2017-02-16,-0.00058051572,0.0080166549,-0.0011816664
2017-02-17,2.0634921e-05,-0.00057697278,2.0634921e-05
2017-02-21,0.00039081456,2.1031746e-05,-0.00020918544
2017-02-22,-0.0031970855,-0.0037962299,-0.003197941
2017-02-23,0.00029318288,-0.0052836152,-0.00042209692
2017-02-24,0.0087740678,0.0010336433,0.008286614
2017-02-27,-0.0071881472,-0.0076727033,-0.0071909061
2017-02-28,-0.00096704411,-0.00096704411,-0.00096920929
2017-03-01,-0.013959709,-0.013959709,-0.013959992
2017-03-02,-0.00057804905,-0.0057562732,-0.0011822886
2017-03-03,2.7777778e-05,-0.00057394987,2.7777778e-05
2017-03-06,-0.0001551493,2.8968254e-05,-0.0007551493
2017-03-07,0.0029350868,0.0023354302,0.0029347433
2017-03-08,0.0067645314,0.0067645314,0.0067619558
2017-03-09,-0.0012831456,0.0056291734,-0.0019462681
2017-03-10,0.0036802289,-0.00015338153,0.0031491975
2017-03-13,-0.0050333501,-0.0055628537,-0.0050346168
2017-03-14,0.0020883138,0.0020883138,0.0020868059
2017-03-15,0.017500694,0.017500694,0.01750006
2017-03-16,-0.0005662602,-0.0055721173,-0.0011610918
2017-03-17,2.8571429e-05,-0.00057309934,2.8571429e-05
2017-03-20,2.9761905e-05,2.9761905e-05,2.9761905e-05
2017-03-21,3.015873e-05,3.015873e-05,3.015873e-05
2017-03-22,3.015873e-05,3.015873e-05,3.015873e-05
2017-03-23,2.9761905e-05,2.9761905e-05,2.9761905e-05
2017-03-24,3.0555556e-05,3.0555556e-05,3.0555556e-05
2017-03-27,-0.0054619732,3.0555556e-05,-0.0060619732
2017-03-28,0.0068709416,0.0062754005,0.0068664828
2017-03-29,0.00041900182,-0.0056311028,-0.00029205198
2017-03-30,-0.0061899295,-0.0018119436,-0.0066725873
2017-03-31,0.0039528819,0.0034715309,0.0039511691
2017-04-03,0.0098130638,0.0098130638,0.0098118733
2017-04-04,-0.002865804,-0.002865804,-0.0028687288
2017-04-05,-0.00056950278,0.0037497799,-0.0011703548
2017-04-06,3.0952381e-05,-0.0005679173,3.0952381e-05
2017-04-07,3.2142857e-05,3.2142857e-05,3.2142857e-05
2017-04-10,-0.0041258201,3.2142857e-05,-0.0047258201
2017-04-11,-0.009193768,-0.0097905177,-0.0091970183
2017-04-12,8.6591594e-05,-0.0061465028,-0.00059357839
2017-04-13,0.0054437298,6.4751063e-05,0.0049156544
2017-04-17,-0.0032145634,-0.0037408541,-0.0032163537
2017-04-18,0.011392478,0.011392478,0.011391521
2017-04-19,-0.0052487892,-0.0052487892,-0.0052521782
2017-04-20,-0.00057061991,-0.0045147382,-0.0011721922
2017-04-21,3.0952381e-05,-0.00057039834,3.0952381e-05
2017-04-24,0.0035864439,3.1746032e-05,0.0029864439
2017-04-25,0.010379206,0.0097828946,0.010375518
2017-04-26,-0.0052113823,-0.0052113823,-0.0052205669
2017-04-27,7.6546266e-05,-0.0012487864,-0.0011260411
2017-04-28,0.0020325067,0.00082878245,0.0020299306
2017-05-01,-0.0043539306,-0.0043561101,-0.0043545492
2017-05-02,0.0041078754,0.0041078754,0.0041065736
2017-05-03,-0.0041673332,-0.0041673332,-0.0041685705
2017-05-04,-0.00056791164,-0.0045545931,-0.0011691566
2017-05-05,-0.00089516933,-0.00056644153,-0.0014951693
2017-05-08,0.004987725,0.0043880636,0.0049873863
2017-05-09,0.0023498423,0.0023498423,0.0023454496
2017-05-10,0.00083672349,0.00083672349,0.00083468431
2017-05-11,-0.00063939942,-0.0014361809,-0.0011872696
2017-05-12,0.0095353799,-0.0013884186,0.0088838849
2017-05-15,-0.0013559267,-0.0020046491,-0.001358962
2017-05-16,0.0026040568,0.0026040568,0.0026036611
2017-05-17,0.01596189,0.01596189,0.0159611
2017-05-18,-0.00055916506,-0.0006005313,-0.0011544412
2017-05-19,3.5714286e-05,-0.00056445372,3.5714286e-05
2017-05-22,0.0017275419,3.6507937e-05,0.0011275419
2017-05-23,0.0053197294,0.0047217425,0.0053177162
2017-05-24,-0.0040451845,-0.0040451845,-0.0040498734
2017-05-25,-0.00047390789,-0.0010404581,-0.0012022129
2017-05-26,0.00079781626,-0.00043230926,0.00032243315
2017-05-30,0.0050094781,0.0045344942,0.0050090857
2017-05-31,0.00089278558,0.00089278558,0.00089127927
2017-06-01,-0.0010826538,-0.0010826538,-0.0010829332
2017-06-02,-0.00056221837,0.0087370833,-0.001162532
2017-06-05,3.7698413e-05,-0.00055969184,3.7698413e-05
2017-06-06,3.8095238e-05,3.8095238e-05,3.8095238e-05
2017-06-07,3.8888889e-05,3.8888889e-05,3.8888889e-05
2017-06-08,3.9285714e-05,3.9285714e-05,3.9285714e-05
2017-06-09,3.9285714e-05,3.9285714e-05,3.9285714e-05
2017-06-12,-0.00013534366,3.8492063e-05,-0.00073534366
2017-06-13,-0.00055144767,-0.0012511801,-0.0012315041
2017-06-14,0.0098816497,0.00074658584,0.0093620636
2017-06-15,-0.0035660641,-0.0040822655,-0.0035691639
2017-06-16,0.0010730651,0.0010730651,0.0010720043
2017-06-19,-0.0056104656,-0.0056104656,-0.0056107995
2017-06-20,-0.00056199784,0.004986076,-0.0011636782
2017-06-21,3.8492063e-05,-0.00056000725,3.8492063e-05
2017-06-22,3.7301587e-05,3.7301587e-05,3.7301587e-05
2017-06-23,3.7698413e-05,3.7698413e-05,3.7698413e-05
2017-06-26,-0.0021777209,3.8888889e-05,-0.0027777209
2017-06-27,0.0099165716,0.0093180776,0.0099150656
2017-06-28,-0.00116764,0.0019502268,-0.0019042367
2017-06-29,-0.0079542746,-0.0025298042,-0.0084089922
2017-06-30,-0.0047218008,-0.0051744739,-0.0047240553
2017-07-03,-0.0073875676,-0.0073875676,-0.007388978
2017-07-05,0.0014651148,0.0014651148,0.001462895
2017-07-06,-0.00055907203,-0.0038095943,-0.0011586202
2017-07-07,4.0873016e-05,-0.00056026186,4.0873016e-05
2017-07-10,-0.0031472939,4.0873016e-05,-0.0037472939
2017-07-11,-0.0025469059,-0.003144518,-0.0025492937
2017-07-12,-0.005750436,-0.005750436,-0.0057528213
2017-07-13,-0.00096433399,0.002161924,-0.0016568762
2017-07-14,0.0022706417,-0.00024604435,0.0017578268
2017-07-17,0.0024018168,0.001889998,0.002400972
2017-07-18,0.0072789492,0.0072789492,0.0072782177
2017-07-19,-4.5434409e-05,-4.5434409e-05,-4.7614849e-05
2017-07-20,-0.00055515873,0.00051576366,-0.0011551587
2017-07-21,4.5238095e-05,-0.00055459382,4.5238095e-05
2017-07-24,0.00082145437,4.5634921e-05,0.00022145437
2017-07-25,0.011320195,0.010721371,0.011319019
2017-07-26,-0.0062882291,-0.0062882291,-0.0062982037
2017-07-27,-0.001575927,0.0032831181,-0.0023388495
2017-07-28,0.0028908153,0.00014987351,0.0024478337
2017-07-31,0.00051827514,7.6548345e-05,0.00051726579
2017-08-01,0.0049259985,0.0049259985,0.0049258303
2017-08-02,-0.0019133922,-0.0019133922,-0.0019148753
2017-08-03,-0.00055849851,0.0068832937,-0.0011590605
2017-08-04,0.004912325,-0.00055587302,0.004312325
2017-08-07,-0.0010299258,-0.001625083,-0.0010347685
2017-08-08,0.0017808481,0.0017808481,0.0017798377
2017-08-09,-0.0023336793,-0.0023336793,-0.0023351904
2017-08-10,-0.0012936354,-0.0073784233,-0.0018313758
2017-08-11,0.0015286437,-0.000736118,0.00086389701
2017-08-14,-0.0048753315,-0.0055392043,-0.004876
2017-08-15,-0.0060070457,-0.0060070457,-0.0060085031
2017-08-16,0.003697687,0.003697687,0.0036958867
2017-08-17,-0.00055999354,0.0070513186,-0.001158876
2017-08-18,3.968254e-05,-0.00055820504,3.968254e-05
2017-08-21,3.9285714e-05,3.9285714e-05,3.9285714e-05
2017-08-22,3.9285714e-05,3.9285714e-05,3.9285714e-05
2017-08-23,3.8888889e-05,3.8888889e-05,3.8888889e-05
2017-08-24,3.968254e-05,3.968254e-05,3.968254e-05
2017-08-25,4.0079365e-05,4.0079365e-05,4.0079365e-05
2017-08-28,-0.0023636162,3.8492063e-05,-0.0029636162
2017-08-29,0.00050947377,-0.0051368621,-0.00025476395
2017-08-30,-0.0021418872,-0.0011993874,-0.00257915
2017-08-31,0.0031068366,0.0026698397,0.0031063364
2017-09-01,-0.0059264556,-0.0059264556,-0.0059273967
2017-09-05,0.013879308,0.013879308,0.013877532
2017-09-06,-0.00055421433,-0.0048381352,-0.0011500953
2017-09-07,4.0873016e-05,-0.00056057161,4.0873016e-05
2017-09-08,4.047619e-05,4.047619e-05,4.047619e-05
2017-09-11,0.010912991,4.1269841e-05,0.010312991
2017-09-12,0.0049022572,0.004312413,0.0048921014
2017-09-13,-0.0012544769,0.0041745606,-0.0019382662
2017-09-14,-0.00018220971,-0.00060114338,-0.00069423489
2017-09-15,0.0023760015,0.001864226,0.0023758903
2017-09-18,-0.0078428122,-0.0078428122,-0.0078435355
2017-09-19,-0.0022789914,-0.0022789914,-0.00228135
2017-09-20,-0.00056019604,-0.0039612128,-0.0011608683
2017-09-21,4.047619e-05,-0.00056070446,4.047619e-05
2017-09-22,4.0079365e-05,4.0079365e-05,4.0079365e-05
2017-09-25,-0.0064831988,4.1269841e-05,-0.0070831988
2017-09-26,0.0017731188,0.0011785361,0.0017677015
2017-09-27,0.010359344,0.010359344,0.010357837
2017-09-28,-0.00081695623,0.0004658202,-0.0015595134
2017-09-29,-0.0029280871,-0.0013474804,-0.0033764041
2017-10-02,-0.0023138784,-0.0027615396,-0.0023146118
2017-10-03,0.0027803233,0.0027803233,0.0027796397
2017-10-04,-0.0006064328,-0.0006064328,-0.00060727722
2017-10-05,-0.00055850249,-0.0021115924,-0.0011586716
2017-10-06,4.1666667e-05,-0.00055895555,4.1666667e-05
2017-10-09,-0.0027616866,4.1666667e-05,-0.0033616866
2017-10-10,-0.00065167012,-0.0012496289,-0.00065371133
2017-10-11,-0.0021543134,-0.0021543134,-0.0021549907
2017-10-12,-0.00037495338,-0.0017784305,-0.0010696851
2017-10-13,0.0062102428,0.00037930172,0.0057029975
2017-10-16,-0.0034140345,-0.0039191093,-0.0034160489
2017-10-17,-0.00079380707,-0.00079380707,-0.00079482112
2017-10-18,-0.0051059041,-0.0051059041,-0.0051061294
2017-10-19,-0.00055866955,0.0020237501,-0.0011601962
2017-10-20,4.3253968e-05,-0.00055612687,4.3253968e-05
2017-10-23,-0.0023814068,4.2857143e-05,-0.0029814068
2017-10-24,0.0061352445,0.0055369453,0.0061335438
2017-10-25,0.0033150092,0.0033150092,0.0033096149
2017-10-26,-0.0034909255,0.0027522316,-0.0046163437
2017-10-27,0.006330298,0.0045156962,0.0062591326
2017-10-30,0.0071349848,0.0070639184,0.0071330638
2017-10-31,-0.0013662947,-0.0013662947,-0.0013684335
2017-11-01,0.0011615953,0.0011615953,0.001161199
2017-11-02,-0.00055400311,0.0025945681,-0.0011536411
2017-11-03,-0.0036873512,-0.00055317817,-0.0042873512
2017-11-06,-0.0023316862,-0.0029287955,-0.002334577
2017-11-07,-0.00063377537,-0.00063377537,-0.00063598061
2017-11-08,0.0025592224,0.0025592224,0.0025585463
2017-11-09,-0.00039559813,0.00087120353,-0.00092864953
2017-11-10,-0.01086649,0.00061714342,-0.011531219
2017-11-13,-0.00099695678,-0.0016582384,-0.0010000341
2017-11-14,0.0027869966,0.0027869966,0.0027867127
2017-11-15,0.0071256694,0.0071256694,0.0071248208
2017-11-16,-0.00054825956,-0.0051315674,-0.0011461223
2017-11-17,5e-05,-0.00055153173,5e-05
2017-11-20,5.0793651e-05,5.0793651e-05,5.0793651e-05
2017-11-21,5.0793651e-05,5.0793651e-05,5.0793651e-05
2017-11-22,5.0396825e-05,5.0396825e-05,5.0396825e-05
2017-11-24,5e-05,5e-05,5e-05
2017-11-27,-0.0017920137,4.9603175e-05,-0.0023920137
2017-11-28,-0.00080525772,-0.00084762339,-0.0018763961
2017-11-29,-0.0065746046,-0.0061070426,-0.0067047031
2017-11-30,-0.0062762338,-0.0064034963,-0.0062781644
2017-12-01,0.0073401961,0.0073401961,0.007338317
2017-12-04,-0.00099685403,-0.00099685403,-0.00099905526
2017-12-05,-0.00054948977,0.0014602397,-0.0011497732
2017-12-06,5.0793651e-05,-0.00054875364,5.0793651e-05
2017-12-07,5.0396825e-05,5.0396825e-05,5.0396825e-05
2017-12-08,5e-05,5e-05,5e-05
2017-12-11,0.00085408077,5.1984127e-05,0.00025408077
2017-12-12,-0.00097592552,0.001233402,-0.0016818953
2017-12-13,0.0075871985,0.00077917008,0.0070942979
2017-12-14,-0.00080699551,-0.0012971383,-0.00080941511
2017-12-15,-0.00042867696,-0.00042867696,-0.00042890303
2017-12-18,-0.0045768868,-0.0045768868,-0.004577
2017-12-19,-0.00054779158,-0.0091224777,-0.0011491546
2017-12-20,5.3968254e-05,-0.0005487769,5.3968254e-05
2017-12-21,5.2777778e-05,5.2777778e-05,5.2777778e-05
2017-12-22,5.1984127e-05,5.1984127e-05,5.1984127e-05
2017-12-26,-0.001212603,5.7539683e-05,-0.001812603
2017-12-27,-0.0084204624,-0.0090197766,-0.0084211481
2017-12-28,-0.0033691665,0.0025955517,-0.0045094269
2017-12-29,0.0031047017,0.0016906562,0.0030376964
2018-01-02,-0.0066892256,-0.0067564394,-0.0066901903
2018-01-03,0.0020347142,0.0020347142,0.0020327114
2018-01-04,-0.0010051547,-0.0010051547,-0.0010057809
2018-01-05,-0.00054592,-0.0025245427,-0.0011462051
2018-01-08,0.00049634493,-0.00054399677,-0.00010365507
2018-01-09,0.0096597522,0.0090606063,0.0096588981
2018-01-10,0.00070706757,0.00070706757,0.00069858446
2018-01-11,-0.00043851947,-0.0011941596,-0.00113869
2018-01-12,-0.0018920199,-0.00088904484,-0.0023912895
2018-01-16,0.00089894066,0.00039998319,0.00089853909
2018-01-17,-0.0044533715,-0.0044533715,-0.0044536581
2018-01-18,-0.0063819592,-0.0063819592,-0.0063832841
2018-01-19,-0.00054556003,-0.0052468784,-0.0011474693
2018-01-22,0.00031701122,-0.00054481867,-0.00028298878
2018-01-23,-0.00563769,-0.0062369971,-0.005638383
2018-01-24,0.0039826453,0.0039826453,0.003977411
2018-01-25,0.00052400776,-0.0042904725,-0.00024437791
2018-01-26,-0.0064404919,-0.002458369,-0.0068684976
2018-01-29,-0.0050696632,-0.0054962524,-0.0050714611
2018-01-30,-0.0046945938,-0.0046945938,-0.0046961047
2018-01-31,0.00052134567,0.00052134567,0.00051994817
2018-02-01,-0.00054188963,-0.010374089,-0.0011417158
2018-02-02,0.0069574694,-0.00054519054,0.0063574694
2018-02-05,-0.016288859,-0.016882241,-0.016295476
2018-02-06,0.008873606,0.008873606,0.0088585666
2018-02-07,0.0059976261,0.0059976261,0.0059898337
2018-02-08,-0.00067949792,-0.0016055586,-0.0011920201
2018-02-09,-0.0042578355,3.6550782e-05,-0.0049401737
2018-02-12,-0.00065242168,-0.0013334255,-0.00065347984
2018-02-13,0.0032648761,0.0032648761,0.0032646998
2018-02-14,-0.012176315,-0.012176315,-0.012177309
2018-02-15,-0.00054177382,0.00052299337,-0.0011454524
2018-02-16,6.3095238e-05,-0.00053672829,6.3095238e-05
2018-02-20,0.0017280254,6.5079365e-05,0.0011280254
2018-02-21,0.0060545656,0.0054565024,0.0060526289
2018-02-22,1.6561206e-06,-0.0025933974,-0.00075060418
2018-02-23,0.0071597081,0.0012829998,0.0067173391
2018-02-26,0.0022825481,0.0018426445,0.0022802658
2018-02-27,-0.0063247414,-0.0063247414,-0.0063254448
2018-02-28,0.004642152,0.004642152,0.0046402625
2018-03-01,-0.00053510194,0.0085416983,-0.0011336959
2018-03-02,6.4285714e-05,-0.00053315434,6.4285714e-05
2018-03-05,6.6269841e-05,6.6269841e-05,6.6269841e-05
2018-03-06,6.547619e-05,6.547619e-05,6.547619e-05
2018-03-07,6.547619e-05,6.547619e-05,6.547619e-05
2018-03-08,6.5079365e-05,6.5079365e-05,6.5079365e-05
2018-03-09,6.5079365e-05,6.5079365e-05,6.5079365e-05
2018-03-12,-0.0051330628,6.6666667e-05,-0.0057330628
2018-03-13,-0.00014257031,-0.0037499285,-0.00083802955
2018-03-14,0.0033315552,-5.226745e-05,0.0028228616
2018-03-15,-0.00085072795,-0.001358235,-0.00085189605
2018-03-16,-0.0024115781,-0.0024115781,-0.0024118124
2018-03-19,-0.002024997,-0.002024997,-0.0020257012
2018-03-20,-0.00052995244,-0.0039816797,-0.0011305398
2018-03-21,6.7857143e-05,-0.0005333206,6.7857143e-05
2018-03-22,6.7063492e-05,6.7063492e-05,6.7063492e-05
2018-03-23,6.7857143e-05,6.7857143e-05,6.7857143e-05
2018-03-26,0.0050384227,6.984127e-05,0.0044384227
2018-03-27,-0.011147729,-0.011742848,-0.01115261
2018-03-28,-0.00086032536,0.00055682793,-0.0016401838
2018-03-29,0.0035806224,0.00041265311,0.0031501562
2018-04-02,0.0019683276,0.0015392445,0.001967109
2018-04-03,-0.0064697402,-0.0064697402,-0.0064703505
2018-04-04,-0.0012356158,-0.0012356158,-0.0012375484
2018-04-05,-0.00053328702,-0.0051287809,-0.0011336375
2018-04-06,6.7460317e-05,-0.00053406582,6.7460317e-05
2018-04-09,-0.00080643205,6.8650794e-05,-0.0014064321
2018-04-10,0.0036764551,0.003076805,0.0036761053
2018-04-11,-0.0017715629,-0.0017715629,-0.0017746993
2018-04-12,-0.0020281638,0.0073744004,-0.0027429843
2018-04-13,0.0012006343,-0.00033286559,0.00071344528
2018-04-16,-0.0010457579,-0.0015321052,-0.0010462839
2018-04-17,0.0010994447,0.0010994447,0.0010991518
2018-04-18,-0.0078684026,-0.0078684026,-0.0078687532
2018-04-19,-0.00053132586,-0.0055543251,-0.0011336835
2018-04-20,7.0634921e-05,-0.00053101842,7.0634921e-05
2018-04-23,0.0015643069,7.3015873e-05,0.00096430694
2018-04-24,0.0025576796,0.0019594483,0.0025559109
2018-04-25,0.0045325695,0.0045325695,0.0045304467
2018-04-26,0.00096711234,-0.0055494127,0.00019168009
2018-04-27,0.0028613734,0.00024586022,0.0024409028
2018-04-30,0.0020924195,0.0016728657,0.0020914171
2018-05-01,-0.0032059974,-0.0032059974,-0.0032066459
2018-05-02,0.00032052909,0.00032052909,0.0003195862
2018-05-03,-0.00052845349,0.0050592066,-0.0011283355
2018-05-04,-0.00060664685,-0.00052704006,-0.0012066468
2018-05-07,0.0011777257,0.00057790313,0.0011775482
2018-05-08,0.0035421436,0.0035421436,0.003541259
2018-05-09,0.0047275735,0.0047275735,0.0047245705
2018-05-10,-0.00088664783,-0.0039560468,-0.0014187429
2018-05-11,-0.00054159186,-0.00047292483,-0.0012055952
2018-05-14,-0.0044130551,-0.0050768463,-0.0044131142
2018-05-15,-0.01114538,-0.01114538,-0.011146687
2018-05-16,-0.0042517781,-0.0042517781,-0.004255136
2018-05-17,-0.00052665422,-0.0012707935,-0.0011279116
2018-05-18,7.4206349e-05,-0.00052615256,7.4206349e-05
2018-05-21,-0.0017871101,7.5396825e-05,-0.0023871101
2018-05-22,0.00099372099,0.00039497327,0.0009924687
2018-05-23,-0.0089288258,-0.0089288258,-0.0089295385
2018-05-24,0.0010031284,-0.0049447801,0.00018459082
2018-05-25,0.0074197837,0.0019695448,0.0070301916
2018-05-29,0.021511113,0.021123953,0.021508766
2018-05-30,-0.00862484,-0.00862484,-0.0086311798
2018-05-31,-0.001052432,-0.001052432,-0.0010550171
2018-06-01,-0.00052568956,-0.0074650009,-0.0011259823
2018-06-04,7.5793651e-05,-0.00052643989,7.5793651e-05
2018-06-05,7.5793651e-05,7.5793651e-05,7.5793651e-05
2018-06-06,7.5793651e-05,7.5793651e-05,7.5793651e-05
2018-06-07,7.5396825e-05,7.5396825e-05,7.5396825e-05
2018-06-08,7.5e-05,7.5e-05,7.5e-05
2018-06-11,0.0015701072,7.5793651e-05,0.00097010716
2018-06-12,-0.00081095707,0.00078183063,-0.0014986087
2018-06-13,-0.002949429,-0.00098765238,-0.003460048
2018-06-14,0.0062331066,0.0057231612,0.0062323959
2018-06-15,0.0014952959,0.0014952959,0.001493415
2018-06-18,0.00090584462,0.00090584462,0.00090537359
2018-06-19,-0.00052391201,0.0052236325,-0.0011236177
2018-06-20,7.5396825e-05,-0.00052302164,7.5396825e-05
2018-06-21,7.5396825e-05,7.5396825e-05,7.5396825e-05
2018-06-22,7.5e-05,7.5e-05,7.5e-05
2018-06-25,-0.0031395063,7.5396825e-05,-0.0037395063
2018-06-26,-0.00077725217,-0.0013747777,-0.00077972666
2018-06-27,-0.0074246559,-0.0074246559,-0.0074255362
2018-06-28,-0.001364614,0.0021416791,-0.0021567515
2018-06-29,-0.0020493613,-0.0012362067,-0.0024642081
2018-07-02,-0.0014459117,-0.0018602762,-0.0014463803
2018-07-03,0.0050082409,0.0050082409,0.00500783
2018-07-05,0.0001167933,0.0001167933,0.00011527533
2018-07-06,-0.00052335436,0.0016782609,-0.001123296
2018-07-09,0.0046748543,-0.0005220935,0.0040748543
2018-07-10,0.0017679082,0.0011724451,0.0017633713
2018-07-11,-0.0039034768,-0.0039034768,-0.0039048823
2018-07-12,-0.0007981968,0.00098440277,-0.0015080248
2018-07-13,0.0027468407,-6.8887478e-05,0.0022529295
2018-07-16,-0.003391805,-0.0038845837,-0.003392797
2018-07-17,-0.0012519411,-0.0012519411,-0.001252938
2018-07-18,-0.0016399571,-0.0016399571,-0.0016403092
2018-07-19,-0.0005226915,0.0053959855,-0.0011231608
2018-07-20,7.7380952e-05,-0.00052098572,7.7380952e-05
2018-07-23,0.0093925779,7.7777778e-05,0.0087925779
2018-07-24,-0.0011727629,-0.0017640434,-0.0011814823
2018-07-25,0.0015844765,0.0015844765,0.0015832364
2018-07-26,-0.0014658729,0.0023693018,-0.0022589121
2018-07-27,0.0026654037,0.00025469084,0.0022596046
2018-07-30,-0.0026356991,-0.0030403746,-0.0026366408
2018-07-31,0.0026756137,0.0026756137,0.0026748453
2018-08-01,-0.0048050216,-0.0048050216,-0.0048058459
2018-08-02,-0.00052285287,0.0022879376,-0.0011242772
2018-08-03,-0.0055147528,-0.00052111669,-0.0061147528
2018-08-06,-0.00077032669,-0.00136569,-0.00077496337
2018-08-07,0.0043428457,0.0043428457,0.0043419607
2018-08-08,-0.001559274,-0.001559274,-0.0015629731
2018-08-09,-0.00099381805,-0.0052947309,-0.0015360381
2018-08-10,0.0078942967,-0.0013068255,0.0072347229
2018-08-13,-0.0006701079,-0.0013272251,-0.00067267582
2018-08-14,-0.0020348521,-0.0020348521,-0.0020350283
2018-08-15,0.0048096764,0.0048096764,0.0048090892
2018-08-16,-0.00051798434,-0.00066794854,-0.0011165242
2018-08-17,7.9761905e-05,-0.00052041398,7.9761905e-05
2018-08-20,8.0555556e-05,8.0555556e-05,8.0555556e-05
2018-08-21,8.0952381e-05,8.0952381e-05,8.0952381e-05
2018-08-22,8.1349206e-05,8.1349206e-05,8.1349206e-05
2018-08-23,8.0952381e-05,8.0952381e-05,8.0952381e-05
2018-08-24,8.1349206e-05,8.1349206e-05,8.1349206e-05
2018-08-27,0.0040943865,8.2539683e-05,0.0034943865
2018-08-28,0.0047015868,0.0041055924,0.0046975812
2018-08-29,-0.0010596363,0.00080671485,-0.0018982615
2018-08-30,0.0032709465,0.00067410244,0.0029135726
2018-08-31,0.00030595828,-5.0207046e-05,0.00030484926
2018-09-04,-0.0046520627,-0.0046520627,-0.0046521795
2018-09-05,-0.00028036124,-0.00028036124,-0.00028173824
2018-09-06,-0.0005171222,0.0040280819,-0.0011171809
2018-09-07,8.3333333e-05,-0.00051543839,8.3333333e-05
2018-09-10,-0.001550251,8.3730159e-05,-0.002150251
2018-09-11,0.0074836228,0.0068846839,0.0074825616
2018-09-12,-0.0021409136,-0.0021409136,-0.0021473981
2018-09-13,-0.0007022644,0.00042176565,-0.0014188363
2018-09-14,-0.0043062541,-0.0013749159,-0.0047918209
2018-09-17,0.00030870878,-0.00017585819,0.00030758361
2018-09-18,-0.0083577341,-0.0083577341,-0.0083578524
2018-09-19,-0.0034487064,-0.0034487064,-0.0034512091
2018-09-20,-0.00051648822,0.00011321774,-0.0011175002
2018-09-21,8.4920635e-05,-0.00051501975,8.4920635e-05
2018-09-24,0.0018148335,8.6507937e-05,0.0012148335
2018-09-25,0.0022146372,0.0016165941,0.0022126803
2018-09-26,0.0023941067,-0.0063162853,0.0014939751
2018-09-27,-6.946458e-07,-0.00090838509,-9.1112729e-07
2018-09-28,0.00060515286,0.00049647117,0.00030684207
2018-10-01,-0.005158484,-0.0054564993,-0.0051587804
2018-10-02,0.0050758616,0.0050758616,0.0050743325
2018-10-03,-0.014944465,-0.014944465,-0.014946006
2018-10-04,-0.00051801608,-0.0052807604,-0.0011225401
2018-10-05,8.6507937e-05,-0.0005150571,8.6507937e-05
2018-10-08,-0.0011659915,8.6507937e-05,-0.0017659915
2018-10-09,-0.0035698768,-0.0041691547,-0.0035705989
2018-10-10,-0.00076234491,-0.00076234491,-0.00076578561
2018-10-11,0.0009670574,-0.0079608551,0.0002465588
2018-10-12,-0.0029584874,-0.0011501975,-0.0034385958
2018-10-15,0.0011054823,0.0006257122,0.0011047636
2018-10-16,-0.00028902396,-0.00028902396,-0.00028938241
2018-10-17,-0.0058715955,-0.0058715955,-0.0058716552
2018-10-18,-0.00051166516,0.0035078579,-0.0011134097
2018-10-19,8.968254e-05,-0.00050924143,8.968254e-05
2018-10-22,-0.00075003432,9.1269841e-05,-0.0013500343
2018-10-23,-0.0049453865,-0.0055450263,-0.0049457466
2018-10-24,-0.01051298,-0.01051298,-0.010517679
2018-10-25,-0.0033504115,0.0049939865,-0.0042670408
2018-10-26,0.008554041,0.0036661108,0.0082609004
2018-10-29,-0.00029190757,-0.00058243849,-0.00029456511
2018-10-30,-0.0044415961,-0.0044415961,-0.0044416555
2018-10-31,-0.0050465212,-0.0050465212,-0.0050478321
2018-11-01,-0.00051141434,0.0016200616,-0.001112908
2018-11-02,0.01078763,-0.0005090112,0.01018763
2018-11-05,-0.00095636765,-0.0015464521,-0.0009662832
2018-11-06,0.002448447,0.002448447,0.0024473668
2018-11-07,-0.00041618608,0.00025040679,-0.00094336551
2018-11-08,-0.0035648167,-8.820588e-05,-0.0042356631
2018-11-09,0.0077251592,0.0070552786,0.007724316
2018-11-12,0.0058956133,0.0058956133,0.0058932862
2018-11-13,0.0014978161,0.0014978161,0.0014960299
2018-11-14,-0.0005070627,0.004083205,-0.0011065857
2018-11-15,9.2063492e-05,-0.00050668888,9.2063492e-05
2018-11-16,9.1666667e-05,9.1666667e-05,9.1666667e-05
2018-11-19,9.2857143e-05,9.2857143e-05,9.2857143e-05
2018-11-20,9.2857143e-05,9.2857143e-05,9.2857143e-05
2018-11-21,9.3650794e-05,9.3650794e-05,9.3650794e-05
2018-11-23,9.3650794e-05,9.3650794e-05,9.3650794e-05
2018-11-26,0.0012375893,9.4047619e-05,0.00063758926
2018-11-27,-0.0017191731,-0.002317754,-0.0017205922
2018-11-28,-0.0009603346,0.00045062412,-0.0018378993
2018-11-29,0.0047165253,0.001491066,0.0043923069
2018-11-30,0.0038433182,0.003520691,0.0038417862
2018-12-03,0.0042769869,0.0042769869,0.0042758105
2018-12-04,0.0091395835,0.0091395835,0.0091382779
2018-12-06,-0.00050360396,0.0049887749,-0.0011008587
2018-12-07,9.3253968e-05,-0.0005052282,9.3253968e-05
2018-12-10,-0.0015077233,9.4047619e-05,-0.0021077233
2018-12-11,0.0053114495,0.0047125002,0.0053103988
2018-12-12,0.0057133849,0.0057133849,0.005708859
2018-12-13,-0.00044526955,-0.00091815363,-0.0011269708
2018-12-14,0.0025185503,-0.00016962938,0.0020051725
2018-12-17,0.0057551706,0.0052427877,0.0057542357
2018-12-18,0.0048341939,0.0048341939,0.0048324492
2018-12-19,0.0069027088,0.0069027088,0.0069012374
2018-12-20,-0.00050505821,-0.0026134155,-0.0011029736
2018-12-21,9.2857143e-05,-0.00050790031,9.2857143e-05
2018-12-24,-0.0053732959,9.5634921e-05,-0.0059732959
2018-12-26,0.0097253504,0.0091299061,0.0097207947
2018-12-27,0.0016314286,-0.004798759,0.00073997564
2018-12-28,0.010454166,0.0045174408,0.010154062
2018-12-31,0.0074162248,0.00711934,0.0074130055
2019-01-02,0.0041266029,0.0041266029,0.0041243653
2019-01-03,0.015802078,0.015802078,0.015800816
2019-01-04,-0.00050125791,-0.016251286,-0.0010965634
2019-01-07,0.0052173506,-0.0005092904,0.0046173506
2019-01-08,0.0052541228,0.004659094,0.0052491515
2019-01-09,-0.00089876246,-0.00089876246,-0.00090323651
2019-01-10,-0.00072300723,0.0012205603,-0.0013982057
2019-01-11,0.0053488289,0.00013556043,0.0048229588
2019-01-14,-0.0012482405,-0.0017721372,-0.0012500206
2019-01-15,-0.0020174631,-0.0020174631,-0.0020178089
2019-01-16,-0.0012489036,-0.0012489036,-0.0012494812
2019-01-17,-0.00050629895,-0.0037489211,-0.0011066455
2019-01-18,9.3650794e-05,-0.00050744959,9.3650794e-05
2019-01-22,9.4444444e-05,9.4444444e-05,9.4444444e-05
2019-01-23,9.3650794e-05,9.3650794e-05,9.3650794e-05
2019-01-24,9.2063492e-05,9.2063492e-05,9.2063492e-05
2019-01-25,9.2857143e-05,9.2857143e-05,9.2857143e-05
2019-01-28,-0.00091960744,9.4047619e-05,-0.0015196074
2019-01-29,0.001629159,-0.006117626,0.00077173918
2019-01-30,0.0041713061,0.0011245199,0.0038283118
2019-01-31,0.0091006581,0.0087590185,0.0090992819
2019-02-01,0.009759463,-0.010796765,0.0085621966
2019-02-04,0.0046677178,0.0034740016,0.004658189
2019-02-05,-0.0032108771,-0.0032108771,-0.0032148366
2019-02-06,-0.0012833267,-0.0012833267,-0.0012864563
2019-02-07,-0.00097168364,-0.0062731081,-0.0015247496
2019-02-08,0.0019364929,-0.0006656438,0.0012879888
2019-02-11,-0.0031543378,-0.0038019321,-0.0031551395
2019-02-12,-0.0027760254,-0.0027760254,-0.0027769457
2019-02-13,-0.0050813302,-0.0050813302,-0.0050821366
2019-02-14,-0.00050705875,0.0093232327,-0.001108562
2019-02-15,9.4444444e-05,-0.00050275617,9.4444444e-05
2019-02-19,9.5634921e-05,9.5634921e-05,9.5634921e-05
2019-02-20,9.5238095e-05,9.5238095e-05,9.5238095e-05
2019-02-21,9.5238095e-05,9.5238095e-05,9.5238095e-05
2019-02-22,9.5634921e-05,9.5634921e-05,9.5634921e-05
2019-02-25,0.0027239323,9.6031746e-05,0.0021239323
2019-02-26,0.0016201393,-0.0062747028,0.00077545721
2019-02-27,-0.007512335,-0.003749426,-0.0078647793
2019-02-28,-0.0052704713,-0.0056210631,-0.0052726057
2019-03-01,-0.0066595868,-0.0066595868,-0.0066611468
2019-03-04,0.006082268,0.006082268,0.006080286
2019-03-05,-0.0005025225,0.0010573605,-0.0011006799
2019-03-06,9.5634921e-05,-0.00050401903,9.5634921e-05
2019-03-07,9.5238095e-05,9.5238095e-05,9.5238095e-05
2019-03-08,9.5634921e-05,9.5634921e-05,9.5634921e-05
2019-03-11,0.0011913791,9.5634921e-05,0.00059137907
2019-03-12,-0.0052788734,-0.0058775,-0.0052802468
2019-03-13,-0.00068483736,0.0010180137,-0.0013575474
2019-03-14,-0.0034860623,-0.00091577769,-0.0040183865
2019-03-15,0.006203289,0.0056717698,0.006202429
2019-03-18,-0.0027626155,-0.0027626155,-0.0027644935
2019-03-19,-0.0014293231,-0.0014293231,-0.001430125
2019-03-20,-0.00050436865,0.013824166,-0.0011047691
2019-03-21,9.6428571e-05,-0.00049945259,9.6428571e-05
2019-03-22,9.5634921e-05,9.5634921e-05,9.5634921e-05
2019-03-25,-0.0054142924,9.5634921e-05,-0.0060142924
2019-03-26,0.0019470818,0.0013516748,0.0019424888
2019-03-27,-0.005561245,-0.005561245,-0.0055627622
2019-03-28,-0.0011124799,6.7021146e-05,-0.002317749
2019-03-29,-0.0032752944,-0.0044754068,-0.0032753506
2019-04-01,-0.013848643,-0.013848643,-0.013849601
2019-04-02,0.0033080421,0.0033080421,0.0033038586
2019-04-03,-0.0063283999,-0.0063283999,-0.0063294183
2019-04-04,-0.00050704022,0.001987169,-0.0011089217
2019-04-05,9.484127e-05,-0.00050453486,9.484127e-05
2019-04-08,0.002875463,9.4444444e-05,0.002275463
2019-04-09,-0.0033449121,-0.003942027,-0.0033477972
2019-04-10,-0.0044717366,-0.0044717366,-0.0044749887
2019-04-11,-0.001130761,0.0047841386,-0.0018050953
2019-04-12,-0.0098912887,-0.0016752969,-0.010421351
2019-04-15,0.0025633594,0.0020359752,0.0025605535
2019-04-16,-0.0069260766,-0.0069260766,-0.0069268727
2019-04-17,0.00028417819,0.00028417819,0.00028211484
2019-04-18,-0.0005058381,0.0046639215,-0.0011057238
2019-04-22,9.484127e-05,-0.00050373806,9.484127e-05
2019-04-23,-0.0039511076,9.5238095e-05,-0.0045511076
2019-04-24,-0.0063828919,-0.0079318931,-0.0064698497
2019-04-25,-0.0036742708,0.0022611802,-0.0047959449
2019-04-26,0.0052072532,0.0040934098,0.0052065139
2019-04-29,-0.0042520406,-0.0042520406,-0.0042536228
2019-04-30,0.0038793594,0.0038793594,0.0038781075
2019-05-01,-0.0010049706,-0.0010049706,-0.0010061584
2019-05-02,-0.00050463813,-0.0057749189,-0.0011049112
2019-05-03,-0.002997822,-0.00050726899,-0.003597822
2019-05-06,-0.0048623709,-0.0054599729,-0.0048647689
2019-05-07,-0.0065528289,-0.0065528289,-0.0065574612
2019-05-08,0.0040218433,0.0040218433,0.0040156744
2019-05-09,-0.0008413315,-0.005029768,-0.0013929403
2019-05-10,-0.0020567686,-0.00035412655,-0.0027019177
2019-05-13,0.0098935148,0.0092489324,0.0098931192
2019-05-14,-0.0019708919,-0.0019708919,-0.0019738585
2019-05-15,0.0062870302,0.0062870302,0.0062864668
2019-05-16,-0.00050484368,-0.0040249172,-0.0011029413
2019-05-17,9.2857143e-05,-0.00050832644,9.2857143e-05
2019-05-20,9.2857143e-05,9.2857143e-05,9.2857143e-05
2019-05-21,9.2857143e-05,9.2857143e-05,9.2857143e-05
2019-05-22,9.2460317e-05,9.2460317e-05,9.2460317e-05
2019-05-23,9.2063492e-05,9.2063492e-05,9.2063492e-05
2019-05-24,9.1269841e-05,9.1269841e-05,9.1269841e-05
2019-05-28,-0.0091019192,9.2063492e-05,-0.0097019192
2019-05-29,-0.001774933,0.00039334193,-0.002878216
2019-05-30,0.0070373512,0.0048175084,0.0069328053
2019-05-31,0.013217329,0.013113659,0.013215175
2019-06-03,0.0095271186,0.0095271186,0.0095231778
2019-06-04,-0.0074174145,-0.0074174145,-0.0074202737
2019-06-05,-0.00051094335,-9.3483035e-05,-0.0011131565
2019-06-06,9.047619e-05,-0.00050952381,9.047619e-05
2019-06-07,8.8492063e-05,8.8492063e-05,8.8492063e-05
2019-06-10,0.0095302005,8.8888889e-05,0.0089302005
2019-06-11,0.0002316647,-0.00035952381,0.00022285322
2019-06-12,-0.0049156859,-0.0049156859,-0.0049156859
2019-06-13,-8.7217938e-05,-0.0047297627,-0.00075387176
2019-06-14,0.00084004594,-0.00044760376,0.00030216023
2019-06-17,-0.00045152904,-0.00098906225,-0.00045196737
2019-06-18,0.0037559006,0.0037559006,0.0037557912
2019-06-19,0.00539262,0.00539262,0.0053914718
2019-06-20,-0.00051542896,0.0031941915,-0.0011137944
2019-06-21,8.2142857e-05,-0.00051687673,8.2142857e-05
2019-06-24,-0.0073152341,8.2539683e-05,-0.0079152341
2019-06-25,-0.0028764398,-0.003470151,-0.0028827285
2019-06-26,0.0083979616,0.0083979616,0.0083951695
2019-06-27,0.0015240933,-0.0058022915,0.00069913197
2019-06-28,0.00045869008,-0.00046727193,9.1106324e-05
2019-07-01,-0.0025985526,-0.0029659977,-0.002598825
2019-07-02,0.0070243122,0.0070243122,0.0070235565
2019-07-03,0.0037277071,0.0037277071,0.003725589
2019-07-05,-0.00051235175,-0.012780957,-0.0011112114
2019-07-08,0.0016471387,-0.00051615854,0.0010471387
2019-07-09,0.0015165212,0.00091832469,0.0015147178
2019-07-10,-0.00086578908,-0.00086578908,-0.00086693875
2019-07-11,-0.0016826115,0.01009288,-0.0023493773
2019-07-12,0.0015855884,-0.00035036661,0.0010511125
2019-07-15,0.0041333741,0.0035998679,0.0041327146
2019-07-16,-0.00447644,-0.00447644,-0.0044777
2019-07-17,0.0092691834,0.0092691834,0.00926786
2019-07-18,-0.00051745807,0.0048466717,-0.001114678
2019-07-19,8.015873e-05,-0.00051836976,8.015873e-05
2019-07-22,-0.0012922425,8.0952381e-05,-0.0018922425
2019-07-23,0.003497893,0.002898714,0.0034970721
2019-07-24,-0.0027054327,-0.0027054327,-0.0027083769
2019-07-25,-0.0021390762,0.0036847759,-0.0029712723
2019-07-26,-0.00081872474,-0.00094696482,-0.0011892603
2019-07-29,0.0017454952,0.001375153,0.0017453854
2019-07-30,0.00083212318,0.00083212318,0.00083157585
2019-07-31,0.0050284605,0.0050284605,0.0050281867
2019-08-01,-0.00051791933,0.022602468,-0.0011163942
2019-08-02,-0.0045308856,-0.00051318686,-0.0051308856
2019-08-05,-0.017063263,-0.017659514,-0.017067011
2019-08-06,-0.0030109796,-0.0030109796,-0.0030267993
2019-08-07,0.00020900588,0.00020900588,0.000206107
2019-08-08,-0.00048664966,3.3190724e-05,-0.001049025
2019-08-09,-0.0037433728,-0.00028662006,-0.0043810012
2019-08-12,0.012585523,0.011948874,0.012584612
2019-08-13,-0.0071715011,-0.0071715011,-0.0071752528
2019-08-14,0.013261786,0.013261786,0.013259644
2019-08-15,-0.0005218443,0.012644915,-0.0011178949
2019-08-16,7.2619048e-05,-0.00052361198,7.2619048e-05
2019-08-19,7.5396825e-05,7.5396825e-05,7.5396825e-05
2019-08-20,7.5396825e-05,7.5396825e-05,7.5396825e-05
2019-08-21,7.6587302e-05,7.6587302e-05,7.6587302e-05
2019-08-22,7.7777778e-05,7.7777778e-05,7.7777778e-05
2019-08-23,7.6587302e-05,7.6587302e-05,7.6587302e-05
2019-08-26,0.0015429061,7.7777778e-05,0.00094290614
2019-08-27,-0.0084172056,-0.0090154689,-0.0084189423
2019-08-28,-0.00049928754,-0.00049928754,-0.00050711538
2019-08-29,-0.0019272438,0.0040605652,-0.0027107008
2019-08-30,3.1741479e-05,-0.00058873901,-0.00038556954
2019-09-03,0.0043149906,0.0038979939,0.0043148327
2019-09-04,0.0030782151,0.0030782151,0.0030769032
2019-09-05,-0.016182357,-0.016182357,-0.016183301
2019-09-06,-0.00052872005,0.0011544246,-0.0011336306
2019-09-09,0.011950786,-0.00052343932,0.011350786
2019-09-10,0.014743989,0.014154965,0.014733014
2019-09-11,0.0021580452,0.0021580452,0.0021451368
2019-09-12,-0.00095156295,0.0046764483,-0.0015990625
2019-09-13,-0.018918167,-0.0020834534,-0.019468993
2019-09-16,0.0086045811,0.0080590592,0.0085989915
2019-09-17,0.0051458314,0.0051458314,0.0051432475
2019-09-18,0.0006415452,0.0006415452,0.00063998562
2019-09-19,-0.00052478449,0.00082308465,-0.001124569
2019-09-20,7.4206349e-05,-0.0005255244,7.4206349e-05
2019-09-23,-0.0032539818,7.5396825e-05,-0.0038539818
2019-09-24,-0.0097889161,-0.010386338,-0.0097914942
2019-09-25,0.013317984,0.013317984,0.013308906
2019-09-26,0.00044043261,-0.0041097213,-0.00030998948
2019-09-27,0.0023431679,3.6262152e-05,0.001905414
2019-09-30,0.001528486,0.0010915314,0.0015276332
2019-10-01,0.0054674357,0.0054674357,0.0054669558
2019-10-02,0.0057725163,0.0068551971,0.0056859658
2019-10-03,-0.00044428319,0.0087738575,-0.00095483621
2019-10-04,6.6666667e-05,-0.00044326055,6.6666667e-05
2019-10-07,0.006258216,6.7857143e-05,0.005658216
2019-10-08,-0.0040610065,-0.0046550357,-0.0040669772
2019-10-09,0.0052721896,0.0052721896,0.0052683653
2019-10-10,-0.0015351865,0.012692338,-0.0021761197
2019-10-11,-0.014287885,-0.0016153328,-0.014842625
2019-10-14,0.0054706431,0.0049200381,0.005466486
2019-10-15,-0.0096919573,-0.0096919573,-0.0096936103
2019-10-16,0.0038728617,0.0038728617,0.003869946
2019-10-17,-0.00053413996,-0.00078033754,-0.0011329625
2019-10-18,6.468254e-05,-0.00053553196,6.468254e-05
2019-10-21,0.0068952803,6.5079365e-05,0.0062952803
2019-10-22,-0.0044994284,-0.0050928849,-0.004505972
2019-10-23,-0.00055022019,-0.00055022019,-0.00055443559
2019-10-24,-0.00081304571,0.00052915772,-0.0015666376
2019-10-25,-0.0048043851,-0.0018151693,-0.0052514506
2019-10-28,-0.0075938111,-0.008039731,-0.0075951045
2019-10-29,0.0017342816,0.0017342816,0.001732006
2019-10-30,0.0076852749,0.0096437758,0.0075703319
2019-10-31,-0.00042316219,0.010106295,-0.00090624502
2019-11-01,0.0033271871,-0.00042351788,0.0027271871
2019-11-04,0.010318209,0.0097215926,0.010314826
2019-11-05,0.010906157,0.010906157,0.010897098
2019-11-06,-0.0056197726,-0.0056197726,-0.0056293507
2019-11-07,-0.014535494,0.016149048,-0.015642864
2019-11-08,-0.0028733135,-0.003403258,-0.0029684225
2019-11-11,0.0021162321,0.0020196586,0.0021154145
2019-11-12,0.00084337806,0.00084337806,0.00084272627
2019-11-13,0.0053727499,0.0053727499,0.0053724783
2019-11-14,-0.00053726746,0.010053757,-0.001135646
2019-11-15,6.1111111e-05,-0.00053588434,6.1111111e-05
2019-11-18,6.1111111e-05,6.1111111e-05,6.1111111e-05
2019-11-19,6.1111111e-05,6.1111111e-05,6.1111111e-05
2019-11-20,6.1111111e-05,6.1111111e-05,6.1111111e-05
2019-11-21,6.1507937e-05,6.1507937e-05,6.1507937e-05
2019-11-22,6.1507937e-05,6.1507937e-05,6.1507937e-05
2019-11-25,-0.0013313486,6.2698413e-05,-0.0019313486
2019-11-26,-0.0035964255,-0.0041956187,-0.0035972323
2019-11-27,-0.0021823622,0.0053422312,-0.0029525679
2019-11-29,-0.0021081533,-0.0011830923,-0.0025415354
2019-12-02,-0.0072430463,-0.0076758114,-0.007243531
2019-12-03,0.017772375,0.017772375,0.017770205
2019-12-04,-0.0068878544,-0.0077440409,-0.006953079
2019-12-05,-0.00047116379,-0.0042318459,-0.0010022482
2019-12-06,5.952381e-05,-0.00047094263,5.952381e-05
2019-12-09,-0.0020664116,5.9920635e-05,-0.0026664116
2019-12-10,0.0024982411,0.0018997036,0.0024967786
2019-12-11,6.9915295e-05,-0.0081363084,-0.00057606015
2019-12-12,-0.0012149728,-0.0018706906,-0.0012151511
2019-12-13,0.011149621,0.0009933592,0.010597368
2019-12-16,-0.0094197024,-0.0099679106,-0.0094231903
2019-12-17,0.00011656164,0.00011656164,0.00011372861
2019-12-18,-0.0054828697,-0.0054828697,-0.0054829237
2019-12-19,-0.00054052439,0.0014973204,-0.0011421599
2019-12-20,6.1507937e-05,-0.00053802477,6.1507937e-05
2019-12-23,0.0013738661,6.1904762e-05,0.00077386612
2019-12-24,-0.0032886665,-0.0038870387,-0.0032902944
2019-12-26,8.6241102e-05,-0.002741697,-0.00068996975
2019-12-27,0.0024075201,8.5453654e-05,0.0019807233
2019-12-30,-0.0013272532,-0.0017531841,-0.0013281194
2019-12-31,-0.007291989,-0.007291989,-0.007292369
2020-01-02,0.0086585293,0.0091915389,0.0086234889
2020-01-03,-0.00050570141,0.012551073,-0.0010705298
2020-01-06,0.0017110648,-0.00050309759,0.0011110648
2020-01-07,0.0030284495,0.0024303828,0.0030265162
2020-01-08,0.004829235,0.004829235,0.0048266554
2020-01-09,-0.00047598635,-0.0012909744,-0.0011215179
2020-01-10,0.0037132943,-0.00024275809,0.0031630444
2020-01-13,-0.0023985841,-0.0029474828,-0.0023998755
2020-01-14,0.003896448,0.003896448,0.0038957455
2020-01-15,0.0049682902,0.0049682902,0.0049671074
2020-01-16,-0.00053818092,-0.004183219,-0.0011366793
2020-01-17,6.0714286e-05,-0.00054052725,6.0714286e-05
2020-01-21,6.0714286e-05,6.0714286e-05,6.0714286e-05
2020-01-22,6.031746e-05,6.031746e-05,6.031746e-05
2020-01-23,6.031746e-05,6.031746e-05,6.031746e-05
2020-01-24,5.9920635e-05,5.9920635e-05,5.9920635e-05
2020-01-27,-0.013961834,6.031746e-05,-0.014561834
2020-01-28,-0.0028562356,0.0062736285,-0.0036545494
2020-01-29,0.0090977639,0.0022103263,0.0086835061
2020-01-30,0.0018771856,0.0014663475,0.001874341
2020-01-31,0.0099856561,0.0099856561,0.0099850749
2020-02-03,-0.0017061092,-0.0017672975,-0.0017301626
2020-02-04,-0.00051229626,-0.01116131,-0.0010857036
2020-02-05,6.1111111e-05,-0.00051490937,6.1111111e-05
2020-02-06,6.1111111e-05,6.1111111e-05,6.1111111e-05
2020-02-07,-0.010022217,6.0714286e-05,-0.010622217
2020-02-10,-0.0037332736,-0.0043245677,-0.0037419795
2020-02-11,0.0049142873,0.0049142873,0.0049107769
2020-02-12,0.0052809747,0.0052809747,0.0052767125
2020-02-13,-0.00059675885,-0.0016148681,-0.001156774
2020-02-14,0.0042573312,-0.00079111204,0.0036218999
2020-02-18,0.0031150336,0.0024810183,0.0031135546
2020-02-19,-0.00041444546,-0.00041444546,-0.00041539585
2020-02-20,0.0057547598,0.0057547598,0.0057546542
2020-02-21,-0.00053755089,0.008022314,-0.0011358161
2020-02-24,-0.016025479,-0.00053807021,-0.016625479
2020-02-25,-0.0054180839,-0.0060038397,-0.005432328
2020-02-26,0.0011888359,0.0011888359,0.0011838052
2020-02-27,0.002237781,-0.0095595696,0.0014531668
2020-02-28,0.021958561,0.0061585862,0.021544452
2020-03-02,-0.0014167979,-0.0018238821,-0.001423377
2020-03-03,0.023202515,0.023202515,0.023202104
2020-03-04,-0.004086683,-0.0044265679,-0.0041307421
2020-03-05,-0.00052592627,0.016196829,-0.0010760589
2020-03-06,1.7857143e-05,-0.00052728194,1.7857143e-05
2020-03-09,-0.018526099,1.2698413e-05,-0.019126099
2020-03-10,0.036724466,0.036140908,0.036708025
2020-03-11,0.019950889,0.019950889,0.019919017
2020-03-12,-0.00054493308,-0.0010179059,-0.0011648416
2020-03-13,-0.013610495,-0.0014443051,-0.014172959
2020-03-16,0.052819309,0.052260577,0.052815346
2020-03-17,-0.050167469,-0.050167469,-0.050182523
2020-03-18,-0.023191459,-0.027777381,-0.023308597
2020-03-19,-0.00050180544,0.0053440963,-0.0010051982
2020-03-20,1.984127e-06,-0.00049563754,1.984127e-06
2020-03-23,-0.024291131,7.9365079e-07,-0.024891131
2020-03-24,0.013559917,0.012981737,0.013538098
2020-03-25,-0.0009907641,-0.0012099927,-0.0011749558
2020-03-26,0.00016668432,-0.0034758692,-0.00031856884
2020-03-27,0.014271501,0.0015141069,0.013753898
2020-03-30,0.0046098368,0.0040973823,0.0046055578
2020-03-31,0.0029030861,0.0036141855,0.0028029586
2020-04-01,0.0032571181,0.0066440826,0.0030181402
2020-04-02,-0.00025414856,-9.6822035e-05,-0.00051186854
2020-04-03,3.968254e-06,-0.00025360992,3.968254e-06
2020-04-06,0.0084146377,5.952381e-06,0.0078146377
2020-04-07,0.0078674696,0.0082899601,0.007810322
2020-04-08,-0.0006120352,0.0021581643,-0.0011581848
2020-04-09,0.0037156845,-0.00041295154,0.003133575
2020-04-13,-0.0043100607,-0.0048908262,-0.0043113474
2020-04-14,0.0026413366,0.0026413366,0.0026400415
2020-04-15,0.011845675,0.017865744,0.011650759
2020-04-16,-0.00039749379,0.0012442245,-0.00080054314
2020-04-17,4.7619048e-06,-0.00039937881,4.7619048e-06
2020-04-20,4.7619048e-06,4.7619048e-06,4.7619048e-06
2020-04-21,4.3650794e-06,4.3650794e-06,4.3650794e-06
2020-04-22,4.7619048e-06,4.7619048e-06,4.7619048e-06
2020-04-23,4.3650794e-06,4.3650794e-06,4.3650794e-06
2020-04-24,4.7619048e-06,4.7619048e-06,4.7619048e-06
2020-04-27,0.010034199,4.7619048e-06,0.0094341992
2020-04-28,0.00040984056,-0.0093361252,-0.00025430691
2020-04-29,-0.0015141047,-0.00079930064,-0.0020402366
2020-04-30,-0.0047590278,-0.0052851337,-0.0047593233
2020-05-01,0.0027584836,0.0027584836,0.0027570502
2020-05-04,-0.00016021777,0.00032225856,-0.00047584104
2020-05-05,-0.00027839343,-0.0010148101,-0.0005619456
2020-05-06,4.7619048e-06,-0.0002787762,4.7619048e-06
2020-05-07,4.3650794e-06,4.3650794e-06,4.3650794e-06
2020-05-08,0.0059522307,4.7619048e-06,0.0053522307
2020-05-11,0.0055801412,0.0049860083,0.0055742741
2020-05-12,-0.0066141254,-0.0066141254,-0.0066191334
2020-05-13,-0.00070045665,-0.0041268249,-0.0012894825
2020-05-14,0.0024971587,-0.00067053587,0.0018801675
2020-05-15,-0.0013168527,-0.0019329022,-0.0013177854
2020-05-18,-0.010804384,-0.012305925,-0.01088171
2020-05-19,0.0012384416,0.0048069836,0.00088314241
2020-05-20,-0.00081764165,-0.00020981914,-0.0013412483
2020-05-21,6.7794928e-05,-0.0013023745,-0.00063877748
2020-05-22,0.0022250629,0.0015176703,0.0022249188
2020-05-26,0.0021673452,-0.003092632,0.0014888285
2020-05-27,-0.00050854982,-0.0015713528,-0.00072375798
2020-05-28,-0.00036897049,0.00011299109,-0.00054350618
2020-05-29,0.0058787369,0.00053644235,0.0053447255
2020-06-01,-0.00079589543,-0.0013277818,-0.00079780864
2020-06-02,-0.0032110595,-0.0032921526,-0.0032293311
2020-06-03,-0.00644889,-0.011513293,-0.0067187587
2020-06-04,-0.00030712636,-0.0044162834,-0.00062020509
2020-06-05,5.952381e-06,-0.00030709963,5.952381e-06
2020-06-08,-0.002774431,6.7460317e-06,-0.003374431
2020-06-09,-0.0071755983,-0.0077736403,-0.0071775564
2020-06-10,0.0001255691,-0.014968262,-0.00051127113
2020-06-11,0.00038202127,-0.0002791999,0.00038065019
2020-06-12,-0.005012852,-0.0002318837,-0.0055808376
2020-06-15,-0.0015122089,-0.0022231957,-0.0015949863
2020-06-16,-0.0014920172,-0.0036499706,-0.0018446273
2020-06-17,0.00096906676,0.00051981095,0.00094603026
2020-06-18,0.0031092136,0.0013839368,0.0028434726
2020-06-19,0.0004978478,0.00023020981,0.00046524584
2020-06-22,0.00071898505,-0.0015060495,-0.00036799106
2020-06-23,0.00065095619,-0.00043476848,0.00064932949
2020-06-24,-0.0037958903,-0.0037958903,-0.0037964815
2020-06-25,-0.00066380583,-0.00033693554,-0.0014082373
2020-06-26,0.0049612444,0.00053677166,0.0045022647
2020-06-29,0.0019606992,0.0015035288,0.0019590803
2020-06-30,-0.0036111852,-0.0036111852,-0.0036117744
2020-07-01,-0.0031277157,-0.0031277157,-0.0031288009
2020-07-02,-0.0005953837,0.0024609506,-0.001196323
2020-07-06,5.952381e-06,-0.00059330921,5.952381e-06
2020-07-07,-0.0070236615,5.952381e-06,-0.0076236615
2020-07-08,0.0031052521,0.0025110653,0.0030994388
2020-07-09,0.00027995516,-0.0064188874,-0.00040749495
2020-07-10,-0.0044452842,-0.0012836463,-0.0049548356
2020-07-13,0.0021259121,0.0016172186,0.0021247283
2020-07-14,-0.00016976383,-0.00016976383,-0.00017040226
2020-07-15,-0.00066223636,-0.00066223636,-0.00066228532
2020-07-16,-0.0005958318,0.0014707845,-0.0011960287
2020-07-17,4.3650794e-06,-0.00059519297,4.3650794e-06
2020-07-20,-0.0019187642,5.1587302e-06,-0.0025187642
2020-07-21,-0.0021393545,-0.0027381735,-0.0021405354
2020-07-22,-0.00066485866,-0.00066485866,-0.00066677961
2020-07-23,0.00075679048,-0.0019722553,-0.00044379905
2020-07-24,-0.00098462154,-0.0021858034,-0.00098520903
2020-07-27,0.0018951226,-0.0031107903,0.0006948284
2020-07-28,0.0035461447,-0.0059593719,0.0023489315
2020-07-29,0.0026082114,0.0014053356,0.0026067938
2020-07-30,0.0027689226,0.0027689226,0.0027681405
2020-07-31,0.00048446926,0.00048446926,0.00048363958
2020-08-03,-0.00098176298,-0.00098176298,-0.00098190957
2020-08-04,-0.00059672215,0.0068447757,-0.0011970157
2020-08-05,3.968254e-06,-0.00059399113,3.968254e-06
2020-08-06,3.968254e-06,3.968254e-06,3.968254e-06
2020-08-07,0.003623366,3.968254e-06,0.003023366
2020-08-10,0.0021076193,0.001511415,0.0021038236
2020-08-11,0.0068500388,0.0068500388,0.0068481329
2020-08-12,0.0058863149,0.0058863149,0.0058801806
2020-08-13,-1.6331502e-05,0.0040933348,-0.00053763621
2020-08-14,0.00031101946,-0.00064178986,-0.00036220645
2020-08-17,0.0032905693,0.0026174067,0.0032902731
2020-08-18,0.0034479781,0.0034479781,0.0034469929
2020-08-19,-0.0024464469,-0.0026310089,-0.0024992398
2020-08-20,0.0056947017,0.0051780754,0.0056414664
2020-08-21,0.0014695021,0.0014161105,0.0014677862
2020-08-24,0.0015757681,-0.0027900538,0.00037621001
2020-08-25,0.0047425473,0.0035442089,0.0047400479
2020-08-26,0.00080691863,0.00080691863,0.0008026587
2020-08-27,-0.0023260898,0.0070602624,-0.0030605924
2020-08-28,0.0028317519,1.7253875e-05,0.0023667305
2020-08-31,0.0021367355,0.0016730866,0.0021357485
2020-09-01,0.0065515538,0.0065515538,0.0065509126
2020-09-02,0.0027828215,0.0027828215,0.0027808673
2020-09-03,-0.00059480039,0.0026179318,-0.0011939659
2020-09-04,4.3650794e-06,-0.00059485004,4.3650794e-06
2020-09-08,-0.0048888919,5.1587302e-06,-0.0054888919
2020-09-09,0.0009720692,0.00037593827,0.00096820014
2020-09-10,-0.00037411263,-0.0024771966,-0.0010443763
2020-09-11,0.0025849773,-0.00030028937,0.0020561939
2020-09-14,-0.0018086161,-0.0023364493,-0.0018095486
2020-09-15,-0.00098958356,-0.00098958356,-0.00099012553
2020-09-16,-0.0011535292,-0.0011535292,-0.0011538249
2020-09-17,0.00065294067,0.00065294067,0.00065259573
2020-09-18,-0.0018105918,-0.0018105918,-0.0018107887
2020-09-21,-0.0048284196,0.0036114607,-0.0060289625
2020-09-22,-1.5170947e-05,-0.0012108239,-1.8437132e-05
2020-09-23,-1.0714286e-05,-1.0714286e-05,-1.0714286e-05
2020-09-24,-0.00051250897,-0.00099568374,-0.0012458459
2020-09-25,0.0011697505,-0.00036748768,0.00070312383
2020-09-28,-0.00033289176,-0.00079900284,-0.00033338306
2020-09-29,0.0014706736,0.0014706736,0.0014705752
2020-09-30,-0.005406109,-0.005406109,-0.0054065507
2020-10-01,-0.00059805788,0.0011274046,-0.0011996872
2020-10-02,3.5714286e-06,-0.00059608917,3.5714286e-06
2020-10-05,0.012042795,3.968254e-06,0.011442795
2020-10-06,-0.0046532866,-0.0052420397,-0.0046645335
2020-10-07,0.0057587642,0.0057587642,0.0057545777
2020-10-08,-7.7246515e-05,-0.0036589377,-0.00077374553
2020-10-09,-0.0014928154,-0.00087018922,-0.0019910266
2020-10-12,0.0021439414,0.0016458722,0.002143644
2020-10-13,0.0044530157,0.0044530157,0.0044523726
2020-10-14,0.00065243174,0.00065243174,0.00065110027
2020-10-15,-0.00059543749,-0.0021457256,-0.0011952401
2020-10-16,4.3650794e-06,-0.00059627865,4.3650794e-06
2020-10-19,0.0026884752,4.3650794e-06,0.0020884752
2020-10-20,0.0042799838,0.0036829433,0.0042770242
2020-10-21,0.0026339453,0.0026339453,0.0026300965
2020-10-22,-0.0081645048,0.0069478382,-0.0093621264
2020-10-23,0.0028224257,0.0016307529,0.002820322
2020-10-26,-0.0065261241,0.0053110447,-0.0077252779
2020-10-27,-0.0044908413,-0.0056844447,-0.0044956515
2020-10-28,0.00014946579,0.00014946579,0.00014542098
2020-10-29,-0.0019868558,0.0084200798,-0.0026789971
2020-10-30,-0.0069861382,-0.0016781914,-0.0074941178
2020-11-02,0.0034276184,0.0029216565,0.0034256634
2020-11-03,-0.0044979458,-0.0044979458,-0.0044989722
2020-11-04,0.016839639,0.016839639,0.016838285
2020-11-05,-0.00059106197,-0.00033981689,-0.0011860922
2020-11-06,0.0061697889,-0.00059613104,0.0055697889
2020-11-09,0.014754893,0.014160955,0.01474883
2020-11-10,0.0056603624,0.0056603624,0.0056472614
2020-11-11,-0.0005085753,-0.0032028139,-0.0011226586
2020-11-12,0.0003677245,-0.00025457342,0.00036770989
2020-11-13,-0.003247528,-8.1903065e-05,-0.0038282407
2020-11-16,-0.0015045941,-0.0020846318,-0.0015053952
2020-11-17,0.0031917164,0.0051664731,0.0029856815
2020-11-18,-0.00044209642,-0.00064242797,-0.00044401471
2020-11-19,0.0019584448,0.0014266151,0.0017545013
2020-11-20,0.0034872739,0.0032837994,0.0034866258
2020-11-23,0.0027707292,-0.0039881895,0.0015717727
2020-11-24,-0.0043595959,0.0019453006,-0.0055560245
2020-11-25,0.00066167684,-0.0005345376,0.00066072596
2020-11-27,0.0059913674,0.0059913674,0.0059911677
2020-11-30,-0.0013336801,-0.0013336801,-0.0013354679
2020-12-01,-0.01064316,-0.01064316,-0.010643559
2020-12-02,-0.00059965465,-0.0033486517,-0.0012028807
2020-12-03,3.1746032e-06,-0.00059783131,3.1746032e-06
2020-12-04,3.5714286e-06,3.5714286e-06,3.5714286e-06
2020-12-07,-0.0068151427,3.1746032e-06,-0.0074151427
2020-12-08,-0.0020238182,-0.0026182026,-0.0020294337
2020-12-09,0.0028207081,0.0028207081,0.0028188999
2020-12-10,0.00025535474,-0.0045302812,-0.00047257478
2020-12-11,0.0035303224,0.00013769499,0.003060964
2020-12-14,-0.0011698108,-0.0016379919,-0.0011710068
2020-12-15,-0.0020018205,-0.0020018205,-0.0020021704
2020-12-16,-0.0016720296,-0.0016720296,-0.0016726303
2020-12-17,-0.00059732659,-0.0014562949,-0.0011978278
2020-12-18,3.1746032e-06,-0.00059726182,3.1746032e-06
2020-12-21,-0.0019500737,3.5714286e-06,-0.0025500737
2020-12-22,0.0021377546,-0.0039556262,0.0009365497
2020-12-23,-0.0041754274,-0.0053774464,-0.0041764268
2020-12-24,0.0028370542,0.0028370542,0.0028357977
2020-12-28,0.00016119866,0.00016119866,0.00016034851
2020-12-29,-0.00058272994,-0.00033711699,-0.0011519765
2020-12-30,0.00076372711,-0.00049816975,0.00019442607
2020-12-31,0.001330891,0.00076201327,0.0013304906
2021-01-04,0.00049583935,0.00049583935,0.00049543943
2021-01-05,-0.0046715328,-0.0046715328,-0.0046716826
2021-01-06,-0.00059783548,-0.011700461,-0.0011992424
2021-01-07,3.5714286e-06,-0.00059997874,3.5714286e-06
2021-01-08,3.1746032e-06,3.1746032e-06,3.1746032e-06
2021-01-11,0.0032765958,3.1746032e-06,0.0026765958
2021-01-12,0.00032220258,-0.0002743092,0.00031871435
2021-01-13,0.00090444061,-0.0069628756,0.0001627884
2021-01-14,-0.0050215642,-0.0018252967,-0.0054793478
2021-01-15,0.0054120925,0.0049552531,0.0054107182
2021-01-19,0.0011772164,0.0011772164,0.0011756001
2021-01-20,0.00022889713,0.00084009352,-2.6192696e-05
2021-01-21,-0.0031267779,-0.0019025499,-0.0033822436
2021-01-22,0.0030371098,0.0027826019,0.003036247
2021-01-25,-0.0093077373,0.0080910707,-0.010506828
2021-01-26,0.00064937601,-0.00054086936,0.00064203055
2021-01-27,-0.00056100431,-0.0023677717,-0.0011724979
2021-01-28,-0.00010254117,-0.00071647387,-0.00010255868
2021-01-29,-0.0041243509,-6.9220107e-05,-0.0047122518
2021-02-01,0.0024923362,0.001905509,0.0024912722
2021-02-02,-0.0050566998,-0.0050566998,-0.0050574468
2021-02-03,-0.0049015842,-0.0049015842,-0.0049031078
2021-02-04,-0.00059988947,-0.00068092265,-0.0012013663
2021-02-05,0.0036135356,-0.00059901302,0.0030135356
2021-02-08,-0.0008696561,-0.0014658618,-0.00087345043
2021-02-09,-0.0015474542,-0.0015474542,-0.001548218
2021-02-10,-0.0051048621,-0.0051048621,-0.0051062391
2021-02-11,-0.00079879658,0.0014990889,-0.0014587757
2021-02-12,-0.0071464471,-0.0012619011,-0.0076911028
2021-02-16,-0.014435943,-0.01497872,-0.014437936
2021-02-17,0.0013626521,0.0013626521,0.001358259
2021-02-18,-0.00017307838,-0.00017307838,-0.00017348841
2021-02-19,-0.0080350422,-0.0080350422,-0.0080350937
2021-02-22,0.0020379363,-0.0032642239,0.00083550675
2021-02-23,-0.001568781,-0.0027668374,-0.001571706
2021-02-24,0.0027270797,0.0027270797,0.0027256854
2021-02-25,-0.0012247023,0.026637667,-0.0018360732
2021-02-26,0.017366978,-0.00017485639,0.01678064
2021-03-01,-0.0022544187,-0.0028351709,-0.0022597102
2021-03-02,0.0036320109,0.0036320109,0.0036313353
2021-03-03,-0.010714435,-0.010714435,-0.010715522
2021-03-04,-0.0006016609,-0.0099046415,-0.0012049091
2021-03-05,1.5873016e-06,-0.00060141234,1.5873016e-06
2021-03-08,0.0072475098,1.984127e-06,0.0066475098
2021-03-09,-0.0095013388,-0.010094315,-0.0095083624
2021-03-10,-0.0042187746,-0.0042187746,-0.004227385
2021-03-11,-0.00084454579,0.00067357419,-0.0015602211
2021-03-12,-0.014961269,-0.0034089052,-0.015449406
2021-03-15,0.0024523377,0.0019681213,0.0024479325
2021-03-16,-0.00035188513,-0.00035188513,-0.00035262082
2021-03-17,-0.003334644,-0.003334644,-0.0033347491
2021-03-18,-0.012477764,-0.012477764,-0.012478767
2021-03-19,-0.0012426982,-0.0012426982,-0.0012464884
2021-03-22,-0.0077675811,0.0065454085,-0.0089679531
2021-03-23,-0.0099052292,-0.011097347,-0.0099111603
2021-03-24,-0.0026631438,-0.0026631438,-0.0026721214
2021-03-25,-0.00065058126,0.0026054721,-0.0012620566
2021-03-26,-0.007259969,-0.00070710056,-0.007850881
2021-03-29,-0.0068712837,-0.0074601997,-0.0068732976
2021-03-30,-0.0017693875,-0.0017693875,-0.0017714621
2021-03-31,-0.0028320415,-0.0028320415,-0.0028325724
2021-04-01,-0.00060005786,0.0088592008,-0.0012009094
2021-04-05,1.1904762e-06,-0.00059617462,1.1904762e-06
2021-04-06,7.9365079e-07,7.9365079e-07,7.9365079e-07
2021-04-07,7.9365079e-07,7.9365079e-07,7.9365079e-07
2021-04-08,3.968254e-07,3.968254e-07,3.968254e-07
2021-04-09,7.9365079e-07,7.9365079e-07,7.9365079e-07
2021-04-12,0.00061075899,7.9365079e-07,1.0758992e-05
2021-04-13,0.00063251752,-0.0088986202,-6.253584e-05
2021-04-14,-0.0029596222,-0.0010966347,-0.0034631911
2021-04-15,0.012819598,0.012316417,0.01281886
2021-04-16,-0.0054140156,-0.0054140156,-0.0054178132
2021-04-19,-0.0011573767,-0.0021020447,-0.0015365718
2021-04-20,-0.0067985699,0.0018301501,-0.007620946
2021-04-21,-0.0010734232,-0.0018906382,-0.0010788157
2021-04-22,0.00036927721,-0.0015925938,-0.00083166679
2021-04-23,-0.002618261,-0.0038192068,-0.0026187317
2021-04-26,0.00087487215,-0.0020978748,-0.00032591489
2021-04-27,-0.0090666867,0.0066449231,-0.010264804
2021-04-28,0.0026295753,0.0014389805,0.0026271961
2021-04-29,-0.0035063727,-0.0035063727,-0.0035071603
2021-04-30,0.0017545327,0.0017545327,0.0017534774
2021-05-03,0.0034041353,0.0034041353,0.0034036094
2021-05-04,-0.00059818794,0.002626788,-0.0011971695
2021-05-05,7.9365079e-07,-0.00059841984,7.9365079e-07
2021-05-06,7.9365079e-07,7.9365079e-07,7.9365079e-07
2021-05-07,-0.0013208056,7.9365079e-07,-0.0019208056
2021-05-10,0.0039959266,0.0033965565,0.0039952967
2021-05-11,0.0032999377,0.0032999377,0.0032963359
2021-05-12,0.0096182674,0.0096182674,0.0096152837
2021-05-13,-0.00024986718,-0.0067247614,-0.0008748251
2021-05-14,0.0038232751,-0.00039376644,0.0032569283
2021-05-17,-0.0019295076,-0.0024945775,-0.0019308188
2021-05-18,-1.3729882e-06,-1.3729882e-06,-1.9523256e-06
2021-05-19,-0.0028496091,-0.0059636554,-0.0031979331
2021-05-20,0.0079192767,0.0031180863,0.0075708315
2021-05-21,0.00069776601,0.00035206919,0.00069530591
2021-05-24,-0.0031469834,0.0019247611,-0.0043467733
2021-05-25,-0.0073715389,-0.0085692258,-0.0073732755
2021-05-26,0.0022382052,0.0022382052,0.0022315427
2021-05-27,-0.00065248815,0.0034662028,-0.0012585655
2021-05-28,-0.00076704743,-0.00060695933,-0.0013589488
2021-06-01,-0.00036816374,-0.00095999954,-0.00036821617
2021-06-02,0.0022733255,0.0022733255,0.0022732153
2021-06-03,-0.0050705879,-0.0050705879,-0.0050712687
2021-06-04,-0.00060073483,0.011036875,-0.0012022633
2021-06-07,0.00094685401,-0.00059593075,0.00034685401
2021-06-08,-0.0057785495,-0.0063771403,-0.0057799588
2021-06-09,-0.006285641,-0.006285641,-0.0062908512
2021-06-10,0.00063571598,-0.0071330629,-8.434922e-05
2021-06-11,-0.0034224145,-0.001279852,-0.0039077678
2021-06-14,-0.0062302394,-0.0067150645,-0.0062311228
2021-06-15,0.00034333151,0.00034333151,0.00034145135
2021-06-16,-0.013708205,-0.013708205,-0.013708309
2021-06-17,0.0071568085,0.0071568085,0.0071526394
2021-06-18,0.01131159,0.01131159,0.011309456
2021-06-21,0.0051903601,-0.0064102014,0.0039937169
2021-06-22,-0.003670875,-0.0048670812,-0.0036766027
2021-06-23,0.0039650992,0.0039650992,0.0039618057
2021-06-24,-0.0006104743,0.00032573724,-0.0012170142
2021-06-25,-0.0047619497,-0.000677782,-0.0053518381
2021-06-28,0.0062641142,0.0056754632,0.0062628581
2021-06-29,0.0010374532,0.0010374532,0.0010355847
2021-06-30,0.0031200443,0.0031200443,0.0031197323
2021-07-01,-0.00059708209,-0.0014417162,-0.0011961483
2021-07-02,1.984127e-06,-0.00059844813,1.984127e-06
2021-07-06,1.984127e-06,1.984127e-06,1.984127e-06
2021-07-07,1.984127e-06,1.984127e-06,1.984127e-06
2021-07-08,2.3809524e-06,2.3809524e-06,2.3809524e-06
2021-07-09,2.3809524e-06,2.3809524e-06,2.3809524e-06
2021-07-12,0.00041291116,1.984127e-06,-0.00018708884
2021-07-13,-0.0018592642,0.0055713207,-0.0025698182
2021-07-14,0.0081310067,0.00089755289,0.0076422704
2021-07-15,0.0084084029,0.0079227497,0.0084058384
2021-07-16,-0.00034691018,-0.00034691018,-0.00034941301
2021-07-19,0.0072937844,0.017098229,0.006961259
2021-07-20,0.0016580601,-0.0014615764,0.00079023737
2021-07-21,0.011523583,0.010658327,0.0115213
2021-07-22,0.0034180036,-0.0046378449,0.0022282744
2021-07-23,-0.0030689829,-0.0042717743,-0.0030703595
2021-07-26,0.0001462839,-0.0013679702,-0.0010546386
2021-07-27,-0.0071383159,-0.0097548285,-0.0072437862
2021-07-28,-0.00048013974,-0.0015265373,-0.00098823828
2021-07-29,-9.1810587e-05,-0.00059494779,-9.184517e-05
2021-07-30,0.0050306435,8.8757697e-05,0.0044398469
2021-08-02,0.0087687064,0.0081796399,0.0087670287
2021-08-03,0.00050309949,0.00050309949,0.00050049066
2021-08-04,-0.00050969995,-0.00050969995,-0.00050985218
2021-08-05,-0.00059816822,-0.0072808206,-0.0011983206
2021-08-06,0.011106694,-0.00059981866,0.010506694
2021-08-09,0.0042453322,0.003655761,0.0042349034
2021-08-10,0.0037453242,0.0037453242,0.0037414953
2021-08-11,-0.0022518057,-0.0022518057,-0.0022551833
2021-08-12,-0.00075355663,0.0020384154,-0.0013902645
2021-08-13,0.010926825,3.3945444e-05,0.010361489
2021-08-16,0.0044299351,0.0038682164,0.0044265259
2021-08-17,-0.0010249531,-0.0010249531,-0.0010262779
2021-08-18,-0.000780479,-0.0010253663,-0.0011242159
2021-08-19,0.0040846037,0.001551132,0.0037411543
2021-08-20,-0.00187327,-0.002215295,-0.0018745933
2021-08-23,-0.0017286382,0.00050767288,-0.0029292003
2021-08-24,0.0054262689,0.0042268813,0.0054258094
2021-08-25,0.0078252761,0.0078252761,0.0078204025
2021-08-26,-0.00059971272,-2.4864294e-05,-0.0012013524
2021-08-27,0.0059155216,-0.00051291843,0.0053241684
2021-08-30,0.0039220846,0.0033326988,0.0039201446
2021-08-31,-0.003751257,-0.003751257,-0.0037524302
2021-09-01,0.00085108132,0.00085108132,0.00084995254
2021-09-02,-0.00059775983,0.0023876619,-0.0011975038
2021-09-03,1.984127e-06,-0.00059730061,1.984127e-06
2021-09-07,0.0072454653,1.984127e-06,0.0066454653
2021-09-08,-0.0055158108,-0.0061087891,-0.0055228326
2021-09-09,0.00019886592,-0.005672522,-0.00050150798
2021-09-10,-0.006820945,-0.0017032278,-0.0073253566
2021-09-13,0.0023923137,0.0018894192,0.0023904073
2021-09-14,0.0075218337,0.0075218337,0.0075211164
2021-09-15,-0.0034111274,-0.0034111274,-0.0034133678
2021-09-16,-0.00059943838,-0.0063170798,-0.0012004641
2021-09-17,1.5873016e-06,-0.00060031908,1.5873016e-06
2021-09-20,-0.010749324,1.5873016e-06,-0.011349324
2021-09-21,0.0011667986,0.00057600918,0.0011575881
2021-09-22,0.00068045754,-0.0019018861,-0.00051846712
2021-09-23,-0.018103655,-0.019304787,-0.018104218
2021-09-24,-0.0060382258,-0.0060382258,-0.0060437565
2021-09-27,0.004136668,-0.0053609438,0.0029348475
2021-09-28,-0.00070629782,0.0064056481,-0.0013097172
2021-09-29,0.0014944622,-0.00057127204,0.00090264713
2021-09-30,0.00243078,0.0018396288,0.0024301549
2021-10-01,0.0081626495,0.0081626495,0.0081619214
2021-10-04,-0.0024266351,-0.0024266351,-0.0024290647
2021-10-05,-0.00059914125,-0.0062377657,-0.0011998698
2021-10-06,1.5873016e-06,-0.00060029507,1.5873016e-06
2021-10-07,1.984127e-06,1.984127e-06,1.984127e-06
2021-10-08,1.984127e-06,1.984127e-06,1.984127e-06
2021-10-11,0.0042757908,1.984127e-06,0.0036757908
2021-10-12,-0.0091321013,-0.0097277184,-0.0091364841
2021-10-13,-0.00010291341,-0.0038630712,-0.00080460955
2021-10-14,0.0041918725,3.6323832e-05,0.0036854166
2021-10-15,-0.0099030554,-0.01040808,-0.0099044589
2021-10-18,-0.0027979572,-0.0027979572,-0.0028009568
2021-10-19,-0.0031154702,-0.0071690117,-0.003486488
2021-10-20,2.9410341e-05,-0.00070776297,-0.00080021884
2021-10-21,-0.0064659046,0.0044178468,-0.0076651161
2021-10-22,0.0050981608,0.0039044616,0.0050965732
2021-10-25,-0.0036728399,0.0024537923,-0.0048713171
2021-10-26,-0.0024723164,-0.0036693635,-0.0024745338
2021-10-27,-0.011223566,-0.011223566,-0.011225779
2021-10-28,-0.00069614343,0.0051963657,-0.0013154352
2021-10-29,0.00028031811,-0.00058925858,-0.00031061165
2021-11-01,-0.00015961977,-0.0007502609,-0.00015988151
2021-11-02,0.0048873427,0.0048873427,0.0048872955
2021-11-03,-0.0062742521,-0.0062742521,-0.0062757118
2021-11-04,-0.00060030581,0.010830524,-0.0012021989
2021-11-05,-0.011565895,-0.00059480051,-0.012165895
2021-11-08,0.0086150708,0.0080250331,0.0086051085
2021-11-09,-0.0092273754,-0.0092273754,-0.0092350863
2021-11-10,-0.0025078643,0.017081431,-0.0031806368
2021-11-11,-0.0069864674,-0.0013400161,-0.0075224858
2021-11-12,0.0041928446,0.0036590435,0.0041908975
2021-11-15,-0.0078555793,-0.0078555793,-0.007856833
2021-11-16,-0.0011420447,-0.0017566338,-0.0014633427
2021-11-17,-0.0080877856,0.0030483755,-0.0089688463
2021-11-18,1.4754881e-05,-0.0021222528,-0.0011917619
2021-11-19,0.0054097736,0.0042090379,0.0054094071
2021-11-22,0.013410549,-0.014630391,0.012212164
2021-11-23,-0.0094338948,0.0070233683,-0.01062092
2021-11-24,0.006160404,0.0049702573,0.0061579101
2021-11-26,0.025807472,0.025807472,0.025805634
2021-11-29,-0.0045167952,-0.0045167952,-0.0045243439
2021-11-30,0.011985892,0.011985892,0.011984533
2021-12-01,-0.00059406489,0.0037607858,-0.0011905107
2021-12-02,1.984127e-06,-0.0005968901,1.984127e-06
2021-12-03,2.3809524e-06,2.3809524e-06,2.3809524e-06
2021-12-06,0.0093532582,2.3809524e-06,0.0087532582
2021-12-07,0.0075746636,0.006983548,0.0075657793
2021-12-08,0.0063935753,0.0063935753,0.0063867867
2021-12-09,6.1516213e-05,-0.0050676365,-0.00062103399
2021-12-10,0.00087381842,-0.00048696847,0.00036226312
2021-12-13,0.0095343392,0.0090230858,0.0095339235
2021-12-14,-0.0034562655,-0.0034562655,-0.0034590995
2021-12-15,-0.0029419761,-0.0029419761,-0.0029430151
2021-12-16,-0.00059890004,0.0058196884,-0.0011997842
2021-12-17,1.984127e-06,-0.00059627922,1.984127e-06
2021-12-20,0.00082788973,2.7777778e-06,0.00038018327
2021-12-21,0.005969962,0.0054640161,0.0059641482
2021-12-22,0.00053483011,-0.0014565072,-0.00036573134
2021-12-23,-0.0031149117,-0.0040399626,-0.0031178463
2021-12-27,0.0005210126,0.00051406514,0.00050207935
2021-12-28,-0.00064697129,-0.00029136446,-0.0015131838
2021-12-29,-0.00089201944,0.0059014798,-0.0013169375
2021-12-30,0.0060480244,-0.00011503603,0.0054753971
2021-12-31,-0.0022618586,-0.0028323017,-0.0022638323
2022-01-03,-0.018612972,-0.018612972,-0.018613651
2022-01-04,-0.0010625768,-0.0010625768,-0.0010682652
2022-01-05,-0.00059674502,-0.0084344561,-0.0011970615
2022-01-06,3.968254e-06,-0.00059858242,3.968254e-06
2022-01-07,3.968254e-06,3.968254e-06,3.968254e-06
2022-01-10,-7.5285803e-05,5.1587302e-06,-0.0006752858
2022-01-11,-0.0048009941,-0.0054005146,-0.0048014735
2022-01-12,-0.00036778602,-0.00036778602,-0.00037211866
2022-01-13,0.00018876988,-0.006381175,-0.00049322381
2022-01-14,-0.014284664,-0.0025569591,-0.014802799
2022-01-18,-0.015110563,-0.015625112,-0.015114749
2022-01-19,0.0048213494,0.0048213494,0.0048167501
2022-01-20,0.0042776332,0.0042776332,0.0042761904
2022-01-21,0.0083377156,0.011574077,0.0081792939
2022-01-24,0.00073272896,-0.0014602111,-0.00030638653
2022-01-25,0.0020025594,0.0016201149,0.0018824734
2022-01-26,-0.0050484772,0.011204406,-0.0057105676
2022-01-27,0.0026000256,0.0019449985,0.0025994813
2022-01-28,0.0042095909,0.001434141,0.0037953426
2022-01-31,-1.0906818e-05,-0.00042390518,-1.2289826e-05
2022-02-01,-0.0024370425,-0.0027123588,-0.0025149514
2022-02-02,0.0035593064,0.0034803611,0.0035588783
2022-02-03,-0.00051306413,-0.0074311315,-0.0010344616
2022-02-04,0.014753177,-0.00051472177,0.014153177
2022-02-07,-0.00054383405,-0.0011302283,-0.00055743985
2022-02-08,0.0064808928,0.0064808928,0.0064804067
2022-02-09,-0.0027034481,-0.0027034481,-0.0027092363
2022-02-10,-0.00226787,0.01839781,-0.0029233965
2022-02-11,0.020164914,0.0012090351,0.019617596
2022-02-14,-0.013879694,-0.014420066,-0.013885786
2022-02-15,-0.006000799,-0.006000799,-0.0060050141
2022-02-16,0.001299328,0.0041632049,0.0009357347
2022-02-17,0.0067794614,0.0038911817,0.0066289915
2022-02-18,0.004192143,0.0040538329,0.0041916835
2022-02-22,-0.00077927139,-0.00012184098,-0.0017593627
2022-02-23,0.00480685,0.0093429451,0.0045070599
2022-02-24,3.0098595e-06,-0.0025705054,-0.00032797237
2022-02-25,-0.0011126042,-0.00036117341,-0.001671332
2022-02-28,0.022715943,0.022157284,0.022715781
2022-03-01,0.019460385,0.019460385,0.019453718
2022-03-02,-0.024370427,-0.030078788,-0.024480618
2022-03-03,-0.00047396918,0.0068177209,-0.0009626209
2022-03-04,1.3095238e-05,-0.00046971041,1.3095238e-05
2022-03-07,0.007916944,1.5079365e-05,0.007316944
2022-03-08,0.012986852,0.012394433,0.01297927
2022-03-09,0.012354209,0.012354209,0.012342681
2022-03-10,-0.0018354984,0.0091919635,-0.00250167
2022-03-11,-0.0010809941,-0.00072720152,-0.0016041115
2022-03-14,-0.025343751,-0.025866458,-0.025343914
2022-03-15,-0.00094151386,-0.00094151386,-0.000949309
2022-03-16,-0.0022813527,-0.0027669387,-0.002415047
2022-03-17,-0.00045106452,-0.0031402591,-0.00091800205
2022-03-18,1.6269841e-05,-0.00045081152,1.6269841e-05
2022-03-21,0.012102811,2.1825397e-05,0.011818082
2022-03-22,0.0052224846,0.0049452427,0.005215368
2022-03-23,-0.0061209474,-0.0063579333,-0.0061287189
2022-03-24,-0.0056048983,0.0050951895,-0.006154872
2022-03-25,-0.0091891832,-0.0098644397,-0.0091929975
2022-03-28,-0.0044258663,0.0020242874,-0.0051859337
2022-03-29,0.0042179006,-0.0088930669,0.0034213672
2022-03-30,0.0075411782,0.0031538055,0.0072429577
2022-03-31,0.0037062763,0.0034103977,0.0037039363
2022-04-01,-0.013044414,-0.013044414,-0.013045528
2022-04-04,-0.001021282,-0.0013434709,-0.0012775747
2022-04-05,-0.00032190823,-0.014065992,-0.0006696101
2022-04-06,2.6587302e-05,-0.00032174572,2.6587302e-05
2022-04-07,2.6984127e-05,2.6984127e-05,2.6984127e-05
2022-04-08,2.7380952e-05,2.7380952e-05,2.7380952e-05
2022-04-11,0.0090711014,3.0952381e-05,0.0084711014
2022-04-12,-0.0095926498,-0.01018409,-0.0096012095
2022-04-13,-0.00020184746,-0.0043594042,-0.00087085516
2022-04-14,-0.018581475,-0.0024477728,-0.01912113
2022-04-18,-0.0058384776,-0.00637317,-0.00584398
2022-04-19,-0.010972803,-0.013220037,-0.011081135
2022-04-20,0.0040268606,0.012710195,0.0036981215
2022-04-21,-0.0047672587,-0.0033786921,-0.0048545108
2022-04-22,0.00040817662,0.00032978575,0.00040438823
2022-04-25,-0.0097847986,0.0053687177,-0.010464069
2022-04-26,-0.0095769618,-0.010149575,-0.0095789808
2022-04-27,0.00868932,0.0081088206,0.0086640873
2022-04-28,-0.00069085616,0.0022751847,-0.0011944471
2022-04-29,-0.011230436,-0.0012684576,-0.011786059
2022-05-02,-0.014939816,-0.015492358,-0.014943043
2022-05-03,0.0021646415,0.0023149913,0.0021288222
2022-05-04,0.006472551,0.012200049,0.006216572
2022-05-05,-0.00027872655,-0.010689736,-0.00059078642
2022-05-06,0.010885884,-0.00027893574,0.010285884
2022-05-09,-0.014762682,-0.015352529,-0.014772835
2022-05-10,-0.0066087437,-0.0066087437,-0.0066222993
2022-05-11,-0.012253077,-0.012253077,-0.012259127
2022-05-12,-0.00025715183,-0.0065367992,-0.00090034879
2022-05-13,-0.011078178,-0.001159874,-0.011646123
2022-05-16,0.008335367,0.0077703528,0.0083321927
2022-05-17,-0.013437027,-0.015184146,-0.013506012
2022-05-18,0.0041771538,0.012469408,0.0038348466
2022-05-19,0.0030383338,0.0019459813,0.0029691281
2022-05-20,0.0039645273,0.0039449134,0.0039613591
2022-05-23,0.0071678891,-0.0051730946,0.0065297607
2022-05-24,-0.010873531,-0.01153824,-0.010877673
2022-05-25,-0.0028779191,-0.0024903127,-0.0029233422
2022-05-26,-0.00052969194,0.0007276882,-0.0010152817
2022-05-27,0.0022848785,-0.0002100654,0.0017344364
2022-05-31,-0.020925095,-0.021474597,-0.020925956
2022-06-01,-0.010274543,-0.011311342,-0.010338811
2022-06-02,0.0012087386,0.0025441483,0.00096264422
2022-06-03,-0.00025209686,-0.0021793057,-0.00055062229
2022-06-06,0.014538861,-0.0002497109,0.013938861
2022-06-07,-0.0079456191,-0.0085323044,-0.0079589338
2022-06-08,0.0075538972,0.0075538972,0.0075465878
2022-06-09,-0.00082443852,0.0018880203,-0.0014861165
2022-06-10,-0.020244626,-0.0028642942,-0.020776352
2022-06-13,-0.035613069,-0.036139251,-0.035619085
2022-06-14,-0.01605144,-0.01605144,-0.016062495
2022-06-15,0.01869028,0.027845241,0.018491881
2022-06-16,-0.00034338246,0.0086421403,-0.00074787603
2022-06-17,6.2698413e-05,-0.00034283748,6.2698413e-05
2022-06-21,0.0035531062,6.5873016e-05,0.0033414752
2022-06-22,-0.0088478006,-0.0090308964,-0.0088502875
2022-06-23,0.0036773287,-0.0038997313,0.0032429258
2022-06-24,-0.0024762553,-0.0029849854,-0.0024835873
2022-06-27,0.0070087378,-0.003940558,0.0064006754
2022-06-28,0.00050261353,-0.0021748768,-0.00015855199
2022-06-29,0.015685703,0.0065403548,0.015354326
2022-06-30,0.01529698,0.014970541,0.015292231
2022-07-01,0.021369695,0.021369695,0.021365154
2022-07-05,0.0030707417,0.0072809614,0.002752766
2022-07-06,-0.00020239643,-0.0081215151,-0.00047820555
2022-07-07,7.5e-05,-0.00020053635,7.5e-05
2022-07-08,7.5793651e-05,7.5793651e-05,7.5793651e-05
2022-07-11,-0.016135528,8.452381e-05,-0.016735528
2022-07-12,-0.0041499964,-0.0050586949,-0.0042135627
2022-07-13,0.00028487625,-0.0076929577,-0.00032712585
2022-07-14,-0.01170603,-0.0016007962,-0.01224836
2022-07-15,0.0067416705,0.006202243,0.006738312
2022-07-18,-0.0047449095,-0.0059380276,-0.0048741906
2022-07-19,-0.0028085134,-0.007355436,-0.0031112805
2022-07-20,0.00047231142,-0.00080495206,9.3585334e-05
2022-07-21,0.0076461833,-0.0082853449,0.0072222669
2022-07-22,0.0081784406,0.007688005,0.0081774802
2022-07-25,0.0041178887,-0.0024989063,0.0035235311
2022-07-26,-0.00027766034,-0.00087311359,-0.00046915011
2022-07-27,0.00024711023,-0.0013005159,-1.0107073e-06
2022-07-28,0.0021468124,0.0018845152,0.0021464834
2022-07-29,0.00013246704,0.00015312392,-0.00039179139
2022-08-01,0.0093354509,0.010835847,0.0092352311
2022-08-02,-0.012171153,-0.022611078,-0.012397094
2022-08-03,0.0035864203,0.0033525239,0.0035857382
2022-08-04,-0.00016418001,0.0043996222,-0.00042399495
2022-08-05,0.028595748,-0.00016143475,0.027995748
2022-08-08,-0.011521154,-0.012095854,-0.011546454
2022-08-09,0.0062224532,0.0062224532,0.0062117267
2022-08-10,-0.00086359938,-0.00087981624,-0.00086716336
2022-08-11,-0.0012543898,0.013344399,-0.0018790069
2022-08-12,0.0072739164,-9.2528255e-05,0.0067062126
2022-08-15,0.0062596719,0.0056946394,0.0062573081
2022-08-16,-0.0020974519,-0.0024134089,-0.0021933549
2022-08-17,-0.0045377914,-0.0114485,-0.0048506121
2022-08-18,0.0014160661,0.0009493756,0.0013857974
2022-08-19,-0.0062867007,-0.0063029187,-0.006287038
2022-08-22,0.0047639861,-0.0031924859,0.0041952882
2022-08-23,0.0030397776,0.002502273,0.0030394167
2022-08-24,0.0044454088,0.004064555,0.0044071642
2022-08-25,0.00098041745,-0.0079610422,0.00053886241
2022-08-26,-0.0028647369,-0.00060750013,-0.0033767374
2022-08-29,-0.010932382,-0.011515186,-0.010936876
2022-08-30,-0.000635364,-0.00067334862,-0.00073098351
2022-08-31,-0.0037012209,-0.0067669454,-0.0039266578
2022-09-01,-0.00013847391,-0.006910586,-0.00039123354
2022-09-02,0.00011309524,-0.00013951181,0.00011309524
2022-09-06,0.00011746032,0.00011746032,0.00011746032
2022-09-07,0.00011825397,0.00011825397,0.00011825397
2022-09-08,0.00011785714,0.00011785714,0.00011785714
2022-09-09,0.00011825397,0.00011825397,0.00011825397
2022-09-12,0.0045594722,0.00012261905,0.0039594722
2022-09-13,-0.0017287107,0.011017472,-0.0023867818
2022-09-14,0.00034876525,-0.00044852471,-0.000189129
2022-09-15,-0.0069973656,-0.0075346533,-0.0069976687
2022-09-16,0.001497438,0.001497438,0.0014953617
2022-09-19,-0.0022301345,-0.0058052046,-0.0026315883
2022-09-20,0.0040538408,-0.0044525081,0.0036504305
2022-09-21,0.0023602363,-0.0029293235,0.001951592
2022-09-22,-0.010249424,-0.010685098,-0.01025016
2022-09-23,0.00090316304,0.0008854194,0.00089547752
2022-09-26,0.023693096,-0.011689015,0.023047944
2022-09-27,0.010083671,0.0095222477,0.010069405
2022-09-28,0.0047501906,-0.032039696,0.0042581415
2022-09-29,-0.0099679717,-0.0014860357,-0.010498312
2022-09-30,-0.0049956895,-0.0058556367,-0.0050394422
2022-10-03,0.01852876,0.021960169,0.018440941
2022-10-04,0.0015669193,0.0030931162,0.0013536061
2022-10-05,-0.00012396313,-0.0082793298,-0.00038006912
2022-10-06,0.00013174603,-0.00012392436,0.00013174603
2022-10-07,0.00013134921,0.00013134921,0.00013134921
2022-10-10,0.011531761,0.00013134921,0.010931761
2022-10-11,-0.0046837906,-0.0052733283,-0.0046942529
2022-10-12,-0.0056402837,-0.0061378959,-0.0056974846
2022-10-13,-0.0013618309,0.0079930311,-0.001975893
2022-10-14,-0.011863719,-0.0016351972,-0.012402329
2022-10-17,0.001966027,0.001430741,0.001962635
2022-10-18,0.0039465172,0.0049307282,0.0038371859
2022-10-19,-0.0067063749,-0.017296717,-0.0070103403
2022-10-20,-0.0045977882,-0.004866474,-0.0045999951
2022-10-21,0.0014790371,0.0014635214,0.0014761728
2022-10-24,0.0014741836,-0.00075575291,0.00088744561
2022-10-25,-0.016139085,-0.016759457,-0.016139441
2022-10-26,-0.006425764,-0.0064046125,-0.0064360238
2022-10-27,0.0012030766,-0.0090459898,0.00073456896
2022-10-28,-0.010604065,-0.0014717596,-0.0111183
2022-10-31,-0.0088225349,-0.0094347846,-0.008832189
2022-11-01,-0.00048155913,-0.00050092855,-0.00057390928
2022-11-02,-0.0016844764,-0.0029256126,-0.0019060425
2022-11-03,-0.00010078271,-0.0040090293,-0.00036267653
2022-11-04,0.0041273971,-0.0001022811,0.0035273971
2022-11-07,0.0075274323,0.0069312613,0.0075236033
2022-11-08,-0.012862249,-0.012862249,-0.012868562
2022-11-09,-0.0063766232,-0.0063766232,-0.0063887732
2022-11-10,0.0018577374,-0.044421919,0.0012201297
2022-11-11,-0.0048907135,-0.00074626219,-0.0054586653
2022-11-14,-0.0049613459,-0.0055287326,-0.0049625993
2022-11-15,0.013285256,0.014671283,0.013228768
2022-11-16,0.0047366718,0.013190864,0.0043995615
2022-11-17,-0.0053558863,-0.0049187943,-0.0053874281
2022-11-18,-0.0027192582,-0.0027774212,-0.0027211613
2022-11-21,0.00047298384,-0.00045268109,-9.8422784e-05
2022-11-22,0.0051102079,-0.0066650203,0.0044721534
2022-11-23,0.0098598961,0.0047616692,0.0095879316
2022-11-25,-0.00073830067,-0.0010148839,-0.00073864412
2022-11-28,0.00062927094,0.00062606093,0.00062822754
2022-11-29,-0.0038487425,-0.0081916274,-0.004166981
2022-11-30,-8.3246991e-05,0.0072857781,-0.00033593843
2022-12-01,0.00016746032,-8.5754027e-05,0.00016746032
2022-12-02,0.00016746032,0.00016746032,0.00016746032
2022-12-05,0.00016944444,0.00016944444,0.00016944444
2022-12-06,0.00016944444,0.00016944444,0.00016944444
2022-12-07,0.00016666667,0.00016666667,0.00016666667
2022-12-08,0.00016547619,0.00016547619,0.00016547619
2022-12-09,0.00016626984,0.00016626984,0.00016626984
2022-12-12,0.0027491373,0.0001702381,0.0021491373
2022-12-13,0.0012933952,-0.018129161,0.00063545999
2022-12-14,0.004770254,9.3083214e-06,0.0042311921
2022-12-15,0.0037230025,0.0031852728,0.0037213683
2022-12-16,-0.005226082,-0.005226082,-0.0052272451
2022-12-19,-0.0052062549,-0.016396271,-0.0056283365
2022-12-20,0.0043477487,-0.0046996455,0.0039851606
2022-12-21,-0.00049291558,-0.00085683651,-0.00049431509
2022-12-22,-0.00048631239,0.00045069216,-0.00085165921
2022-12-23,-0.002784132,-0.003045214,-0.0027903875
2022-12-27,0.010544411,-0.0051950593,0.0099717152
2022-12-28,0.0017646567,0.0028817186,0.0015938526
2022-12-29,0.00097735197,-0.0032772516,0.00070315103
2022-12-30,-0.0090205451,-0.0010922839,-0.0095519591
2023-01-03,0.01548434,0.014954964,0.015481824
2023-01-04,0.013673429,0.015151142,0.013620793
2023-01-05,-0.0016405105,-0.0028005587,-0.0018885187
2023-01-06,-0.00011242973,0.012253835,-0.00040382772
2023-01-09,-0.0051643668,-0.00011096051,-0.0057643668
2023-01-10,0.013087249,0.012491846,0.013082652
2023-01-11,-0.012346848,-0.012346848,-0.012358022
2023-01-12,0.0015918751,-0.017342093,0.0009081964
2023-01-13,-0.01135781,-0.0018296691,-0.011885365
2023-01-17,-0.006447038,-0.0069721422,-0.0064502678
2023-01-18,0.025288616,0.026975977,0.025249772
2023-01-19,-0.0040227715,-0.0037521075,-0.0040662613
2023-01-20,-0.0049201254,-0.013440995,-0.0053133432
2023-01-23,0.0043919757,-0.0025765594,0.0037564457
2023-01-24,-0.0079201448,-0.0084397995,-0.0079292173
2023-01-25,-0.0011915203,-0.0011746252,-0.0011924981
2023-01-26,-0.0012765128,0.0057160307,-0.0017911146
2023-01-27,-0.0037306018,-0.00074832326,-0.0042563565
2023-01-30,-0.0064454158,-0.0069701426,-0.0064463256
2023-01-31,0.0091875516,0.0099471835,0.009141698
2023-02-01,0.0068260069,0.013136004,0.006567728
2023-02-02,-0.00011564717,-0.0006496216,-0.00041105625
2023-02-03,0.021391413,-0.00011402553,0.020791413
2023-02-06,0.017744504,0.017163422,0.017725587
2023-02-07,0.0054179075,0.0054179075,0.0054026538
2023-02-08,-0.0068650086,-0.0068650086,-0.0068694065
2023-02-09,-0.0009667059,0.0095130881,-0.0016061814
2023-02-10,-0.010400588,-0.00098718588,-0.010967938
2023-02-13,0.0045558976,0.0039914605,0.0045529749
2023-02-14,-0.0092408519,-0.0092408519,-0.0092422686
2023-02-15,-0.0029084734,-0.0061832666,-0.0032520165
2023-02-16,-0.0033098134,-0.0031834186,-0.0033469002
2023-02-17,0.0027727883,0.0027379207,0.0027725705
2023-02-21,0.015325795,-0.010741497,0.014599757
2023-02-22,-0.0010815039,-0.0028439123,-0.0013054668
2023-02-23,0.00093043424,-0.0024525485,0.00065177695
2023-02-24,-0.012800104,-0.0018211446,-0.01331668
2023-02-27,0.0058939678,0.0053804685,0.0058902945
2023-02-28,0.0029482576,0.0029482576,0.0029464429
2023-03-01,-0.0088576686,-0.016177908,-0.0091352657
2023-03-02,-0.00013355486,-0.0047051631,-0.00045520496
2023-03-03,0.00018809524,-0.00013346443,0.00018809524
2023-03-06,0.0035148717,0.00018888889,0.0029148717
2023-03-07,0.00034254462,-0.00025425201,0.00033934125
2023-03-08,0.0011899693,0.0011899693,0.00118978
2023-03-09,0.0011545153,-0.01186847,0.00047321006
2023-03-10,0.036122364,0.0044720765,0.035604606
2023-03-13,0.024050779,0.0235444,0.024040122
2023-03-14,-0.019075348,-0.019075348,-0.01908245
2023-03-15,0.02214053,0.028711348,0.021999438
2023-03-16,-0.0002797275,-0.014152945,-0.00074080421
2023-03-17,0.00017301587,-0.00029399183,0.00017301587
2023-03-20,0.0030804021,0.00018452381,0.002857774
2023-03-21,0.0066088357,0.0065436121,0.0066051938
2023-03-22,0.0091364908,-0.0092339614,0.0087054171
2023-03-23,0.0041483441,0.0037609897,0.004144941
2023-03-24,0.0002608503,0.00026328807,0.00025688277
2023-03-27,0.017482742,-0.0085936315,0.016841273
2023-03-28,0.0012961626,0.00066399599,0.001280846
2023-03-29,-0.00077758124,0.0029204746,-0.0012822162
2023-03-30,0.0023299449,6.5218559e-06,0.0018017107
2023-03-31,0.010768731,0.010241586,0.010767819
2023-04-03,0.0081555078,0.0092286297,0.0080915804
2023-04-04,0.0058023827,0.011225807,0.0055529117
2023-04-05,-9.4228799e-05,0.0037015165,-0.00037575919
2023-04-06,0.00018928571,-9.220601e-05,0.00018928571
2023-04-10,0.00019603175,0.00019603175,0.00019603175
2023-04-11,0.00076222767,0.00019404762,0.00016222767
2023-04-12,-0.0052767845,-0.0058760616,-0.0052775074
2023-04-13,-0.001314815,0.0071773067,-0.0019915244
2023-04-14,-0.010584307,-0.0016885314,-0.011113057
2023-04-17,-0.012942403,-0.013468255,-0.01294539
2023-04-18,0.0029410376,0.0030520227,0.0029178979
2023-04-19,-0.0018659722,-0.0043329481,-0.0022265473
2023-04-20,0.0043139786,0.003931255,0.0043127085
2023-04-21,-0.0018046184,-0.0017330188,-0.001811737
2023-04-24,-0.0077025266,0.0037393578,-0.0083924634
2023-04-25,-0.01486973,-0.015450587,-0.014872185
2023-04-26,0.0065442195,0.0065287966,0.006533575
2023-04-27,-0.0021010801,0.010636021,-0.0026417854
2023-04-28,0.014232827,0.0015643674,0.013710984
2023-05-01,-0.023746462,-0.024263075,-0.023750881
2023-05-02,0.024195397,0.025828053,0.024150824
2023-05-03,0.0060637112,0.012032944,0.0057979923
2023-05-04,-8.8357382e-05,-0.00045559847,-0.00037909572
2023-05-05,0.010759007,-8.8297019e-05,0.010159007
2023-05-08,0.012817268,0.012226862,0.012807673
2023-05-09,0.0029985087,0.0029985087,0.0029876281
2023-05-10,-0.014377325,-0.014377325,-0.0143795
2023-05-11,-6.019266e-05,-0.0068596729,-0.000706881
2023-05-12,-0.012759839,-0.0011203518,-0.013326706
2023-05-15,-0.0046283871,-0.0051918988,-0.0046320282
2023-05-16,-0.0066508375,-0.0066508375,-0.0066521706
2023-05-17,-0.0028671678,-0.0066736742,-0.0032331353
2023-05-18,-0.0055892987,-0.0051882575,-0.0056238507
2023-05-19,-0.0033812347,-0.0034168784,-0.0033813231
2023-05-22,0.0021798522,-0.0016409578,0.0015231351
2023-05-23,-0.0016581778,-0.0023175757,-0.001659075
2023-05-24,0.0042827131,0.0037489918,0.0042194196
2023-05-25,-0.0019724957,0.0098417924,-0.0024968696
2023-05-26,0.0029927339,0.00010788422,0.0024690828
2023-05-30,0.01547017,0.014948096,0.015469058
2023-05-31,0.0068514337,0.0073619055,0.0068158682
2023-06-01,0.0024568199,0.004969655,0.0021920209
2023-06-02,-8.5659318e-05,-0.0080307036,-0.00037885832
2023-06-05,0.00020634921,-8.6777914e-05,0.00020634921
2023-06-06,0.00020555556,0.00020555556,0.00020555556
2023-06-07,0.0002047619,0.0002047619,0.0002047619
2023-06-08,0.0002031746,0.0002031746,0.0002031746
2023-06-09,0.00020277778,0.00020277778,0.00020277778
2023-06-12,-0.0033132586,0.00020396825,-0.0039132586
2023-06-13,-0.0023477722,0.01419683,-0.0030275408
2023-06-14,0.0019711065,-0.00016842237,0.0014474873
2023-06-15,0.015335328,0.014813,0.015334521
2023-06-16,-0.0088404102,-0.0088404102,-0.0088450001
2023-06-20,0.0021867269,0.005781101,0.0018351314
2023-06-21,-0.00094978286,0.00046100387,-0.0014630258
2023-06-22,-0.0054455987,0.0048004485,-0.0059705361
2023-06-23,0.0037010933,0.0031217847,0.0036961342
2023-06-26,-0.004904772,0.0022190422,-0.0057364499
2023-06-27,0.003513457,0.0063102556,0.0032366807
2023-06-28,0.0010514605,-0.0037818669,0.00066486692
2023-06-29,-0.021245025,-0.0035687273,-0.021747834
2023-06-30,0.0041451514,0.0036476931,0.0041388615
2023-07-03,-0.0088821502,-0.0088821502,-0.0088834515
2023-07-05,-0.0062755408,-0.0097975887,-0.0065029364
2023-07-06,-0.00016814345,-0.010496549,-0.00054382658
2023-07-07,0.00020714286,-0.00016886299,0.00020714286
2023-07-10,-0.010359186,0.00020833333,-0.010959186
2023-07-11,-0.0036149942,-0.0042055723,-0.0036244162
2023-07-12,-0.018925471,-0.018925471,-0.018929273
2023-07-13,0.002066132,-0.016048585,0.0013530677
2023-07-14,-0.010609185,-0.0021374477,-0.011113501
2023-07-17,0.0031038772,0.0026016988,0.0031008786
2023-07-18,0.0020656372,0.0020656372,0.0020646458
2023-07-19,0.0028138724,0.0066086083,0.0024891995
2023-07-20,-0.007330444,-0.0075629989,-0.0073335957
2023-07-21,0.00078238848,0.00078092866,0.00078186163
2023-07-24,0.0041641203,-0.0021883727,0.0033307308
2023-07-25,0.00193786,0.0032112341,0.0016743204
2023-07-26,0.00085939702,-0.0031737284,0.00047547416
2023-07-27,-0.0033718602,-0.0037353532,-0.0033722585
2023-07-28,0.0057922629,0.001189442,0.0052882735
2023-07-31,0.0022975129,0.0017963923,0.0022955738
2023-08-01,-0.0075714879,-0.011895262,-0.0077961756
2023-08-02,-0.0026025514,-0.0027800811,-0.0026082172
2023-08-03,-0.00017185391,-0.009438738,-0.0005528348
2023-08-04,-0.021259622,-0.00017201589,-0.021859622
2023-08-07,0.0054252163,0.00484477,0.0054056625
2023-08-08,-0.0095213033,-0.0095213033,-0.0095256373
2023-08-09,-0.00066383059,-0.00066383059,-0.00067303548
2023-08-10,-0.0013490339,0.015914466,-0.0019853468
2023-08-11,-0.011341432,-0.0010561864,-0.011906492
2023-08-14,-0.0034000896,-0.0039618718,-0.0034032935
2023-08-15,-0.0040413781,-0.0040413781,-0.0040423372
2023-08-16,-0.0078873201,-0.0078873201,-0.0078884737
2023-08-17,-0.00039240005,-0.0027807874,-0.00099472074
2023-08-18,0.00020952381,-0.00039124874,0.00020952381
2023-08-21,0.0084161486,0.00021031746,0.0080122279
2023-08-22,-0.00011054672,-0.00050478323,-0.0001185511
2023-08-23,-0.014119524,-0.014214895,-0.014122658
2023-08-24,-0.0058929992,0.0054672906,-0.0067102211
2023-08-25,-0.00049264645,-0.0013070755,-0.00050821206
2023-08-28,-0.0052625049,0.0035150345,-0.006181633
2023-08-29,0.011068951,-0.012970298,0.01001789
2023-08-30,-0.00050879566,-0.0013915754,-0.00059516444
2023-08-31,0.0038055183,0.003721874,0.0038054549
2023-09-01,-0.012437324,-0.012437324,-0.012438524
2023-09-05,-0.0084585867,-0.012344928,-0.008657392
2023-09-06,-0.00019505944,-0.0037401211,-0.00060083317
2023-09-07,0.00021031746,-0.00019495546,0.00021031746
2023-09-08,0.00021071429,0.00021071429,0.00021071429
2023-09-11,0.003430575,0.00021111111,0.002830575
2023-09-12,-0.0021782436,-0.0027751752,-0.002181312
2023-09-13,-0.00016850677,-0.0017475815,-0.00087160409
2023-09-14,-0.0051978613,-0.0013149783,-0.0056971985
2023-09-15,-0.0064235475,-0.0069217611,-0.0064248999
2023-09-18,0.0017209047,0.0017209047,0.0017190297
2023-09-19,-0.0046486605,-0.0075088141,-0.0048890437
2023-09-20,-0.00090248427,-0.0011871486,-0.00092156656
2023-09-21,-0.0084716632,-0.0084818609,-0.0084719576
2023-09-22,0.0044124969,0.0044091935,0.0044124245
2023-09-25,0.014384338,-0.008386078,0.013443702
2023-09-26,0.0012529441,0.0003248327,0.0012398953
2023-09-27,0.009551144,0.009551144,0.0095505557
2023-09-28,0.00078619705,-0.0048740131,3.6926299e-05
2023-09-29,-0.00021675995,-0.00054724231,-0.00065931008
2023-10-02,-0.01643569,-0.016878298,-0.016435821
2023-10-03,-0.016771811,-0.016771811,-0.016776758
2023-10-04,0.0091771045,0.012470183,0.0090184514
2023-10-05,-0.0002331232,0.0025436082,-0.00067815116
2023-10-06,0.00021269841,-0.00023329018,0.00021269841
2023-10-09,-0.025521101,0.00021269841,-0.026121101
2023-10-10,0.0045345701,0.0039581542,0.004510986
2023-10-11,-0.010375504,-0.010375504,-0.010379042
2023-10-12,-0.0041569565,0.019829655,-0.004878331
2023-10-13,0.012093559,0.0018142704,0.011604262
2023-10-16,-0.012052409,-0.012536792,-0.012056199
2023-10-17,-0.019841326,-0.019841326,-0.01984492
2023-10-18,-0.0055840637,-0.0095712114,-0.0058507491
2023-10-19,-0.0051770108,-0.0058581401,-0.005203154
2023-10-20,0.0061542622,0.0060709338,0.0061511202
2023-10-23,-0.0096961981,0.0049393659,-0.010612694
2023-10-24,-0.0029599793,-0.0038679643,-0.0029685097
2023-10-25,0.01815289,0.01815289,0.018149675
2023-10-26,0.0036204893,-0.014642767,0.002867427
2023-10-27,0.0024712282,0.00018468663,0.0020403703
2023-10-30,-0.0068725044,-0.0073028766,-0.0068734354
2023-10-31,-0.0044465216,-0.0044465216,-0.0044485331
2023-11-01,0.015735869,0.022823086,0.015551411
2023-11-02,-0.00020545393,0.0083518604,-0.00062043167
2023-11-03,-0.015392803,-0.00020669347,-0.015992803
2023-11-06,0.012160162,0.011574236,0.012146089
2023-11-07,-0.010821693,-0.010821693,-0.010831985
2023-11-08,-0.0074822909,-0.0074822909,-0.0074926841
2023-11-09,-0.0024238715,0.020381469,-0.0030896227
2023-11-10,0.0014458075,-0.00025899563,0.0009037642
2023-11-13,-0.001306334,-0.0018472018,-0.0013069915
2023-11-14,0.029856741,0.029856741,0.029856412
2023-11-15,-0.015784379,-0.015784379,-0.015793135
2023-11-16,-0.00039641058,0.014821982,-0.0010011545
2023-11-17,0.00020833333,-0.00038722296,0.00020833333
2023-11-20,-0.0014679906,0.00020912698,-0.0018015743
2023-11-21,0.00075560163,-0.001345471,8.4521794e-05
2023-11-22,-0.00038789607,-0.0010590504,-0.00038797216
2023-11-24,-0.0060064108,-0.0058283741,-0.0060158011
2023-11-27,-0.015393385,0.0087029902,-0.016334723
2023-11-28,0.0018276532,-0.0090911991,0.0010473861
2023-11-29,0.0098583315,0.0023112209,0.0094299547
2023-11-30,-0.01001268,-0.01043788,-0.010015796
2023-12-01,0.018660185,0.018660185,0.018657216
2023-12-04,-0.0054757814,-0.008509035,-0.0056937504
2023-12-05,-0.00016854139,0.0085650856,-0.00054541612
2023-12-06,0.00020833333,-0.00016747086,0.00020833333
2023-12-07,0.00020793651,0.00020793651,0.00020793651
2023-12-08,0.00020793651,0.00020793651,0.00020793651
2023-12-11,-0.00021054109,0.00020873016,-0.00081054109
2023-12-12,0.00017532543,-0.0042550648,-0.00052982726
2023-12-13,0.029033642,0.0046283272,0.028538748
2023-12-14,0.016408416,0.01592305,0.016399753
2023-12-15,-0.0018782925,-0.0018782925,-0.0018831983
2023-12-18,-0.0024433372,-0.0045849893,-0.0027502828
2023-12-19,-0.0017458074,0.0015360145,-0.0022903188
2023-12-20,-0.0037341229,-0.004270021,-0.003734461
2023-12-21,-0.0017764206,0.0016734447,-0.0022817335
2023-12-22,-0.00076295374,-0.0012524125,-0.00076567861
2023-12-26,-0.0015005913,0.00055768093,-0.0023547558
2023-12-27,-0.0084659714,-0.015839016,-0.0087351721
2023-12-28,-0.0027023419,0.0043636432,-0.0032183462
2023-12-29,-0.0055957845,-0.0019029487,-0.0060174757
2024-01-02,-0.0076784607,-0.0080985576,-0.0076799584
2024-01-03,0.0045803658,0.0045803658,0.004578108
2024-01-04,-0.0076317235,-0.012260133,-0.0078641698
2024-01-05,-0.00015867671,-0.0047476852,-0.00052528993
2024-01-08,-0.0067121441,-0.00015808657,-0.0073121441
2024-01-09,0.0014301219,0.00083620469,0.001424039
2024-01-10,0.0037358445,0.0037358445,0.0037350926
2024-01-11,0.0014591591,-0.010089493,0.00074726534
2024-01-12,0.0047258546,0.00043931419,0.0042409413
2024-01-16,-0.016419986,-0.016903469,-0.016421603
2024-01-17,-0.0067086405,-0.0067086405,-0.006713584
2024-01-18,-0.0046228903,-0.0046228903,-0.0046248518
2024-01-19,-0.00021396511,1.450993e-06,-0.00054198167
2024-01-22,-0.0063853012,0.0024748645,-0.0072586172
2024-01-23,0.0056311396,0.0047632846,0.0056256072
2024-01-24,0.0062772941,0.0062772941,0.0062727806
2024-01-25,0.0024077239,-0.0080656985,0.0015933412
2024-01-26,-0.0041608511,-0.002079084,-0.0045411263
2024-01-29,0.011797132,0.011417573,0.011796056
2024-01-30,0.0025109507,0.0025109507,0.0025073919
2024-01-31,0.011627179,0.016517749,0.011454423
2024-02-01,-0.00021780169,0.0085483774,-0.00064274624
2024-02-02,0.026026309,-0.0002177867,0.025426309
2024-02-05,0.020039165,0.019461996,0.020016334
2024-02-06,-0.010197427,-0.010197427,-0.010214611
2024-02-07,0.0041627596,0.0041627596,0.0041529527
2024-02-08,-0.0013742169,0.0071238598,-0.0020493563
2024-02-09,-0.0043214817,-0.00098785434,-0.0048433265
2024-02-12,0.0016962778,0.0011755994,0.0016951964
2024-02-13,-0.02220038,-0.02220038,-0.022200951
2024-02-14,0.0072687281,0.0072687281,0.0072619823
2024-02-15,-0.00039023209,0.0053282803,-0.00098800386
2024-02-16,0.00020793651,-0.00039041123,0.00020793651
2024-02-20,-0.0019503924,0.00020793651,-0.0023080082
2024-02-21,0.0042997248,0.0038925251,0.004296383
2024-02-22,-0.00064318384,0.00030915011,-0.0013705385
2024-02-23,0.0055598775,0.0048515551,0.0055584985
2024-02-26,0.0026141505,-0.0018644871,0.0016483055
2024-02-27,-0.0058790125,0.0041082067,-0.0070763406
2024-02-28,0.0070492106,0.0058545667,0.0070478626
2024-02-29,0.003830791,0.003830791,0.0038286291
2024-03-01,0.008921423,0.008921423,0.0089202155
2024-03-04,-0.0035596108,-0.0046594254,-0.0037108674
2024-03-05,-0.00023897396,0.0088989529,-0.0006854876
2024-03-06,0.00020793651,-0.00023676778,0.00020793651
2024-03-07,0.00020793651,0.00020793651,0.00020793651
2024-03-08,0.00020793651,0.00020793651,0.00020793651
2024-03-11,0.002520126,0.00020793651,0.001920126
2024-03-12,0.0088000691,0.0082023315,0.0087978067
2024-03-13,-0.0017627628,0.0050279692,-0.0025071728
2024-03-14,-0.015470299,-0.0043909131,-0.015918734
2024-03-15,-0.0036238755,-0.0040681911,-0.0036283863
2024-03-18,-0.002558136,-0.002558136,-0.0025591628
2024-03-19,0.0038498891,0.0055637709,0.0036765442
2024-03-20,0.0025793034,0.0030814033,0.0024969143
2024-03-21,9.0592921e-05,8.9271771e-06,8.9289091e-05
2024-03-22,0.0055567463,0.0055621303,0.0055563418
2024-03-25,0.0049472033,-0.0030508436,0.0040048222
2024-03-26,-0.0023775673,-0.0033155777,-0.0023823039
2024-03-27,0.0030626252,-0.0070330782,0.002146218
2024-03-28,-0.002393671,-0.0019235015,-0.0026799997
2024-04-01,-0.018304779,-0.018590468,-0.01830535
2024-04-02,-0.0044891367,-0.0044891367,-0.0044946658
2024-04-03,0.0018008757,0.0021485385,0.0017175489
2024-04-04,-0.00031077301,0.0056813364,-0.00082829206
2024-04-05,0.00020753968,-0.00030914074,0.00020753968
2024-04-08,0.0045079536,0.00020753968,0.0039079536
2024-04-09,-0.0073686908,-0.0079646508,-0.0073727308
2024-04-10,0.027175055,0.027175055,0.027167831
2024-04-11,-0.0014733182,0.0034028675,-0.0022225899
2024-04-12,0.0076321902,0.0016965508,0.0072046618
2024-04-15,-0.012994128,-0.013418791,-0.012996589
2024-04-16,-0.0080617218,-0.0080617218,-0.0080656065
2024-04-17,0.008090789,0.012485678,0.0078836802
2024-04-18,-0.0037851409,-0.004853077,-0.0038610257
2024-04-19,0.0013570334,0.0013009724,0.0013524726
2024-04-22,-0.00053414383,9.9756777e-05,-0.0014482224
2024-04-23,-0.0020149569,-0.0029288572,-0.0020151528
2024-04-24,0.0066955074,0.0066955074,0.0066931469
2024-04-25,-0.0048475928,0.0082393508,-0.0057512742
2024-04-26,0.0049810438,0.0019148804,0.0046902141
2024-04-29,0.0078777306,0.0075884741,0.0078760955
2024-04-30,-0.0095722749,-0.0095722749,-0.0095746817
2024-05-01,0.0062331588,0.0077081722,0.0061210942
2024-05-02,-0.00028120927,0.0074467677,-0.00077075188
2024-05-03,-0.011092566,-0.00028098202,-0.011692566
2024-05-06,-0.0011392978,-0.0017292014,-0.0011493941
2024-05-07,-0.0045874192,-0.0045874192,-0.0045889793
2024-05-08,0.0062013256,0.0062013256,0.0061966329
2024-05-09,0.00063781164,-0.0054566318,-7.9225398e-05
2024-05-10,-0.0071526452,-0.0019190899,-0.0076303731
2024-05-13,0.0021678393,0.0016916107,0.0021658869
2024-05-14,0.0056229166,0.0056229166,0.0056222049
2024-05-15,0.014863203,0.014863203,0.014861463
2024-05-16,-0.00038721183,-0.0040601988,-0.000982757
2024-05-17,0.00020833333,-0.00039282535,0.00020833333
2024-05-20,0.0022636739,0.00020833333,0.0018232992
2024-05-21,-0.003312985,-0.0037333007,-0.0033166746
2024-05-22,0.0023947711,0.0023960875,0.0023920621
2024-05-23,-0.006224249,0.0057272009,-0.0071088306
2024-05-24,0.0018098973,0.00093040291,0.0018087354
2024-05-28,0.010757041,-0.008367454,0.009714293
2024-05-29,-0.011142714,0.0093021176,-0.012332748
2024-05-30,0.0097980666,0.0086097035,0.0097951146
2024-05-31,0.0090990197,0.0090990197,0.0090960465
2024-06-03,0.012887476,0.012887476,0.012884709
2024-06-04,0.0097491045,0.010740646,0.0096991428
2024-06-05,-0.00033539605,0.0063883968,-0.00087912543
2024-06-06,0.00020833333,-0.00033620962,0.00020833333
2024-06-07,0.00020873016,0.00020873016,0.00020873016
2024-06-10,0.0043044905,0.00020833333,0.0037044905
2024-06-11,-0.0099690874,-0.010565231,-0.0099729438
2024-06-12,0.0024202469,-0.010562342,0.0016436362
2024-06-13,0.0037505905,0.0029961143,0.0037491827
2024-06-14,0.0040204732,0.0013815006,0.0035869648
2024-06-17,-0.009511787,-0.0099442191,-0.0095131792
2024-06-18,0.0056223339,0.0084973177,0.0054255278
2024-06-20,-0.0054781529,-0.0036994627,-0.0056727631
2024-06-21,-7.3508582e-05,2.274717e-05,-0.00035920556
2024-06-24,-0.0020125279,0.0005981094,-0.0029283578
2024-06-25,-0.0010965665,-0.0020108563,-0.0010980962
2024-06-26,0.012661241,0.012661241,0.012659714
2024-06-27,0.0014325233,-0.0038833241,0.00052830515
2024-06-28,-0.01111345,-0.0065044773,-0.011398539
2024-07-01,-0.015099114,-0.015380864,-0.015102335
2024-07-02,0.0073410879,0.0073410879,0.007336554
2024-07-03,0.010652965,0.013120972,0.010545449
2024-07-05,-0.00028064569,0.0088370105,-0.00076883106
2024-07-08,-0.00063812038,-0.00028098472,-0.0012381204
2024-07-09,0.0033586228,0.0027591964,0.0033580492
2024-07-10,-0.0013171967,-0.0013171967,-0.0013196742
2024-07-11,0.0027018108,-0.012151257,0.001941715
2024-07-12,0.0035734378,0.00044183912,0.0031322829
2024-07-15,-0.006526194,-0.0069664051,-0.0065274551
2024-07-16,0.0086661124,0.0086661124,0.0086642048
2024-07-17,0.0009059774,0.0014741089,0.00072467391
2024-07-18,-0.0032845802,-0.004198873,-0.0033643218
2024-07-19,-0.0036109018,-0.0036485363,-0.003614288
2024-07-22,0.0015577586,-0.0011082775,0.00061793369
2024-07-23,-0.0008908889,-0.0018289041,-0.00089259883
2024-07-24,0.0050332822,0.0050332822,0.0050319464
2024-07-25,0.0015410186,-0.0038639607,0.00060817294
2024-07-26,0.0090500811,0.004377253,0.0087868149
2024-07-29,0.0031607758,0.0029002342,0.0031579473
2024-07-30,0.0039980836,0.0039980836,0.0039970766
2024-07-31,0.012816172,0.014473799,0.012750445
2024-08-01,-0.00032684285,0.0073667343,-0.00085686031
2024-08-02,-0.031002918,-0.00033086557,-0.031602918
2024-08-05,-0.0014940258,-0.0020652521,-0.0015227995
2024-08-06,0.018375655,0.018375655,0.018373808
2024-08-07,0.0077893131,0.0077893131,0.0077735773
2024-08-08,-0.0016072975,0.0065823637,-0.0023048912
2024-08-09,0.0074040104,0.00083827398,0.0069078538
2024-08-12,0.0053829221,0.0048896558,0.005380511
2024-08-13,0.008669921,0.008669921,0.0086682544
2024-08-14,0.0024668227,0.0024668227,0.0024641844
2024-08-15,-0.00039721681,-0.012716897,-0.00099641775
2024-08-16,0.0002015873,-0.00040221451,0.0002015873
2024-08-19,-0.0015541024,0.00020079365,-0.001917099
2024-08-20,-0.0044372644,-0.004790157,-0.004437572
2024-08-21,-0.0020729833,-0.0020613158,-0.0020741374
2024-08-22,-0.006379147,0.006040674,-0.0071119476
2024-08-23,0.0055883869,0.0048580553,0.0055882276
2024-08-26,0.0020581759,-0.0015386923,0.0010930581
2024-08-27,0.001385988,0.00042260876,0.0013837845
2024-08-28,0.0015902368,0.0015902368,0.0015895002
2024-08-29,-0.0026088365,0.0040526562,-0.0035035616
2024-08-30,-0.0074825218,-0.0043292693,-0.0077868832
2024-09-03,0.012984735,0.012682475,0.012982626
2024-09-04,0.011501542,0.011501542,0.011497638
2024-09-05,0.0034540294,0.0044948036,0.0033292666
2024-09-06,-0.00027550053,0.0020024321,-0.00074663599
2024-09-09,-0.0028884313,-0.00027733538,-0.0034884313
2024-09-10,-0.007977321,-0.0085747516,-0.0079798904
2024-09-11,0.0019663337,0.0019663337,0.0019585922
2024-09-12,-0.0015549872,0.0037890197,-0.0023169765
2024-09-13,0.0032233471,0.00037366332,0.0027864881
2024-09-16,0.0050691642,0.0046337195,0.0050680137
2024-09-17,-0.0038210337,-0.0038210337,-0.0038226031
2024-09-18,-0.0088759393,-0.0088759393,-0.0088770325
2024-09-19,-0.0011808133,-0.0018097699,-0.0014549204
2024-09-20,-0.0003492457,-0.00062265715,-0.00035165127
2024-09-23,0.0008088389,-0.00068094716,-0.00011731242
2024-09-24,-0.0017263313,-0.0026513951,-0.0017274275
2024-09-25,0.0086358666,0.0086358666,0.0086338487
2024-09-26,-0.0017024195,0.0019321585,-0.0026193003
2024-09-27,0.0075047088,0.0033624919,0.0072288616
2024-09-30,-0.005669877,-0.0059434773,-0.0056722459
2024-10-01,0.0070972248,0.0070972248,0.0070955693
2024-10-02,-0.0053238155,-0.0058826564,-0.0053826021
