,A_rebalance,B_dash,C_treasury,D_fx,E_auction,PCT,TSMOM_benchmark,PCT_ID_variant,IFC,IFC_F,FTE_selected
2024-10-03,0.0001777777777777778,-0.001089613211597783,0.0001777777777777778,0.0001777777777777778,-0.00036249918659206294,-0.006311130065510173,-0.007400982498615525,-0.00707264610827856,-0.0006978721534330716,-0.0007213809033842932,-0.001623763825521768
2024-10-04,0.00017976190476190476,-9.656826617509688e-06,0.00017976190476190476,0.00017976190476190476,0.00017976190476190476,-0.0033762579048641304,-0.004174023630037206,-0.0040033747284586646,4.893785690607627e-05,0.00013572423044851231,-0.000872703861553463
2024-10-07,0.00018055555555555555,0.00018055555555555555,0.00018055555555555555,0.00018055555555555555,0.007173810274430377,-0.005845284098784308,-0.00662102104268803,-0.0062002627418181735,0.00018055555555555555,0.00018055555555555555,-0.0014848275122609942
2024-10-08,0.00017976190476190476,0.00017976190476190476,0.00017976190476190476,0.00017976190476190476,-0.0011553683238469112,-0.0009062161151668594,0.0016161093548454721,0.001151068382727058,0.00017976190476190476,0.00017976190476190476,0.0005341574670395501
2024-10-09,0.00018015873015873017,0.00018015873015873017,0.00018015873015873017,0.00018015873015873017,0.007999506541418422,-0.002402166523162002,-0.0019503063218114431,-0.0021063143166415734,0.00018015873015873017,0.00018015873015873017,-0.0003584216510557622
2024-10-10,0.00018015873015873017,0.00018015873015873017,0.00018015873015873017,0.00018015873015873017,-0.0007371392020203054,-0.000692087434138237,-0.0011949628931177336,-0.0007146787316800755,0.00018015873015873017,0.00018015873015873017,-0.00017402440739878859
2024-10-11,0.00017976190476190476,0.00017976190476190476,0.00017976190476190476,0.00017976190476190476,1.2313008980643935e-05,0.004572323841235429,0.0039733276287175255,0.0041033519054106465,0.00017976190476190476,0.00017976190476190476,0.00116314114162253
2024-10-14,0.00017976190476190476,0.00017976190476190476,0.00017976190476190476,0.00017976190476190476,-0.0037269769128340353,0.0006952178578795309,0.0012292944530542717,0.000863551642855478,0.00017976190476190476,0.00017976190476190476,0.0004543572965503588
2024-10-15,0.00017936507936507936,0.00017936507936507936,0.00017936507936507936,0.00017936507936507936,0.010061465422634985,0.0026222726905239155,0.001888570766836265,0.0011290745678584396,0.00017936507936507936,0.00017936507936507936,0.0006354539586957424
2024-10-16,0.00017896825396825398,0.00017896825396825398,0.00017896825396825398,0.00017896825396825398,0.0029372565858768558,0.004867182140295607,0.003890901112673544,0.0037979674209333886,0.00017896825396825398,0.00017896825396825398,0.0011884958879855628
2024-10-17,0.00018015873015873017,0.00018015873015873017,0.00018015873015873017,0.00018015873015873017,-0.0004189083998333737,-0.005234607885450545,-0.005067861599083414,-0.004855894537050376,0.00018015873015873017,0.00018015873015873017,-0.0012760521240523259
2024-10-18,0.00017976190476190476,0.00017976190476190476,0.00017976190476190476,0.00017976190476190476,0.00017976190476190476,0.005499719948724583,0.006032677712126317,0.0056981628587856525,0.00017976190476190476,0.00017976190476190476,0.0018232185846198967
2024-10-21,0.00017896825396825398,0.00017896825396825398,0.00017896825396825398,0.00017896825396825398,0.008376876634382498,-0.010131490495305201,-0.010429965669519207,-0.010331293933251565,0.00017896825396825398,0.00017896825396825398,-0.0028505707869106054
2024-10-22,0.00017896825396825398,0.00017896825396825398,0.00017896825396825398,0.00017896825396825398,0.0013773117571028014,0.0011805282583486577,-0.00029384752852054256,-6.848210032436088e-06,0.00017896825396825398,0.00017896825396825398,3.971182426568167e-05
2024-10-23,0.00017936507936507936,0.005953256204385604,0.00017936507936507936,0.00017936507936507936,0.0027742694558031632,-0.005736334427250079,-0.0062493815173471755,-0.006352367031842829,0.004173760865384817,0.00433295877303715,-0.0017013113983662276
2024-10-24,0.00017857142857142857,-0.0011041834949084444,0.00017857142857142857,0.00017857142857142857,0.0016899833473694808,0.0039021367657957316,0.004270274671522776,0.004248239888675282,-0.0007087103729370345,-0.0007234727890238959,0.0013907834279412304
2024-10-25,-0.0012080135453479764,0.0005074544071756935,0.00017936507936507936,0.00017936507936507936,-0.0023298058482670004,-0.0031540990746155746,-0.0037116025523666785,-0.0035031138117902925,-0.001722585588893508,-0.001477333585885743,-0.004309105338451359
2024-10-28,-0.001855456134798494,-0.0016973990903797135,0.0001781746031746032,0.0001781746031746032,0.004232004512694857,0.0016137077117401744,0.002930145790699948,0.002305121045485072,-0.00424191087547867,-0.004352356281763781,-0.00392401281243137
2024-10-29,-3.786461120257745e-05,-0.0007540491211055093,9.814180564538265e-05,0.0001781746031746032,-0.0005288331306563882,0.001410485349822397,0.0016496652081449332,0.0014896184591030013,-0.000919719751666702,-0.0004202362587828783,-0.0002500351099527187
2024-10-30,5.239328527329857e-05,-0.002389581531499072,-0.0022064995356087845,0.0028283057629463816,-0.0031338459854768734,-0.001094830723137386,-0.0018751505048952954,-0.0015400585989763158,-0.005393048553913295,-0.005777591861327889,-0.0044674915412926015
2024-10-31,0.004513232593979271,-0.01323029345233606,-0.0008392984330531294,-0.0017576403433440194,-0.001234768899740618,-0.008036979347631187,-0.008129890538883104,-0.00802974285760159,-0.003976395304827474,-0.005496555190182353,0.003843318181084041
2024-11-01,-5.457717082589365e-05,0.002915717506698474,-0.00025708232115806775,-0.00044014789039614397,0.00805224875537123,-0.004852467939251078,-0.004430613978119641,-0.004735774250704801,0.001059851097150818,0.0015915596962817438,-0.0018745921789403363
2024-11-04,0.0001761904761904762,-0.0014034605932418515,0.0001761904761904762,0.0001761904761904762,-0.010338020156568246,0.0060795849789432475,0.005209342017834588,0.005734604415128536,-0.0009174342052379461,-0.0008519500829236202,0.001661656855107672
2024-11-05,0.00017579365079365078,0.008252364422998914,0.00017579365079365078,0.00017579365079365078,-0.0005678330781266647,0.007926170526205341,0.007179139980782561,0.007414823767000343,0.005763643014978016,0.005837629931008537,0.0023485958363728974
2024-11-06,0.0001761904761904762,-2.793240703261298e-05,0.0001761904761904762,0.0001761904761904762,-0.005145344909972515,-0.007858087764315147,-0.008248486665440048,-0.008360934359210814,3.4611955472814405e-05,0.00012858320740104083,-0.002480306321070392
2024-11-07,0.00017579365079365078,0.00017579365079365078,0.00017579365079365078,0.00017579365079365078,0.015440245594738144,0.013211817455019021,0.01253449540282802,0.01285991982256247,0.00017579365079365078,0.00017579365079365078,0.004116433721599378
2024-11-08,0.00017579365079365078,0.00017579365079365078,0.00017579365079365078,0.00017579365079365078,0.004074957065793283,0.0008187627436515103,0.001056207357490407,0.0003337316633457601,0.00017579365079365078,0.00017579365079365078,0.0004576799519420412
2024-11-11,0.00017579365079365078,0.00017579365079365078,0.00017579365079365078,0.00017579365079365078,-0.005697189629812086,-0.0035111336490731538,-0.004371401610180481,-0.004965819178771373,0.00017579365079365078,0.00017579365079365078,-0.001301312999507424
2024-11-12,0.00017579365079365078,0.00017579365079365078,0.00017579365079365078,0.00017579365079365078,-0.012738518127388816,-0.011015168518699367,-0.010850361114417248,-0.010994678698874306,0.00017579365079365078,0.00017579365079365078,-0.0034633546105759805
2024-11-13,0.00017460317460317462,0.00017460317460317462,0.00017460317460317462,0.00017460317460317462,-0.00042921307936306583,-0.0035275322704405726,-0.004549793796236582,-0.00458159332866572,0.00017460317460317462,0.00017460317460317462,-0.0014072909790999036
2024-11-14,0.000175,0.000175,0.000175,0.000175,0.000175,-0.00313722536942416,-0.0028902355201808755,-0.0030389419317257403,0.000175,0.000175,-0.0008585782388527037
2024-11-15,0.000175,0.000175,0.000175,0.000175,0.000175,-0.0029397514376247463,-0.0028017621706688,-0.00298538623753035,0.000175,0.000175,-0.0008446476115101808
2024-11-18,0.00017539682539682538,0.00017539682539682538,0.00017539682539682538,0.00017539682539682538,-0.00328537913330773,0.00517662837859892,0.005616984763244609,0.0065007878972565694,0.00017539682539682538,0.00017539682539682538,0.002059196443676711
2024-11-19,0.000175,0.000175,0.000175,0.000175,-0.002695350978306506,0.0030297642264693813,0.003546636796467559,0.0036301123881412956,0.000175,0.000175,0.0013588549382408666
2024-11-20,0.00017539682539682538,-0.00020357953975106465,0.00017539682539682538,0.00017539682539682538,0.0025991946710693594,-0.0026487639821825277,-0.0021232044840898737,-0.0021035430329429893,-8.702207047601768e-05,9.678036232512875e-05,-0.0006478588417150776
2024-11-21,0.00017579365079365078,-0.0039728150498836625,0.00017579365079365078,0.00017579365079365078,-0.0017392849505016381,0.0002484518463724624,0.0006584139453344415,0.0009556679076088986,-0.0026971352259761248,-0.002689122427188685,0.00034735457127162595
2024-11-22,-0.000794229086381751,-0.002166381387726665,0.00017579365079365078,0.00017579365079365078,0.000859520812884525,0.001173967055571849,0.0026443417737895747,0.00266762054004608,-0.002934979161617821,-0.0023981882066296646,-0.0017578686720134593
2024-11-25,0.0067868474403184175,-0.002399617218141922,0.00017539682539682538,0.00017539682539682538,-0.02212196832535918,0.011640228627442885,0.009157810117314218,0.008408924338152539,0.008558315711511564,0.008677139921366275,0.023169347762746897
2024-11-26,-0.0031914912663749016,-0.0038592857465229243,-0.002251809167279608,0.00017460317460317462,0.0038635557714227628,-0.001960068129319362,-0.0020206821905415545,-0.002007240847848882,-0.011669745631176426,-0.010605625888390348,-0.011358040039019923
2024-11-27,0.0040423382814226486,-0.00291669294439179,0.0037834391324145784,0.011092081077678692,0.003646316633926837,0.005201203395483274,0.00506803347434073,0.004832134398041284,0.009743536140682478,0.009814367953056367,0.014956185231443042
2024-11-29,0.0010695510402206707,0.005083799352086748,0.003966006647935096,0.004231078267401167,0.008000852301074241,0.006203282729771049,0.006527188500286626,0.006465929030566427,0.011011024038446574,0.007209584226702222,0.010272100604641577
2024-12-02,-0.0001461287682533971,0.0014897228135620152,-0.0001074457137856012,-0.0004073656629383709,-0.0003449854059033534,-0.0031345839282153924,-0.002996968124659523,-0.0034685845802432196,0.0001520860001167979,0.0007985145685368134,-0.0015858684677858789
2024-12-03,0.00017301587301587302,0.00040943418413553486,0.00017301587301587302,0.00017301587301587302,-0.005863794303277655,-0.0027382025254766005,-0.0007853051933831406,3.00896376073347e-05,0.0003367553257288023,0.00024278973640627386,-3.89106674590083e-05
2024-12-04,0.00017261904761904762,0.005081487130877627,0.00017261904761904762,0.00017261904761904762,0.006559041019757284,0.005908581036050532,0.005703454757462174,0.0051211969763318,0.0035737963186745166,0.0035467071633363875,0.0014038211463857594
2024-12-05,0.00017222222222222224,-7.20075914200221e-05,0.00017222222222222224,0.00017222222222222224,-0.0003593593847200509,-0.0039040863483887707,-0.0026473402153413977,-0.0028343420552809136,2.7418533406343266e-06,0.00011564035651200073,-0.00046988578273858843
2024-12-06,0.00017103174603174602,0.00017103174603174602,0.00017103174603174602,0.00017103174603174602,0.00017103174603174602,0.00105424981831611,0.0022597112770903756,0.0018907523680115228,0.00017103174603174602,0.00017103174603174602,0.0006486050001352715
2024-12-09,0.0001706349206349206,0.0001706349206349206,0.0001706349206349206,0.0001706349206349206,0.006815571602392041,0.003361468316436096,-6.90129293222213e-05,0.0006434322102028283,0.0001706349206349206,0.0001706349206349206,0.00011153045639833805
2024-12-10,0.00017023809523809523,0.00017023809523809523,0.00017023809523809523,0.00017023809523809523,0.004062010354374059,-0.0006520879042570307,-0.0033167766541999186,-0.003112272952751699,0.00017023809523809523,0.00017023809523809523,-0.0006606428178938595
2024-12-11,0.00016904761904761904,0.00016904761904761904,0.00016904761904761904,0.00016904761904761904,0.006389300307651869,3.168873485776682e-05,0.0025840941963646688,0.003576804742716384,0.00016904761904761904,0.00016904761904761904,0.0007482092501982117
2024-12-12,0.00016785714285714288,0.00016785714285714288,0.00016785714285714288,0.00016785714285714288,-0.0029612650952558985,-0.010606196518554227,-0.008395926118025499,-0.008234619560276159,0.00016785714285714288,0.00016785714285714288,-0.0019327453886529098
2024-12-13,0.00016785714285714288,0.00016785714285714288,0.00016785714285714288,0.00016785714285714288,-0.009938839459070236,-0.008225580118817131,-0.0050957752176907225,-0.004804365398190918,0.00016785714285714288,0.00016785714285714288,-0.0011409976645603715
2024-12-16,0.00016865079365079366,0.00016865079365079366,0.00016865079365079366,0.00016865079365079366,0.00046851182948109147,0.001027672341653979,0.0020010005561402417,0.0016423488335246157,0.00016865079365079366,0.00016865079365079366,0.0006264809363151079
2024-12-17,0.00016904761904761904,0.00016904761904761904,0.00016904761904761904,0.00016904761904761904,-0.0001692394943349733,-0.0013286575026074882,-0.0028299465972859857,-0.0033069562121581086,0.00016904761904761904,0.00016904761904761904,-0.0005992668925389305
2024-12-18,0.00016865079365079366,0.00016865079365079366,0.00016865079365079366,0.00016865079365079366,-0.015626894342402376,-0.02062265401018841,-0.02527940367353223,-0.025594718292540494,0.00016865079365079366,0.00016865079365079366,-0.006430102647559256
2024-12-19,0.00016785714285714288,0.00016785714285714288,0.00016785714285714288,0.00016785714285714288,-0.005502558750615395,-0.0065007002778270035,-0.005527558445750186,-0.005074266657147812,0.00016785714285714288,0.00016785714285714288,-0.0013347207333997127
2024-12-20,0.00016785714285714288,-0.010090518447764036,0.00016785714285714288,0.00016785714285714288,0.0040986499436456636,0.006374976313994011,0.007869278592464096,0.008082077063417605,-0.006947806923715689,-0.006547079341060069,0.0021684523101848647
2024-12-23,0.00016825396825396826,-0.004759419238931392,0.00016825396825396826,0.00016825396825396826,0.008399591719161196,-0.0008596882938481346,0.0010708949107990078,0.0014135963850277324,-0.003249564130751799,-0.0031723850172291025,0.00040321088333925643
2024-12-24,-0.0002981448762869568,-0.009080252630818662,0.00016984126984126986,0.00016984126984126986,-0.0006069443749561991,0.005325639905728105,0.007190758784133582,0.007419770434132921,-0.006964374923702115,-0.005826188740136483,0.00104583878864326
2024-12-26,0.00021987808491287167,0.00023862832675764872,0.00016825396825396826,0.00016825396825396826,-0.00011743404563394272,0.0025527816254992427,0.0025276230422431613,0.0024294268485756322,0.0002964911967530326,0.0005730902645708299,0.0009162837394984494
2024-12-27,0.0003910462227985778,0.009180745152847069,-0.005965815241426832,0.0001662698412698413,-0.005640521114474668,-0.010036049792041452,-0.009732827657707183,-0.009333092873456808,-0.00204975881556005,0.00014352734215873522,-0.011871403388643073
2024-12-30,0.0011176814468411946,-0.009783429063588868,0.011559469612998105,-0.0009273555560228446,0.011559469612998105,-0.0032070069834967433,-0.004075772408446137,-0.003931071711677886,0.011104437848369566,0.008590010043277512,0.01999521181596406
2024-12-31,0.00016442437154288024,-0.0029412059589669416,-0.003842792063590746,0.004460152059319877,-0.003842792063590746,0.0007509245781023103,-0.0006146887434029142,-0.00016393196535148842,-0.0077608466090044285,-0.008034192611257396,-0.006738530082877358
2025-01-02,0.00013053533823919353,-0.0019762960483869735,-0.00043364517843355496,-0.0003874437742038553,0.0007080320460600931,0.007007793829673136,0.007482236457455794,0.007139586700418594,-0.0022426894036749407,-0.001821819590918843,0.0005476826683208359
2025-01-03,0.0001666666666666667,0.010243099273988383,0.0001666666666666667,0.0001666666666666667,-0.0003415202448559781,0.003914467476956914,0.006349726595342753,0.006429648347698822,0.007151499815202131,0.00691002970242479,0.001327887291598722
2025-01-06,0.00016706349206349207,0.004735252060068788,0.00016706349206349207,0.00016706349206349207,0.0018269528855470911,0.004621921687336148,0.003614372344552826,0.0030122155905953963,0.0033333753244153223,0.003416507133311549,0.0008224537295576945
2025-01-07,0.00016706349206349207,-7.822996478002998e-05,0.00016706349206349207,0.00016706349206349207,0.009580090523358037,0.0013786154082404607,0.0007611845268356743,-0.0018376435592238835,-3.2272897640465937e-06,0.00011051410067418254,0.00027888563023040187
2025-01-08,0.00016706349206349207,0.00016706349206349207,0.00016706349206349207,0.00016706349206349207,0.00033072491298262615,0.0007399916945712477,-0.0003202122541367611,0.000533706129569189,0.00016706349206349207,0.00016706349206349207,6.736579975980649e-05
2025-01-10,0.00016746031746031745,0.00016746031746031745,0.00016746031746031745,0.00016746031746031745,-0.015154461982122953,0.0004682644684707581,0.0009794271603965796,-0.0015839415061453257,0.00016746031746031745,0.00016746031746031745,0.000326270833103942
2025-01-13,0.00016785714285714288,0.00016785714285714288,0.00016785714285714288,0.00016785714285714288,-0.0036762295013326543,-0.0068659285314209345,-0.0031881778607318395,-0.003985009838703193,0.00016785714285714288,0.00016785714285714288,-0.0005187669567661069
2025-01-14,0.00016746031746031745,0.00016746031746031745,0.00016746031746031745,0.00016746031746031745,0.0004893352368915406,0.003011979811504791,0.0007682260062314338,0.0009307979546566164,0.00016746031746031745,0.00016746031746031745,0.00028773666285968687
2025-01-15,0.00016706349206349207,0.00016706349206349207,0.00016706349206349207,0.00016706349206349207,-0.0004327392825516911,0.004141222009865922,-0.0013000448730130037,0.00442337559327008,0.00016706349206349207,0.00016706349206349207,-0.00014483853431741404
2025-01-16,0.00016706349206349207,0.00016706349206349207,0.00016706349206349207,0.00016706349206349207,0.00016706349206349207,-0.0014805748715672215,-0.00437491266383462,-0.0036759121713778875,0.00016706349206349207,0.00016706349206349207,-0.0008049760696612282
2025-01-17,0.0001666666666666667,0.0001666666666666667,0.0001666666666666667,0.0001666666666666667,0.0001666666666666667,0.001309824011902578,0.003921968455105016,0.004751889756310966,0.0001666666666666667,0.0001666666666666667,0.0009758360914812784
2025-01-21,0.00016746031746031745,0.00016746031746031745,0.00016746031746031745,0.00016746031746031745,-0.003568880467089285,0.004576395116796892,-0.00319632688479388,-0.0017546008890529186,0.00016746031746031745,0.00016746031746031745,-0.000576197617041425
2025-01-22,0.00016746031746031745,0.00016746031746031745,0.00016746031746031745,0.00016746031746031745,0.0031272998828677967,0.0065908670126067215,0.007846232274204638,0.007329912908292014,0.00016746031746031745,0.00016746031746031745,0.00187811127677628
2025-01-23,0.00016746031746031745,-0.003999989956381384,0.00016746031746031745,0.00016746031746031745,-0.003439921648057493,0.0014605583244054919,0.0016063642308347624,0.00048026794626803354,-0.00272343525145755,-0.00268678516923967,0.0004896181625139336
2025-01-24,0.00016706349206349207,0.002451847050622187,0.00016706349206349207,0.00016706349206349207,0.002241300902514882,-0.0005786789713819167,-0.00445128490894206,-0.004042265488720867,0.0017523524222210981,0.001906448790347857,-0.0008989333792858876
2025-01-27,0.008008097860644695,0.010802354957464554,0.0001666666666666667,0.0001666666666666667,-0.013431682116428595,-0.015505980277468976,-0.01740238091423061,-0.017311748721097402,0.019639512650671726,0.021083046134981392,0.010738582391511375
2025-01-28,-0.0023142153705103165,-0.006114819190435558,0.0001666666666666667,0.0001666666666666667,-0.001163576343015853,0.008007035923594856,0.008291147647135354,0.00934993514239817,-0.00802457120383596,-0.007986820631322396,-0.0026339671632565932
2025-01-29,0.0006583497049934615,0.0036128259606036978,-0.0023034328698193097,0.0001666666666666667,-0.0025302882474565005,0.0022647312248021616,0.002707407433737486,0.0020981692715864022,-2.626807833811353e-05,0.001106690943688758,-0.0024794685608210973
2025-01-30,-9.338884199870579e-05,0.0034970307597702323,0.0031403052146626105,0.0029204703030637617,0.0041354166773912016,0.008439920090836816,0.003330938591994643,0.005281130307968477,0.006111054637110157,0.0048951011095011,0.004669603981060231
2025-01-31,0.0006320727820536736,-0.0038119735965597952,-0.002496211963882756,-0.00046320028916485556,-0.0033881737422508766,-0.0007056095034847586,0.0008038117739258967,-0.0002619280450949523,-0.0054801734917951685,-0.004668710514835437,-0.0029243294942832374
2025-02-03,-0.0001072612184668338,-0.004832064863875166,-0.0002824339216870764,-0.00036604032393671137,0.0009797722348305338,-0.0005511809179332184,-0.002040671771018588,-0.0013347688206234484,-0.004337448355513541,-0.0036458822374834253,-0.0012624631415636526
2025-02-04,0.00016746031746031745,0.0049081021250187975,0.00016746031746031745,0.00016746031746031745,-0.00033448587543478346,0.004930411174902319,0.005710079001703224,0.00638275047984644,0.0034560089901966556,0.0034676815294631493,0.0013867331018503762
2025-02-05,0.00016746031746031745,0.0029846236563300663,0.00016746031746031745,0.00016746031746031745,0.00016746031746031745,-0.0018208276327955468,-0.0004324672075779559,0.0007998135529253239,0.00212170745783011,0.0021181234149667064,2.4354875328193992e-05
2025-02-06,0.00016746031746031745,-5.02304895646061e-05,0.00016746031746031745,0.00016746031746031745,0.00016746031746031745,0.0032120545742100647,0.002637627958546922,0.0025337132188648337,1.629717674173355e-05,0.00011703221691645196,0.0007482782462264301
2025-02-07,0.00016825396825396826,0.00016825396825396826,0.00016825396825396826,0.00016825396825396826,0.006515589345291239,-0.0009594007268830556,-0.0018964136514524725,-0.0026853654450655286,0.00016825396825396826,0.00016825396825396826,-0.0003319175433356096
2025-02-10,0.00016785714285714288,0.00016785714285714288,0.00016785714285714288,0.00016785714285714288,0.0009032112956780851,0.00709767573779517,0.006544140163368461,0.007184412341566849,0.00016785714285714288,0.00016785714285714288,0.00172076986446471
2025-02-11,0.00016785714285714288,0.00016785714285714288,0.00016785714285714288,0.00016785714285714288,0.005633930558398487,-9.378871436833248e-05,-0.0004364433514430382,-0.0008241082644978576,0.00016785714285714288,0.00016785714285714288,1.3993732639122614e-05
2025-02-12,0.00016785714285714288,0.00016785714285714288,0.00016785714285714288,0.00016785714285714288,0.01425626069621928,0.009068275034549609,0.008237510135398854,0.006495911432773354,0.00016785714285714288,0.00016785714285714288,0.002194454164044524
2025-02-13,0.00016746031746031745,0.00016746031746031745,0.00016746031746031745,0.00016746031746031745,0.0024713467025696866,-0.0022819107540745774,-0.0006321303925781174,0.0012539428459362354,0.00016746031746031745,0.00016746031746031745,-4.1069656775998003e-05
2025-02-14,0.00016746031746031745,0.00016746031746031745,0.00016746031746031745,0.00016746031746031745,0.007749947116195407,-0.004957891024756864,-0.004383476406712689,-0.003820540521028506,0.00016746031746031745,0.00016746031746031745,-0.001014755513285985
2025-02-18,0.00016785714285714288,0.00016785714285714288,0.00016785714285714288,0.00016785714285714288,-0.010885574560607944,0.011822788136610266,0.009720480756691734,0.00943065367953361,0.00016785714285714288,0.00016785714285714288,0.0026870566909472852
2025-02-19,0.00016746031746031745,0.00016746031746031745,0.00016746031746031745,0.00016746031746031745,0.003061013761640667,-0.003631242283331655,-0.0035740276657664693,-0.003135796694100432,0.00016746031746031745,0.00016746031746031745,-0.0008403798696203625
2025-02-20,0.00016706349206349207,0.003383512488919453,0.00016706349206349207,0.00016706349206349207,0.003919512895384847,-0.0033939731203218243,-0.003112620114096387,-0.0027900466458043696,0.0024003306140350416,0.002441907433188031,-0.0007264143628332501
2025-02-21,0.00016706349206349207,0.013990202935845008,0.00016706349206349207,0.00016706349206349207,0.007932359097266264,-0.011498958991577752,-0.011988186175061285,-0.011770266527948173,0.009765954751804749,0.00989322166875956,-0.0031871819092109638
2025-02-24,0.0007334893263672074,0.0039276257431678585,0.0001662698412698413,0.0001662698412698413,-0.004808461485347204,-0.005122971122038548,-0.0046983140550088025,-0.004682148271082842,0.0036544826529800465,0.004011750562670757,6.74597256442902e-05
2025-02-25,0.0016740187606266244,0.004271496978719919,0.0001662698412698413,0.0001662698412698413,-0.015288641835508723,-0.011028172218958073,-0.008373327272804395,-0.007470058126797994,0.005344543144445936,0.006109997392001234,0.0011488825583278889
2025-02-26,0.0005195344138556821,-0.00011594137353438045,0.0042765928372481285,0.0001666666666666667,0.0037302891559852737,0.0008195629407982436,0.0015975323794361735,0.0018527186124533788,0.006838854800928984,0.00650681008838515,0.007995207869583448
2025-02-27,0.0011509310056590644,-0.012972126667461118,-0.0022239510871748715,0.0019522289319572027,-0.002535998210260661,-0.007853419669368308,-0.008428471751650745,-0.009375103176334184,-0.011111510718643879,-0.009259332669506772,-0.004090492800810985
2025-02-28,-0.00018301524391769094,0.01228703401307235,0.00975355343996357,-0.0006740383858610704,0.010803464335674803,-0.002445697885447208,-0.0010032293738131606,-0.0002134160977671658,0.022784059548922424,0.01901750224839339,0.015788701585710434
2025-03-03,0.00010045217642515987,-0.013719825491485219,-0.0003713488021046191,-0.0004138908016870241,0.0070892645803505155,0.00820896597836771,0.00020314105860639523,1.5611008717141385e-05,-0.010392398079395408,-0.009431761246492028,-0.0008606280382556716
2025-03-04,0.0001666666666666667,-0.009258226896599008,0.0001666666666666667,0.0001666666666666667,-0.005648090064082531,-0.005141648586675644,-0.004299439529529617,-0.004283340887860107,-0.006373500931700579,-0.006548458596471612,-0.0008521588098758617
2025-03-05,0.00016706349206349207,0.00847349653999295,0.00016706349206349207,0.00016706349206349207,-0.0003538063912288465,-0.002102921894594895,0.0062256163185439774,0.005788101793971495,0.005927699899926297,0.005829017998147077,0.0015490371018817624
2025-03-06,0.0001666666666666667,-6.940386080904332e-05,0.0001666666666666667,0.0001666666666666667,0.0001666666666666667,-0.008345879575714036,-0.01055447656941945,-0.010608311633074925,2.5160184873462713e-06,0.00011175964408076284,-0.002324468826808188
2025-03-07,0.0001666666666666667,0.0001666666666666667,0.0001666666666666667,0.0001666666666666667,0.0001666666666666667,-0.001021682516790654,0.0012967635372783325,0.0015266495900719706,0.0001666666666666667,0.0001666666666666667,0.00042993019687666387
2025-03-10,0.0001662698412698413,0.0001662698412698413,0.0001662698412698413,0.0001662698412698413,-0.014109061251453904,-0.004000432035183991,-0.012555569658558459,-0.01222048119353511,0.0001662698412698413,0.0001662698412698413,-0.002867778301389036
2025-03-11,0.0001666666666666667,0.0001666666666666667,0.0001666666666666667,0.0001666666666666667,0.007617445807228461,-0.0035647162535779983,-0.0035439193772840902,-0.0034805113598757,0.0001666666666666667,0.0001666666666666667,-0.0007348929257794594
2025-03-12,0.00016706349206349207,0.00016706349206349207,0.00016706349206349207,0.00016706349206349207,0.0063836127305769005,0.0009847984017770477,0.003155604323523507,0.0029888719765093826,0.00016706349206349207,0.00016706349206349207,0.0008957777962028627
2025-03-13,0.0001666666666666667,0.0001666666666666667,0.0001666666666666667,0.0001666666666666667,0.0015276454458438545,0.003604542826611847,-0.0031920794924792713,-0.002939344124912993,0.0001666666666666667,0.0001666666666666667,-0.0006704771431024882
2025-03-14,0.0001666666666666667,0.0001666666666666667,0.0001666666666666667,0.0001666666666666667,-0.007562501018292559,0.0036785216873907616,0.010147852382979715,0.009894741157029756,0.0001666666666666667,0.0001666666666666667,0.0026804602437162078
2025-03-17,0.0001666666666666667,0.0001666666666666667,0.0001666666666666667,0.0001666666666666667,0.0015243203678125422,0.004518225343588574,0.006337082859092314,0.006531912064960939,0.0001666666666666667,0.0001666666666666667,0.0017436086549840798
2025-03-18,0.0001666666666666667,0.0001666666666666667,0.0001666666666666667,0.0001666666666666667,0.002159370825257106,0.002069259986140863,-0.002140947939311957,-0.002089246156606768,0.0001666666666666667,0.0001666666666666667,-0.00043383531366264337
2025-03-19,0.0001666666666666667,0.0001666666666666667,0.0001666666666666667,0.0001666666666666667,0.00595931471388137,0.008714935914434958,0.008557209401827982,0.008690758190732586,0.0001666666666666667,0.0001666666666666667,0.0023664110160282266
2025-03-20,0.0001662698412698413,0.0001662698412698413,0.0001662698412698413,0.0001662698412698413,0.0013142702646768208,-0.0009597683093620068,-0.0033827965605540324,-0.0032059800201065243,0.0001662698412698413,0.0001662698412698413,-0.0007835581474721521
2025-03-21,0.0001662698412698413,-0.00012053089815751718,0.0001662698412698413,0.0001662698412698413,-0.0009245880700609963,-0.004345719963530417,-0.0035395267736683844,-0.003820371047401313,-3.2628162118428315e-05,0.00012375091475344468,-0.0008373718328689305
2025-03-24,0.0001662698412698413,-0.010543122318424551,0.0001662698412698413,0.0001662698412698413,0.011127202982382,-0.0005439059544276911,0.005016981627226749,0.004574541669617539,-0.0072614776541660405,-0.007200872164119696,0.001492920774212566
2025-03-25,-0.0006776777637309111,-0.0011958036479675922,0.0001662698412698413,0.0001662698412698413,-0.002922525957774623,0.0027680144227582603,0.0018677399987193184,0.0019897538682673074,-0.0020783884193430768,-0.002557526861556687,-0.0012465280464234905
2025-03-26,-0.0015543438923084655,0.0074604536660486855,0.0001666666666666667,0.0001666666666666667,0.005122778728952156,-0.00298321257578335,-0.006441308297606594,-0.006495910264276906,0.0025697736973459596,0.0014102829998881815,-0.005611377343962474
2025-03-27,9.354758620070551e-05,0.0018584822721598722,-0.0019294512523058134,0.0001666666666666667,-0.0018781053854885765,0.0038837215254734396,0.001366139294528476,0.001470931962367445,-0.0021004652037781677,-0.0014094119612912545,-0.003009008731917211
2025-03-28,-0.01207885664178271,-0.013005204134406794,0.012752902578114313,-0.007135749062542104,0.0156778861809263,0.003012593779136347,-0.005590308678054195,-0.005129162155762429,-0.0077702277049523545,-0.007770970122619545,3.822242690896437e-05
2025-03-31,-3.2304036885761895e-05,0.004292889067502372,0.0045955123891559865,0.001445360937095843,0.005717346169858619,0.005542925573159197,0.0014861376470657382,0.002328152470486132,0.009820644704088582,0.009603703343663549,0.006217381581049069
2025-04-01,-0.00015782954702154884,0.001841833334809221,-0.0003110601002950193,-0.00042705388900986984,0.006858292571323805,0.0020392239769019293,-0.0004726264778382045,9.835086818286314e-06,0.0007875675811582093,0.0013838786380498543,-0.0009969298863836645
2025-04-02,0.00016706349206349207,0.004051669560465065,0.00016706349206349207,0.00016706349206349207,-0.0018090720966044314,0.0009194648817204161,-0.0005682420084477698,0.0006403815216263958,0.0028596698803983705,0.0029426855114204615,-0.00017345993853059086
2025-04-03,0.0001666666666666667,-0.03101098769929318,0.0001666666666666667,0.0001666666666666667,-0.0003438376510551922,-0.020654409010383235,-0.024535093651408373,-0.031176402697584416,-0.02144620758968863,-0.02127785431245607,-0.006756527714778896
2025-04-04,0.00016547619047619047,-2.012250038033883e-05,0.00016547619047619047,0.00016547619047619047,0.00016547619047619047,-0.03649887630865196,-0.039063118616685454,-0.044789557311300014,3.807043184136634e-05,0.00012199518615834285,-0.011002949166624554
2025-04-07,0.00016547619047619047,0.00016547619047619047,0.00016547619047619047,0.00016547619047619047,0.02369187252391659,0.010785317136707535,-0.003772377413417788,-0.008055109629277434,0.00016547619047619047,0.00016547619047619047,-0.0009438349660755923
2025-04-08,0.0001662698412698413,0.0001662698412698413,0.0001662698412698413,0.0001662698412698413,0.010516108158143026,0.007556459355133531,0.0027161815935711465,-0.0016756534118806529,0.0001662698412698413,0.0001662698412698413,0.0008244898693741305
2025-04-09,0.00016825396825396826,0.00016825396825396826,0.00016825396825396826,0.00016825396825396826,0.006792309308443428,0.04735627003684074,0.05082665905100879,0.06128300368860529,0.00016825396825396826,0.00016825396825396826,0.013807416588658514
2025-04-10,0.00016746031746031745,0.00016746031746031745,0.00016746031746031745,0.00016746031746031745,-0.003794596999148576,-0.002301708041928728,-0.012215091765738796,-0.018471484955511135,0.00016746031746031745,0.00016746031746031745,-0.0032250050933767603
2025-04-11,0.00016785714285714288,0.00016785714285714288,0.00016785714285714288,0.00016785714285714288,-0.011888885587073433,0.014622229256950904,0.014334248578756908,0.016512983194215188,0.00016785714285714288,0.00016785714285714288,0.0036689119360645986
2025-04-14,0.00016746031746031745,0.00016746031746031745,0.00016746031746031745,0.00016746031746031745,0.015869864603596105,-3.6498421779053695e-05,0.0031275239322616577,0.004951042204420347,0.00016746031746031745,0.00016746031746031745,0.0009094604447102499
2025-04-15,0.00016746031746031745,0.00016746031746031745,0.00016746031746031745,0.00016746031746031745,0.005768253726129348,-0.0009065133630471355,0.0018209438224372123,0.0023332142713156706,0.00016746031746031745,0.00016746031746031745,0.0005844966606526583
2025-04-16,0.00016706349206349207,0.00016706349206349207,0.00016706349206349207,0.00016706349206349207,0.004885657032989759,-0.01584958090590778,-0.006883673343608922,-0.006662171908619083,0.00016706349206349207,0.00016706349206349207,-0.0016541481622352368
2025-04-17,0.00016785714285714288,0.00016785714285714288,0.00016785714285714288,0.00016785714285714288,-0.00273742096180552,0.0038875500218458117,0.006891355527996086,0.007568731144971765,0.00016785714285714288,0.00016785714285714288,0.0018760605128654564
2025-04-21,0.00016746031746031745,0.00016746031746031745,0.00016746031746031745,0.00016746031746031745,-0.00524764987050106,0.002047943562908457,0.0009196468845085517,-0.002260658117738801,0.00016746031746031745,0.00016746031746031745,0.0003573953626645509
2025-04-22,0.00016746031746031745,-0.007999074847785712,0.00016746031746031745,0.00016746031746031745,-0.001900071518372372,0.009419467662683808,0.008636198563163205,0.011154961589267725,-0.005480186761034895,-0.0056863239046340075,0.0023797992555662276
2025-04-23,0.00016746031746031745,-0.00462408254508116,0.00016746031746031745,0.00016746031746031745,-0.0013713522947835601,0.00857400241396126,0.008124974807859882,0.00991678967789364,-0.0031463317641950346,-0.0034874969265162787,0.002278600332888787
2025-04-24,-0.0006202605433741912,-0.006356873448212415,0.00016706349206349207,0.00016706349206349207,0.004410062556752919,0.0014169177797349742,0.005952158576250409,0.009091003626871175,-0.00555965054006512,-0.005537230155600555,-1.6924291757634195e-05
2025-04-25,-0.0013008617442941098,-0.0020425265418843696,0.00016706349206349207,0.00016706349206349207,0.007109932800934734,-0.002202437907725448,-0.004101746119275772,-0.0036119877867873094,-0.0036257529190672896,-0.003941741684243684,-0.004291704804773322
2025-04-28,-0.0024446700928181905,9.51276776435845e-05,0.005031102718971393,0.0001666666666666667,0.007813508695120116,-0.0003346873019776974,0.002086833752212127,0.0026935889385626952,0.003864500989262727,0.004853490123454742,0.003862661425623693
2025-04-29,-0.001201035558699697,0.001832759771990042,0.004700725926385597,-0.0011583444981811948,0.00673554617531408,0.0012609223284325657,0.0012018007135781836,0.0016295123616121515,0.0064616718622482975,0.007247680527238524,0.005363949437420626
2025-04-30,-0.000770750472842699,0.00023573759951580652,0.0020941189596751695,-0.0007743089929812206,0.002125818091187113,0.006726067288831648,0.003680018026684913,0.002080678778757551,0.0018585125204957705,0.003426637740981126,0.002405081659967313
2025-05-01,-8.471607127561663e-05,0.0022544688936640346,-0.000247135035641289,-0.000284526117339199,-0.00028504235117652324,-0.0053615807173507755,-0.006658841288185653,-0.005250190007751938,0.0012007633802894374,0.0016164542469242252,-0.002140330163585031
2025-05-02,0.00016746031746031745,0.0045950497911837794,0.00016746031746031745,0.00016746031746031745,0.013304044206453182,-0.0046023113286130755,-0.0005695811889688546,0.00021174620747574355,0.0032302400095375263,0.0033720380180649314,-9.40047177680637e-05
2025-05-05,0.00016746031746031745,-0.0016140673889853063,0.00016746031746031745,0.00016746031746031745,0.004057017835327945,-0.00010111288033149408,0.0026859105910066947,0.0017498861592362032,-0.001065126776012311,-0.0010615375105989748,0.0008602252068132569
2025-05-06,0.00016746031746031745,7.731221021472083e-05,0.00016746031746031745,0.00016746031746031745,-0.004602510632998825,0.004443925815407717,0.004411566277228633,0.0034895269576675266,0.00010512684876982176,0.00014529513406537825,0.0013533368874170527
2025-05-07,0.00016746031746031745,0.00016746031746031745,0.00016746031746031745,0.00016746031746031745,0.0002679525212325813,-0.00039395924461594896,-0.0016306960653434987,-0.0008096688388951354,0.00016746031746031745,0.00016746031746031745,-0.0003472092588400712
2025-05-08,0.00016785714285714288,0.00016785714285714288,0.00016785714285714288,0.00016785714285714288,-0.002416443569942107,-0.0109871365437344,-0.010036070937661772,-0.007180604296962365,0.00016785714285714288,0.00016785714285714288,-0.002782149285238507
2025-05-09,0.00016746031746031745,0.00016746031746031745,0.00016746031746031745,0.00016746031746031745,0.0008144329311826574,0.0022815004258604655,0.00291084247849966,0.0026025785754742203,0.00016746031746031745,0.00016746031746031745,0.0009691617276569131
2025-05-12,0.00017103174603174602,0.00017103174603174602,0.00017103174603174602,0.00017103174603174602,-0.012890264743986454,-0.00925377924096826,-0.005071750239899495,-0.0009559489949078734,0.00017103174603174602,0.00017103174603174602,-0.00138500159260544
2025-05-13,0.00017023809523809523,0.00017023809523809523,0.00017023809523809523,0.00017023809523809523,-0.0016674612095610997,0.0019920837728954867,0.0017008335262342002,0.000990036879216525,0.00017023809523809523,0.00017023809523809523,0.0006277707531487044
2025-05-14,0.00017023809523809523,0.00017023809523809523,0.00017023809523809523,0.00017023809523809523,-0.0076427135789772106,-0.005306991196853801,-0.006191412592678262,-0.006324888203636018,0.00017023809523809523,0.00017023809523809523,-0.0017752786992198395
2025-05-15,0.00016944444444444442,0.00016944444444444442,0.00016944444444444442,0.00016944444444444442,-0.00043281403904660385,0.009785237172522998,0.01012462942861462,0.00931198042229228,0.00016944444444444442,0.00016944444444444442,0.0032540934301874993
2025-05-16,0.00016865079365079366,0.00016865079365079366,0.00016865079365079366,0.00016865079365079366,0.00016865079365079366,0.0009292824395199899,0.0006402957126779872,0.0012386973653789595,0.00016865079365079366,0.00016865079365079366,0.0003140252027842283
2025-05-19,0.00016984126984126986,0.00016984126984126986,0.00016984126984126986,0.00016984126984126986,0.0006158430181454545,0.0024638983380294186,0.0032071692382216656,0.0017126594982457754,0.00016984126984126986,0.00016984126984126986,0.0011307298135992266
2025-05-20,0.00016904761904761904,0.00016904761904761904,0.00016904761904761904,0.00016904761904761904,0.0018163072785590535,-0.001621009246891754,-0.00021855514708371576,-0.0001613982432507442,0.00016904761904761904,0.00016904761904761904,4.0725141812799595e-05
2025-05-21,0.00016825396825396826,0.0051128420128614075,0.00016825396825396826,0.00016825396825396826,0.008413543319951037,-0.008705336817477071,-0.008310899118141724,-0.010103090028977607,0.0035927874297235047,0.003805454322721374,-0.002607574757259241
2025-05-22,0.00016865079365079366,9.638247032263235e-05,0.00016865079365079366,0.00016865079365079366,0.0036523650782704048,0.003107903928983029,0.0013751572933475423,0.001586803464390982,0.00011868004639237434,0.0001961228999998165,0.0005658243796448426
2025-05-23,0.004039364616054409,0.0022346004873426534,0.00016825396825396826,0.00016825396825396826,0.003267932863318651,0.004003672970513113,0.004426939336372788,0.0032105375938575455,0.0075939706987614335,0.007788736795511529,0.012288271128695086
2025-05-27,-0.00025127529556467573,-0.005939443828735943,0.00016825396825396826,0.00016825396825396826,-0.008779879811204403,0.007320487910856954,0.006666870810212782,0.008047199051279104,-0.00471497352346093,-0.006530643001121422,0.0011893358366709854
2025-05-28,-0.001505818672191432,0.0019244038943812118,-0.0022573827150002396,0.00016825396825396826,0.003698355140129101,-0.004956586193059987,-0.0042874450047069934,-0.004244567624479397,-0.005080304005913836,-0.002822744216875377,-0.008808347528802697
2025-05-29,0.0033635158262034,0.0011026468076537387,0.003161221649200212,0.004319998633304124,0.0032507673502184583,0.00820419956853231,0.007627422696688018,0.00641966111656922,0.010550218650448131,0.010154359670067933,0.013189953179582986
2025-05-30,0.0032613237999064627,-0.0002097828307860073,0.002272059890973721,0.0004192381549486219,0.005452785750582655,0.0031514193457091444,0.001531409752130404,0.0008761594150084127,0.008057235549270797,0.007429131476929551,0.010003795771958012
2025-06-02,-0.00019738685865901173,0.001773986237508347,-5.682826856951613e-05,-0.00024032181717665958,-0.006960150366181846,-0.0011676300853294419,0.0012249722527437916,0.0008048668320054586,0.00035804349459651484,0.001021855137952045,-0.0006456938772707106
2025-06-03,0.00016825396825396826,0.0017939593581478754,0.00016825396825396826,0.00016825396825396826,-0.002086062625207417,-0.005670046826979008,-0.0041308130220120915,-0.003073829008909949,0.0012947727617900367,0.0014149498507620886,-0.0009090907158057558
2025-06-04,0.00016865079365079366,3.9873052021708755e-05,0.00016865079365079366,0.00016865079365079366,0.01067830201767878,0.010216693552691974,0.009374067025756572,0.009746338277193681,7.937909648358429e-05,5.0906519273344454e-05,0.0024290247011431753
2025-06-05,0.00016865079365079366,8.052545201588103e-05,0.00016865079365079366,0.00016865079365079366,-0.0002751768044373628,-0.007971068286625709,-0.009027328741436753,-0.007345950733013717,0.00010757920022437943,0.00014700471656129365,-0.002132182757168853
2025-06-06,0.00016865079365079366,0.00016865079365079366,0.00016865079365079366,0.00016865079365079366,0.00016865079365079366,-0.011066186741454516,-0.008263933527981297,-0.008027632948177535,0.00016865079365079366,0.00016865079365079366,-0.001967406981297603
2025-06-09,0.00016865079365079366,0.00016865079365079366,0.00016865079365079366,0.00016865079365079366,-0.0037536854436886766,0.002632928477138648,0.0017784134185745803,0.0017031234385474785,0.00016865079365079366,0.00016865079365079366,0.0005773909786412457
2025-06-10,0.00016904761904761904,0.00016904761904761904,0.00016904761904761904,0.00016904761904761904,-0.0029357478287042964,0.002348939796023741,0.003903792297488261,0.003963740088475721,0.00016904761904761904,0.00016904761904761904,0.0011341918115689428
2025-06-11,0.00016904761904761904,0.00016904761904761904,0.00016904761904761904,0.00016904761904761904,-0.007831871264033907,0.006007494183438632,0.0021583214629412647,0.0027736955056513433,0.00016904761904761904,0.00016904761904761904,0.0006887490060991272
2025-06-12,0.00016944444444444442,0.00016944444444444442,0.00016944444444444442,0.00016944444444444442,0.0014391866694658966,0.009571881946181068,0.00797665900955321,0.008291002907964574,0.00016944444444444442,0.00016944444444444442,0.0022540089655822214
2025-06-13,0.00016904761904761904,0.00016904761904761904,0.00016904761904761904,0.00016904761904761904,-0.008019900923887577,-0.004824758540746743,-0.010594057145042496,-0.009117689635166192,0.00016904761904761904,0.00016904761904761904,-0.002761065169395686
2025-06-16,0.00016825396825396826,0.00016825396825396826,0.00016825396825396826,0.00016825396825396826,-0.005897452004666683,-0.0017865003640207325,0.0008532575168710868,-0.0007224352932011412,0.00016825396825396826,0.00016825396825396826,0.0003529797651207805
2025-06-17,0.00016785714285714288,0.00016785714285714288,0.00016785714285714288,0.00016785714285714288,0.0096154246728178,-0.0013641704661065265,-0.007557166099360471,-0.003779300470581925,0.00016785714285714288,0.00016785714285714288,-0.0019845849060405735
2025-06-18,0.00016785714285714288,0.00016785714285714288,0.00016785714285714288,0.00016785714285714288,0.0010995050102700788,0.0002618288631079296,0.0007729254725493902,0.0011520144093945493,0.00016785714285714288,0.00016785714285714288,0.00033441936877935636
2025-06-20,0.00016706349206349207,0.0008449888129598633,0.00016706349206349207,0.00016706349206349207,0.0002786447655822426,0.002736757089980944,0.0016202386194522295,0.0013653844409618051,0.0006373846378362434,0.0008512066381561111,0.0005779682300709213
2025-06-23,0.0001662698412698413,-0.0028250264361233068,0.0001662698412698413,0.0001662698412698413,-0.007379892618568027,0.006445080665867449,0.012087300615342652,0.00914908259416682,-0.0019091848091969516,-0.002103243204392159,0.003619269672099257
2025-06-24,0.0002177255105150004,-0.0031858778118290234,0.0001662698412698413,0.0001662698412698413,-0.006484093379960622,0.007045411543823556,0.011852394702414512,0.009833015420696251,-0.0020784139494011214,-0.002224701490816914,0.0037301159862181115
2025-06-25,0.00018235665161052698,4.0104936608819095e-05,0.0001662698412698413,0.0001662698412698413,-0.0003707071132782744,-0.0011071324175018788,-0.002101306658941811,-0.0019618901135230677,0.00010362031803497539,0.00017502012814257908,-0.00047127459677237955
2025-06-26,0.00033583064537546126,-0.0021920800844040913,0.006368855947991602,0.00016706349206349207,0.0024430524711915864,0.004980481660032149,0.00478260166418523,0.005197937011773555,0.007614520238035095,0.006555943978293827,0.011339307825921841
2025-06-27,-0.0002178825988332819,0.0014637511387897107,-0.005396964340853986,-0.0013191842233456416,-0.0057164529662586195,-0.0014490166415818877,0.0005201290671501521,-0.0006213962185425962,-0.007444808031182888,-0.006180310965668507,-0.009487027696828786
2025-06-30,0.0004459370106689555,0.0015926189465275305,0.0077972798161867534,0.0051257784325561585,0.0077972798161867534,0.008072828921742952,0.00743452472047207,0.007662136163474914,0.012439423660382198,0.010236127173681888,0.014509190227528055
2025-07-01,0.00013151825602872078,1.6036032719481916e-05,-0.0004293747905428824,-0.00025613125389286945,-0.0038789152331146965,0.0009223967153221772,-0.0003467353462718744,0.00025816466961873423,-0.0008401337465115861,-0.00022532374566572487,-0.0009686334694603007
2025-07-02,0.00016825396825396826,0.001516391465475975,0.00016825396825396826,0.00016825396825396826,-0.003348764145652497,-0.0003245112748948412,0.002540970147146953,0.0021688802196104967,0.001104178586832175,0.0011285350448918656,0.0006492615862998767
2025-07-03,0.00016904761904761904,0.0025506317492262347,0.00016904761904761904,0.00016904761904761904,-0.0002761378208604266,0.003891447662299322,8.785621572373017e-05,4.71003844591488e-05,0.0018225711671120397,0.0019269103226814595,0.00014980249653749944
2025-07-07,0.00016904761904761904,7.589042278572747e-05,0.00016904761904761904,0.00016904761904761904,0.00016904761904761904,-0.0062639495757032294,-0.006415290628207261,-0.006618687585892928,0.00010432008687089864,0.0001460460867123794,-0.0012354746047085199
2025-07-08,0.00016904761904761904,0.00016904761904761904,0.00016904761904761904,0.00016904761904761904,0.0028471936248225397,0.00044475432806855025,-0.0014071455195398513,-0.00131707105255491,0.00016904761904761904,0.00016904761904761904,-0.00017441418689689422
2025-07-09,0.00016904761904761904,0.00016904761904761904,0.00016904761904761904,0.00016904761904761904,-0.009909252115495261,0.003750171894886398,0.0044814209085199015,0.0052438578951891955,0.00016904761904761904,0.00016904761904761904,0.001113503991181571
2025-07-10,0.00016865079365079366,0.00016865079365079366,0.00016865079365079366,0.00016865079365079366,-0.0009477929882419409,0.0052604637083638345,0.0018823466329585545,0.0020065457625062936,0.00016865079365079366,0.00016865079365079366,0.000548362189920849
2025-07-11,0.00016865079365079366,0.00016865079365079366,0.00016865079365079366,0.00016865079365079366,-0.009902598100818697,-0.0056691766340940955,-0.002102557655888128,-0.002439596046326096,0.00016865079365079366,0.00016865079365079366,-0.0003481680122831243
2025-07-14,0.00016904761904761904,0.00016904761904761904,0.00016904761904761904,0.00016904761904761904,-0.0010200065366588052,0.004444798620875492,0.0009362082041808841,0.000690396755529453,0.00016904761904761904,0.00016904761904761904,0.00034297244336406636
2025-07-15,0.00016865079365079366,0.00016865079365079366,0.00016865079365079366,0.00016865079365079366,-0.008017889284984456,-0.006008393950692203,-0.006548650817322894,-0.006105283935379864,0.00016865079365079366,0.00016865079365079366,-0.0014038719688197112
2025-07-16,0.00016825396825396826,0.00016825396825396826,0.00016825396825396826,0.00016825396825396826,0.0053663105790944495,0.004444797726460219,0.0055574562695039405,0.0048238688945177206,0.00016825396825396826,0.00016825396825396826,0.001445233399041094
2025-07-17,0.00016825396825396826,0.00016825396825396826,0.00016825396825396826,0.00016825396825396826,-0.0004300940970446374,0.001965389226883154,0.0016485598085213763,0.0025066239858596595,0.00016825396825396826,0.00016825396825396826,0.000522357010489544
2025-07-18,0.00016825396825396826,0.00016825396825396826,0.00016825396825396826,0.00016825396825396826,0.00016825396825396826,-0.0021026767184622154,0.0009760072078536209,0.0009263517367018803,0.00016825396825396826,0.00016825396825396826,0.00036313908138381674
2025-07-21,0.00016825396825396826,0.00016825396825396826,0.00016825396825396826,0.00016825396825396826,-0.003912117535083118,0.0034788346135890065,0.006462475457843676,0.005962864959318028,0.00016825396825396826,0.00016825396825396826,0.0017273078933333478
2025-07-22,0.00016825396825396826,0.00016825396825396826,0.00016825396825396826,0.00016825396825396826,-0.002871187757206945,0.004942334536316384,0.005267532759078353,0.004680390286250738,0.00016825396825396826,0.00016825396825396826,0.0014508235224354423
2025-07-23,0.00016865079365079366,-0.005842530137048144,0.00016865079365079366,0.00016865079365079366,0.004374132211397907,0.0059330143257614685,0.002012558783505328,0.0008623481107260615,-0.00401016840039857,-0.003976661756041126,0.0006375460829408751
2025-07-24,0.00016865079365079366,4.4492348741139415e-05,0.00016865079365079366,0.00016865079365079366,-0.0023922350423372036,-0.005838577932625318,-0.003542472253430379,-0.00307290535235779,8.261100384286956e-05,-4.0812798799751485e-05,-0.0007971587328288353
2025-07-25,5.597998667174111e-05,-0.0026579157161166268,0.00016865079365079366,0.00016865079365079366,0.0026120837361252574,0.0026111676488059514,-0.0004849023707792816,0.0001058809359886694,-0.0019716526946312665,-0.0017863524382521834,-0.00025292112508881986
2025-07-28,-0.0010427466629338972,0.00044989119563931167,0.00016825396825396826,0.00016825396825396826,0.003974805383358923,-0.0054590059123251315,-0.006655119027258634,-0.004807079115434898,-0.0015186428357646749,-0.001112548487097542,-0.0043577080202096205
2025-07-29,0.004424168541198234,0.0021096227233062268,0.010550993790872876,0.00016825396825396826,0.011753214659805597,-0.006172611332153708,0.0019147718376150953,0.004590934876308725,0.02117912049807581,0.017238700370176788,0.02167289755619393
2025-07-30,-0.0014705220619022693,-0.0015126056475481759,-0.0060333627760810835,-0.010271109260846945,-0.007108667842570946,-0.005907330184782516,-0.00955069744084789,-0.008189733386963768,-0.011339649010964684,-0.008981490506632411,-0.01303635687748869
2025-07-31,0.001559669159171216,-0.003174825622449336,0.0013182721838212578,-0.004408071904353763,0.0015168304572574483,-0.000251917838936553,-0.00296204674301625,-0.0027455745700257486,0.0014512041588998041,-4.154725311870567e-05,0.003330228002338757
2025-08-01,-7.705689164892894e-05,-0.013955716711074883,-0.00034485007662353576,-0.00037201609501229493,-0.018996084282567403,-0.004700727113812512,0.0036262905523433515,0.0036331391533176425,-0.010676972972711361,-0.01022181817722292,-0.00030729470745754085
2025-08-04,0.00016507936507936506,0.012988012532672736,0.00016507936507936506,0.00016507936507936506,-0.0023537984388106053,0.004947727754603335,0.005960276781337659,0.006623230641741349,0.009083821791222647,0.009051397018236908,0.0011114112106669254
2025-08-05,0.00016507936507936506,-0.004300615168929366,0.00016507936507936506,0.00016507936507936506,0.001930101764120703,-0.0011802980228602582,-0.0021991838630935484,-0.0016527642589900748,-0.0029420830599044476,-0.0028087849490736347,-0.00022993437091515043
2025-08-06,0.00016428571428571428,-9.140161155121997e-05,0.00016428571428571428,0.00016428571428571428,0.001930261889711528,0.0056876985523023615,0.0055178978196424415,0.004913719129141192,-1.33434678968937e-05,0.00010486667479991688,0.001065250066514536
2025-08-07,0.00016428571428571428,0.00016428571428571428,0.00016428571428571428,0.00016428571428571428,-0.0008908530385330936,0.0048314672973355025,0.003674747795538695,0.003257579915735254,0.00016428571428571428,0.00016428571428571428,0.0007636224605312039
2025-08-08,0.00016428571428571428,0.00016428571428571428,0.00016428571428571428,0.00016428571428571428,-0.0052524759182834635,0.0014226684353111502,0.0029258463240132266,0.0023330993279353646,0.00016428571428571428,0.00016428571428571428,0.0006426189149777538
2025-08-11,0.00016468253968253969,0.00016468253968253969,0.00016468253968253969,0.00016468253968253969,0.000463141363510973,-0.003137715960245406,-0.0030157882799056726,-0.0029267151835740027,0.00016468253968253969,0.00016468253968253969,-0.00039988183056578996
2025-08-12,0.00016428571428571428,0.00016428571428571428,0.00016428571428571428,0.00016428571428571428,-0.0005839280731751061,0.004931645735366977,0.004143048617960266,0.004124566470909287,0.00016428571428571428,0.00016428571428571428,0.0008763781054225665
2025-08-13,0.00016309523809523812,0.00016309523809523812,0.00016309523809523812,0.00016309523809523812,0.006965639533493016,0.0038796883523019732,0.0029931201396004724,0.0042411005329607,0.00016309523809523812,0.00016309523809523812,0.0006768990420976599
2025-08-14,0.0001634920634920635,0.0001634920634920635,0.0001634920634920635,0.0001634920634920635,-0.0004343844165874076,-0.0020955393691710904,-0.0021893462398559736,-0.0033960197032055412,0.0001634920634920635,0.0001634920634920635,-0.00027485083064773493
2025-08-15,0.0001634920634920635,0.0001634920634920635,0.0001634920634920635,0.0001634920634920635,0.0001634920634920635,0.003963396674427309,0.0008825395784477146,9.671090223102705e-05,0.0001634920634920635,0.0001634920634920635,0.0002963122168425187
2025-08-18,0.00016428571428571428,0.00016428571428571428,0.00016428571428571428,0.00016428571428571428,0.0013113286229000794,-0.0012535188148287539,0.00010571333546738737,-0.00022323184450030728,0.00016428571428571428,0.00016428571428571428,0.00015053613445231657
2025-08-19,0.0001634920634920635,0.0001634920634920635,0.0001634920634920635,0.0001634920634920635,-0.0033235320016431263,-0.0041013557074874914,-0.006760120728409247,-0.005834568048183898,0.0001634920634920635,0.0001634920634920635,-0.001186810731127417
2025-08-20,0.0001634920634920635,0.0001634920634920635,0.0001634920634920635,0.0001634920634920635,-0.0017681565177447762,0.001970113605936896,0.0016517028469910206,0.0015341259915455643,0.0001634920634920635,0.0001634920634920635,0.0004550827860552334
2025-08-21,0.00016428571428571428,0.003789866061745601,0.00016428571428571428,0.00016428571428571428,-0.005239976359299267,-0.002062045446440745,-0.0022203679968609744,-0.0030392803787230084,0.002685842659250845,0.002697663856281277,-0.0003166827756167413
2025-08-22,0.00016269841269841268,-0.014106892387486412,0.00016269841269841268,0.00016269841269841268,0.008067747212340215,0.01219330608307798,0.010544773208749292,0.011877447902736623,-0.009762434358579338,-0.009559249195715843,0.0022762972886667776
2025-08-25,0.00014321829905633262,0.004425163519893514,0.00016269841269841268,0.00016269841269841268,0.003394071677074911,-0.006717063918760804,-0.00409665787935052,-0.0047726679865322695,0.0030986095711912397,0.0030198744397433785,-0.000755573409464061
2025-08-26,0.00015646726386867502,-0.0036267540832627195,0.00016269841269841268,0.00016269841269841268,-0.004770610823024974,0.0007615260315638115,0.0015672443930972223,0.002056810303997104,-0.002482669690255738,-0.0025486985746344844,0.00044392869378699103
2025-08-27,0.00014843342467536677,-0.001837564123833992,0.0015405941769707423,0.00016190476190476192,-0.003299199816278408,-0.00024412018861128234,-0.0005137576805136021,-0.0004016789401410917,0.0009574240347099819,0.0023940470537123478,0.0024603279396730356
2025-08-28,0.00015498568026390408,0.0030796260580611594,0.002235119976238547,-4.019699927805705e-05,0.0017633808116229608,0.001842070182242739,0.003796786386000675,0.004314175634937783,0.005497932108877076,0.005236074464799599,0.004696908283942277
2025-08-29,0.00010481270078398438,-0.006204341449178028,-0.0008051914725694723,0.0014954749360566197,-0.002062401696037396,-0.000807131581049507,-0.0019478302849664304,-0.002718846252095513,-0.005899277586508529,-0.006226572016750692,-0.002191718448773611
2025-09-02,0.0001498034307805817,-0.007707653410103493,-0.0001313165158759214,-0.0004275060763357867,-0.006129548664001426,-0.0024949690524946632,0.0011737282884225026,0.00017537817965081702,-0.005774865080149265,-0.005548003839845131,-0.00017648014052814076
2025-09-03,0.00015992063492063492,0.005626048508924992,0.00015992063492063492,0.00015992063492063492,0.006745712101779618,-0.0030595152473656987,-0.00023543405793620534,0.0010055918656474308,0.003960567044006451,0.003816822944228084,6.995651332976867e-05
2025-09-04,0.0001591269841269841,0.008679424125835444,0.0001591269841269841,0.0001591269841269841,0.008493244476589853,-0.004103007393228722,-0.0015093332292381548,-0.0005451845506048804,0.006083407493018484,0.006064313713909546,-0.0002205093107123548
2025-09-05,0.00015555555555555556,-0.0001561251265109592,0.00015555555555555556,0.00015555555555555556,-0.00042134673371698687,-0.005600330001218437,-0.002255556152783892,-0.0008708791467116827,-6.174096107191228e-05,8.308769478147931e-05,-0.0004006608532394952
2025-09-08,0.00015674603174603175,0.00015674603174603175,0.00015674603174603175,0.00015674603174603175,-0.006352994906694285,-0.00041631611672883544,0.00205509996891066,0.0032107545420761354,0.00015674603174603175,0.00015674603174603175,0.0005967901126669077
2025-09-09,0.00015674603174603175,0.00015674603174603175,0.00015674603174603175,0.00015674603174603175,0.005179187979483475,0.0037382125628790965,0.0011760477848056295,0.0006050748017725485,0.00015674603174603175,0.00015674603174603175,0.00039550082887429246
2025-09-10,0.00015634920634920635,0.00015634920634920635,0.00015634920634920635,0.00015634920634920635,-0.004927913459255462,-0.0008546387405624895,0.00020119285397791428,0.0008264435065448351,0.00015634920634920635,0.00015634920634920635,0.0001643543265083405
2025-09-11,0.00015634920634920635,0.00015634920634920635,0.00015634920634920635,0.00015634920634920635,0.00028455082195834324,-0.0005280819800321751,0.0021508810464089837,0.002804211724320436,0.00015634920634920635,0.00015634920634920635,0.0006411941344938654
2025-09-12,0.00015634920634920635,0.00015634920634920635,0.00015634920634920635,0.00015634920634920635,-0.0063122418968448715,0.0038359224666132184,0.002117021445144666,0.0016504381035491698,0.00015634920634920635,0.00015634920634920635,0.000640533536653723
2025-09-15,0.00015515873015873016,0.00015515873015873016,0.00015515873015873016,0.00015515873015873016,0.003142984282643267,0.002323010166445884,0.004779867555147355,0.00537648419357386,0.00015515873015873016,0.00015515873015873016,0.0013193475204024015
2025-09-16,0.00015476190476190475,0.00015476190476190475,0.00015476190476190475,0.00015476190476190475,0.001079606736135425,0.0013102425993900995,0.001535122536924989,0.0016596436432037608,0.00015476190476190475,0.00015476190476190475,0.0005056690115478695
2025-09-17,0.00015396825396825397,0.00015396825396825397,0.00015396825396825397,0.00015396825396825397,-0.004475331213061056,0.0007434799444540608,-0.0016653001575209487,-0.0022025697658427457,0.00015396825396825397,0.00015396825396825397,-0.0003223314152068196
2025-09-18,0.00015436507936507937,0.00015436507936507937,0.00015436507936507937,0.00015436507936507937,-0.004705917695595472,0.00665941927380108,0.0050736267108670305,0.00422114516256796,0.00015436507936507937,0.00015436507936507937,0.001452635795720788
2025-09-19,0.00015436507936507937,0.00015436507936507937,0.00015436507936507937,0.00015436507936507937,-0.0006227226934537602,0.0026975655456840677,0.002471367481906043,0.0026684712367747786,0.00015436507936507937,0.00015436507936507937,0.0007739814451681409
2025-09-22,0.00015317460317460315,-0.005272138843424741,0.00015317460317460315,0.00015317460317460315,0.0027388231051642823,0.0064556303332748135,0.006880068269852265,0.0068636894321559665,-0.0036215122481238673,-0.003376172058891346,0.0019850472436086656
2025-09-23,0.00015317460317460315,0.0063463928639990895,0.00015317460317460315,0.00015317460317460315,-0.005164882504175128,-0.00414999339579316,-0.003124827402091638,-0.0027509132127432655,0.004462951908798735,0.004277092137401025,-0.000758197640760086
2025-09-24,-0.0006598943686713333,0.0038369410988920135,0.00015357142857142856,0.00015357142857142856,0.005806850828751161,0.002551565431186169,-0.0007826277441842683,-0.0015200998754393868,0.0014481455554544538,0.001957356131037098,-0.0020123396703773107
2025-09-25,0.0003412247572449532,0.005428878170769674,0.00015436507936507937,0.00015436507936507937,-0.003969026635471792,0.0018806507048875756,-0.0007885310432237257,-0.0011935302030902416,0.004115853270966586,0.0035793232517788163,0.0003159464053158011
2025-09-26,-0.0019852348506424755,-0.006048985466949541,-0.0017922550351613027,0.00015357142857142856,-0.0013896747856289306,0.001328456804734673,0.00363069993137404,0.0037080706470679183,-0.008966828174849721,-0.008297985338345481,-0.004955620860544614
2025-09-29,0.0008612331302594856,0.0024924830172668657,0.0056667926816766035,-0.002241231383303342,0.0056667926816766035,-0.0004439478379071782,0.001876274707152038,0.0029561011516456583,0.008718256419458708,0.0063358805587182725,0.008469757323723506
2025-09-30,-0.0013082549050115906,0.004255615585046547,-0.0009837778612762553,-0.0018282731328771392,-0.0009837778612762553,0.00173963113632136,0.002059581789145832,0.001981594796691987,-0.000477358156413759,0.0003840396818832648,-0.0028978644750287663
2025-10-01,-0.00011099396653134843,0.0038477262164126574,-0.00044747108868295563,-0.000462491667847277,0.0065851166295489,-0.0021210523941759783,0.0016006097727768785,0.002159280417558129,0.0016772482182267694,0.0025397313122241757,-0.0007390666306321401
2025-10-02,0.00015317460317460315,0.0012866858242959341,0.00015317460317460315,0.00015317460317460315,-0.00044481748345125686,-0.003780041147467893,-0.00024308084048284772,-0.0002903111670611039,0.0009419637111014456,0.0008891901976632975,-2.1871274904208766e-05
2025-10-03,0.00015357142857142856,-3.7577878219212816e-05,0.00015357142857142856,0.00015357142857142856,0.00015357142857142856,0.006172614409069546,0.0036596725446086252,0.003335290042024622,2.0530845968884447e-05,-5.2361966461418106e-05,0.0010513892141621206
2025-10-06,0.00015317460317460315,-0.00018741785763253015,0.00015317460317460315,0.00015317460317460315,0.005644703436330625,0.010504863387583547,0.007245015335513622,0.005395910544428627,-8.38577306040938e-05,7.355262474933322e-05,0.00200087792056214
2025-10-07,0.00015277777777777777,0.00015277777777777777,0.00015277777777777777,0.00015277777777777777,-0.004564170126114645,-0.0027959260042326396,-0.005613585826207762,-0.005135007952820564,0.00015277777777777777,0.00015277777777777777,-0.0013784008367239199
2025-10-08,0.00015277777777777777,0.00015277777777777777,0.00015277777777777777,0.00015277777777777777,1.4836467405234923e-05,0.00594912879671242,0.005362953220909531,0.004848089462488918,0.00015277777777777777,0.00015277777777777777,0.0015497470007975816
2025-10-09,0.00015357142857142856,0.00015357142857142856,0.00015357142857142856,0.00015357142857142856,-0.0013006123136749723,-0.004731599691694612,-0.00474495467787412,-0.005222741624107086,0.00015357142857142856,0.00015357142857142856,-0.0011843548087967653
2025-10-10,0.00015317460317460315,0.00015317460317460315,0.00015317460317460315,0.00015317460317460315,0.011923982378965359,-0.012380250022757798,-0.017078497435249966,-0.015616151069678673,0.00015317460317460315,0.00015317460317460315,-0.004615068070601788
2025-10-13,0.00015317460317460315,0.00015317460317460315,0.00015317460317460315,0.00015317460317460315,0.0008749235096381255,0.012028784208571864,0.01280588173408873,0.013044111186934807,0.00015317460317460315,0.00015317460317460315,0.0037009107436355763
2025-10-14,0.00015277777777777777,0.00015277777777777777,0.00015277777777777777,0.00015277777777777777,0.005003367266801472,-0.003810999393614072,-0.002220818647514836,-0.0008852439877010007,0.00015277777777777777,0.00015277777777777777,-0.000514428805111165
2025-10-15,0.00015357142857142856,0.00015357142857142856,0.00015357142857142856,0.00015357142857142856,-0.0024180112861083847,0.007994660873744397,0.007508813586285223,0.008184525954413312,0.00015357142857142856,0.00015357142857142856,0.002235019994959215
2025-10-16,0.00015317460317460315,0.00015317460317460315,0.00015317460317460315,0.00015317460317460315,-0.00044750580678278566,-0.0006789710555284942,-0.0017974572961811657,-0.0007082042400346386,0.00015317460317460315,0.00015317460317460315,-0.0004113017047171061
2025-10-17,0.00015238095238095237,0.00015238095238095237,0.00015238095238095237,0.00015238095238095237,0.00015238095238095237,-0.005397204620875728,-0.0007374965943361633,-0.000616557827717646,0.00015238095238095237,0.00015238095238095237,-0.0001095450484945507
2025-10-20,0.0001511904761904762,0.0001511904761904762,0.0001511904761904762,0.0001511904761904762,-0.001960479976837832,0.009160844064850935,0.007679655762564069,0.008611954388923147,0.0001511904761904762,0.0001511904761904762,0.00237527383456718
2025-10-21,0.0001507936507936508,0.0001507936507936508,0.0001507936507936508,0.0001507936507936508,-0.0022659067954667327,-0.02092025701031353,-0.0132114592248281,-0.012915176148661146,0.0001507936507936508,0.0001507936507936508,-0.003869502833305665
2025-10-22,0.0001507936507936508,0.0001507936507936508,0.0001507936507936508,0.0001507936507936508,5.692479615894311e-05,0.003413873047507071,-0.0020039610941196893,-0.0016930573984742065,0.0001507936507936508,0.0001507936507936508,-0.000508042260237989
2025-10-23,0.0001507936507936508,-0.005493310534454708,0.0001507936507936508,0.0001507936507936508,-0.005651237625647093,0.010154859280298472,0.008158079412845614,0.006868832963859389,-0.0037823254370361425,-0.003556289313633609,0.0026005388970549246
2025-10-24,0.00014960317460317458,-0.007298793292271032,0.00014960317460317458,0.00014960317460317458,0.0012702187345947423,-0.0002236915664268255,0.003119713243511209,0.0034019062484772784,-0.005041001371038943,-0.004888598771588129,0.0010694165665177254
2025-10-27,0.0005720815792959463,-0.010662111844328213,0.000148015873015873,0.000148015873015873,-0.0006142278307582458,-0.007876608447917897,0.0011464511518050145,0.0015536453732784325,-0.006722338928930562,-0.007042546540650757,0.0015713939857964025
2025-10-28,0.00017428514476577865,-0.0021933714012007458,0.000148015873015873,0.000148015873015873,0.000498678690214627,-0.0042616934128264635,0.0003482385549552379,-0.0006569369963003299,-0.0014410065885404068,-0.001502254211174767,0.00027672683633474064
2025-10-29,0.0007531912889419464,-0.0001693711586889489,-0.013661938130645,0.00014960317460317458,-0.013062491117815569,0.006716346689553893,0.005653833321821827,0.0021392004906361107,-0.0208112209153416,-0.018140289764739723,-0.021357236890269606
2025-10-30,-0.0001402016936404189,-0.010391340960223861,-0.0030414752391952344,0.006518476091562321,-0.0030414752391952344,0.0073764870189379425,-0.000762369435415777,-0.0011286680104470427,-0.012663860744657869,-0.01045718599803756,-0.005953104927098293
2025-10-31,0.00024411536143360688,0.0029555883202005834,0.0006774328330281333,0.0030095490762953895,0.0006774328330281333,0.0028600524156034753,0.0006243161268188619,0.0002702549267193985,0.003079511909513652,0.002337827159659081,0.0013071556480790203
2025-11-03,0.00011306222711481179,0.0016980348748194761,-0.0004481650077680443,-0.0004838103181935817,-0.0011044688224154692,0.001116033151053485,0.0014753151523413713,0.000999943009037973,0.000313895764080421,0.0010608496573022365,-0.0006650201541495684
2025-11-04,0.0001507936507936508,-0.01061100032833775,0.0001507936507936508,0.0001507936507936508,-0.0004494924118683736,-0.009327944138253797,-0.008081217717260093,-0.007251405078128411,-0.007345939115779794,-0.007312453777623277,-0.0015942070033864138
2025-11-05,0.0001507936507936508,0.0031219645472519214,0.0001507936507936508,0.0001507936507936508,0.0001507936507936508,0.005531142869432702,0.0021160411811056794,0.002110767029903924,0.002220010994582716,0.00206779856070551,0.0005695254791000527
2025-11-06,0.00014960317460317458,-0.00011943919075044679,0.00014960317460317458,0.00014960317460317458,0.00014960317460317458,-0.0017782819603889448,-0.0005585427987934222,-0.001040676225382367,-3.799890465679693e-05,8.666468195637406e-05,-6.6345294571659805e-06
2025-11-07,0.00014960317460317458,0.00014960317460317458,0.00014960317460317458,0.00014960317460317458,-0.0010025427031101401,0.0034989252444148195,0.00018794696373516644,0.001142042446802546,0.00014960317460317458,0.00014960317460317458,0.0001554036221019668
2025-11-10,0.00015039682539682542,0.00015039682539682542,0.00015039682539682542,0.00015039682539682542,0.0031156913794414664,0.011952120666837582,0.010038118525337538,0.009313781632021309,0.00015039682539682542,0.00015039682539682542,0.002365872000276226
2025-11-11,0.00015039682539682542,0.00015039682539682542,0.00015039682539682542,0.00015039682539682542,-0.005789026907401261,0.006303913314530081,0.004065044073286717,0.004396869241417349,0.00015039682539682542,0.00015039682539682542,0.0010398846142003545
2025-11-12,0.00015039682539682542,0.00015039682539682542,0.00015039682539682542,0.00015039682539682542,8.879125718185063e-06,0.005728423376525712,0.00048284398363204035,7.812314026942782e-05,0.00015039682539682542,0.00015039682539682542,0.00022489386330478607
2025-11-13,0.0001507936507936508,0.0001507936507936508,0.0001507936507936508,0.0001507936507936508,-0.00226618082821864,-0.009620930280811985,-0.009171779692004821,-0.009268616232639191,0.0001507936507936508,0.0001507936507936508,-0.0020372164506999827
2025-11-14,0.0001507936507936508,0.0001507936507936508,0.0001507936507936508,0.0001507936507936508,-0.0039002684158650643,-0.005736718112057798,-0.0027424205851218574,-0.0024152827741191806,0.0001507936507936508,0.0001507936507936508,-0.0005411331333674477
2025-11-17,0.0001507936507936508,0.0001507936507936508,0.0001507936507936508,0.0001507936507936508,0.0021295633736807505,-0.007998151912048345,-0.005717337645551069,-0.005771895208243993,0.0001507936507936508,0.0001507936507936508,-0.0012741502129496652
2025-11-18,0.00015000000000000001,0.00015000000000000001,0.00015000000000000001,0.00015000000000000001,0.003163571566837723,4.207197204777917e-05,-0.0013739854768021948,-0.0011717490307925668,0.00015000000000000001,0.00015000000000000001,-0.00022796474136178044
2025-11-19,0.00015039682539682542,-0.003306922222531732,0.00015039682539682542,0.00015039682539682542,-0.00159917975468636,-0.0008593268090043982,-0.0009226475590763907,-0.0011557719998599974,-0.0022593496437048888,-0.002121405340783534,-0.00012031937572912283
2025-11-20,0.00015000000000000001,0.01336012500691468,0.00015000000000000001,0.00015000000000000001,0.0045367254193150915,-0.008072863656720821,-0.007084353452282686,-0.00679237035827835,0.009358527189965176,0.00950890296645249,-0.0016881614314186917
2025-11-21,9.935415035325942e-05,-0.008297621060396155,0.0001488095238095238,0.0001488095238095238,0.00642849945658431,0.00646791331593327,0.005314113655675715,0.005858055650275462,-0.0058030158214709025,-0.005097424827870954,0.0013706570062019612
2025-11-24,0.002740186871248185,-0.012381870033894935,0.0001488095238095238,0.0001488095238095238,-0.0038597390216242888,0.007323383333282152,0.00835884420740894,0.0078786741317446,-0.0045215001384734934,-0.003643459803528183,0.007923067361232744
2025-11-25,0.0007431070478363107,-0.007821321391247606,0.0029506158367968694,0.00014841269841269842,-0.00471797450576471,0.006210577568800336,0.005695964285634647,0.005741046861191922,3.70162606972102e-05,0.001914104170919884,0.006491204777677317
2025-11-26,0.0013292254216136941,0.005166675685360283,0.0010352224478829815,0.0005522782540199362,0.0001498541034638545,0.010460795092940924,0.007246040490422374,0.006915598093966226,0.00693046390918076,0.007064693024759689,0.004849481864466054
2025-11-28,0.002725885035550295,0.004491775240627372,-0.0023484236928693106,0.002068797939847979,-0.003739164238011278,0.009770309494834538,0.004358365759487109,0.004178884238965393,0.0032231938842674523,0.0014451838784874764,0.0010783530606917786
2025-12-01,-0.0001303955672548352,-0.003708151629474687,-0.00024955813287456886,-0.0006376146172416739,-0.010887820570413816,0.0005137849945151504,-0.0030213577702625657,-0.0030801124356446665,-0.002964866158339188,-0.0024124900306132283,-0.0015065705923743649
2025-12-02,0.00014603174603174603,0.001541553021887825,0.00014603174603174603,0.00014603174603174603,0.0015052822678069463,0.0025074390097965097,0.002567359096970286,0.0019311481487564637,0.001117526513901747,0.0010085731961250025,0.0006920096473113013
2025-12-03,0.00014444444444444446,0.0028588830265941466,0.00014444444444444446,0.00014444444444444446,0.003989127399105754,0.003295613193888462,0.003547910369011348,0.0026877911808337656,0.0020344713706688714,0.002098312740543909,0.0010143763569054464
2025-12-04,0.00014404761904761903,-0.00010151331650668142,0.00014404761904761903,0.00014404761904761903,-0.0004547172667791487,-0.0019290450359308866,-0.0022994651428880153,-0.0019438827687228764,-2.708657823224177e-05,8.648485677107319e-05,-0.0004969162924896749
2025-12-05,0.00014365079365079365,0.00014365079365079365,0.00014365079365079365,0.00014365079365079365,0.00014365079365079365,0.0021093753298701565,0.002120143361039359,0.001428097635946667,0.00014365079365079365,0.00014365079365079365,0.0006626109104522721
2025-12-08,0.00014444444444444446,0.00014444444444444446,0.00014444444444444446,0.00014444444444444446,0.003956119250623108,-0.0035772853328582444,-0.004875855383574918,-0.004903529155774075,0.00014444444444444446,0.00014444444444444446,-0.0012093781935147104
2025-12-09,0.00014444444444444446,0.00014444444444444446,0.00014444444444444446,0.00014444444444444446,0.003314225214640771,-0.0013191724104509163,-0.0006383288408476069,-0.0005886038443760498,0.00014444444444444446,0.00014444444444444446,-7.366280422109656e-05
2025-12-10,0.00014285714285714287,0.00014285714285714287,0.00014285714285714287,0.00014285714285714287,0.001954799795395849,0.00845135336887878,0.009209865891341663,0.007859726297852771,0.00014285714285714287,0.00014285714285714287,0.0026513011426203127
2025-12-11,0.00014206349206349206,0.00014206349206349206,0.00014206349206349206,0.00014206349206349206,0.00010715025405764003,-0.0020990815742496917,0.0010056184848333566,0.0006805951550741568,0.00014206349206349206,0.00014206349206349206,0.00038065676367298086
2025-12-12,0.00014047619047619049,0.00014047619047619049,0.00014047619047619049,0.00014047619047619049,-0.005870925010859438,-0.00973053788503457,-0.0075843515383002096,-0.007160446560417568,0.00014047619047619049,0.00014047619047619049,-0.0020634734201884736
2025-12-15,0.00014126984126984127,0.00014126984126984127,0.00014126984126984127,0.00014126984126984127,0.001520767326355547,-0.001333896899356321,0.0014631158379120436,0.0014068008027062987,0.00014126984126984127,0.00014126984126984127,0.0005191752760888395
2025-12-16,0.00014126984126984127,0.00014126984126984127,0.00014126984126984127,0.00014126984126984127,0.00546765128308541,-0.00026030292160757673,-0.0001382326531214603,-0.0009388638741573478,0.00014126984126984127,0.00014126984126984127,5.555409084393878e-05
2025-12-17,0.00014087301587301586,0.00014087301587301586,0.00014087301587301586,0.00014087301587301586,-0.0005571994213432821,-0.003411216418135258,-0.0014192248856019546,-0.0007646329772629648,0.00014087301587301586,0.00014087301587301586,-0.0003269022532346342
2025-12-18,0.00014007936507936508,0.00014007936507936508,0.00014007936507936508,0.00014007936507936508,0.004151078779849765,0.007910578485830239,0.005339308499710963,0.004724941363169492,0.00014007936507936508,0.00014007936507936508,0.0017050053645720881
2025-12-19,0.00014047619047619049,0.00014047619047619049,0.00014047619047619049,0.00014047619047619049,-0.003935067609826373,0.00350711177943421,0.002391834362175581,0.002446693267901935,0.00014047619047619049,0.00014047619047619049,0.0008261022975078838
2025-12-22,0.00014126984126984127,-0.004954234820367188,0.00014126984126984127,0.00014126984126984127,0.001366743183449774,0.0023298278014568245,0.004663577782349704,0.003909918791266437,-0.0034109378713427464,-0.003252397422515277,0.0015437472238035268
2025-12-23,0.00014126984126984127,-0.0033970946412648323,0.00014126984126984127,0.00014126984126984127,0.0012304858595915528,0.004415985760360811,0.006941313615805404,0.005530225942152975,-0.002325382470016558,-0.0023479653193550325,0.002285097365928595
2025-12-24,0.00045683336888135306,-0.002555312992258159,0.00014285714285714287,0.00014285714285714287,0.0031699987678547124,0.0030480818120775703,0.002569826094206424,0.0031640132384717365,-0.001243153994711897,-0.0008307081765151976,0.001757954371051815
2025-12-26,0.00041085911247104725,0.0003234678070485204,0.00014126984126984127,0.00014126984126984127,0.0016297658740009554,0.0047059642252229375,0.005523713042636946,0.005107135221576635,0.0006914198012798188,0.0005097752383014264,0.00261296820058159
2025-12-29,0.0009107086950612769,0.003082032820649611,0.0021616888444879485,0.00014166666666666665,0.002761129496454791,-0.004178869914290765,-0.006508842036064701,-0.005670470443033321,0.005934523071051064,0.006601597787345544,0.0027752587255422956
2025-12-30,-9.458808565953172e-05,-0.001417973056016956,-0.0022121653763019235,0.004188425795542655,-0.0022121653763019235,0.0010568782918752334,0.002173464218295456,0.002501427964829492,-0.004269515646361741,-0.003458577068255799,-0.0033170680329484077
2025-12-31,-0.00020220205055778266,-0.005861921963244703,-0.00677601038504964,-0.0007550328526954618,-0.00677601038504964,-0.006681977955167851,-0.007231480004012305,-0.007739893461595453,-0.013266883935517159,-0.012597136493476373,-0.011858003178473152
2026-01-02,1.8083551369637104e-05,0.001485882377994345,-0.00046152721595449315,-0.0007524134281476271,-0.00046152721595449315,0.0026264481390161215,0.0036159556187716196,0.0034933026503735096,0.00012504574740116988,0.0005141324552562753,-0.0003162198537791732
2026-01-05,0.00014047619047619049,0.005324268290810424,0.00014047619047619049,0.00014047619047619049,0.00014047619047619049,0.013098521627710517,0.010508183463733913,0.010643187000649437,0.0037562163787850404,0.003856538433149311,0.0027776563106995528
2026-01-06,0.00014007936507936508,0.0047570309631769616,0.00014007936507936508,0.00014007936507936508,0.00014007936507936508,0.0032196990086508343,0.0019534754682173083,0.002588395355157652,0.0033601193509524853,0.0033875366641280525,0.0006171960189782491
2026-01-07,0.0001396825396825397,-9.913979811153765e-05,0.0001396825396825397,0.0001396825396825397,0.0001396825396825397,-0.004795709636556456,-0.0007619176803877892,-0.0007259181768065943,-2.7132892950087594e-05,8.349206597296045e-05,-0.00010410433575928834
2026-01-08,0.0001396825396825397,0.0001396825396825397,0.0001396825396825397,0.0001396825396825397,0.0001396825396825397,-0.0008414777744626031,-0.0026249209875350557,-0.0023046967812740057,0.0001396825396825397,0.0001396825396825397,-0.0006158121326212765
2026-01-09,0.0001396825396825397,0.0001396825396825397,0.0001396825396825397,0.0001396825396825397,0.0001396825396825397,0.00436967198042052,0.005436073016815169,0.005894108723306115,0.0001396825396825397,0.0001396825396825397,0.0016003042094882515
2026-01-12,0.00014126984126984127,0.00014126984126984127,0.00014126984126984127,0.00014126984126984127,0.0022924180176990606,0.009347386434151271,0.004270565207770763,0.004242824120578075,0.00014126984126984127,0.00014126984126984127,0.0012971386976452952
2026-01-13,0.00014166666666666665,0.00014166666666666665,0.00014166666666666665,0.00014166666666666665,0.00025323256477262834,0.0016458717646386318,-0.00012112206343959175,0.00024295768180816862,0.00014166666666666665,0.00014166666666666665,6.361949624927585e-05
2026-01-14,0.00014166666666666665,0.00014166666666666665,0.00014166666666666665,0.00014166666666666665,0.0036757359442064694,0.008512076955783205,0.0035482182138858493,0.003414517124008975,0.00014166666666666665,0.00014166666666666665,0.0011232486618947004
2026-01-15,0.00014166666666666665,0.00014166666666666665,0.00014166666666666665,0.00014166666666666665,-0.004287677139072624,-0.005325888390449789,-0.0026386636972735495,-0.002252087102701783,0.00014166666666666665,0.00014166666666666665,-0.000678690614746236
2026-01-16,0.00014166666666666665,0.00014166666666666665,0.00014166666666666665,0.00014166666666666665,-0.007827176992462768,-0.0037982353542814085,-0.004673705216119325,-0.004834763267836658,0.00014166666666666665,0.00014166666666666665,-0.0012981314443816954
2026-01-20,0.00014246031746031746,0.00014246031746031746,0.00014246031746031746,0.00014246031746031746,-0.00806730848810791,0.00941238123201462,-0.004069046758026463,-0.005286524534989934,0.00014246031746031746,0.00014246031746031746,-0.0011373817639191066
2026-01-21,0.00014246031746031746,0.00014246031746031746,0.00014246031746031746,0.00014246031746031746,-0.005528838867341059,0.004716408748209549,0.009754939994897436,0.010378514918785636,0.00014246031746031746,0.00014246031746031746,0.003094306662080868
2026-01-22,0.00014285714285714287,-0.0044403716779851,0.00014285714285714287,0.00014285714285714287,-0.0013849110887087066,0.008537436912419708,0.005898895812684777,0.005316112155122561,-0.0030567487232039193,-0.0029645457503099477,0.0019353442754893634
2026-01-23,0.00014246031746031746,-5.73656565964189e-05,0.00014246031746031746,0.00014246031746031746,0.0028472841474480783,0.015252787342279594,0.006465471989474067,0.005364470397525155,3.2049550894658027e-06,0.0001852828660867669,0.002133161879220852
2026-01-26,-9.274503389244742e-05,-0.004063004052693962,0.00014246031746031746,0.00014246031746031746,-0.003646210269198134,0.010745598018564709,0.005891284097307906,0.005291313259845083,-0.0031636578272515835,-0.003329217666388558,0.001346539506071865
2026-01-27,-0.0007619468974613843,-0.003136216455051004,0.00014206349206349206,0.00014206349206349206,0.0011781215362887828,0.012910438619111592,0.007410377461651174,0.006002388785719301,-0.0035692300002350325,-0.003583272341685802,3.445727040830592e-05
2026-01-28,-0.0001821169228125736,0.00033709018343073855,-0.0015597532045861858,0.00014246031746031746,-0.002721205200892878,0.0023434522646070288,0.0010227505284519996,0.0021878678287559523,-0.002966358633474886,-0.001925609368049028,-0.003803046828862113
2026-01-29,0.0007080972323894629,-0.0021877782915787347,0.0013433092756237007,-0.00275120869835945,0.0019426351594015762,0.0041273581585162524,0.0007493177425656603,0.0005046581637213263,0.0013350749354655023,0.001996386162874997,0.003746561243723797
2026-01-30,0.00022248503865940776,-0.0025299240993745674,-0.000881385013057597,0.015329915074047467,-0.0013928732308239726,-0.043129195312747275,-0.01967077205043315,-0.019009673680425287,-0.00324063751330569,-0.002370435424220601,-0.006337568577659107
2026-02-02,8.750241048736495e-07,0.004271656394999442,-0.0002573963495906512,-0.000628387845731956,-0.004074750645680982,-0.00995153234807552,-0.005466231791501683,-0.005124708167666783,0.002158188087054042,0.00286194142974697,-0.0022308493778535827
2026-02-03,0.00014285714285714287,-0.007209905963324822,0.00014285714285714287,0.00014285714285714287,0.001741688142340186,0.0046831164303790754,0.0035636343989865907,0.0033613135248133927,-0.004993327805522408,-0.005259035513325024,0.0011778520447491914
2026-02-04,0.00014285714285714287,-0.004121771766150813,0.00014285714285714287,0.00014285714285714287,-0.0005620415851404125,-0.004884896302029316,-0.002060820615672378,-0.0017925099765413338,-0.0028366362467499625,-0.0028444671038187997,-0.0005741607011882006
2026-02-05,0.00014246031746031746,-0.00011389565922455803,0.00014246031746031746,0.00014246031746031746,-0.00045766532107093265,-0.008664977018827394,-0.006417169754674163,-0.006134377271630534,-3.6394836837489364e-05,8.204368661077826e-05,-0.002021385378555343
2026-02-06,0.00014285714285714287,0.00014285714285714287,0.00014285714285714287,0.00014285714285714287,-0.00019523809523809516,0.014288470765413501,0.012791388540680368,0.012583385054416378,0.00014285714285714287,0.00014285714285714287,0.004369709829803611
2026-02-09,0.00014285714285714287,0.00014285714285714287,0.00014285714285714287,0.00014285714285714287,-1.1341746967488882e-05,0.010092895125838514,0.007084341407640742,0.006347086614762792,0.00014285714285714287,0.00014285714285714287,0.002491421514033763
2026-02-10,0.00014285714285714287,0.00014285714285714287,0.00014285714285714287,0.00014285714285714287,-0.008337679615537545,-0.00011166656460811376,0.00028068474376376874,0.0004122755837753544,0.00014285714285714287,0.00014285714285714287,0.00018867010280547
2026-02-11,0.00014325396825396825,0.00014325396825396825,0.00014325396825396825,0.00014325396825396825,0.005993295028735058,0.0049341187141481785,0.0011893353951688492,0.0012890280620014487,0.00014325396825396825,0.00014325396825396825,0.0005005162587062816
2026-02-12,0.00014325396825396825,0.00014325396825396825,0.00014325396825396825,0.00014325396825396825,0.0032605374436437385,-0.007779182917475436,-0.00617079009065676,-0.006166373348038512,0.00014325396825396825,0.00014325396825396825,-0.002070772783131703
2026-02-13,0.00014285714285714287,0.00014285714285714287,0.00014285714285714287,0.00014285714285714287,0.007302479426438744,0.002381492155168495,0.005103567274127163,0.005130166040727207,0.00014285714285714287,0.00014285714285714287,0.0019026832285941122
2026-02-17,0.00014325396825396825,0.00014325396825396825,0.00014325396825396825,0.00014325396825396825,-0.0003516053184441384,-0.004456313972869386,-0.0027653418542382484,-0.0024594477677858844,0.00014325396825396825,0.00014325396825396825,-0.0009075224024129044
2026-02-18,0.00014325396825396825,0.00014325396825396825,0.00014325396825396825,0.00014325396825396825,-0.0042582356103174224,0.002434121271977691,0.0021257332561509324,0.002731011580116883,0.00014325396825396825,0.00014325396825396825,0.000863441874728865
2026-02-19,0.00014325396825396825,0.002298828799177227,0.00014325396825396825,0.00014325396825396825,0.0017109088180648773,-0.0005227044836230199,0.0003072012479556996,0.0004333173374083164,0.0016500088494844204,0.0016203714167248057,0.00020071495384738026
2026-02-20,0.00014285714285714287,-0.006058508365682882,0.00014285714285714287,0.00014285714285714287,-0.00014341273272329983,0.008220531770956016,0.005634585453748883,0.005556167443620632,-0.004192225550788645,-0.004015913297229796,0.0021986808368424926
2026-02-23,-0.004728730190124764,0.00916949431988554,0.00014285714285714287,0.00014285714285714287,-0.008005313284385165,-0.0025534367143232864,-0.0010820627990063552,-0.001085631856665641,-0.0012169731668727815,-0.002366906588859649,-0.01595997692699282
2026-02-24,0.00194243379473128,-0.006094114972453626,0.00014285714285714287,0.00014285714285714287,0.0008088005950848995,0.003894652032561093,0.0015946083843804255,0.0016807242720320533,-0.0013738142491750243,-0.0006045859435874009,0.00653897588149613
2026-02-25,0.0026127671935231877,-0.007114068125730341,-0.0023853330397525106,0.00014285714285714287,0.0020468684359135703,0.006166130845649747,0.003531440969618911,0.0034682323199209096,-0.005087883489756633,-0.004443991921684385,-0.00011256535202388781
2026-02-26,-0.0028107109720336607,-0.005535916678480808,0.005198801653106374,-0.0007905298284012418,0.003423257845889709,-0.0024122628727860753,0.00013490062074577786,0.00018715846298104734,-0.0003277923889376615,0.0006952121918628015,0.002855344288520221
2026-02-27,-0.0035269002709008975,-0.004320177805362579,0.0078476665955332,-0.0007187918855142739,0.00777047764582783,0.0017387973274385286,0.0005412080290741583,0.0005255649836797655,0.003657994856431324,0.003111320018515695,0.0054096173532915065
2026-03-02,-0.0001243667182050281,0.0005270833553247372,-0.00045436752380520793,-0.0005665977005625067,-0.012161065194888888,-0.0067447626559464175,-0.0035496780311889673,-0.0026622088931601566,-0.0003415562339113389,-0.0002468270115433579,-0.001535731834030692
2026-03-03,0.00014285714285714287,-0.007941261658463246,0.00014285714285714287,0.00014285714285714287,-0.0024115980013112628,-0.015304707570630922,-0.010939506690597693,-0.010582198374623732,-0.005507356757485877,-0.005539241845082683,-0.0035164376297637857
2026-03-04,0.00014285714285714287,0.006381381770896012,0.00014285714285714287,0.00014285714285714287,-0.004267011440161071,0.005950300973223719,0.005115376444964312,0.005027754281084862,0.00450275533205628,0.004547654411782402,0.001741550483699764
2026-03-05,0.00014246031746031746,-0.0001284819037063317,0.00014246031746031746,0.00014246031746031746,-0.0004587818465377418,-0.007206701867454648,-0.008153631720856263,-0.007939080798894957,-4.7273631693405286e-05,7.866272705458085e-05,-0.0025508468631965492
2026-03-06,0.00014206349206349206,0.00014206349206349206,0.00014206349206349206,0.00014206349206349206,0.00014206349206349206,-0.0036016188450126853,-0.004401057682944341,-0.004496807548916337,0.00014206349206349206,0.00014206349206349206,-0.0013563316803784937
2026-03-09,0.00014325396825396825,0.00014325396825396825,0.00014325396825396825,0.00014325396825396825,-0.006415251748156822,0.007792311454551784,0.007407920733616635,0.007415001425232596,0.00014325396825396825,0.00014325396825396825,0.002558013071304319
2026-03-10,0.00014285714285714287,0.00014285714285714287,0.00014285714285714287,0.00014285714285714287,0.006807436866205017,0.002176925076381899,-0.0014122302300879457,-0.0014561684962671587,0.00014285714285714287,0.00014285714285714287,-0.0003856560940269091
2026-03-11,0.00014325396825396825,0.00014325396825396825,0.00014325396825396825,0.00014325396825396825,0.009525123747564092,0.0007480567280142516,-0.0037948707382509657,-0.0034663692237699656,0.00014325396825396825,0.00014325396825396825,-0.001205386143458729
2026-03-12,0.00014325396825396825,0.00014325396825396825,0.00014325396825396825,0.00014325396825396825,-0.00366527910363057,-0.014482107824501619,-0.011338471576023976,-0.010933935720474,0.00014325396825396825,0.00014325396825396825,-0.0038460555545678098
2026-03-13,0.00014325396825396825,0.00014325396825396825,0.00014325396825396825,0.00014325396825396825,-0.002571170928896222,-0.0034093084688184465,-0.005747723873704861,-0.00511854802129184,0.00014325396825396825,0.00014325396825396825,-0.0019355325542980326
2026-03-16,0.00014325396825396825,0.00014325396825396825,0.00014325396825396825,0.00014325396825396825,0.008853096808951258,0.010164723676000768,0.008970372864453855,0.00843392303611413,0.00014325396825396825,0.00014325396825396825,0.0032685474291133873
2026-03-17,0.00014325396825396825,0.00014325396825396825,0.00014325396825396825,0.00014325396825396825,0.0033953481935441662,0.0036792292291232616,0.006430085140493965,0.006282177762251834,0.00014325396825396825,0.00014325396825396825,0.0023961702578849053
2026-03-18,0.00014365079365079365,0.00014365079365079365,0.00014365079365079365,0.00014365079365079365,-0.009293489223740306,-0.011477405882241798,-0.01148806512388768,-0.010940510552672894,0.00014365079365079365,0.00014365079365079365,-0.004073435380361764
2026-03-19,0.00014365079365079365,0.00014365079365079365,0.00014365079365079365,0.00014365079365079365,-0.0003742466529745691,-0.004070731577066413,0.00023452539913505665,-0.0006168478296940261,0.00014365079365079365,0.00014365079365079365,0.00017366019930955038
2026-03-20,0.00014404761904761903,0.00014404761904761903,0.00014404761904761903,0.00014404761904761903,-0.014417064534373636,-0.015167325410215666,-0.019930209042777567,-0.019676476968887933,0.00014404761904761903,0.00014404761904761903,-0.007238063355298152
2026-03-23,0.00014404761904761903,-0.008843890213797096,0.00014404761904761903,0.00014404761904761903,-0.006996298094553623,0.009808665626660143,0.008822347021193198,0.008447175086586583,-0.0061434495986300965,-0.006137625337756824,0.0033819449844434742
2026-03-24,0.00014404761904761903,0.003078663796433728,0.00014404761904761903,0.00014404761904761903,0.007126750428775854,-0.005898348777050756,-0.004762855028722699,-0.004440826321635955,0.0021976479193835836,0.0023377298392404633,-0.0016603252159520098
2026-03-25,-0.0011002548048930564,-0.004441352362037043,0.00014404761904761903,0.00014404761904761903,-0.010139761563233768,0.006423257848039292,0.0069811190075547815,0.007122816537649299,-0.0050223459690236835,-0.005455002019878547,-0.0012192436818766715
2026-03-26,0.0006537954434213224,0.015299246447139972,0.00014404761904761903,0.00014404761904761903,-0.012801227370805026,-0.01937451194870447,-0.014828299135669581,-0.014424748694804106,0.011552777112426634,0.012043063373805316,-0.003869179273334915
2026-03-27,-0.002138639363373674,0.014613182676571067,-0.0005325409829336464,0.00014365079365079365,-9.653246440348605e-05,-0.003568103240155665,-0.0040356952745020215,-0.004038117918244216,0.005594759323403683,0.006554814458703746,-0.00535965507751306
2026-03-30,-0.002784607245069668,-0.0031583738443041053,0.014021448334566132,-0.0026267863311984973,0.014021448334566132,-0.002419014790108172,0.002001781733638979,0.0023639288808007634,0.015556726195390193,0.014874629295181524,0.016677399719033092
2026-03-31,0.0034082492810819354,0.023492612603901043,0.003421547124176541,0.009566159283034502,0.003421547124176541,0.02208464753668906,0.019005124458543847,0.0184433704325113,0.02690087999337655,0.02940151873875409,0.013131546629309807
2026-04-01,-3.877125840499347e-06,0.006108570507791511,-0.0004556791420800372,-0.0004889582615444368,-0.0018895382705075591,0.003379864579933553,0.0033053819243867694,0.003082588976229788,0.0034698471605088305,0.004195669661787939,-0.000397036291970166
2026-04-02,0.00014325396825396825,0.0007541537953182558,0.00014325396825396825,0.00014325396825396825,-0.00045727051230240755,-0.006657031806686981,-0.0028355893249786173,-0.0026740361399990786,0.0005697940366747482,0.000465313210925403,-0.0004869685410054207
2026-04-06,0.00014444444444444446,0.003843606383830837,0.00014444444444444446,0.00014444444444444446,0.00014444444444444446,0.0013685916825402098,0.0025542996294229754,0.0027024514057952275,0.0027240675247858785,0.0026932647507579613,0.0006352781117692389
2026-04-07,0.00014365079365079365,-9.87455920112266e-05,0.00014365079365079365,0.00014365079365079365,-0.0052449276279443,0.00293081613763184,0.0016280778236514803,0.0013130726786845512,-2.5602241269452093e-05,8.67894575738169e-05,0.0004495802077671302
2026-04-08,0.00014325396825396825,0.00014325396825396825,0.00014325396825396825,0.00014325396825396825,-0.004008000011410559,0.013241450304816367,0.01610313901187668,0.015801288616321667,0.00014325396825396825,0.00014325396825396825,0.0035149404147572917
2026-04-09,0.00014285714285714287,0.00014285714285714287,0.00014285714285714287,0.00014285714285714287,-0.0009689085760742006,0.002858324402878248,0.002317409216431122,0.0022077218874739374,0.00014285714285714287,0.00014285714285714287,0.000606807133125181
2026-04-10,0.00014285714285714287,0.00014285714285714287,0.00014285714285714287,0.00014285714285714287,-0.0038948844447210047,0.00048113745649064945,-0.0023193081576221622,-0.0023073518302329796,0.00014285714285714287,0.00014285714285714287,-0.0003923112525668435
2026-04-13,0.00014365079365079365,0.00014365079365079365,0.00014365079365079365,0.00014365079365079365,0.004263959924693647,0.001802615614234782,0.006433133390542417,0.006289796689262176,0.00014365079365079365,0.00014365079365079365,0.0015246270395033925
2026-04-14,0.00014365079365079365,0.00014365079365079365,0.00014365079365079365,0.00014365079365079365,0.006348541566818696,0.010206698677813543,0.007842408712632387,0.007685745477802744,0.00014365079365079365,0.00014365079365079365,0.001861540777128419
2026-04-15,0.00014365079365079365,0.00014365079365079365,0.00014365079365079365,0.00014365079365079365,-0.004530111176608206,-0.0007732377412326299,0.002008683061742965,0.0020257839621870984,0.00014365079365079365,0.00014365079365079365,0.0005636255123196662
2026-04-16,0.00014365079365079365,0.00014365079365079365,0.00014365079365079365,0.00014365079365079365,-0.0004576703564341388,-0.0015771934998547762,-0.0007591312660895841,-0.0007110702552133645,0.00014365079365079365,0.00014365079365079365,-6.70551376574275e-05
2026-04-17,0.00014325396825396825,0.00014325396825396825,0.00014325396825396825,0.00014325396825396825,0.00014325396825396825,0.007337738707846954,0.00575410654555525,0.005593227531904201,0.00014325396825396825,0.00014325396825396825,0.0014510340426343664
2026-04-20,0.00014365079365079365,0.00014365079365079365,0.00014365079365079365,0.00014365079365079365,0.0011423129960844605,-0.0029463207789415828,-0.000937737051877118,-0.0009144938880564736,0.00014365079365079365,0.00014365079365079365,-0.00011665054532557643
2026-04-21,0.00014285714285714287,0.00014285714285714287,0.00014285714285714287,0.00014285714285714287,0.005883185869740376,-0.011435308925858733,-0.006070781078137304,-0.0056971869661252995,0.00014285714285714287,0.00014285714285714287,-0.0013449579792557788
2026-04-22,0.00014285714285714287,-0.006487731945594881,0.00014285714285714287,0.00014285714285714287,-0.0010453144741772828,0.005945219354401316,0.007464955273237819,0.007477715998948134,-0.004486090249359429,-0.0043533466650170875,0.0019184527221109673
2026-04-23,0.00014285714285714287,0.0027231897195168706,0.00014285714285714287,0.00014285714285714287,-0.002828145352013785,-0.006194464008391972,-0.006400291314444447,-0.006289105762558104,0.0019446938495653564,0.0019433872670511086,-0.0014735455804895032
2026-04-24,-0.001741629530474534,-0.004764711708647856,0.00014285714285714287,0.00014285714285714287,0.0025248893172868216,0.004502540382880177,0.005646890055256222,0.005491314704676306,-0.006260848349623975,-0.005272624342703182,-0.0019811090643397956
2026-04-27,-0.004555074772062774,-0.0008847687700317604,0.00014285714285714287,0.00014285714285714287,0.004022849820972035,-0.0010859194106535772,0.00052288159980794,0.0005257214686686925,-0.008001171720074992,-0.006670859379188721,-0.007650641669223073
2026-04-28,0.0011590811288224674,0.0033604029990491687,-0.002513784168189535,0.00014285714285714287,-0.00322682343876601,-0.00684291971083107,-0.00622338251227721,-0.006020670669992404,0.003070229039932167,0.0031514014026259576,-0.0026187732369098043
2026-04-29,-0.007324709858745136,-0.0004466764533035762,-0.009180899760033402,0.0001063840257990202,-0.0095921480152539,-0.005293944029854755,-0.0015131029842241732,-0.001259770344772292,-0.01465741370203785,-0.013824240356136084,-0.015633177317961468
2026-04-30,-0.0024552849633318937,0.0066740333159835295,0.003504031470044122,-0.011696580652487647,0.0036520420979904294,0.010623892046782775,0.009682945094864313,0.00920149413530941,0.0015241060355119193,0.0003292811141894262,0.0018767881173270826
2026-05-01,-0.0004946578709684134,0.001891106730256651,-0.0004312006533451866,-0.0005489890648017521,0.0013774891486919064,0.0004168215363147891,-0.0017951489816724992,-0.0012701493811877302,0.00020506457890020905,0.0009901698317272003,-0.001186295722953006
2026-05-04,0.00014325396825396825,-0.0023921382948457717,0.00014325396825396825,0.00014325396825396825,-0.007341148051144178,-0.0026173341852805507,-0.002513461269807379,-0.003470901253126181,-0.0016276217591115597,-0.0015693908513931426,-0.00032264311661849216
2026-05-05,0.00014325396825396825,0.0053903926830751805,0.00014325396825396825,0.00014325396825396825,-0.0004426526005033761,0.005995200674528235,0.006734369834055408,0.007571692886295287,0.003807760099383544,0.0037752571063958025,0.0011865689547279367
2026-05-06,0.00014325396825396825,-5.707766873015634e-05,0.00014325396825396825,0.00014325396825396825,0.00014325396825396825,0.013915431932207317,0.01182743118599007,0.012891298573028823,3.117745922868656e-06,9.615892361557795e-05,0.0020235200884570087
2026-05-07,0.00014325396825396825,0.00014325396825396825,0.00014325396825396825,0.00014325396825396825,0.00014325396825396825,-0.0029830225606494207,-0.004901292655017644,-0.005683323750413479,0.00014325396825396825,0.00014325396825396825,-0.0006846581612556803
2026-05-08,0.00014285714285714287,0.00014285714285714287,0.00014285714285714287,0.00014285714285714287,-0.0054744706037854335,0.009419084442918418,0.006611577366054978,0.007239316671439947,0.00014285714285714287,0.00014285714285714287,0.0012133246828062514
2026-05-11,0.00014325396825396825,0.00014325396825396825,0.00014325396825396825,0.00014325396825396825,0.007140744590578141,0.005573844364243508,0.0051207185168925555,0.004325045942235278,0.00014325396825396825,0.00014325396825396825,0.0009788808035135115
2026-05-12,0.00014325396825396825,0.00014325396825396825,0.00014325396825396825,0.00014325396825396825,0.007162283793251483,-0.004832477258788497,-0.0019590423095143953,-0.0026472274080379327,0.00014325396825396825,0.00014325396825396825,-0.00021889539210666662
2026-05-13,0.00014325396825396825,0.00014325396825396825,0.00014325396825396825,0.00014325396825396825,-0.0006400130625071063,0.003642976537865827,0.0020177126315320025,0.0021401008070981572,0.00014325396825396825,0.00014325396825396825,0.00046597126115096926
2026-05-14,0.00014285714285714287,0.00014285714285714287,0.00014285714285714287,0.00014285714285714287,-0.001887167091798482,-0.0024507912612908387,-0.0015301493198302653,-0.001184997639949003,0.00014285714285714287,0.00014285714285714287,-0.00015516174266879784
2026-05-15,0.00014285714285714287,0.00014285714285714287,0.00014285714285714287,0.00014285714285714287,-0.016056381778776906,-0.01356453463066173,-0.010548146445868947,-0.012651573426972887,0.00014285714285714287,0.00014285714285714287,-0.0017761095567238848
2026-05-18,0.00014285714285714287,0.00014285714285714287,0.00014285714285714287,0.00014285714285714287,-0.0010035702396926146,0.0024614127884907437,0.0035150919058238735,0.0031756011532891072,0.00014285714285714287,0.00014285714285714287,0.0007538778952908042
2026-05-19,0.00014246031746031746,0.00014246031746031746,0.00014246031746031746,0.00014246031746031746,-0.0065587783040349035,-0.005578497488734292,-0.003190427225043773,-0.004016482745467808,0.00014246031746031746,0.00014246031746031746,-0.00047519061880900296
2026-05-20,0.00014166666666666665,-0.006999167443357646,0.00014166666666666665,0.00014166666666666665,-0.011024277809661637,0.00705776920739779,0.00825509510410477,0.010054435722588663,-0.0048500333527357175,-0.004768790636670699,0.00166202471693505
2026-05-21,0.00014246031746031746,-0.0011307861556233009,0.00014246031746031746,0.00014246031746031746,-2.4666853432165443e-05,0.00164692049910148,0.002212705795771871,0.0025585412137896983,-0.0007473442753500556,-0.0007528205560883299,0.0005343029994225296
2026-05-22,-0.0006564766490344553,-0.0024632673263364734,0.00014246031746031746,0.00014246031746031746,0.0011771752832945893,-0.0017505262365390796,-0.0005904567622947044,-2.1685266286166972e-05,-0.0029409701824360994,-0.0030907460026535012,-0.0013206392791688757
2026-05-26,0.0012973088583270013,-0.004318547644898596,0.00014285714285714287,0.00014285714285714287,-0.009159830798726922,0.007650388550167436,0.0053488086034331785,0.006447665587459578,-0.0011526409815031569,-0.001110128964784066,0.0030908799348941802
2026-05-27,0.0004188200249350821,0.00034831730453517513,0.00012477113459935247,0.00014246031746031746,-0.0004549294355123712,-0.0038522538908566037,-0.003799959136005279,-0.003780494285205729,0.0006977493675228235,0.0011655591104625907,-0.00021381035736050974
2026-05-28,0.00024726041220917756,0.003433147372626506,0.0022819437393579445,-0.000420722421594649,0.0018752455674848653,0.004096704485545384,0.0016973979104180855,0.0022071253336636877,0.006050794994567663,0.00486041619449074,0.0042725177044500426
2026-05-29,0.00023043379009801552,0.0017606894986785992,0.0011400331557393018,0.0019617618927277787,0.0019387391005810874,0.001647976959848253,-0.00035252725468100225,-0.00036779855657925286,0.003018359409344572,0.002568222443669409,0.001903349756606612
2026-06-01,-0.00014544104320125408,0.0019209192889102654,-0.0001490445926905594,-0.0005865433123321444,-0.003600756288772121,0.003407702961989825,0.0014669031578421294,0.0005339488003067259,0.00046035813484484266,0.0010176779323970981,-0.000602697014969466
2026-06-02,0.00014404761904761903,0.0009802434343936565,0.00014404761904761903,0.00014404761904761903,0.0013416278468651567,0.0028803274640809406,0.003006558651767971,0.003082731123796324,0.0007287608493909362,0.0007522515351317069,0.0007389723300776893
2026-06-03,0.00014404761904761903,-0.004790206672450374,0.00014404761904761903,0.00014404761904761903,-0.005048781070685506,-0.006254922925035197,-0.007070480369379675,-0.006976354318067665,-0.003307004388597987,-0.003117738455207487,-0.0013865146496891893
2026-06-04,0.00014404761904761903,-6.220301327694886e-05,0.00014404761904761903,0.00014404761904761903,-0.0004337087148927601,0.0010502167918386707,0.003920859879540141,0.003972193761623039,6.028232740540101e-09,9.545481159460722e-05,0.0009542425351250297
2026-06-05,0.00014404761904761903,0.00014404761904761903,0.00014404761904761903,0.00014404761904761903,0.00014404761904761903,-0.022757311315592464,-0.02282815207325598,-0.023551148985975635,0.00014404761904761903,0.00014404761904761903,-0.004872348410022003
2026-06-08,0.00014484126984126984,0.00014484126984126984,0.00014484126984126984,0.00014484126984126984,0.001947142115260436,-0.00036440520116809124,0.0008829949568743086,0.0013767999266177686,0.00014484126984126984,0.00014484126984126984,0.00030599658802750505
2026-06-09,0.00014444444444444446,0.00014444444444444446,0.00014444444444444446,0.00014444444444444446,-0.00515265019190554,0.001832963539131717,0.0017073623786396299,0.0012160816575913752,0.00014444444444444446,0.00014444444444444446,0.0004907247569976292
2026-06-10,0.00014444444444444446,0.00014444444444444446,0.00014444444444444446,0.00014444444444444446,0.0023238148626449407,-0.00696020467225566,-0.009147588103170906,-0.009582835231630804,0.00014444444444444446,0.00014444444444444446,-0.001950099311722449
2026-06-11,0.00014404761904761903,0.00014404761904761903,0.00014404761904761903,0.00014404761904761903,0.0036244466853651252,0.019018651170934556,0.019053679708609914,0.019074692426213034,0.00014404761904761903,0.00014404761904761903,0.004466458692683163
2026-06-12,0.00014404761904761903,0.00014404761904761903,0.00014404761904761903,0.00014404761904761903,-0.003946937439490942,-0.0007156647963343826,0.0014150129446937325,0.0018270919396046648,0.00014404761904761903,0.00014404761904761903,0.00043637358754854355
2026-06-15,0.00014444444444444446,0.00014444444444444446,0.00014444444444444446,0.00014444444444444446,0.0019780947771984186,0.006778752301898179,0.007293819223551124,0.007886412531710409,0.00014444444444444446,0.00014444444444444446,0.0018067784407338806
2026-06-16,0.00014444444444444446,0.00014444444444444446,0.00014444444444444446,0.00014444444444444446,0.004946025891626705,-0.0006719972311719814,-0.0014085475746321277,-0.0021487302085930423,0.00014444444444444446,0.00014444444444444446,-0.0002252443130324304
2026-06-17,0.00014603174603174603,0.00014603174603174603,0.00014603174603174603,0.00014603174603174603,-0.010727487042154805,-0.011146331117015646,-0.013689479991626678,-0.013825446335189739,0.00014603174603174603,0.00014603174603174603,-0.003172232527203479
2026-06-18,0.00014563492063492063,0.00014563492063492063,0.00014563492063492063,0.00014563492063492063,0.004118274910222173,0.008821360883181707,0.0074878917569490095,0.00776642134016283,0.00014563492063492063,0.00014563492063492063,0.001930514561270871
2026-06-22,0.00014682539682539685,0.002080760021239856,0.00014682539682539685,0.00014682539682539685,-0.004640500252709267,-0.007265804647079344,-0.003944095533938998,-0.0033386464063998294,0.0015008149666251229,0.0015597874592448843,-0.0008528749294009075
2026-06-23,0.00014682539682539685,0.009651849654471922,0.00014682539682539685,0.00014682539682539685,-0.003099231990381995,-0.009127333621808264,-0.00936429467140731,-0.010146267784629414,0.006802194136480494,0.0065811197863509625,-0.0022109051773431107
2026-06-24,-0.0011086377335523209,0.0005303280171945314,0.00014682539682539685,0.00014682539682539685,-0.012547809599273534,0.004553849686403357,0.00021492176550250906,-0.0009666488798798354,-0.0015652153063446495,-0.001641340856274728,-0.002547069503596708
2026-06-25,0.00013861910384384616,-0.0007040672577755895,0.00014642857142857144,0.00014642857142857144,-0.000232223629003864,0.004558732407387757,0.00500791243235255,0.005271293207118966,-0.000460380788204216,-0.00023871651431283525,0.0013625764825649
2026-06-26,-0.00075508628554817,0.004921921529001522,0.004317916104645857,0.00014563492063492063,0.004692008185600511,-0.00011495787091062665,0.0005550066204099037,0.00030153548231625,0.008784972582524666,0.007983265844935765,0.0054497239351182164
2026-06-29,0.0011527345518640283,0.010372382794623427,0.00048154343608744975,-0.0030633529859708623,0.00048154343608744975,0.00422888749898068,0.004447119463562474,0.004526445349318872,0.00943441644541333,0.00840224900360767,0.003156771794575374
2026-06-30,0.0015866812242082485,0.005111819478719677,-0.010457851848209253,0.003516806013315082,-0.010457851848209253,-0.00648098862761607,-0.003680964234081016,-0.0027445229518637424,-0.011180597046874512,-0.008906141149079214,-0.01548134732604947
2026-07-01,7.434226650959148e-05,-0.000828041569135506,-0.0004559027690421607,-0.0007179196969536808,-0.005009257563212681,-0.008809035980055205,-0.005810273083976763,-0.005419288117032913,-0.0014542179160225734,-0.0003354152964165697,-0.0019924919183156964
2026-07-02,0.00014603174603174603,-0.000803029725923591,0.00014603174603174603,0.00014603174603174603,-0.00045543304435835834,0.001562012967942698,0.0010366925892251327,0.0012130157686557695,-0.0005184155691072601,-0.0008190181175249425,0.00030128101091495604
2026-07-06,0.00014841269841269842,0.005724162875375834,0.00014841269841269842,0.00014841269841269842,0.00014841269841269842,0.007534030035282617,0.006676808579906716,0.006848345922825859,0.004052053862838104,0.004277737852671107,0.0015299943248252555
2026-07-07,0.000148015873015873,-4.755908624980943e-05,0.000148015873015873,0.000148015873015873,0.01001363112756179,-0.004408425690842523,-0.0013321379277625417,-0.0033457577384397304,1.0858529248949472e-05,0.00010157732402857873,-0.00017475731537913843
2026-07-08,0.000148015873015873,0.000148015873015873,0.000148015873015873,0.000148015873015873,0.004466550155217644,-0.004631304054075967,-0.0031460361164076618,-0.0038276383059130496,0.000148015873015873,0.000148015873015873,-0.0005757839533537912
2026-07-09,0.00014642857142857144,0.00014642857142857144,0.00014642857142857144,0.00014642857142857144,0.0007000911218864119,0.005949053795057628,0.004734616636502423,0.005321282541674202,0.00014642857142857144,0.00014642857142857144,0.0011615653985793516
2026-07-10,0.00014722222222222223,0.00014722222222222223,0.00014722222222222223,0.00014722222222222223,-0.0022506630479603796,0.0009141605240396841,0.0003125535438830186,0.00021851377224103708,0.00014722222222222223,0.00014722222222222223,0.00018055716966439405
2026-07-13,0.00014920634920634917,0.00014920634920634917,0.00014920634920634917,0.00014920634920634917,-0.00741203523063741,-0.006347278949517166,-0.003596976159856337,-0.00491372721080656,0.00014920634920634917,0.00014920634920634917,-0.0007127796169703705
2026-07-14,0.00014722222222222223,0.00014722222222222223,0.00014722222222222223,0.00014722222222222223,0.005424396881075755,0.004500636214807418,0.003960360191233911,0.004553865728041045,0.00014722222222222223,0.00014722222222222223,0.0010304064206504656
2026-07-15,0.00014682539682539685,0.00014682539682539685,0.00014682539682539685,0.00014682539682539685,0.004768673790156965,-0.0009533411475366418,1.078642566415674e-05,0.0004880032136737874,0.00014682539682539685,0.00014682539682539685,0.00011056332901915048
2026-07-16,0.00014682539682539685,0.00014682539682539685,0.00014682539682539685,0.00014682539682539685,-0.00045170667260833065,-0.004584899925489767,-0.0032207046254131315,-0.003493357108490898,0.00014682539682539685,0.00014682539682539685,-0.0006654775071645713
2026-07-17,0.00014722222222222223,0.00014722222222222223,0.00014722222222222223,0.00014722222222222223,0.00014722222222222223,-0.0023411131139192422,-0.004795610979062372,-0.004012683272398548,0.00014722222222222223,0.00014722222222222223,-0.0010623062903252665
2026-07-20,0.000148015873015873,0.000148015873015873,0.000148015873015873,0.000148015873015873,0.00415865145294596,0.00030657236578032467,0.0020553615047435195,0.0006502323573073998,0.000148015873015873,0.000148015873015873,0.0006159757192231085
2026-07-21,0.00014841269841269842,0.00014841269841269842,0.00014841269841269842,0.00014841269841269842,0.0035792281571214485,0.012291092459646593,0.012727548017445868,0.012043646677756276,0.00014841269841269842,0.00014841269841269842,0.0033057684706155914
2026-07-22,0.0001488095238095238,0.0001488095238095238,0.0001488095238095238,0.0001488095238095238,0.003355773067081063,-6.340199990602321e-05,0.00042443357242191135,-0.00031374654471703764,0.0001488095238095238,0.0001488095238095238,0.00021458645586366987
2026-07-23,0.0001511904761904762,0.009514749108621445,0.0001511904761904762,0.0001511904761904762,-0.004461151967693701,-0.00684588866661503,-0.0051050914900654725,-0.006070410673818359,0.006714017180794186,0.006849037970650779,-0.0012065562486494293
2026-07-24,0.0001511904761904762,-0.0005272836014600223,0.0001511904761904762,0.0001511904761904762,0.002572509270754891,0.0009112489107397432,-0.00010827183350189032,0.00031871512911783493,-0.00032395913608834813,-0.00012704503392867397,7.85346314401151e-05
2026-07-27,0.00029344725500160876,9.207021528886142e-05,0.00015158730158730158,0.00015158730158730158,-0.005950427529906136,-0.00044395399734115066,-0.00189197010068586,-0.001056033743863983,0.0003354721046580464,0.0001760583444414829,-7.143515146337324e-05
2026-07-28,0.0002848321459629244,-0.0015844247090063212,0.00014960317460317458,0.00014960317460317458,0.004649064531843773,-0.004359140969117723,-0.0058030502036758615,-0.004649771371208343,-0.0008511310897448348,-0.0009720969098960873,-0.001149384499074894
2026-07-29,0.00025354840909697465,0.012070539792022664,-0.00908383114160853,0.00014682539682539685,-0.008485621452712403,-0.0070218797476847014,-0.004321860553261359,-0.006551327996452255,-0.004675140416257182,-0.0011552414180978144,-0.015843182574387295
2026-07-30,-0.0002624555836468547,0.012508839247985761,0.0007098037252906868,0.011213804496990202,0.0007098037252906868,0.007900723791431485,0.00958158809866096,0.00951005642395535,0.008980028004171284,0.0110124174388873,0.002219024215078365
2026-07-31,-0.00023450771877391401,0.0055856956364908296,-0.00572561504399569,0.001036812157885659,-0.00572561504399569,-0.0008175622868796881,0.001586450205674756,0.00032007772204990564,-0.005144665650859708,-0.004718414979077477,-0.009877159528762829
2026-08-03,0.00012074551747632229,0.011018921338355518,-0.0004528735446301024,-0.000778475713772851,0.003908759213160075,0.003103764874473559,0.003664438010795241,0.0044377566796124715,0.0068545117945824855,0.007817461557718126,-0.00020805863703623185
2026-08-04,0.00014841269841269842,0.01393848172864713,0.00014841269841269842,0.00014841269841269842,-0.00045037444931844077,0.005785330170138087,0.003971129768041317,0.00583754377624251,0.009807501780215245,0.00995457972206778,0.0009293158767005767
2026-08-05,0.00014841269841269842,-0.0015068942758121682,0.00014841269841269842,0.00014841269841269842,0.00014841269841269842,0.00312546120407277,0.0019228345305411264,0.002128742768527558,-0.0010117632680276317,-0.001007579459523373,0.0005210214077199713
2026-08-06,0.00014841269841269842,-8.286400078960662e-05,0.00014841269841269842,0.00014841269841269842,0.00014841269841269842,0.003950397477527813,0.0034222180566599717,0.0020905720491998262,-1.3516373677630326e-05,9.325022773045848e-05,0.0008498857437829925
2026-08-07,0.00014761904761904763,0.00014761904761904763,0.00014761904761904763,0.00014761904761904763,-0.004914706407924673,0.0037636183828092863,0.003971019716804738,0.00504011658427259,0.00014761904761904763,0.00014761904761904763,0.0009804427916545661
2026-08-10,0.00014841269841269842,0.00014841269841269842,0.00014841269841269842,0.00014841269841269842,0.009218087892511663,0.010626690637526746,0.007358536185066013,0.005688504781760273,0.00014841269841269842,0.00014841269841269842,0.0017470975708275345
2026-08-11,0.00014841269841269842,0.00014841269841269842,0.00014841269841269842,0.00014841269841269842,-0.0019581480106531496,-0.0015064983746855473,-0.002129134869196111,-0.0019543025803547115,0.00014841269841269842,0.00014841269841269842,-0.0003695796780429605
2026-08-12,0.00014761904761904763,0.00014761904761904763,0.00014761904761904763,0.00014761904761904763,-0.0015211452860951608,0.006277630479033741,0.005567600378830267,0.005849612191514249,0.00014761904761904763,0.00014761904761904763,0.0013848502006009065
2026-08-13,0.00014722222222222223,0.00014722222222222223,0.00014722222222222223,0.00014722222222222223,0.0010428647834770455,-0.0032182836868443103,-0.0024924673602212855,-0.0011766883518913732,0.00014722222222222223,0.00014722222222222223,-0.00047078734875264326
2026-08-14,0.00014722222222222223,0.00014722222222222223,0.00014722222222222223,0.00014722222222222223,-0.006180604825402773,0.001463063612229718,0.004487648123747534,0.003383046387827608,0.00014722222222222223,0.00014722222222222223,0.00116784875867038
2026-08-17,0.00014761904761904763,0.00014761904761904763,0.00014761904761904763,0.00014761904761904763,-0.004448400243578551,0.006306123072324557,0.005001360444996785,0.003787820634559808,0.00014761904761904763,0.00014761904761904763,0.0013071953839523423
2026-08-18,0.00014722222222222223,0.00014722222222222223,0.00014722222222222223,0.00014722222222222223,0.0017903275902721345,-0.00938592696554727,-0.011050174084210834,-0.010767722140639221,0.00014722222222222223,0.00014722222222222223,-0.0025828174412141224
2026-08-19,0.00014722222222222223,0.00014722222222222223,0.00014722222222222223,0.00014722222222222223,0.008776253869251965,-0.0011029762188804403,-0.003470010960206609,-0.0006673996482147862,0.00014722222222222223,0.00014722222222222223,-0.000750812476499302
2026-08-20,0.00014722222222222223,0.00014722222222222223,0.00014722222222222223,0.00014722222222222223,-0.0071939884377922566,0.0044123670766305165,0.0032142212274269173,0.0018575629782748386,0.00014722222222222223,0.00014722222222222223,0.0009104848372181553
2026-08-21,0.00014761904761904763,-0.002953829870098468,0.00014761904761904763,0.00014761904761904763,-0.0034482004533087306,0.005664824140960113,0.008530505927293652,0.007757077079489449,-0.002024981613048046,-0.0017029676146229644,0.0022704115477490618
2026-08-24,0.00014761904761904763,0.0023865297924811563,0.00014761904761904763,0.00014761904761904763,-0.004792829031358569,-0.003983222457201787,-0.004163437653954879,-0.0034698145575839936,0.0017163003131832125,0.0016355276752973344,-0.0009678753556751419
2026-08-25,0.0018875462459748474,-0.0020844885485984434,0.00014722222222222223,0.00014722222222222223,-0.010337388414976913,-0.002307541499553458,-0.004415737983841588,-0.0022941784440558438,0.0013505454176677414,0.002055453006943106,0.002874717212764112
2026-08-26,-0.0008734499036373324,8.214491054090752e-05,0.00014682539682539685,0.00014682539682539685,0.004470748399668109,0.0005542653584756198,0.00024029733883376616,-0.0004792321672583537,-0.0015202577065193664,-0.0018120188277621235,-0.002173774501053367
2026-08-27,-0.001388510051376768,-0.004531371418631626,-0.002675136523993739,0.00014642857142857144,-0.0024038193895389174,0.006534028335643192,0.0038360011011904544,0.0035514577316280473,-0.008769052735010713,-0.009521212336513952,-0.005471126911854889
2026-08-28,-0.001419272215537044,-0.002059950148136195,-0.008300964344439195,-0.003289741883743128,-0.008484739343124674,-0.0030305629799402887,-0.0003685081131651791,-0.0021981441664461763,-0.01346805128860065,-0.013921146469244918,-0.013485767316443466
2026-08-31,3.1419598321154596e-05,-0.0021456604593589543,-0.0025217262735005783,0.0011039799579858718,-0.0025217262735005783,0.001262819897436902,0.0010252652728937831,0.00043494013683360904,-0.004676535262127886,-0.003818342781927749,-0.003478760481157728
2026-09-01,-3.5974670021311035e-05,-0.004983254881198058,-0.00045071246619256836,-0.0006762938892818978,-0.006816900278147062,-0.0031325912843687288,-0.002965425805956826,-0.004487026263483793,-0.004426303378565659,-0.0038277710525930642,-0.0014107604727458653
2026-09-02,0.00015000000000000001,0.003284034384965956,0.00015000000000000001,0.00015000000000000001,0.0015852761439680719,0.000945290594053975,0.002423165126887194,0.0028334895347056945,0.002346460526246305,0.0024743403500098243,0.0005676165140857138
2026-09-03,0.0001488095238095238,0.007693881173523714,0.0001488095238095238,0.0001488095238095238,-0.00045067019324617256,0.00391599311898585,0.00421833995110462,0.004970531154154579,0.005437545937502026,0.00545831576339045,0.0010042978441838232
2026-09-04,0.00014960317460317458,-7.035882956364097e-05,0.00014960317460317458,0.00014960317460317458,0.00014960317460317458,-0.001646632975675568,-0.00026336556731270923,-0.00041949773681692145,-4.934762968235605e-06,9.708001852150498e-05,5.731369197671085e-05
2026-09-08,0.0001507936507936508,0.0001507936507936508,0.0001507936507936508,0.0001507936507936508,0.001779636622199072,-0.0013537953811509826,-0.0030853429441398844,-0.003124195049704491,0.0001507936507936508,0.0001507936507936508,-0.0005573258802309818
2026-09-09,0.0001511904761904762,0.0001511904761904762,0.0001511904761904762,0.0001511904761904762,0.006070440674802522,0.00440959237775699,0.0002644750424839707,-0.0009454264522125153,0.0001511904761904762,0.0001511904761904762,0.00017231027045792668
2026-09-10,0.00015317460317460315,0.00015317460317460315,0.00015317460317460315,0.00015317460317460315,-0.0064560736292338956,0.0028830312337593243,0.0009308046243437279,-0.0025869019053953958,0.00015317460317460315,0.00015317460317460315,0.0003239193923512847
2026-09-11,0.00015555555555555556,0.00015555555555555556,0.00015555555555555556,0.00015555555555555556,-0.004267102092892228,0.005279063542315405,0.007269663926203829,0.006429014215945288,0.00015555555555555556,0.00015555555555555556,0.0017749153936467586
2026-09-14,0.00015753968253968254,0.00015753968253968254,0.00015753968253968254,0.00015753968253968254,-0.001916758873434443,-0.005106009241470853,-0.004816702297600201,-0.0051719724709837584,0.00015753968253968254,0.00015753968253968254,-0.0009998254880218824
2026-09-15,0.00015753968253968254,0.00015753968253968254,0.00015753968253968254,0.00015753968253968254,-0.002577451124610096,0.0037534595303483293,-5.611153508137045e-05,-0.0005144574320992995,0.00015753968253968254,0.00015753968253968254,0.00010356914488012063
2026-09-16,0.00015833333333333335,0.00015833333333333335,0.00015833333333333335,0.00015833333333333335,-0.00214101494393246,-0.0023385583826647906,-0.00029327305919282375,-0.0008209120330320447,0.00015833333333333335,0.00015833333333333335,4.651865634698134e-05
2026-09-17,0.00015753968253968254,0.00015753968253968254,0.00015753968253968254,0.00015753968253968254,0.007813083289108373,-0.0003182567681203948,0.002022602731063266,0.00462972417920917,0.00015753968253968254,0.00015753968253968254,0.0006055455788746172
2026-09-18,0.00015833333333333335,0.00015833333333333335,0.00015833333333333335,0.00015833333333333335,-0.0070567209448844205,0.004960707760552065,0.0037046716527154386,0.0015770514664392554,0.00015833333333333335,0.00015833333333333335,0.0010277733124320898
2026-09-21,0.0001595238095238095,0.0001595238095238095,0.0001595238095238095,0.0001595238095238095,-0.008280295904987852,-0.00020291982922276603,0.003140539672349154,0.004881338400459109,0.0001595238095238095,0.0001595238095238095,0.0009029097640330554
2026-09-22,0.0001591269841269841,0.00016118026855680166,0.0001591269841269841,0.0001591269841269841,0.0002271967640013581,0.0018065327160883566,0.0026411353701351423,0.0024521723312190616,0.00016056742086286804,0.00027626580837904983,0.0007878376952185639
2026-09-23,0.0001603174603174603,0.0065693857396938345,0.0001603174603174603,0.0001603174603174603,0.02173824226508865,0.005465486132048497,0.0018163953245933595,-0.0030589014626047585,0.004656866628053761,0.004734560311038318,0.0005848463062894779
2026-09-24,-0.0026227408376049573,0.0010046218497173733,0.00016190476190476192,0.00016190476190476192,-0.008679337455391255,0.007821188888378924,0.006461750124160598,0.003474977423550806,-0.0036819110697825243,-0.0032184955139418683,-0.004506327399776598
2026-09-25,0.0006804448230069977,-0.004447025679047959,0.00016190476190476192,0.00016190476190476192,0.006564156924676622,-0.0023320861468856574,-0.0012116820277565683,-0.0004636342349561065,-0.0022463482057548914,-0.0014421003884349684,0.0009783412066269287
2026-09-28,-0.0009012441239482133,0.006779917980035063,-0.010555220107831807,0.00016269841269841268,-0.010609188975768812,-0.0026050517112565378,-0.002402550241370808,-0.005242606599393778,-0.009534955181108815,-0.0073429382168017756,-0.016704743775333934
2026-09-29,5.545493402094454e-05,-0.0021052612780352612,-0.0018303173636658842,-0.003136436110057486,-0.0019518334364690244,0.0024413793977852666,0.00020617195479189667,-0.00043757377654146944,-0.003946128010653523,-0.0017663251076867011,-0.0027036715483650074
2026-09-30,-0.00022801377172504764,-0.001771522815835292,-0.0030927923166851152,-0.0015220768066135856,-0.00328032973819677,-0.0006811921149316721,-0.001556879571599782,-0.0024241828670611776,-0.005649359771521355,-0.004524715352995977,-0.005107929158061516
2026-10-01,-4.847205858775133e-05,0.0015756050758317498,-0.00040765380845873605,-0.0006444230577212042,-0.0004400189133405794,0.0033194022708676867,-0.0017804101460776609,-0.0007953631273690846,0.0001519536038980928,0.0008890061003695858,-0.001218540311352019
2026-10-02,0.00015873015873015873,0.006470546531435297,0.00015873015873015873,0.00015873015873015873,0.00015873015873015873,0.0013921092233410261,0.00567403241356885,0.005007432402195901,0.004588159726613901,0.004423935443376273,0.0012006357673419853
