utc,family,name,period,cost_mult,params_hash,params,sharpe,ann_return,max_drawdown,turnover_per_year,n_days,git,note
2026-10-03T10:53:55+00:00,IFC,IFC_B_base,IS,1.0,3bb4e466a5,"{""cost_mult"": 1.0, ""exec"": ""next_close"", ""extra_delay"": 0, ""k_fixed"": null, ""liq_after"": 3, ""pressure_len"": 5, ""scale"": 0.1, ""shift"": 0, ""sleeve"": ""B"", ""ticker"": ""SPY"", ""variant"": ""base"", ""vol_window"": 63}",0.1796,0.0273,-0.2149,37.42,4898,c3b9ae3,
2026-10-03T10:53:55+00:00,IFC,IFC_B_shift_earlier,IS,1.0,cd09ef014a,"{""cost_mult"": 1.0, ""exec"": ""next_close"", ""extra_delay"": 0, ""k_fixed"": null, ""liq_after"": 3, ""pressure_len"": 5, ""scale"": 0.1, ""shift"": -1, ""sleeve"": ""B"", ""ticker"": ""SPY"", ""variant"": ""shift_earlier"", ""vol_window"": 63}",0.0418,0.0156,-0.271,37.41,4899,c3b9ae3,
2026-10-03T10:53:55+00:00,IFC,IFC_B_shift_later,IS,1.0,168a835fd2,"{""cost_mult"": 1.0, ""exec"": ""next_close"", ""extra_delay"": 0, ""k_fixed"": null, ""liq_after"": 3, ""pressure_len"": 5, ""scale"": 0.1, ""shift"": 1, ""sleeve"": ""B"", ""ticker"": ""SPY"", ""variant"": ""shift_later"", ""vol_window"": 63}",0.3253,0.04,-0.1966,37.37,4897,c3b9ae3,
2026-10-03T10:53:55+00:00,IFC,IFC_B_fixed_T3,IS,1.0,e97e75dd80,"{""cost_mult"": 1.0, ""exec"": ""next_close"", ""extra_delay"": 0, ""k_fixed"": 3, ""liq_after"": 3, ""pressure_len"": 5, ""scale"": 0.1, ""shift"": 0, ""sleeve"": ""B"", ""ticker"": ""SPY"", ""variant"": ""fixed_T3"", ""vol_window"": 63}",0.2191,0.03093,-0.2149,37.44,4898,c3b9ae3,
2026-10-03T10:53:55+00:00,IFC,IFC_B_delay_1d,IS,1.0,4d091432f4,"{""cost_mult"": 1.0, ""exec"": ""next_close"", ""extra_delay"": 1, ""k_fixed"": null, ""liq_after"": 3, ""pressure_len"": 5, ""scale"": 0.1, ""shift"": 0, ""sleeve"": ""B"", ""ticker"": ""SPY"", ""variant"": ""delay_1d"", ""vol_window"": 63}",0.3272,0.04034,-0.2027,37.43,4897,c3b9ae3,
2026-10-03T10:53:55+00:00,IFC,IFC_B_cost_2x,IS,2.0,fc72bbe53f,"{""cost_mult"": 2.0, ""exec"": ""next_close"", ""extra_delay"": 0, ""k_fixed"": null, ""liq_after"": 3, ""pressure_len"": 5, ""scale"": 0.1, ""shift"": 0, ""sleeve"": ""B"", ""ticker"": ""SPY"", ""variant"": ""cost_2x"", ""vol_window"": 63}",0.0453,0.01582,-0.2412,37.42,4898,c3b9ae3,
2026-10-03T10:54:30+00:00,IFC_EXPLORATORY,D_fx_hedge_base,IS,1.0,c7e1ce9926,"{""cost_mult"": 1.0, ""exec"": ""next_close"", ""extra_lag"": 0, ""hold_end"": 0, ""hold_start"": -1, ""signal_offset"": -3, ""sleeve"": ""D_fx_hedge_rebalancing"", ""target_vol"": 0.05, ""vol_window"": 63}",-0.6893,-0.00643,-0.2015,30.27,4389,c3b9ae3,sleeve D base
2026-10-03T10:54:30+00:00,IFC_EXPLORATORY,D_fx_hedge_base,IS,2.0,3b9fbf1d3c,"{""cost_mult"": 2.0, ""exec"": ""next_close"", ""extra_lag"": 0, ""hold_end"": 0, ""hold_start"": -1, ""signal_offset"": -3, ""sleeve"": ""D_fx_hedge_rebalancing"", ""target_vol"": 0.05, ""vol_window"": 63}",-1.238,-0.02136,-0.35,30.27,4389,c3b9ae3,sleeve D variant cost2x
2026-10-03T10:54:30+00:00,IFC_EXPLORATORY,D_fx_hedge_extra_lag,IS,1.0,e733052fe8,"{""cost_mult"": 1.0, ""exec"": ""next_close"", ""extra_lag"": 1, ""hold_end"": 0, ""hold_start"": -1, ""signal_offset"": -3, ""sleeve"": ""D_fx_hedge_rebalancing"", ""target_vol"": 0.05, ""vol_window"": 63}",-0.8905,-0.01266,-0.2604,30.29,4388,c3b9ae3,sleeve D variant extra_lag
2026-10-03T10:54:40+00:00,IFC,IFC_A_base,IS,1.0,acbe9d3c19,"{""bands"": null, ""bond"": ""IEF"", ""clip"": 2.0, ""cost_mult"": 1.0, ""equity"": ""SPY"", ""exec"": ""next_close"", ""extra_delay"": 0, ""hold"": null, ""min_hist"": 12, ""mode"": ""monthly"", ""obs"": -6, ""sleeve"": ""A"", ""target_vol"": 0.05, ""vol_window"": 63, ""w_equity"": 0.6, ""window"": [-4, 0]}",0.4714,0.03206,-0.0655,19.07,4685,c3b9ae3,sleeve A base
2026-10-03T10:54:40+00:00,IFC,IFC_A_base,IS,2.0,dcba8ba481,"{""bands"": null, ""bond"": ""IEF"", ""clip"": 2.0, ""cost_mult"": 2.0, ""equity"": ""SPY"", ""exec"": ""next_close"", ""extra_delay"": 0, ""hold"": null, ""min_hist"": 12, ""mode"": ""monthly"", ""obs"": -6, ""sleeve"": ""A"", ""target_vol"": 0.05, ""vol_window"": 63, ""w_equity"": 0.6, ""window"": [-4, 0]}",0.3184,0.02617,-0.0696,19.07,4685,c3b9ae3,"sleeve A base, 2x costs"
2026-10-03T10:54:40+00:00,IFC,IFC_A_shift_early,IS,1.0,1f3f999f23,"{""bands"": null, ""bond"": ""IEF"", ""clip"": 2.0, ""cost_mult"": 1.0, ""equity"": ""SPY"", ""exec"": ""next_close"", ""extra_delay"": 0, ""hold"": null, ""min_hist"": 12, ""mode"": ""monthly"", ""obs"": -7, ""sleeve"": ""A"", ""target_vol"": 0.05, ""vol_window"": 63, ""w_equity"": 0.6, ""window"": [-5, -1]}",0.2353,0.0231,-0.0707,19.33,4686,c3b9ae3,sleeve A neighbourhood variant
2026-10-03T10:54:40+00:00,IFC,IFC_A_shift_late,IS,1.0,6515f680c6,"{""bands"": null, ""bond"": ""IEF"", ""clip"": 2.0, ""cost_mult"": 1.0, ""equity"": ""SPY"", ""exec"": ""next_close"", ""extra_delay"": 0, ""hold"": null, ""min_hist"": 12, ""mode"": ""monthly"", ""obs"": -5, ""sleeve"": ""A"", ""target_vol"": 0.05, ""vol_window"": 63, ""w_equity"": 0.6, ""window"": [-3, 1]}",-0.0484,0.01194,-0.0964,18.47,4684,c3b9ae3,sleeve A neighbourhood variant
2026-10-03T10:54:40+00:00,IFC,IFC_A_win4,IS,1.0,4a4fc8225c,"{""bands"": null, ""bond"": ""IEF"", ""clip"": 2.0, ""cost_mult"": 1.0, ""equity"": ""SPY"", ""exec"": ""next_close"", ""extra_delay"": 0, ""hold"": null, ""min_hist"": 12, ""mode"": ""monthly"", ""obs"": -5, ""sleeve"": ""A"", ""target_vol"": 0.05, ""vol_window"": 63, ""w_equity"": 0.6, ""window"": [-3, 0]}",0.4726,0.03056,-0.0642,18.38,4684,c3b9ae3,sleeve A neighbourhood variant
2026-10-03T10:54:41+00:00,IFC,IFC_A_win6,IS,1.0,d1d8d4f3b0,"{""bands"": null, ""bond"": ""IEF"", ""clip"": 2.0, ""cost_mult"": 1.0, ""equity"": ""SPY"", ""exec"": ""next_close"", ""extra_delay"": 0, ""hold"": null, ""min_hist"": 12, ""mode"": ""monthly"", ""obs"": -7, ""sleeve"": ""A"", ""target_vol"": 0.05, ""vol_window"": 63, ""w_equity"": 0.6, ""window"": [-5, 0]}",0.4429,0.03223,-0.0483,19.36,4686,c3b9ae3,sleeve A neighbourhood variant
2026-10-03T10:54:41+00:00,IFC,IFC_A_threshold,IS,1.0,d96045a02b,"{""bands"": [0.005, 0.01, 0.015, 0.02], ""bond"": ""IEF"", ""clip"": 2.0, ""cost_mult"": 1.0, ""equity"": ""SPY"", ""exec"": ""next_close"", ""extra_delay"": 0, ""hold"": [2, 6], ""min_hist"": 12, ""mode"": ""threshold"", ""obs"": -6, ""sleeve"": ""A"", ""target_vol"": 0.05, ""vol_window"": 63, ""w_equity"": 0.6, ""window"": [-4, 0]}",0.0288,0.01522,-0.1797,28.76,4798,c3b9ae3,sleeve A robustness variant
2026-10-03T10:54:41+00:00,IFC,IFC_A_delay1,IS,1.0,432c1ccbe4,"{""bands"": null, ""bond"": ""IEF"", ""clip"": 2.0, ""cost_mult"": 1.0, ""equity"": ""SPY"", ""exec"": ""next_close"", ""extra_delay"": 1, ""hold"": null, ""min_hist"": 12, ""mode"": ""monthly"", ""obs"": -6, ""sleeve"": ""A"", ""target_vol"": 0.05, ""vol_window"": 63, ""w_equity"": 0.6, ""window"": [-4, 0]}",-0.0076,0.01357,-0.0788,19.11,4684,c3b9ae3,sleeve A robustness variant
2026-10-03T10:54:57+00:00,PCT,PCT_base,IS,1.0,72d766e6de,"{""W"": 63, ""clip_hi"": 1.0, ""clip_lo"": -1.0, ""cost_mult"": 1.0, ""cov_window"": 252, ""exec"": ""next_open"", ""extra_delay"": 0, ""gross_cap"": 3.0, ""id_window"": 252, ""legs"": 4, ""mc_paths"": 50000, ""mc_seed"": 20261003, ""measure"": ""R"", ""min_history"": 300, ""raw_scale"": 0.4, ""target_vol"": 0.1, ""tickers"": [""SPY"", ""QQQ"", ""IWM"", ""EFA"", ""EEM"", ""TLT"", ""IEF"", ""LQD"", ""HYG"", ""TIP"", ""GLD"", ""SLV"", ""DBC"", ""UUP"", ""VNQ""], ""trend_lb"": 252, ""variant"": ""base"", ""vol_window"": 63}",0.301,0.04164,-0.3306,24.46,4657,c3b9ae3,
2026-10-03T10:55:08+00:00,PCT,PCT_tsmom_benchmark,IS,1.0,80d881bb70,"{""W"": 63, ""clip_hi"": 1.0, ""clip_lo"": -1.0, ""cost_mult"": 1.0, ""cov_window"": 252, ""exec"": ""next_open"", ""extra_delay"": 0, ""gross_cap"": 3.0, ""id_window"": 252, ""legs"": 4, ""mc_paths"": 50000, ""mc_seed"": 20261003, ""measure"": ""none"", ""min_history"": 300, ""raw_scale"": 0.4, ""target_vol"": 0.1, ""tickers"": [""SPY"", ""QQQ"", ""IWM"", ""EFA"", ""EEM"", ""TLT"", ""IEF"", ""LQD"", ""HYG"", ""TIP"", ""GLD"", ""SLV"", ""DBC"", ""UUP"", ""VNQ""], ""trend_lb"": 252, ""variant"": ""tsmom_benchmark"", ""vol_window"": 63}",0.443,0.05841,-0.2111,11.97,4657,c3b9ae3,
2026-10-03T10:55:08+00:00,PCT,PCT_id_variant,IS,1.0,1767a7b247,"{""W"": 63, ""clip_hi"": 1.0, ""clip_lo"": -1.0, ""cost_mult"": 1.0, ""cov_window"": 252, ""exec"": ""next_open"", ""extra_delay"": 0, ""gross_cap"": 3.0, ""id_window"": 252, ""legs"": 4, ""mc_paths"": 50000, ""mc_seed"": 20261003, ""measure"": ""ID"", ""min_history"": 300, ""raw_scale"": 0.4, ""target_vol"": 0.1, ""tickers"": [""SPY"", ""QQQ"", ""IWM"", ""EFA"", ""EEM"", ""TLT"", ""IEF"", ""LQD"", ""HYG"", ""TIP"", ""GLD"", ""SLV"", ""DBC"", ""UUP"", ""VNQ""], ""trend_lb"": 252, ""variant"": ""id_variant"", ""vol_window"": 63}",0.5727,0.07508,-0.2826,10.97,4657,c3b9ae3,
2026-10-03T10:55:09+00:00,PCT,PCT_W42_6legs,IS,1.0,5c3116a236,"{""W"": 42, ""clip_hi"": 1.0, ""clip_lo"": -1.0, ""cost_mult"": 1.0, ""cov_window"": 252, ""exec"": ""next_open"", ""extra_delay"": 0, ""gross_cap"": 3.0, ""id_window"": 252, ""legs"": 6, ""mc_paths"": 50000, ""mc_seed"": 20261003, ""measure"": ""R"", ""min_history"": 300, ""raw_scale"": 0.4, ""target_vol"": 0.1, ""tickers"": [""SPY"", ""QQQ"", ""IWM"", ""EFA"", ""EEM"", ""TLT"", ""IEF"", ""LQD"", ""HYG"", ""TIP"", ""GLD"", ""SLV"", ""DBC"", ""UUP"", ""VNQ""], ""trend_lb"": 252, ""variant"": ""W42_6legs"", ""vol_window"": 63}",0.1312,0.02306,-0.3325,25.0,4657,c3b9ae3,
2026-10-03T10:55:09+00:00,PCT,PCT_W126_2legs,IS,1.0,95ff29ff75,"{""W"": 126, ""clip_hi"": 1.0, ""clip_lo"": -1.0, ""cost_mult"": 1.0, ""cov_window"": 252, ""exec"": ""next_open"", ""extra_delay"": 0, ""gross_cap"": 3.0, ""id_window"": 252, ""legs"": 2, ""mc_paths"": 50000, ""mc_seed"": 20261003, ""measure"": ""R"", ""min_history"": 300, ""raw_scale"": 0.4, ""target_vol"": 0.1, ""tickers"": [""SPY"", ""QQQ"", ""IWM"", ""EFA"", ""EEM"", ""TLT"", ""IEF"", ""LQD"", ""HYG"", ""TIP"", ""GLD"", ""SLV"", ""DBC"", ""UUP"", ""VNQ""], ""trend_lb"": 252, ""variant"": ""W126_2legs"", ""vol_window"": 63}",0.3836,0.05252,-0.2856,23.44,4657,c3b9ae3,
2026-10-03T10:55:10+00:00,PCT,PCT_trend126,IS,1.0,836ac8594f,"{""W"": 63, ""clip_hi"": 1.0, ""clip_lo"": -1.0, ""cost_mult"": 1.0, ""cov_window"": 252, ""exec"": ""next_open"", ""extra_delay"": 0, ""gross_cap"": 3.0, ""id_window"": 252, ""legs"": 4, ""mc_paths"": 50000, ""mc_seed"": 20261003, ""measure"": ""R"", ""min_history"": 300, ""raw_scale"": 0.4, ""target_vol"": 0.1, ""tickers"": [""SPY"", ""QQQ"", ""IWM"", ""EFA"", ""EEM"", ""TLT"", ""IEF"", ""LQD"", ""HYG"", ""TIP"", ""GLD"", ""SLV"", ""DBC"", ""UUP"", ""VNQ""], ""trend_lb"": 126, ""variant"": ""trend126"", ""vol_window"": 63}",0.2687,0.03882,-0.2313,26.37,4657,c3b9ae3,
2026-10-03T10:55:10+00:00,PCT,PCT_clip05,IS,1.0,e66d33253b,"{""W"": 63, ""clip_hi"": 0.5, ""clip_lo"": -0.5, ""cost_mult"": 1.0, ""cov_window"": 252, ""exec"": ""next_open"", ""extra_delay"": 0, ""gross_cap"": 3.0, ""id_window"": 252, ""legs"": 4, ""mc_paths"": 50000, ""mc_seed"": 20261003, ""measure"": ""R"", ""min_history"": 300, ""raw_scale"": 0.4, ""target_vol"": 0.1, ""tickers"": [""SPY"", ""QQQ"", ""IWM"", ""EFA"", ""EEM"", ""TLT"", ""IEF"", ""LQD"", ""HYG"", ""TIP"", ""GLD"", ""SLV"", ""DBC"", ""UUP"", ""VNQ""], ""trend_lb"": 252, ""variant"": ""clip05"", ""vol_window"": 63}",0.396,0.05265,-0.2744,18.06,4657,c3b9ae3,
2026-10-03T10:55:11+00:00,PCT,PCT_clip2,IS,1.0,c3f09965e1,"{""W"": 63, ""clip_hi"": 2.0, ""clip_lo"": -2.0, ""cost_mult"": 1.0, ""cov_window"": 252, ""exec"": ""next_open"", ""extra_delay"": 0, ""gross_cap"": 3.0, ""id_window"": 252, ""legs"": 4, ""mc_paths"": 50000, ""mc_seed"": 20261003, ""measure"": ""R"", ""min_history"": 300, ""raw_scale"": 0.4, ""target_vol"": 0.1, ""tickers"": [""SPY"", ""QQQ"", ""IWM"", ""EFA"", ""EEM"", ""TLT"", ""IEF"", ""LQD"", ""HYG"", ""TIP"", ""GLD"", ""SLV"", ""DBC"", ""UUP"", ""VNQ""], ""trend_lb"": 252, ""variant"": ""clip2"", ""vol_window"": 63}",0.3021,0.04168,-0.339,24.64,4657,c3b9ae3,
2026-10-03T10:55:11+00:00,PCT,PCT_vol126,IS,1.0,17bde53df1,"{""W"": 63, ""clip_hi"": 1.0, ""clip_lo"": -1.0, ""cost_mult"": 1.0, ""cov_window"": 252, ""exec"": ""next_open"", ""extra_delay"": 0, ""gross_cap"": 3.0, ""id_window"": 252, ""legs"": 4, ""mc_paths"": 50000, ""mc_seed"": 20261003, ""measure"": ""R"", ""min_history"": 300, ""raw_scale"": 0.4, ""target_vol"": 0.1, ""tickers"": [""SPY"", ""QQQ"", ""IWM"", ""EFA"", ""EEM"", ""TLT"", ""IEF"", ""LQD"", ""HYG"", ""TIP"", ""GLD"", ""SLV"", ""DBC"", ""UUP"", ""VNQ""], ""trend_lb"": 252, ""variant"": ""vol126"", ""vol_window"": 126}",0.2723,0.03856,-0.3416,24.66,4657,c3b9ae3,
2026-10-03T10:55:12+00:00,PCT,PCT_delay1,IS,1.0,879835f67d,"{""W"": 63, ""clip_hi"": 1.0, ""clip_lo"": -1.0, ""cost_mult"": 1.0, ""cov_window"": 252, ""exec"": ""next_open"", ""extra_delay"": 1, ""gross_cap"": 3.0, ""id_window"": 252, ""legs"": 4, ""mc_paths"": 50000, ""mc_seed"": 20261003, ""measure"": ""R"", ""min_history"": 300, ""raw_scale"": 0.4, ""target_vol"": 0.1, ""tickers"": [""SPY"", ""QQQ"", ""IWM"", ""EFA"", ""EEM"", ""TLT"", ""IEF"", ""LQD"", ""HYG"", ""TIP"", ""GLD"", ""SLV"", ""DBC"", ""UUP"", ""VNQ""], ""trend_lb"": 252, ""variant"": ""delay1"", ""vol_window"": 63}",0.2676,0.038,-0.3676,24.5,4656,c3b9ae3,
2026-10-03T10:55:12+00:00,PCT,PCT_cost2x,IS,2.0,248310dc82,"{""W"": 63, ""clip_hi"": 1.0, ""clip_lo"": -1.0, ""cost_mult"": 2.0, ""cov_window"": 252, ""exec"": ""next_open"", ""extra_delay"": 0, ""gross_cap"": 3.0, ""id_window"": 252, ""legs"": 4, ""mc_paths"": 50000, ""mc_seed"": 20261003, ""measure"": ""R"", ""min_history"": 300, ""raw_scale"": 0.4, ""target_vol"": 0.1, ""tickers"": [""SPY"", ""QQQ"", ""IWM"", ""EFA"", ""EEM"", ""TLT"", ""IEF"", ""LQD"", ""HYG"", ""TIP"", ""GLD"", ""SLV"", ""DBC"", ""UUP"", ""VNQ""], ""trend_lb"": 252, ""variant"": ""cost2x"", ""vol_window"": 63}",0.2163,0.03226,-0.3587,24.46,4657,c3b9ae3,
2026-10-03T10:55:37+00:00,IFC,IFC_B_base,IS,1.0,3bb4e466a5,"{""cost_mult"": 1.0, ""exec"": ""next_close"", ""extra_delay"": 0, ""k_fixed"": null, ""liq_after"": 3, ""pressure_len"": 5, ""scale"": 0.1, ""shift"": 0, ""sleeve"": ""B"", ""ticker"": ""SPY"", ""variant"": ""base"", ""vol_window"": 63}",0.1796,0.0273,-0.2149,37.42,4898,c3b9ae3,
2026-10-03T10:55:37+00:00,IFC,IFC_B_shift_earlier,IS,1.0,cd09ef014a,"{""cost_mult"": 1.0, ""exec"": ""next_close"", ""extra_delay"": 0, ""k_fixed"": null, ""liq_after"": 3, ""pressure_len"": 5, ""scale"": 0.1, ""shift"": -1, ""sleeve"": ""B"", ""ticker"": ""SPY"", ""variant"": ""shift_earlier"", ""vol_window"": 63}",0.0418,0.0156,-0.271,37.41,4899,c3b9ae3,
2026-10-03T10:55:37+00:00,IFC,IFC_B_shift_later,IS,1.0,168a835fd2,"{""cost_mult"": 1.0, ""exec"": ""next_close"", ""extra_delay"": 0, ""k_fixed"": null, ""liq_after"": 3, ""pressure_len"": 5, ""scale"": 0.1, ""shift"": 1, ""sleeve"": ""B"", ""ticker"": ""SPY"", ""variant"": ""shift_later"", ""vol_window"": 63}",0.3253,0.04,-0.1966,37.37,4897,c3b9ae3,
2026-10-03T10:55:38+00:00,IFC,IFC_B_fixed_T3,IS,1.0,e97e75dd80,"{""cost_mult"": 1.0, ""exec"": ""next_close"", ""extra_delay"": 0, ""k_fixed"": 3, ""liq_after"": 3, ""pressure_len"": 5, ""scale"": 0.1, ""shift"": 0, ""sleeve"": ""B"", ""ticker"": ""SPY"", ""variant"": ""fixed_T3"", ""vol_window"": 63}",0.2191,0.03093,-0.2149,37.44,4898,c3b9ae3,
2026-10-03T10:55:38+00:00,IFC,IFC_B_delay_1d,IS,1.0,4d091432f4,"{""cost_mult"": 1.0, ""exec"": ""next_close"", ""extra_delay"": 1, ""k_fixed"": null, ""liq_after"": 3, ""pressure_len"": 5, ""scale"": 0.1, ""shift"": 0, ""sleeve"": ""B"", ""ticker"": ""SPY"", ""variant"": ""delay_1d"", ""vol_window"": 63}",0.3272,0.04034,-0.2027,37.43,4897,c3b9ae3,
2026-10-03T10:55:38+00:00,IFC,IFC_B_cost_2x,IS,2.0,fc72bbe53f,"{""cost_mult"": 2.0, ""exec"": ""next_close"", ""extra_delay"": 0, ""k_fixed"": null, ""liq_after"": 3, ""pressure_len"": 5, ""scale"": 0.1, ""shift"": 0, ""sleeve"": ""B"", ""ticker"": ""SPY"", ""variant"": ""cost_2x"", ""vol_window"": 63}",0.0453,0.01582,-0.2412,37.42,4898,c3b9ae3,
2026-10-03T10:56:23+00:00,PCT,PCT_base,IS,1.0,72d766e6de,"{""W"": 63, ""clip_hi"": 1.0, ""clip_lo"": -1.0, ""cost_mult"": 1.0, ""cov_window"": 252, ""exec"": ""next_open"", ""extra_delay"": 0, ""gross_cap"": 3.0, ""id_window"": 252, ""legs"": 4, ""mc_paths"": 50000, ""mc_seed"": 20261003, ""measure"": ""R"", ""min_history"": 300, ""raw_scale"": 0.4, ""target_vol"": 0.1, ""tickers"": [""SPY"", ""QQQ"", ""IWM"", ""EFA"", ""EEM"", ""TLT"", ""IEF"", ""LQD"", ""HYG"", ""TIP"", ""GLD"", ""SLV"", ""DBC"", ""UUP"", ""VNQ""], ""trend_lb"": 252, ""variant"": ""base"", ""vol_window"": 63}",0.301,0.04164,-0.3306,24.46,4657,c3b9ae3,
2026-10-03T10:56:24+00:00,PCT,PCT_tsmom_benchmark,IS,1.0,80d881bb70,"{""W"": 63, ""clip_hi"": 1.0, ""clip_lo"": -1.0, ""cost_mult"": 1.0, ""cov_window"": 252, ""exec"": ""next_open"", ""extra_delay"": 0, ""gross_cap"": 3.0, ""id_window"": 252, ""legs"": 4, ""mc_paths"": 50000, ""mc_seed"": 20261003, ""measure"": ""none"", ""min_history"": 300, ""raw_scale"": 0.4, ""target_vol"": 0.1, ""tickers"": [""SPY"", ""QQQ"", ""IWM"", ""EFA"", ""EEM"", ""TLT"", ""IEF"", ""LQD"", ""HYG"", ""TIP"", ""GLD"", ""SLV"", ""DBC"", ""UUP"", ""VNQ""], ""trend_lb"": 252, ""variant"": ""tsmom_benchmark"", ""vol_window"": 63}",0.443,0.05841,-0.2111,11.97,4657,c3b9ae3,
2026-10-03T10:56:24+00:00,PCT,PCT_id_variant,IS,1.0,1767a7b247,"{""W"": 63, ""clip_hi"": 1.0, ""clip_lo"": -1.0, ""cost_mult"": 1.0, ""cov_window"": 252, ""exec"": ""next_open"", ""extra_delay"": 0, ""gross_cap"": 3.0, ""id_window"": 252, ""legs"": 4, ""mc_paths"": 50000, ""mc_seed"": 20261003, ""measure"": ""ID"", ""min_history"": 300, ""raw_scale"": 0.4, ""target_vol"": 0.1, ""tickers"": [""SPY"", ""QQQ"", ""IWM"", ""EFA"", ""EEM"", ""TLT"", ""IEF"", ""LQD"", ""HYG"", ""TIP"", ""GLD"", ""SLV"", ""DBC"", ""UUP"", ""VNQ""], ""trend_lb"": 252, ""variant"": ""id_variant"", ""vol_window"": 63}",0.5727,0.07508,-0.2826,10.97,4657,c3b9ae3,
2026-10-03T10:56:25+00:00,PCT,PCT_W42_6legs,IS,1.0,5c3116a236,"{""W"": 42, ""clip_hi"": 1.0, ""clip_lo"": -1.0, ""cost_mult"": 1.0, ""cov_window"": 252, ""exec"": ""next_open"", ""extra_delay"": 0, ""gross_cap"": 3.0, ""id_window"": 252, ""legs"": 6, ""mc_paths"": 50000, ""mc_seed"": 20261003, ""measure"": ""R"", ""min_history"": 300, ""raw_scale"": 0.4, ""target_vol"": 0.1, ""tickers"": [""SPY"", ""QQQ"", ""IWM"", ""EFA"", ""EEM"", ""TLT"", ""IEF"", ""LQD"", ""HYG"", ""TIP"", ""GLD"", ""SLV"", ""DBC"", ""UUP"", ""VNQ""], ""trend_lb"": 252, ""variant"": ""W42_6legs"", ""vol_window"": 63}",0.1312,0.02306,-0.3325,25.0,4657,c3b9ae3,
2026-10-03T10:56:25+00:00,PCT,PCT_W126_2legs,IS,1.0,95ff29ff75,"{""W"": 126, ""clip_hi"": 1.0, ""clip_lo"": -1.0, ""cost_mult"": 1.0, ""cov_window"": 252, ""exec"": ""next_open"", ""extra_delay"": 0, ""gross_cap"": 3.0, ""id_window"": 252, ""legs"": 2, ""mc_paths"": 50000, ""mc_seed"": 20261003, ""measure"": ""R"", ""min_history"": 300, ""raw_scale"": 0.4, ""target_vol"": 0.1, ""tickers"": [""SPY"", ""QQQ"", ""IWM"", ""EFA"", ""EEM"", ""TLT"", ""IEF"", ""LQD"", ""HYG"", ""TIP"", ""GLD"", ""SLV"", ""DBC"", ""UUP"", ""VNQ""], ""trend_lb"": 252, ""variant"": ""W126_2legs"", ""vol_window"": 63}",0.3836,0.05252,-0.2856,23.44,4657,c3b9ae3,
2026-10-03T10:56:26+00:00,PCT,PCT_trend126,IS,1.0,836ac8594f,"{""W"": 63, ""clip_hi"": 1.0, ""clip_lo"": -1.0, ""cost_mult"": 1.0, ""cov_window"": 252, ""exec"": ""next_open"", ""extra_delay"": 0, ""gross_cap"": 3.0, ""id_window"": 252, ""legs"": 4, ""mc_paths"": 50000, ""mc_seed"": 20261003, ""measure"": ""R"", ""min_history"": 300, ""raw_scale"": 0.4, ""target_vol"": 0.1, ""tickers"": [""SPY"", ""QQQ"", ""IWM"", ""EFA"", ""EEM"", ""TLT"", ""IEF"", ""LQD"", ""HYG"", ""TIP"", ""GLD"", ""SLV"", ""DBC"", ""UUP"", ""VNQ""], ""trend_lb"": 126, ""variant"": ""trend126"", ""vol_window"": 63}",0.2687,0.03882,-0.2313,26.37,4657,c3b9ae3,
2026-10-03T10:56:26+00:00,PCT,PCT_clip05,IS,1.0,e66d33253b,"{""W"": 63, ""clip_hi"": 0.5, ""clip_lo"": -0.5, ""cost_mult"": 1.0, ""cov_window"": 252, ""exec"": ""next_open"", ""extra_delay"": 0, ""gross_cap"": 3.0, ""id_window"": 252, ""legs"": 4, ""mc_paths"": 50000, ""mc_seed"": 20261003, ""measure"": ""R"", ""min_history"": 300, ""raw_scale"": 0.4, ""target_vol"": 0.1, ""tickers"": [""SPY"", ""QQQ"", ""IWM"", ""EFA"", ""EEM"", ""TLT"", ""IEF"", ""LQD"", ""HYG"", ""TIP"", ""GLD"", ""SLV"", ""DBC"", ""UUP"", ""VNQ""], ""trend_lb"": 252, ""variant"": ""clip05"", ""vol_window"": 63}",0.396,0.05265,-0.2744,18.06,4657,c3b9ae3,
2026-10-03T10:56:27+00:00,PCT,PCT_clip2,IS,1.0,c3f09965e1,"{""W"": 63, ""clip_hi"": 2.0, ""clip_lo"": -2.0, ""cost_mult"": 1.0, ""cov_window"": 252, ""exec"": ""next_open"", ""extra_delay"": 0, ""gross_cap"": 3.0, ""id_window"": 252, ""legs"": 4, ""mc_paths"": 50000, ""mc_seed"": 20261003, ""measure"": ""R"", ""min_history"": 300, ""raw_scale"": 0.4, ""target_vol"": 0.1, ""tickers"": [""SPY"", ""QQQ"", ""IWM"", ""EFA"", ""EEM"", ""TLT"", ""IEF"", ""LQD"", ""HYG"", ""TIP"", ""GLD"", ""SLV"", ""DBC"", ""UUP"", ""VNQ""], ""trend_lb"": 252, ""variant"": ""clip2"", ""vol_window"": 63}",0.3021,0.04168,-0.339,24.64,4657,c3b9ae3,
2026-10-03T10:56:27+00:00,PCT,PCT_vol126,IS,1.0,17bde53df1,"{""W"": 63, ""clip_hi"": 1.0, ""clip_lo"": -1.0, ""cost_mult"": 1.0, ""cov_window"": 252, ""exec"": ""next_open"", ""extra_delay"": 0, ""gross_cap"": 3.0, ""id_window"": 252, ""legs"": 4, ""mc_paths"": 50000, ""mc_seed"": 20261003, ""measure"": ""R"", ""min_history"": 300, ""raw_scale"": 0.4, ""target_vol"": 0.1, ""tickers"": [""SPY"", ""QQQ"", ""IWM"", ""EFA"", ""EEM"", ""TLT"", ""IEF"", ""LQD"", ""HYG"", ""TIP"", ""GLD"", ""SLV"", ""DBC"", ""UUP"", ""VNQ""], ""trend_lb"": 252, ""variant"": ""vol126"", ""vol_window"": 126}",0.2723,0.03856,-0.3416,24.66,4657,c3b9ae3,
2026-10-03T10:56:28+00:00,PCT,PCT_delay1,IS,1.0,879835f67d,"{""W"": 63, ""clip_hi"": 1.0, ""clip_lo"": -1.0, ""cost_mult"": 1.0, ""cov_window"": 252, ""exec"": ""next_open"", ""extra_delay"": 1, ""gross_cap"": 3.0, ""id_window"": 252, ""legs"": 4, ""mc_paths"": 50000, ""mc_seed"": 20261003, ""measure"": ""R"", ""min_history"": 300, ""raw_scale"": 0.4, ""target_vol"": 0.1, ""tickers"": [""SPY"", ""QQQ"", ""IWM"", ""EFA"", ""EEM"", ""TLT"", ""IEF"", ""LQD"", ""HYG"", ""TIP"", ""GLD"", ""SLV"", ""DBC"", ""UUP"", ""VNQ""], ""trend_lb"": 252, ""variant"": ""delay1"", ""vol_window"": 63}",0.2676,0.038,-0.3676,24.5,4656,c3b9ae3,
2026-10-03T10:56:28+00:00,PCT,PCT_cost2x,IS,2.0,248310dc82,"{""W"": 63, ""clip_hi"": 1.0, ""clip_lo"": -1.0, ""cost_mult"": 2.0, ""cov_window"": 252, ""exec"": ""next_open"", ""extra_delay"": 0, ""gross_cap"": 3.0, ""id_window"": 252, ""legs"": 4, ""mc_paths"": 50000, ""mc_seed"": 20261003, ""measure"": ""R"", ""min_history"": 300, ""raw_scale"": 0.4, ""target_vol"": 0.1, ""tickers"": [""SPY"", ""QQQ"", ""IWM"", ""EFA"", ""EEM"", ""TLT"", ""IEF"", ""LQD"", ""HYG"", ""TIP"", ""GLD"", ""SLV"", ""DBC"", ""UUP"", ""VNQ""], ""trend_lb"": 252, ""variant"": ""cost2x"", ""vol_window"": 63}",0.2163,0.03226,-0.3587,24.46,4657,c3b9ae3,
2026-10-03T10:57:40+00:00,PCT,PCT_base,IS,1.0,72d766e6de,"{""W"": 63, ""clip_hi"": 1.0, ""clip_lo"": -1.0, ""cost_mult"": 1.0, ""cov_window"": 252, ""exec"": ""next_open"", ""extra_delay"": 0, ""gross_cap"": 3.0, ""id_window"": 252, ""legs"": 4, ""mc_paths"": 50000, ""mc_seed"": 20261003, ""measure"": ""R"", ""min_history"": 300, ""raw_scale"": 0.4, ""target_vol"": 0.1, ""tickers"": [""SPY"", ""QQQ"", ""IWM"", ""EFA"", ""EEM"", ""TLT"", ""IEF"", ""LQD"", ""HYG"", ""TIP"", ""GLD"", ""SLV"", ""DBC"", ""UUP"", ""VNQ""], ""trend_lb"": 252, ""variant"": ""base"", ""vol_window"": 63}",0.301,0.04164,-0.3306,24.46,4657,c3b9ae3,
2026-10-03T10:57:53+00:00,PCT,PCT_tsmom_benchmark,IS,1.0,80d881bb70,"{""W"": 63, ""clip_hi"": 1.0, ""clip_lo"": -1.0, ""cost_mult"": 1.0, ""cov_window"": 252, ""exec"": ""next_open"", ""extra_delay"": 0, ""gross_cap"": 3.0, ""id_window"": 252, ""legs"": 4, ""mc_paths"": 50000, ""mc_seed"": 20261003, ""measure"": ""none"", ""min_history"": 300, ""raw_scale"": 0.4, ""target_vol"": 0.1, ""tickers"": [""SPY"", ""QQQ"", ""IWM"", ""EFA"", ""EEM"", ""TLT"", ""IEF"", ""LQD"", ""HYG"", ""TIP"", ""GLD"", ""SLV"", ""DBC"", ""UUP"", ""VNQ""], ""trend_lb"": 252, ""variant"": ""tsmom_benchmark"", ""vol_window"": 63}",0.443,0.05841,-0.2111,11.97,4657,c3b9ae3,
2026-10-03T10:57:55+00:00,PCT,PCT_id_variant,IS,1.0,1767a7b247,"{""W"": 63, ""clip_hi"": 1.0, ""clip_lo"": -1.0, ""cost_mult"": 1.0, ""cov_window"": 252, ""exec"": ""next_open"", ""extra_delay"": 0, ""gross_cap"": 3.0, ""id_window"": 252, ""legs"": 4, ""mc_paths"": 50000, ""mc_seed"": 20261003, ""measure"": ""ID"", ""min_history"": 300, ""raw_scale"": 0.4, ""target_vol"": 0.1, ""tickers"": [""SPY"", ""QQQ"", ""IWM"", ""EFA"", ""EEM"", ""TLT"", ""IEF"", ""LQD"", ""HYG"", ""TIP"", ""GLD"", ""SLV"", ""DBC"", ""UUP"", ""VNQ""], ""trend_lb"": 252, ""variant"": ""id_variant"", ""vol_window"": 63}",0.5727,0.07508,-0.2826,10.97,4657,c3b9ae3,
2026-10-03T10:57:55+00:00,PCT,PCT_W42_6legs,IS,1.0,5c3116a236,"{""W"": 42, ""clip_hi"": 1.0, ""clip_lo"": -1.0, ""cost_mult"": 1.0, ""cov_window"": 252, ""exec"": ""next_open"", ""extra_delay"": 0, ""gross_cap"": 3.0, ""id_window"": 252, ""legs"": 6, ""mc_paths"": 50000, ""mc_seed"": 20261003, ""measure"": ""R"", ""min_history"": 300, ""raw_scale"": 0.4, ""target_vol"": 0.1, ""tickers"": [""SPY"", ""QQQ"", ""IWM"", ""EFA"", ""EEM"", ""TLT"", ""IEF"", ""LQD"", ""HYG"", ""TIP"", ""GLD"", ""SLV"", ""DBC"", ""UUP"", ""VNQ""], ""trend_lb"": 252, ""variant"": ""W42_6legs"", ""vol_window"": 63}",0.1312,0.02306,-0.3325,25.0,4657,c3b9ae3,
2026-10-03T10:57:56+00:00,PCT,PCT_W126_2legs,IS,1.0,95ff29ff75,"{""W"": 126, ""clip_hi"": 1.0, ""clip_lo"": -1.0, ""cost_mult"": 1.0, ""cov_window"": 252, ""exec"": ""next_open"", ""extra_delay"": 0, ""gross_cap"": 3.0, ""id_window"": 252, ""legs"": 2, ""mc_paths"": 50000, ""mc_seed"": 20261003, ""measure"": ""R"", ""min_history"": 300, ""raw_scale"": 0.4, ""target_vol"": 0.1, ""tickers"": [""SPY"", ""QQQ"", ""IWM"", ""EFA"", ""EEM"", ""TLT"", ""IEF"", ""LQD"", ""HYG"", ""TIP"", ""GLD"", ""SLV"", ""DBC"", ""UUP"", ""VNQ""], ""trend_lb"": 252, ""variant"": ""W126_2legs"", ""vol_window"": 63}",0.3836,0.05252,-0.2856,23.44,4657,c3b9ae3,
2026-10-03T10:57:56+00:00,PCT,PCT_trend126,IS,1.0,836ac8594f,"{""W"": 63, ""clip_hi"": 1.0, ""clip_lo"": -1.0, ""cost_mult"": 1.0, ""cov_window"": 252, ""exec"": ""next_open"", ""extra_delay"": 0, ""gross_cap"": 3.0, ""id_window"": 252, ""legs"": 4, ""mc_paths"": 50000, ""mc_seed"": 20261003, ""measure"": ""R"", ""min_history"": 300, ""raw_scale"": 0.4, ""target_vol"": 0.1, ""tickers"": [""SPY"", ""QQQ"", ""IWM"", ""EFA"", ""EEM"", ""TLT"", ""IEF"", ""LQD"", ""HYG"", ""TIP"", ""GLD"", ""SLV"", ""DBC"", ""UUP"", ""VNQ""], ""trend_lb"": 126, ""variant"": ""trend126"", ""vol_window"": 63}",0.2687,0.03882,-0.2313,26.37,4657,c3b9ae3,
2026-10-03T10:57:57+00:00,PCT,PCT_clip05,IS,1.0,e66d33253b,"{""W"": 63, ""clip_hi"": 0.5, ""clip_lo"": -0.5, ""cost_mult"": 1.0, ""cov_window"": 252, ""exec"": ""next_open"", ""extra_delay"": 0, ""gross_cap"": 3.0, ""id_window"": 252, ""legs"": 4, ""mc_paths"": 50000, ""mc_seed"": 20261003, ""measure"": ""R"", ""min_history"": 300, ""raw_scale"": 0.4, ""target_vol"": 0.1, ""tickers"": [""SPY"", ""QQQ"", ""IWM"", ""EFA"", ""EEM"", ""TLT"", ""IEF"", ""LQD"", ""HYG"", ""TIP"", ""GLD"", ""SLV"", ""DBC"", ""UUP"", ""VNQ""], ""trend_lb"": 252, ""variant"": ""clip05"", ""vol_window"": 63}",0.396,0.05265,-0.2744,18.06,4657,c3b9ae3,
2026-10-03T10:57:57+00:00,PCT,PCT_clip2,IS,1.0,c3f09965e1,"{""W"": 63, ""clip_hi"": 2.0, ""clip_lo"": -2.0, ""cost_mult"": 1.0, ""cov_window"": 252, ""exec"": ""next_open"", ""extra_delay"": 0, ""gross_cap"": 3.0, ""id_window"": 252, ""legs"": 4, ""mc_paths"": 50000, ""mc_seed"": 20261003, ""measure"": ""R"", ""min_history"": 300, ""raw_scale"": 0.4, ""target_vol"": 0.1, ""tickers"": [""SPY"", ""QQQ"", ""IWM"", ""EFA"", ""EEM"", ""TLT"", ""IEF"", ""LQD"", ""HYG"", ""TIP"", ""GLD"", ""SLV"", ""DBC"", ""UUP"", ""VNQ""], ""trend_lb"": 252, ""variant"": ""clip2"", ""vol_window"": 63}",0.3021,0.04168,-0.339,24.64,4657,c3b9ae3,
2026-10-03T10:57:57+00:00,PCT,PCT_vol126,IS,1.0,17bde53df1,"{""W"": 63, ""clip_hi"": 1.0, ""clip_lo"": -1.0, ""cost_mult"": 1.0, ""cov_window"": 252, ""exec"": ""next_open"", ""extra_delay"": 0, ""gross_cap"": 3.0, ""id_window"": 252, ""legs"": 4, ""mc_paths"": 50000, ""mc_seed"": 20261003, ""measure"": ""R"", ""min_history"": 300, ""raw_scale"": 0.4, ""target_vol"": 0.1, ""tickers"": [""SPY"", ""QQQ"", ""IWM"", ""EFA"", ""EEM"", ""TLT"", ""IEF"", ""LQD"", ""HYG"", ""TIP"", ""GLD"", ""SLV"", ""DBC"", ""UUP"", ""VNQ""], ""trend_lb"": 252, ""variant"": ""vol126"", ""vol_window"": 126}",0.2723,0.03856,-0.3416,24.66,4657,c3b9ae3,
2026-10-03T10:57:58+00:00,PCT,PCT_delay1,IS,1.0,879835f67d,"{""W"": 63, ""clip_hi"": 1.0, ""clip_lo"": -1.0, ""cost_mult"": 1.0, ""cov_window"": 252, ""exec"": ""next_open"", ""extra_delay"": 1, ""gross_cap"": 3.0, ""id_window"": 252, ""legs"": 4, ""mc_paths"": 50000, ""mc_seed"": 20261003, ""measure"": ""R"", ""min_history"": 300, ""raw_scale"": 0.4, ""target_vol"": 0.1, ""tickers"": [""SPY"", ""QQQ"", ""IWM"", ""EFA"", ""EEM"", ""TLT"", ""IEF"", ""LQD"", ""HYG"", ""TIP"", ""GLD"", ""SLV"", ""DBC"", ""UUP"", ""VNQ""], ""trend_lb"": 252, ""variant"": ""delay1"", ""vol_window"": 63}",0.2676,0.038,-0.3676,24.5,4656,c3b9ae3,
2026-10-03T10:57:58+00:00,PCT,PCT_cost2x,IS,2.0,248310dc82,"{""W"": 63, ""clip_hi"": 1.0, ""clip_lo"": -1.0, ""cost_mult"": 2.0, ""cov_window"": 252, ""exec"": ""next_open"", ""extra_delay"": 0, ""gross_cap"": 3.0, ""id_window"": 252, ""legs"": 4, ""mc_paths"": 50000, ""mc_seed"": 20261003, ""measure"": ""R"", ""min_history"": 300, ""raw_scale"": 0.4, ""target_vol"": 0.1, ""tickers"": [""SPY"", ""QQQ"", ""IWM"", ""EFA"", ""EEM"", ""TLT"", ""IEF"", ""LQD"", ""HYG"", ""TIP"", ""GLD"", ""SLV"", ""DBC"", ""UUP"", ""VNQ""], ""trend_lb"": 252, ""variant"": ""cost2x"", ""vol_window"": 63}",0.2163,0.03226,-0.3587,24.46,4657,c3b9ae3,
2026-10-03T10:58:35+00:00,IFC_EXPLORATORY,D_fx_hedge_base,IS,1.0,c7e1ce9926,"{""cost_mult"": 1.0, ""exec"": ""next_close"", ""extra_lag"": 0, ""hold_end"": 0, ""hold_start"": -1, ""signal_offset"": -3, ""sleeve"": ""D_fx_hedge_rebalancing"", ""target_vol"": 0.05, ""vol_window"": 63}",-0.6893,-0.00643,-0.2015,30.27,4389,c3b9ae3,sleeve D base
2026-10-03T10:58:35+00:00,IFC_EXPLORATORY,D_fx_hedge_base,IS,2.0,3b9fbf1d3c,"{""cost_mult"": 2.0, ""exec"": ""next_close"", ""extra_lag"": 0, ""hold_end"": 0, ""hold_start"": -1, ""signal_offset"": -3, ""sleeve"": ""D_fx_hedge_rebalancing"", ""target_vol"": 0.05, ""vol_window"": 63}",-1.238,-0.02136,-0.35,30.27,4389,c3b9ae3,sleeve D variant cost2x
2026-10-03T10:58:35+00:00,IFC_EXPLORATORY,D_fx_hedge_extra_lag,IS,1.0,e733052fe8,"{""cost_mult"": 1.0, ""exec"": ""next_close"", ""extra_lag"": 1, ""hold_end"": 0, ""hold_start"": -1, ""signal_offset"": -3, ""sleeve"": ""D_fx_hedge_rebalancing"", ""target_vol"": 0.05, ""vol_window"": 63}",-0.8905,-0.01266,-0.2604,30.29,4388,c3b9ae3,sleeve D variant extra_lag
2026-10-03T10:58:57+00:00,IFC,IFC_C_base,IS,1.0,d9a024e0ed,"{""cap"": 2.0, ""cost_mult"": 1.0, ""exec"": ""next_close"", ""extra_delay"": 0, ""issuance_sizing"": true, ""median_months"": 12, ""q_clip"": [0.5, 2.0], ""scale"": 0.1, ""sleeve"": ""C"", ""ticker"": ""IEF"", ""variant"": ""base"", ""vol_window"": 63, ""window"": [-2, 0]}",0.7765,0.04397,-0.0776,37.12,4892,c3b9ae3,
2026-10-03T10:58:57+00:00,IFC,IFC_C_window2,IS,1.0,39fe37cf1f,"{""cap"": 2.0, ""cost_mult"": 1.0, ""exec"": ""next_close"", ""extra_delay"": 0, ""issuance_sizing"": true, ""median_months"": 12, ""q_clip"": [0.5, 2.0], ""scale"": 0.1, ""sleeve"": ""C"", ""ticker"": ""IEF"", ""variant"": ""window2"", ""vol_window"": 63, ""window"": [-1, 0]}",0.5845,0.03273,-0.0672,37.0,4891,c3b9ae3,
2026-10-03T10:58:58+00:00,IFC,IFC_C_window4,IS,1.0,2b7626a328,"{""cap"": 2.0, ""cost_mult"": 1.0, ""exec"": ""next_close"", ""extra_delay"": 0, ""issuance_sizing"": true, ""median_months"": 12, ""q_clip"": [0.5, 2.0], ""scale"": 0.1, ""sleeve"": ""C"", ""ticker"": ""IEF"", ""variant"": ""window4"", ""vol_window"": 63, ""window"": [-3, 0]}",0.6414,0.04252,-0.0936,37.03,4893,c3b9ae3,
2026-10-03T10:58:58+00:00,IFC,IFC_C_shift_early,IS,1.0,702f2a5edc,"{""cap"": 2.0, ""cost_mult"": 1.0, ""exec"": ""next_close"", ""extra_delay"": 0, ""issuance_sizing"": true, ""median_months"": 12, ""q_clip"": [0.5, 2.0], ""scale"": 0.1, ""sleeve"": ""C"", ""ticker"": ""IEF"", ""variant"": ""shift_early"", ""vol_window"": 63, ""window"": [-3, -1]}",0.3146,0.02669,-0.0692,37.0,4893,c3b9ae3,
2026-10-03T10:58:58+00:00,IFC,IFC_C_shift_late,IS,1.0,674fc7fd00,"{""cap"": 2.0, ""cost_mult"": 1.0, ""exec"": ""next_close"", ""extra_delay"": 0, ""issuance_sizing"": true, ""median_months"": 12, ""q_clip"": [0.5, 2.0], ""scale"": 0.1, ""sleeve"": ""C"", ""ticker"": ""IEF"", ""variant"": ""shift_late"", ""vol_window"": 63, ""window"": [-1, 1]}",0.4642,0.03339,-0.1156,37.04,4891,c3b9ae3,
2026-10-03T10:58:58+00:00,IFC,IFC_C_q1,IS,1.0,fb47145c73,"{""cap"": 2.0, ""cost_mult"": 1.0, ""exec"": ""next_close"", ""extra_delay"": 0, ""issuance_sizing"": false, ""median_months"": 12, ""q_clip"": [0.5, 2.0], ""scale"": 0.1, ""sleeve"": ""C"", ""ticker"": ""IEF"", ""variant"": ""q1"", ""vol_window"": 63, ""window"": [-2, 0]}",0.7861,0.0435,-0.0573,38.86,4892,c3b9ae3,
2026-10-03T10:58:58+00:00,IFC,IFC_C_delay_1d,IS,1.0,f8d1cbd211,"{""cap"": 2.0, ""cost_mult"": 1.0, ""exec"": ""next_close"", ""extra_delay"": 1, ""issuance_sizing"": true, ""median_months"": 12, ""q_clip"": [0.5, 2.0], ""scale"": 0.1, ""sleeve"": ""C"", ""ticker"": ""IEF"", ""variant"": ""delay_1d"", ""vol_window"": 63, ""window"": [-2, 0]}",0.459,0.03318,-0.1153,37.13,4891,c3b9ae3,
2026-10-03T10:58:58+00:00,IFC,IFC_C_cost_2x,IS,2.0,bfb44d67d5,"{""cap"": 2.0, ""cost_mult"": 2.0, ""exec"": ""next_close"", ""extra_delay"": 0, ""issuance_sizing"": true, ""median_months"": 12, ""q_clip"": [0.5, 2.0], ""scale"": 0.1, ""sleeve"": ""C"", ""ticker"": ""IEF"", ""variant"": ""cost_2x"", ""vol_window"": 63, ""window"": [-2, 0]}",0.4697,0.03241,-0.0841,37.12,4892,c3b9ae3,
2026-10-03T10:59:36+00:00,IFC_EXPLORATORY,D_fx_hedge_base,IS,1.0,c7e1ce9926,"{""cost_mult"": 1.0, ""exec"": ""next_close"", ""extra_lag"": 0, ""hold_end"": 0, ""hold_start"": -1, ""signal_offset"": -3, ""sleeve"": ""D_fx_hedge_rebalancing"", ""target_vol"": 0.05, ""vol_window"": 63}",-0.6893,-0.00643,-0.2015,30.27,4389,c3b9ae3,reviewer cross-check rerun of unchanged base spec
2026-10-03T10:59:57+00:00,IFC,IFC_B_base,IS,1.0,3bb4e466a5,"{""cost_mult"": 1.0, ""exec"": ""next_close"", ""extra_delay"": 0, ""k_fixed"": null, ""liq_after"": 3, ""pressure_len"": 5, ""scale"": 0.1, ""shift"": 0, ""sleeve"": ""B"", ""ticker"": ""SPY"", ""variant"": ""base"", ""vol_window"": 63}",0.1796,0.0273,-0.2149,37.42,4898,c3b9ae3,
2026-10-03T10:59:57+00:00,IFC,IFC_B_shift_earlier,IS,1.0,cd09ef014a,"{""cost_mult"": 1.0, ""exec"": ""next_close"", ""extra_delay"": 0, ""k_fixed"": null, ""liq_after"": 3, ""pressure_len"": 5, ""scale"": 0.1, ""shift"": -1, ""sleeve"": ""B"", ""ticker"": ""SPY"", ""variant"": ""shift_earlier"", ""vol_window"": 63}",0.0418,0.0156,-0.271,37.41,4899,c3b9ae3,
2026-10-03T10:59:57+00:00,IFC,IFC_B_shift_later,IS,1.0,168a835fd2,"{""cost_mult"": 1.0, ""exec"": ""next_close"", ""extra_delay"": 0, ""k_fixed"": null, ""liq_after"": 3, ""pressure_len"": 5, ""scale"": 0.1, ""shift"": 1, ""sleeve"": ""B"", ""ticker"": ""SPY"", ""variant"": ""shift_later"", ""vol_window"": 63}",0.3253,0.04,-0.1966,37.37,4897,c3b9ae3,
2026-10-03T10:59:57+00:00,IFC,IFC_B_fixed_T3,IS,1.0,e97e75dd80,"{""cost_mult"": 1.0, ""exec"": ""next_close"", ""extra_delay"": 0, ""k_fixed"": 3, ""liq_after"": 3, ""pressure_len"": 5, ""scale"": 0.1, ""shift"": 0, ""sleeve"": ""B"", ""ticker"": ""SPY"", ""variant"": ""fixed_T3"", ""vol_window"": 63}",0.2191,0.03093,-0.2149,37.44,4898,c3b9ae3,
2026-10-03T10:59:57+00:00,IFC,IFC_B_delay_1d,IS,1.0,4d091432f4,"{""cost_mult"": 1.0, ""exec"": ""next_close"", ""extra_delay"": 1, ""k_fixed"": null, ""liq_after"": 3, ""pressure_len"": 5, ""scale"": 0.1, ""shift"": 0, ""sleeve"": ""B"", ""ticker"": ""SPY"", ""variant"": ""delay_1d"", ""vol_window"": 63}",0.3272,0.04034,-0.2027,37.43,4897,c3b9ae3,
2026-10-03T10:59:57+00:00,IFC,IFC_B_cost_2x,IS,2.0,fc72bbe53f,"{""cost_mult"": 2.0, ""exec"": ""next_close"", ""extra_delay"": 0, ""k_fixed"": null, ""liq_after"": 3, ""pressure_len"": 5, ""scale"": 0.1, ""shift"": 0, ""sleeve"": ""B"", ""ticker"": ""SPY"", ""variant"": ""cost_2x"", ""vol_window"": 63}",0.0453,0.01582,-0.2412,37.42,4898,c3b9ae3,
2026-10-03T11:00:23+00:00,IFC,IFC_B_base,IS,1.0,3bb4e466a5,"{""cost_mult"": 1.0, ""exec"": ""next_close"", ""extra_delay"": 0, ""k_fixed"": null, ""liq_after"": 3, ""pressure_len"": 5, ""scale"": 0.1, ""shift"": 0, ""sleeve"": ""B"", ""ticker"": ""SPY"", ""variant"": ""base"", ""vol_window"": 63}",0.1796,0.0273,-0.2149,37.42,4898,c3b9ae3,
2026-10-03T11:01:11+00:00,IFC,IFC_A_base,IS,1.0,acbe9d3c19,"{""bands"": null, ""bond"": ""IEF"", ""clip"": 2.0, ""cost_mult"": 1.0, ""equity"": ""SPY"", ""exec"": ""next_close"", ""extra_delay"": 0, ""hold"": null, ""min_hist"": 12, ""mode"": ""monthly"", ""obs"": -6, ""sleeve"": ""A"", ""target_vol"": 0.05, ""vol_window"": 63, ""w_equity"": 0.6, ""window"": [-4, 0]}",0.4714,0.03206,-0.0655,19.07,4685,c3b9ae3,sleeve A base
2026-10-03T11:01:11+00:00,IFC,IFC_A_base,IS,2.0,dcba8ba481,"{""bands"": null, ""bond"": ""IEF"", ""clip"": 2.0, ""cost_mult"": 2.0, ""equity"": ""SPY"", ""exec"": ""next_close"", ""extra_delay"": 0, ""hold"": null, ""min_hist"": 12, ""mode"": ""monthly"", ""obs"": -6, ""sleeve"": ""A"", ""target_vol"": 0.05, ""vol_window"": 63, ""w_equity"": 0.6, ""window"": [-4, 0]}",0.3184,0.02617,-0.0696,19.07,4685,c3b9ae3,"sleeve A base, 2x costs"
2026-10-03T11:01:11+00:00,IFC,IFC_A_shift_early,IS,1.0,1f3f999f23,"{""bands"": null, ""bond"": ""IEF"", ""clip"": 2.0, ""cost_mult"": 1.0, ""equity"": ""SPY"", ""exec"": ""next_close"", ""extra_delay"": 0, ""hold"": null, ""min_hist"": 12, ""mode"": ""monthly"", ""obs"": -7, ""sleeve"": ""A"", ""target_vol"": 0.05, ""vol_window"": 63, ""w_equity"": 0.6, ""window"": [-5, -1]}",0.2353,0.0231,-0.0707,19.33,4686,c3b9ae3,sleeve A neighbourhood variant
2026-10-03T11:01:11+00:00,IFC,IFC_A_shift_late,IS,1.0,6515f680c6,"{""bands"": null, ""bond"": ""IEF"", ""clip"": 2.0, ""cost_mult"": 1.0, ""equity"": ""SPY"", ""exec"": ""next_close"", ""extra_delay"": 0, ""hold"": null, ""min_hist"": 12, ""mode"": ""monthly"", ""obs"": -5, ""sleeve"": ""A"", ""target_vol"": 0.05, ""vol_window"": 63, ""w_equity"": 0.6, ""window"": [-3, 1]}",-0.0484,0.01194,-0.0964,18.47,4684,c3b9ae3,sleeve A neighbourhood variant
2026-10-03T11:01:11+00:00,IFC,IFC_A_win4,IS,1.0,4a4fc8225c,"{""bands"": null, ""bond"": ""IEF"", ""clip"": 2.0, ""cost_mult"": 1.0, ""equity"": ""SPY"", ""exec"": ""next_close"", ""extra_delay"": 0, ""hold"": null, ""min_hist"": 12, ""mode"": ""monthly"", ""obs"": -5, ""sleeve"": ""A"", ""target_vol"": 0.05, ""vol_window"": 63, ""w_equity"": 0.6, ""window"": [-3, 0]}",0.4726,0.03056,-0.0642,18.38,4684,c3b9ae3,sleeve A neighbourhood variant
2026-10-03T11:01:11+00:00,IFC,IFC_A_win6,IS,1.0,d1d8d4f3b0,"{""bands"": null, ""bond"": ""IEF"", ""clip"": 2.0, ""cost_mult"": 1.0, ""equity"": ""SPY"", ""exec"": ""next_close"", ""extra_delay"": 0, ""hold"": null, ""min_hist"": 12, ""mode"": ""monthly"", ""obs"": -7, ""sleeve"": ""A"", ""target_vol"": 0.05, ""vol_window"": 63, ""w_equity"": 0.6, ""window"": [-5, 0]}",0.4429,0.03223,-0.0483,19.36,4686,c3b9ae3,sleeve A neighbourhood variant
2026-10-03T11:01:11+00:00,IFC,IFC_A_threshold,IS,1.0,d96045a02b,"{""bands"": [0.005, 0.01, 0.015, 0.02], ""bond"": ""IEF"", ""clip"": 2.0, ""cost_mult"": 1.0, ""equity"": ""SPY"", ""exec"": ""next_close"", ""extra_delay"": 0, ""hold"": [2, 6], ""min_hist"": 12, ""mode"": ""threshold"", ""obs"": -6, ""sleeve"": ""A"", ""target_vol"": 0.05, ""vol_window"": 63, ""w_equity"": 0.6, ""window"": [-4, 0]}",0.0288,0.01522,-0.1797,28.76,4798,c3b9ae3,sleeve A robustness variant
2026-10-03T11:01:11+00:00,IFC,IFC_A_delay1,IS,1.0,432c1ccbe4,"{""bands"": null, ""bond"": ""IEF"", ""clip"": 2.0, ""cost_mult"": 1.0, ""equity"": ""SPY"", ""exec"": ""next_close"", ""extra_delay"": 1, ""hold"": null, ""min_hist"": 12, ""mode"": ""monthly"", ""obs"": -6, ""sleeve"": ""A"", ""target_vol"": 0.05, ""vol_window"": 63, ""w_equity"": 0.6, ""window"": [-4, 0]}",-0.0076,0.01357,-0.0788,19.11,4684,c3b9ae3,sleeve A robustness variant
2026-10-03T11:01:39+00:00,IFC_EXPLORATORY,IFC_E_base,IS,1.0,6d5a09d536,"{""cap"": 2.0, ""cost_mult"": 1.0, ""exec"": ""next_close"", ""extra_delay"": 0, ""post"": [1, 4], ""pre"": [-4, 0], ""scale"": 0.1, ""sleeve"": ""E"", ""ticker"": ""IEF"", ""trailing_months"": 12, ""variant"": ""base"", ""vol_window"": 63}",0.1526,0.0262,-0.3674,191.56,4902,c3b9ae3,
2026-10-03T11:01:40+00:00,IFC_EXPLORATORY,IFC_E_delay_1d,IS,1.0,0187e94097,"{""cap"": 2.0, ""cost_mult"": 1.0, ""exec"": ""next_close"", ""extra_delay"": 1, ""post"": [1, 4], ""pre"": [-4, 0], ""scale"": 0.1, ""sleeve"": ""E"", ""ticker"": ""IEF"", ""trailing_months"": 12, ""variant"": ""delay_1d"", ""vol_window"": 63}",-0.2996,-0.02162,-0.6893,191.65,4901,c3b9ae3,
2026-10-03T11:01:40+00:00,IFC_EXPLORATORY,IFC_E_cost_2x,IS,2.0,59be31f8e8,"{""cap"": 2.0, ""cost_mult"": 2.0, ""exec"": ""next_close"", ""extra_delay"": 0, ""post"": [1, 4], ""pre"": [-4, 0], ""scale"": 0.1, ""sleeve"": ""E"", ""ticker"": ""IEF"", ""trailing_months"": 12, ""variant"": ""cost_2x"", ""vol_window"": 63}",-0.4038,-0.03114,-0.7096,191.56,4902,c3b9ae3,
2026-10-03T11:02:12+00:00,IFC,IFC_A_base,IS,1.0,acbe9d3c19,"{""bands"": null, ""bond"": ""IEF"", ""clip"": 2.0, ""cost_mult"": 1.0, ""equity"": ""SPY"", ""exec"": ""next_close"", ""extra_delay"": 0, ""hold"": null, ""min_hist"": 12, ""mode"": ""monthly"", ""obs"": -6, ""sleeve"": ""A"", ""target_vol"": 0.05, ""vol_window"": 63, ""w_equity"": 0.6, ""window"": [-4, 0]}",0.4714,0.03206,-0.0655,19.07,4685,c3b9ae3,"reviewer cross-check (module rerun, net 1x)"
2026-10-03T11:02:12+00:00,IFC,IFC_A_base,IS,0.0,f26005a3bf,"{""bands"": null, ""bond"": ""IEF"", ""clip"": 2.0, ""cost_mult"": 0.0, ""equity"": ""SPY"", ""exec"": ""next_close"", ""extra_delay"": 0, ""hold"": null, ""min_hist"": 12, ""mode"": ""monthly"", ""obs"": -6, ""sleeve"": ""A"", ""target_vol"": 0.05, ""vol_window"": 63, ""w_equity"": 0.6, ""window"": [-4, 0]}",0.6245,0.03799,-0.0629,19.07,4685,c3b9ae3,"reviewer cross-check (module, gross)"
2026-10-03T11:02:12+00:00,IFC,IFC_A_base,IS,0.0,f26005a3bf,"{""bands"": null, ""bond"": ""IEF"", ""clip"": 2.0, ""cost_mult"": 0.0, ""equity"": ""SPY"", ""exec"": ""next_close"", ""extra_delay"": 0, ""hold"": null, ""min_hist"": 12, ""mode"": ""monthly"", ""obs"": -6, ""sleeve"": ""A"", ""target_vol"": 0.05, ""vol_window"": 63, ""w_equity"": 0.6, ""window"": [-4, 0]}",0.6245,0.03799,-0.0629,19.07,4685,c3b9ae3,"reviewer cross-check (independent weights, gross)"
2026-10-03T11:02:52+00:00,IFC,IFC_C_base,IS,1.0,d9a024e0ed,"{""cap"": 2.0, ""cost_mult"": 1.0, ""exec"": ""next_close"", ""extra_delay"": 0, ""issuance_sizing"": true, ""median_months"": 12, ""q_clip"": [0.5, 2.0], ""scale"": 0.1, ""sleeve"": ""C"", ""ticker"": ""IEF"", ""variant"": ""base"", ""vol_window"": 63, ""window"": [-2, 0]}",0.7765,0.04397,-0.0776,37.12,4892,12e28bf,
2026-10-03T11:02:52+00:00,IFC,IFC_C_window2,IS,1.0,39fe37cf1f,"{""cap"": 2.0, ""cost_mult"": 1.0, ""exec"": ""next_close"", ""extra_delay"": 0, ""issuance_sizing"": true, ""median_months"": 12, ""q_clip"": [0.5, 2.0], ""scale"": 0.1, ""sleeve"": ""C"", ""ticker"": ""IEF"", ""variant"": ""window2"", ""vol_window"": 63, ""window"": [-1, 0]}",0.5845,0.03273,-0.0672,37.0,4891,12e28bf,
2026-10-03T11:02:53+00:00,IFC,IFC_C_window4,IS,1.0,2b7626a328,"{""cap"": 2.0, ""cost_mult"": 1.0, ""exec"": ""next_close"", ""extra_delay"": 0, ""issuance_sizing"": true, ""median_months"": 12, ""q_clip"": [0.5, 2.0], ""scale"": 0.1, ""sleeve"": ""C"", ""ticker"": ""IEF"", ""variant"": ""window4"", ""vol_window"": 63, ""window"": [-3, 0]}",0.6414,0.04252,-0.0936,37.03,4893,12e28bf,
2026-10-03T11:02:53+00:00,IFC,IFC_C_shift_early,IS,1.0,702f2a5edc,"{""cap"": 2.0, ""cost_mult"": 1.0, ""exec"": ""next_close"", ""extra_delay"": 0, ""issuance_sizing"": true, ""median_months"": 12, ""q_clip"": [0.5, 2.0], ""scale"": 0.1, ""sleeve"": ""C"", ""ticker"": ""IEF"", ""variant"": ""shift_early"", ""vol_window"": 63, ""window"": [-3, -1]}",0.3146,0.02669,-0.0692,37.0,4893,12e28bf,
2026-10-03T11:02:53+00:00,IFC,IFC_C_shift_late,IS,1.0,674fc7fd00,"{""cap"": 2.0, ""cost_mult"": 1.0, ""exec"": ""next_close"", ""extra_delay"": 0, ""issuance_sizing"": true, ""median_months"": 12, ""q_clip"": [0.5, 2.0], ""scale"": 0.1, ""sleeve"": ""C"", ""ticker"": ""IEF"", ""variant"": ""shift_late"", ""vol_window"": 63, ""window"": [-1, 1]}",0.4642,0.03339,-0.1156,37.04,4891,12e28bf,
2026-10-03T11:02:53+00:00,IFC,IFC_C_q1,IS,1.0,fb47145c73,"{""cap"": 2.0, ""cost_mult"": 1.0, ""exec"": ""next_close"", ""extra_delay"": 0, ""issuance_sizing"": false, ""median_months"": 12, ""q_clip"": [0.5, 2.0], ""scale"": 0.1, ""sleeve"": ""C"", ""ticker"": ""IEF"", ""variant"": ""q1"", ""vol_window"": 63, ""window"": [-2, 0]}",0.7861,0.0435,-0.0573,38.86,4892,12e28bf,
2026-10-03T11:02:53+00:00,IFC,IFC_C_delay_1d,IS,1.0,f8d1cbd211,"{""cap"": 2.0, ""cost_mult"": 1.0, ""exec"": ""next_close"", ""extra_delay"": 1, ""issuance_sizing"": true, ""median_months"": 12, ""q_clip"": [0.5, 2.0], ""scale"": 0.1, ""sleeve"": ""C"", ""ticker"": ""IEF"", ""variant"": ""delay_1d"", ""vol_window"": 63, ""window"": [-2, 0]}",0.459,0.03318,-0.1153,37.13,4891,12e28bf,
2026-10-03T11:02:53+00:00,IFC,IFC_C_cost_2x,IS,2.0,bfb44d67d5,"{""cap"": 2.0, ""cost_mult"": 2.0, ""exec"": ""next_close"", ""extra_delay"": 0, ""issuance_sizing"": true, ""median_months"": 12, ""q_clip"": [0.5, 2.0], ""scale"": 0.1, ""sleeve"": ""C"", ""ticker"": ""IEF"", ""variant"": ""cost_2x"", ""vol_window"": 63, ""window"": [-2, 0]}",0.4697,0.03241,-0.0841,37.12,4892,12e28bf,
2026-10-03T11:03:46+00:00,PCT,PCT_base,IS,1.0,72d766e6de,"{""W"": 63, ""clip_hi"": 1.0, ""clip_lo"": -1.0, ""cost_mult"": 1.0, ""cov_window"": 252, ""exec"": ""next_open"", ""extra_delay"": 0, ""gross_cap"": 3.0, ""id_window"": 252, ""legs"": 4, ""mc_paths"": 50000, ""mc_seed"": 20261003, ""measure"": ""R"", ""min_history"": 300, ""raw_scale"": 0.4, ""target_vol"": 0.1, ""tickers"": [""SPY"", ""QQQ"", ""IWM"", ""EFA"", ""EEM"", ""TLT"", ""IEF"", ""LQD"", ""HYG"", ""TIP"", ""GLD"", ""SLV"", ""DBC"", ""UUP"", ""VNQ""], ""trend_lb"": 252, ""variant"": ""base"", ""vol_window"": 63}",0.301,0.04164,-0.3306,24.46,4657,12e28bf,adversarial review: reproduce base
2026-10-03T11:03:46+00:00,PCT,PCT_base,IS,0.0,374181994a,"{""W"": 63, ""clip_hi"": 1.0, ""clip_lo"": -1.0, ""cost_mult"": 0.0, ""cov_window"": 252, ""exec"": ""next_open"", ""extra_delay"": 0, ""gross_cap"": 3.0, ""id_window"": 252, ""legs"": 4, ""mc_paths"": 50000, ""mc_seed"": 20261003, ""measure"": ""R"", ""min_history"": 300, ""raw_scale"": 0.4, ""target_vol"": 0.1, ""tickers"": [""SPY"", ""QQQ"", ""IWM"", ""EFA"", ""EEM"", ""TLT"", ""IEF"", ""LQD"", ""HYG"", ""TIP"", ""GLD"", ""SLV"", ""DBC"", ""UUP"", ""VNQ""], ""trend_lb"": 252, ""variant"": ""base"", ""vol_window"": 63}",0.3855,0.05111,-0.3013,24.46,4657,12e28bf,adversarial review: cost_mult=0 cross-check
2026-10-03T11:03:46+00:00,PCT,PCT_base_xcheck_independent,IS,0.0,bc85d8fd14,"{""cost_mult"": 0.0, ""exec"": ""next_open"", ""variant"": ""independent re-implementation (own MC null seed 12345, 100k)""}",0.3852,0.05108,-0.3014,24.47,4657,12e28bf,"adversarial review: independent weights, gross cross-check (cost_mult=0, not a trial)"
2026-10-03T11:05:01+00:00,IFC,IFC_B_base,IS,1.0,3bb4e466a5,"{""cost_mult"": 1.0, ""exec"": ""next_close"", ""extra_delay"": 0, ""k_fixed"": null, ""liq_after"": 3, ""pressure_len"": 5, ""scale"": 0.1, ""shift"": 0, ""sleeve"": ""B"", ""ticker"": ""SPY"", ""variant"": ""base"", ""vol_window"": 63}",0.1796,0.0273,-0.2149,37.42,4898,12e28bf,
2026-10-03T11:05:01+00:00,IFC,IFC_B_shift_earlier,IS,1.0,cd09ef014a,"{""cost_mult"": 1.0, ""exec"": ""next_close"", ""extra_delay"": 0, ""k_fixed"": null, ""liq_after"": 3, ""pressure_len"": 5, ""scale"": 0.1, ""shift"": -1, ""sleeve"": ""B"", ""ticker"": ""SPY"", ""variant"": ""shift_earlier"", ""vol_window"": 63}",0.0418,0.0156,-0.271,37.41,4899,12e28bf,
2026-10-03T11:05:01+00:00,IFC,IFC_B_shift_later,IS,1.0,168a835fd2,"{""cost_mult"": 1.0, ""exec"": ""next_close"", ""extra_delay"": 0, ""k_fixed"": null, ""liq_after"": 3, ""pressure_len"": 5, ""scale"": 0.1, ""shift"": 1, ""sleeve"": ""B"", ""ticker"": ""SPY"", ""variant"": ""shift_later"", ""vol_window"": 63}",0.3253,0.04,-0.1966,37.37,4897,12e28bf,
2026-10-03T11:05:01+00:00,IFC,IFC_B_fixed_T3,IS,1.0,e97e75dd80,"{""cost_mult"": 1.0, ""exec"": ""next_close"", ""extra_delay"": 0, ""k_fixed"": 3, ""liq_after"": 3, ""pressure_len"": 5, ""scale"": 0.1, ""shift"": 0, ""sleeve"": ""B"", ""ticker"": ""SPY"", ""variant"": ""fixed_T3"", ""vol_window"": 63}",0.2191,0.03093,-0.2149,37.44,4898,12e28bf,
2026-10-03T11:05:01+00:00,IFC,IFC_B_delay_1d,IS,1.0,4d091432f4,"{""cost_mult"": 1.0, ""exec"": ""next_close"", ""extra_delay"": 1, ""k_fixed"": null, ""liq_after"": 3, ""pressure_len"": 5, ""scale"": 0.1, ""shift"": 0, ""sleeve"": ""B"", ""ticker"": ""SPY"", ""variant"": ""delay_1d"", ""vol_window"": 63}",0.3272,0.04034,-0.2027,37.43,4897,12e28bf,
2026-10-03T11:05:02+00:00,IFC,IFC_B_cost_2x,IS,2.0,fc72bbe53f,"{""cost_mult"": 2.0, ""exec"": ""next_close"", ""extra_delay"": 0, ""k_fixed"": null, ""liq_after"": 3, ""pressure_len"": 5, ""scale"": 0.1, ""shift"": 0, ""sleeve"": ""B"", ""ticker"": ""SPY"", ""variant"": ""cost_2x"", ""vol_window"": 63}",0.0453,0.01582,-0.2412,37.42,4898,12e28bf,
2026-10-03T11:07:16+00:00,PCT,PCT_base,IS,1.0,72d766e6de,"{""W"": 63, ""clip_hi"": 1.0, ""clip_lo"": -1.0, ""cost_mult"": 1.0, ""cov_window"": 252, ""exec"": ""next_open"", ""extra_delay"": 0, ""gross_cap"": 3.0, ""id_window"": 252, ""legs"": 4, ""mc_paths"": 50000, ""mc_seed"": 20261003, ""measure"": ""R"", ""min_history"": 300, ""raw_scale"": 0.4, ""target_vol"": 0.1, ""tickers"": [""SPY"", ""QQQ"", ""IWM"", ""EFA"", ""EEM"", ""TLT"", ""IEF"", ""LQD"", ""HYG"", ""TIP"", ""GLD"", ""SLV"", ""DBC"", ""UUP"", ""VNQ""], ""trend_lb"": 252, ""variant"": ""base"", ""vol_window"": 63}",0.301,0.04164,-0.3306,24.46,4657,12e28bf,
2026-10-03T11:07:16+00:00,PCT,PCT_tsmom_benchmark,IS,1.0,80d881bb70,"{""W"": 63, ""clip_hi"": 1.0, ""clip_lo"": -1.0, ""cost_mult"": 1.0, ""cov_window"": 252, ""exec"": ""next_open"", ""extra_delay"": 0, ""gross_cap"": 3.0, ""id_window"": 252, ""legs"": 4, ""mc_paths"": 50000, ""mc_seed"": 20261003, ""measure"": ""none"", ""min_history"": 300, ""raw_scale"": 0.4, ""target_vol"": 0.1, ""tickers"": [""SPY"", ""QQQ"", ""IWM"", ""EFA"", ""EEM"", ""TLT"", ""IEF"", ""LQD"", ""HYG"", ""TIP"", ""GLD"", ""SLV"", ""DBC"", ""UUP"", ""VNQ""], ""trend_lb"": 252, ""variant"": ""tsmom_benchmark"", ""vol_window"": 63}",0.443,0.05841,-0.2111,11.97,4657,12e28bf,
2026-10-03T11:07:17+00:00,PCT,PCT_id_variant,IS,1.0,1767a7b247,"{""W"": 63, ""clip_hi"": 1.0, ""clip_lo"": -1.0, ""cost_mult"": 1.0, ""cov_window"": 252, ""exec"": ""next_open"", ""extra_delay"": 0, ""gross_cap"": 3.0, ""id_window"": 252, ""legs"": 4, ""mc_paths"": 50000, ""mc_seed"": 20261003, ""measure"": ""ID"", ""min_history"": 300, ""raw_scale"": 0.4, ""target_vol"": 0.1, ""tickers"": [""SPY"", ""QQQ"", ""IWM"", ""EFA"", ""EEM"", ""TLT"", ""IEF"", ""LQD"", ""HYG"", ""TIP"", ""GLD"", ""SLV"", ""DBC"", ""UUP"", ""VNQ""], ""trend_lb"": 252, ""variant"": ""id_variant"", ""vol_window"": 63}",0.5727,0.07508,-0.2826,10.97,4657,12e28bf,
2026-10-03T11:07:17+00:00,PCT,PCT_W42_6legs,IS,1.0,5c3116a236,"{""W"": 42, ""clip_hi"": 1.0, ""clip_lo"": -1.0, ""cost_mult"": 1.0, ""cov_window"": 252, ""exec"": ""next_open"", ""extra_delay"": 0, ""gross_cap"": 3.0, ""id_window"": 252, ""legs"": 6, ""mc_paths"": 50000, ""mc_seed"": 20261003, ""measure"": ""R"", ""min_history"": 300, ""raw_scale"": 0.4, ""target_vol"": 0.1, ""tickers"": [""SPY"", ""QQQ"", ""IWM"", ""EFA"", ""EEM"", ""TLT"", ""IEF"", ""LQD"", ""HYG"", ""TIP"", ""GLD"", ""SLV"", ""DBC"", ""UUP"", ""VNQ""], ""trend_lb"": 252, ""variant"": ""W42_6legs"", ""vol_window"": 63}",0.1312,0.02306,-0.3325,25.0,4657,12e28bf,
2026-10-03T11:07:18+00:00,PCT,PCT_W126_2legs,IS,1.0,95ff29ff75,"{""W"": 126, ""clip_hi"": 1.0, ""clip_lo"": -1.0, ""cost_mult"": 1.0, ""cov_window"": 252, ""exec"": ""next_open"", ""extra_delay"": 0, ""gross_cap"": 3.0, ""id_window"": 252, ""legs"": 2, ""mc_paths"": 50000, ""mc_seed"": 20261003, ""measure"": ""R"", ""min_history"": 300, ""raw_scale"": 0.4, ""target_vol"": 0.1, ""tickers"": [""SPY"", ""QQQ"", ""IWM"", ""EFA"", ""EEM"", ""TLT"", ""IEF"", ""LQD"", ""HYG"", ""TIP"", ""GLD"", ""SLV"", ""DBC"", ""UUP"", ""VNQ""], ""trend_lb"": 252, ""variant"": ""W126_2legs"", ""vol_window"": 63}",0.3836,0.05252,-0.2856,23.44,4657,12e28bf,
2026-10-03T11:07:18+00:00,PCT,PCT_trend126,IS,1.0,836ac8594f,"{""W"": 63, ""clip_hi"": 1.0, ""clip_lo"": -1.0, ""cost_mult"": 1.0, ""cov_window"": 252, ""exec"": ""next_open"", ""extra_delay"": 0, ""gross_cap"": 3.0, ""id_window"": 252, ""legs"": 4, ""mc_paths"": 50000, ""mc_seed"": 20261003, ""measure"": ""R"", ""min_history"": 300, ""raw_scale"": 0.4, ""target_vol"": 0.1, ""tickers"": [""SPY"", ""QQQ"", ""IWM"", ""EFA"", ""EEM"", ""TLT"", ""IEF"", ""LQD"", ""HYG"", ""TIP"", ""GLD"", ""SLV"", ""DBC"", ""UUP"", ""VNQ""], ""trend_lb"": 126, ""variant"": ""trend126"", ""vol_window"": 63}",0.2687,0.03882,-0.2313,26.37,4657,12e28bf,
2026-10-03T11:07:19+00:00,PCT,PCT_clip05,IS,1.0,e66d33253b,"{""W"": 63, ""clip_hi"": 0.5, ""clip_lo"": -0.5, ""cost_mult"": 1.0, ""cov_window"": 252, ""exec"": ""next_open"", ""extra_delay"": 0, ""gross_cap"": 3.0, ""id_window"": 252, ""legs"": 4, ""mc_paths"": 50000, ""mc_seed"": 20261003, ""measure"": ""R"", ""min_history"": 300, ""raw_scale"": 0.4, ""target_vol"": 0.1, ""tickers"": [""SPY"", ""QQQ"", ""IWM"", ""EFA"", ""EEM"", ""TLT"", ""IEF"", ""LQD"", ""HYG"", ""TIP"", ""GLD"", ""SLV"", ""DBC"", ""UUP"", ""VNQ""], ""trend_lb"": 252, ""variant"": ""clip05"", ""vol_window"": 63}",0.396,0.05265,-0.2744,18.06,4657,12e28bf,
2026-10-03T11:07:19+00:00,PCT,PCT_clip2,IS,1.0,c3f09965e1,"{""W"": 63, ""clip_hi"": 2.0, ""clip_lo"": -2.0, ""cost_mult"": 1.0, ""cov_window"": 252, ""exec"": ""next_open"", ""extra_delay"": 0, ""gross_cap"": 3.0, ""id_window"": 252, ""legs"": 4, ""mc_paths"": 50000, ""mc_seed"": 20261003, ""measure"": ""R"", ""min_history"": 300, ""raw_scale"": 0.4, ""target_vol"": 0.1, ""tickers"": [""SPY"", ""QQQ"", ""IWM"", ""EFA"", ""EEM"", ""TLT"", ""IEF"", ""LQD"", ""HYG"", ""TIP"", ""GLD"", ""SLV"", ""DBC"", ""UUP"", ""VNQ""], ""trend_lb"": 252, ""variant"": ""clip2"", ""vol_window"": 63}",0.3021,0.04168,-0.339,24.64,4657,12e28bf,
2026-10-03T11:07:20+00:00,PCT,PCT_vol126,IS,1.0,17bde53df1,"{""W"": 63, ""clip_hi"": 1.0, ""clip_lo"": -1.0, ""cost_mult"": 1.0, ""cov_window"": 252, ""exec"": ""next_open"", ""extra_delay"": 0, ""gross_cap"": 3.0, ""id_window"": 252, ""legs"": 4, ""mc_paths"": 50000, ""mc_seed"": 20261003, ""measure"": ""R"", ""min_history"": 300, ""raw_scale"": 0.4, ""target_vol"": 0.1, ""tickers"": [""SPY"", ""QQQ"", ""IWM"", ""EFA"", ""EEM"", ""TLT"", ""IEF"", ""LQD"", ""HYG"", ""TIP"", ""GLD"", ""SLV"", ""DBC"", ""UUP"", ""VNQ""], ""trend_lb"": 252, ""variant"": ""vol126"", ""vol_window"": 126}",0.2723,0.03856,-0.3416,24.66,4657,12e28bf,
2026-10-03T11:07:20+00:00,PCT,PCT_delay1,IS,1.0,879835f67d,"{""W"": 63, ""clip_hi"": 1.0, ""clip_lo"": -1.0, ""cost_mult"": 1.0, ""cov_window"": 252, ""exec"": ""next_open"", ""extra_delay"": 1, ""gross_cap"": 3.0, ""id_window"": 252, ""legs"": 4, ""mc_paths"": 50000, ""mc_seed"": 20261003, ""measure"": ""R"", ""min_history"": 300, ""raw_scale"": 0.4, ""target_vol"": 0.1, ""tickers"": [""SPY"", ""QQQ"", ""IWM"", ""EFA"", ""EEM"", ""TLT"", ""IEF"", ""LQD"", ""HYG"", ""TIP"", ""GLD"", ""SLV"", ""DBC"", ""UUP"", ""VNQ""], ""trend_lb"": 252, ""variant"": ""delay1"", ""vol_window"": 63}",0.2676,0.038,-0.3676,24.5,4656,12e28bf,
2026-10-03T11:07:21+00:00,PCT,PCT_cost2x,IS,2.0,248310dc82,"{""W"": 63, ""clip_hi"": 1.0, ""clip_lo"": -1.0, ""cost_mult"": 2.0, ""cov_window"": 252, ""exec"": ""next_open"", ""extra_delay"": 0, ""gross_cap"": 3.0, ""id_window"": 252, ""legs"": 4, ""mc_paths"": 50000, ""mc_seed"": 20261003, ""measure"": ""R"", ""min_history"": 300, ""raw_scale"": 0.4, ""target_vol"": 0.1, ""tickers"": [""SPY"", ""QQQ"", ""IWM"", ""EFA"", ""EEM"", ""TLT"", ""IEF"", ""LQD"", ""HYG"", ""TIP"", ""GLD"", ""SLV"", ""DBC"", ""UUP"", ""VNQ""], ""trend_lb"": 252, ""variant"": ""cost2x"", ""vol_window"": 63}",0.2163,0.03226,-0.3587,24.46,4657,12e28bf,
2026-10-03T11:08:12+00:00,IFC,IFC_C_base,IS,1.0,d9a024e0ed,"{""cap"": 2.0, ""cost_mult"": 1.0, ""exec"": ""next_close"", ""extra_delay"": 0, ""issuance_sizing"": true, ""median_months"": 12, ""q_clip"": [0.5, 2.0], ""scale"": 0.1, ""sleeve"": ""C"", ""ticker"": ""IEF"", ""variant"": ""base"", ""vol_window"": 63, ""window"": [-2, 0]}",0.7765,0.04397,-0.0776,37.12,4892,12e28bf,reviewer xcheck (module weights)
2026-10-03T11:08:12+00:00,IFC,IFC_C_base,IS,1.0,d9a024e0ed,"{""cap"": 2.0, ""cost_mult"": 1.0, ""exec"": ""next_close"", ""extra_delay"": 0, ""issuance_sizing"": true, ""median_months"": 12, ""q_clip"": [0.5, 2.0], ""scale"": 0.1, ""sleeve"": ""C"", ""ticker"": ""IEF"", ""variant"": ""base"", ""vol_window"": 63, ""window"": [-2, 0]}",0.7777,0.04401,-0.0776,37.01,4892,12e28bf,reviewer xcheck (independent weights)
2026-10-03T11:08:46+00:00,IFC,IFC_C_base,IS,1.0,d9a024e0ed,"{""cap"": 2.0, ""cost_mult"": 1.0, ""exec"": ""next_close"", ""extra_delay"": 0, ""issuance_sizing"": true, ""median_months"": 12, ""q_clip"": [0.5, 2.0], ""scale"": 0.1, ""sleeve"": ""C"", ""ticker"": ""IEF"", ""variant"": ""base"", ""vol_window"": 63, ""window"": [-2, 0]}",0.7765,0.04397,-0.0776,37.12,4892,12e28bf,reviewer xcheck (module weights)
2026-10-03T11:08:46+00:00,IFC,IFC_C_base,IS,1.0,d9a024e0ed,"{""cap"": 2.0, ""cost_mult"": 1.0, ""exec"": ""next_close"", ""extra_delay"": 0, ""issuance_sizing"": true, ""median_months"": 12, ""q_clip"": [0.5, 2.0], ""scale"": 0.1, ""sleeve"": ""C"", ""ticker"": ""IEF"", ""variant"": ""base"", ""vol_window"": 63, ""window"": [-2, 0]}",0.7634,0.04357,-0.0858,37.15,4892,12e28bf,reviewer xcheck (independent weights)
2026-10-03T11:09:23+00:00,IFC,IFC_C_base,IS,1.0,d9a024e0ed,"{""cap"": 2.0, ""cost_mult"": 1.0, ""exec"": ""next_close"", ""extra_delay"": 0, ""issuance_sizing"": true, ""median_months"": 12, ""q_clip"": [0.5, 2.0], ""scale"": 0.1, ""sleeve"": ""C"", ""ticker"": ""IEF"", ""variant"": ""base"", ""vol_window"": 63, ""window"": [-2, 0]}",0.7765,0.04397,-0.0776,37.12,4892,12e28bf,reviewer xcheck (module weights)
2026-10-03T11:09:23+00:00,IFC,IFC_C_base,IS,1.0,d9a024e0ed,"{""cap"": 2.0, ""cost_mult"": 1.0, ""exec"": ""next_close"", ""extra_delay"": 0, ""issuance_sizing"": true, ""median_months"": 12, ""q_clip"": [0.5, 2.0], ""scale"": 0.1, ""sleeve"": ""C"", ""ticker"": ""IEF"", ""variant"": ""base"", ""vol_window"": 63, ""window"": [-2, 0]}",0.7765,0.04397,-0.0776,37.12,4892,12e28bf,reviewer xcheck (independent weights)
2026-10-03T11:09:38+00:00,IFC,IFC_C_base,IS,1.0,d9a024e0ed,"{""cap"": 2.0, ""cost_mult"": 1.0, ""exec"": ""next_close"", ""extra_delay"": 0, ""issuance_sizing"": true, ""median_months"": 12, ""q_clip"": [0.5, 2.0], ""scale"": 0.1, ""sleeve"": ""C"", ""ticker"": ""IEF"", ""variant"": ""base"", ""vol_window"": 63, ""window"": [-2, 0]}",0.7765,0.04397,-0.0776,37.12,4892,12e28bf,reviewer xcheck (module weights)
2026-10-03T11:09:38+00:00,IFC,IFC_C_base,IS,1.0,d9a024e0ed,"{""cap"": 2.0, ""cost_mult"": 1.0, ""exec"": ""next_close"", ""extra_delay"": 0, ""issuance_sizing"": true, ""median_months"": 12, ""q_clip"": [0.5, 2.0], ""scale"": 0.1, ""sleeve"": ""C"", ""ticker"": ""IEF"", ""variant"": ""base"", ""vol_window"": 63, ""window"": [-2, 0]}",0.7765,0.04397,-0.0776,37.12,4892,12e28bf,reviewer xcheck (independent weights)
2026-10-03T11:10:56+00:00,IFC,IFC_C_base,IS,1.0,d9a024e0ed,"{""cap"": 2.0, ""cost_mult"": 1.0, ""exec"": ""next_close"", ""extra_delay"": 0, ""issuance_sizing"": true, ""median_months"": 12, ""q_clip"": [0.5, 2.0], ""scale"": 0.1, ""sleeve"": ""C"", ""ticker"": ""IEF"", ""variant"": ""base"", ""vol_window"": 63, ""window"": [-2, 0]}",0.7765,0.04397,-0.0776,37.12,4892,12e28bf,
2026-10-03T11:10:57+00:00,IFC,IFC_C_window2,IS,1.0,39fe37cf1f,"{""cap"": 2.0, ""cost_mult"": 1.0, ""exec"": ""next_close"", ""extra_delay"": 0, ""issuance_sizing"": true, ""median_months"": 12, ""q_clip"": [0.5, 2.0], ""scale"": 0.1, ""sleeve"": ""C"", ""ticker"": ""IEF"", ""variant"": ""window2"", ""vol_window"": 63, ""window"": [-1, 0]}",0.5845,0.03273,-0.0672,37.0,4891,12e28bf,
2026-10-03T11:10:57+00:00,IFC,IFC_C_window4,IS,1.0,2b7626a328,"{""cap"": 2.0, ""cost_mult"": 1.0, ""exec"": ""next_close"", ""extra_delay"": 0, ""issuance_sizing"": true, ""median_months"": 12, ""q_clip"": [0.5, 2.0], ""scale"": 0.1, ""sleeve"": ""C"", ""ticker"": ""IEF"", ""variant"": ""window4"", ""vol_window"": 63, ""window"": [-3, 0]}",0.6414,0.04252,-0.0936,37.03,4893,12e28bf,
2026-10-03T11:10:57+00:00,IFC,IFC_C_shift_early,IS,1.0,702f2a5edc,"{""cap"": 2.0, ""cost_mult"": 1.0, ""exec"": ""next_close"", ""extra_delay"": 0, ""issuance_sizing"": true, ""median_months"": 12, ""q_clip"": [0.5, 2.0], ""scale"": 0.1, ""sleeve"": ""C"", ""ticker"": ""IEF"", ""variant"": ""shift_early"", ""vol_window"": 63, ""window"": [-3, -1]}",0.3146,0.02669,-0.0692,37.0,4893,12e28bf,
2026-10-03T11:10:57+00:00,IFC,IFC_C_shift_late,IS,1.0,674fc7fd00,"{""cap"": 2.0, ""cost_mult"": 1.0, ""exec"": ""next_close"", ""extra_delay"": 0, ""issuance_sizing"": true, ""median_months"": 12, ""q_clip"": [0.5, 2.0], ""scale"": 0.1, ""sleeve"": ""C"", ""ticker"": ""IEF"", ""variant"": ""shift_late"", ""vol_window"": 63, ""window"": [-1, 1]}",0.4642,0.03339,-0.1156,37.04,4891,12e28bf,
2026-10-03T11:10:57+00:00,IFC,IFC_C_q1,IS,1.0,fb47145c73,"{""cap"": 2.0, ""cost_mult"": 1.0, ""exec"": ""next_close"", ""extra_delay"": 0, ""issuance_sizing"": false, ""median_months"": 12, ""q_clip"": [0.5, 2.0], ""scale"": 0.1, ""sleeve"": ""C"", ""ticker"": ""IEF"", ""variant"": ""q1"", ""vol_window"": 63, ""window"": [-2, 0]}",0.7861,0.0435,-0.0573,38.86,4892,12e28bf,
2026-10-03T11:10:57+00:00,IFC,IFC_C_delay_1d,IS,1.0,f8d1cbd211,"{""cap"": 2.0, ""cost_mult"": 1.0, ""exec"": ""next_close"", ""extra_delay"": 1, ""issuance_sizing"": true, ""median_months"": 12, ""q_clip"": [0.5, 2.0], ""scale"": 0.1, ""sleeve"": ""C"", ""ticker"": ""IEF"", ""variant"": ""delay_1d"", ""vol_window"": 63, ""window"": [-2, 0]}",0.459,0.03318,-0.1153,37.13,4891,12e28bf,
2026-10-03T11:10:58+00:00,IFC,IFC_C_cost_2x,IS,2.0,bfb44d67d5,"{""cap"": 2.0, ""cost_mult"": 2.0, ""exec"": ""next_close"", ""extra_delay"": 0, ""issuance_sizing"": true, ""median_months"": 12, ""q_clip"": [0.5, 2.0], ""scale"": 0.1, ""sleeve"": ""C"", ""ticker"": ""IEF"", ""variant"": ""cost_2x"", ""vol_window"": 63, ""window"": [-2, 0]}",0.4697,0.03241,-0.0841,37.12,4892,12e28bf,
2026-10-03T11:11:02+00:00,PCT,PCT_base,IS,1.0,72d766e6de,"{""W"": 63, ""clip_hi"": 1.0, ""clip_lo"": -1.0, ""cost_mult"": 1.0, ""cov_window"": 252, ""exec"": ""next_open"", ""extra_delay"": 0, ""gross_cap"": 3.0, ""id_window"": 252, ""legs"": 4, ""mc_paths"": 50000, ""mc_seed"": 20261003, ""measure"": ""R"", ""min_history"": 300, ""raw_scale"": 0.4, ""target_vol"": 0.1, ""tickers"": [""SPY"", ""QQQ"", ""IWM"", ""EFA"", ""EEM"", ""TLT"", ""IEF"", ""LQD"", ""HYG"", ""TIP"", ""GLD"", ""SLV"", ""DBC"", ""UUP"", ""VNQ""], ""trend_lb"": 252, ""variant"": ""base"", ""vol_window"": 63}",0.301,0.04164,-0.3306,24.46,4657,12e28bf,
2026-10-03T11:11:12+00:00,PCT,PCT_tsmom_benchmark,IS,1.0,80d881bb70,"{""W"": 63, ""clip_hi"": 1.0, ""clip_lo"": -1.0, ""cost_mult"": 1.0, ""cov_window"": 252, ""exec"": ""next_open"", ""extra_delay"": 0, ""gross_cap"": 3.0, ""id_window"": 252, ""legs"": 4, ""mc_paths"": 50000, ""mc_seed"": 20261003, ""measure"": ""none"", ""min_history"": 300, ""raw_scale"": 0.4, ""target_vol"": 0.1, ""tickers"": [""SPY"", ""QQQ"", ""IWM"", ""EFA"", ""EEM"", ""TLT"", ""IEF"", ""LQD"", ""HYG"", ""TIP"", ""GLD"", ""SLV"", ""DBC"", ""UUP"", ""VNQ""], ""trend_lb"": 252, ""variant"": ""tsmom_benchmark"", ""vol_window"": 63}",0.443,0.05841,-0.2111,11.97,4657,12e28bf,
2026-10-03T11:11:12+00:00,PCT,PCT_id_variant,IS,1.0,1767a7b247,"{""W"": 63, ""clip_hi"": 1.0, ""clip_lo"": -1.0, ""cost_mult"": 1.0, ""cov_window"": 252, ""exec"": ""next_open"", ""extra_delay"": 0, ""gross_cap"": 3.0, ""id_window"": 252, ""legs"": 4, ""mc_paths"": 50000, ""mc_seed"": 20261003, ""measure"": ""ID"", ""min_history"": 300, ""raw_scale"": 0.4, ""target_vol"": 0.1, ""tickers"": [""SPY"", ""QQQ"", ""IWM"", ""EFA"", ""EEM"", ""TLT"", ""IEF"", ""LQD"", ""HYG"", ""TIP"", ""GLD"", ""SLV"", ""DBC"", ""UUP"", ""VNQ""], ""trend_lb"": 252, ""variant"": ""id_variant"", ""vol_window"": 63}",0.5727,0.07508,-0.2826,10.97,4657,12e28bf,
2026-10-03T11:11:25+00:00,PCT,PCT_W42_6legs,IS,1.0,5c3116a236,"{""W"": 42, ""clip_hi"": 1.0, ""clip_lo"": -1.0, ""cost_mult"": 1.0, ""cov_window"": 252, ""exec"": ""next_open"", ""extra_delay"": 0, ""gross_cap"": 3.0, ""id_window"": 252, ""legs"": 6, ""mc_paths"": 50000, ""mc_seed"": 20261003, ""measure"": ""R"", ""min_history"": 300, ""raw_scale"": 0.4, ""target_vol"": 0.1, ""tickers"": [""SPY"", ""QQQ"", ""IWM"", ""EFA"", ""EEM"", ""TLT"", ""IEF"", ""LQD"", ""HYG"", ""TIP"", ""GLD"", ""SLV"", ""DBC"", ""UUP"", ""VNQ""], ""trend_lb"": 252, ""variant"": ""W42_6legs"", ""vol_window"": 63}",0.1312,0.02306,-0.3325,25.0,4657,12e28bf,
2026-10-03T11:11:25+00:00,PCT,PCT_W126_2legs,IS,1.0,95ff29ff75,"{""W"": 126, ""clip_hi"": 1.0, ""clip_lo"": -1.0, ""cost_mult"": 1.0, ""cov_window"": 252, ""exec"": ""next_open"", ""extra_delay"": 0, ""gross_cap"": 3.0, ""id_window"": 252, ""legs"": 2, ""mc_paths"": 50000, ""mc_seed"": 20261003, ""measure"": ""R"", ""min_history"": 300, ""raw_scale"": 0.4, ""target_vol"": 0.1, ""tickers"": [""SPY"", ""QQQ"", ""IWM"", ""EFA"", ""EEM"", ""TLT"", ""IEF"", ""LQD"", ""HYG"", ""TIP"", ""GLD"", ""SLV"", ""DBC"", ""UUP"", ""VNQ""], ""trend_lb"": 252, ""variant"": ""W126_2legs"", ""vol_window"": 63}",0.3836,0.05252,-0.2856,23.44,4657,12e28bf,
2026-10-03T11:11:26+00:00,PCT,PCT_trend126,IS,1.0,836ac8594f,"{""W"": 63, ""clip_hi"": 1.0, ""clip_lo"": -1.0, ""cost_mult"": 1.0, ""cov_window"": 252, ""exec"": ""next_open"", ""extra_delay"": 0, ""gross_cap"": 3.0, ""id_window"": 252, ""legs"": 4, ""mc_paths"": 50000, ""mc_seed"": 20261003, ""measure"": ""R"", ""min_history"": 300, ""raw_scale"": 0.4, ""target_vol"": 0.1, ""tickers"": [""SPY"", ""QQQ"", ""IWM"", ""EFA"", ""EEM"", ""TLT"", ""IEF"", ""LQD"", ""HYG"", ""TIP"", ""GLD"", ""SLV"", ""DBC"", ""UUP"", ""VNQ""], ""trend_lb"": 126, ""variant"": ""trend126"", ""vol_window"": 63}",0.2687,0.03882,-0.2313,26.37,4657,12e28bf,
2026-10-03T11:11:26+00:00,PCT,PCT_clip05,IS,1.0,e66d33253b,"{""W"": 63, ""clip_hi"": 0.5, ""clip_lo"": -0.5, ""cost_mult"": 1.0, ""cov_window"": 252, ""exec"": ""next_open"", ""extra_delay"": 0, ""gross_cap"": 3.0, ""id_window"": 252, ""legs"": 4, ""mc_paths"": 50000, ""mc_seed"": 20261003, ""measure"": ""R"", ""min_history"": 300, ""raw_scale"": 0.4, ""target_vol"": 0.1, ""tickers"": [""SPY"", ""QQQ"", ""IWM"", ""EFA"", ""EEM"", ""TLT"", ""IEF"", ""LQD"", ""HYG"", ""TIP"", ""GLD"", ""SLV"", ""DBC"", ""UUP"", ""VNQ""], ""trend_lb"": 252, ""variant"": ""clip05"", ""vol_window"": 63}",0.396,0.05265,-0.2744,18.06,4657,12e28bf,
2026-10-03T11:11:27+00:00,PCT,PCT_clip2,IS,1.0,c3f09965e1,"{""W"": 63, ""clip_hi"": 2.0, ""clip_lo"": -2.0, ""cost_mult"": 1.0, ""cov_window"": 252, ""exec"": ""next_open"", ""extra_delay"": 0, ""gross_cap"": 3.0, ""id_window"": 252, ""legs"": 4, ""mc_paths"": 50000, ""mc_seed"": 20261003, ""measure"": ""R"", ""min_history"": 300, ""raw_scale"": 0.4, ""target_vol"": 0.1, ""tickers"": [""SPY"", ""QQQ"", ""IWM"", ""EFA"", ""EEM"", ""TLT"", ""IEF"", ""LQD"", ""HYG"", ""TIP"", ""GLD"", ""SLV"", ""DBC"", ""UUP"", ""VNQ""], ""trend_lb"": 252, ""variant"": ""clip2"", ""vol_window"": 63}",0.3021,0.04168,-0.339,24.64,4657,12e28bf,
2026-10-03T11:11:27+00:00,PCT,PCT_vol126,IS,1.0,17bde53df1,"{""W"": 63, ""clip_hi"": 1.0, ""clip_lo"": -1.0, ""cost_mult"": 1.0, ""cov_window"": 252, ""exec"": ""next_open"", ""extra_delay"": 0, ""gross_cap"": 3.0, ""id_window"": 252, ""legs"": 4, ""mc_paths"": 50000, ""mc_seed"": 20261003, ""measure"": ""R"", ""min_history"": 300, ""raw_scale"": 0.4, ""target_vol"": 0.1, ""tickers"": [""SPY"", ""QQQ"", ""IWM"", ""EFA"", ""EEM"", ""TLT"", ""IEF"", ""LQD"", ""HYG"", ""TIP"", ""GLD"", ""SLV"", ""DBC"", ""UUP"", ""VNQ""], ""trend_lb"": 252, ""variant"": ""vol126"", ""vol_window"": 126}",0.2723,0.03856,-0.3416,24.66,4657,12e28bf,
2026-10-03T11:11:28+00:00,PCT,PCT_delay1,IS,1.0,879835f67d,"{""W"": 63, ""clip_hi"": 1.0, ""clip_lo"": -1.0, ""cost_mult"": 1.0, ""cov_window"": 252, ""exec"": ""next_open"", ""extra_delay"": 1, ""gross_cap"": 3.0, ""id_window"": 252, ""legs"": 4, ""mc_paths"": 50000, ""mc_seed"": 20261003, ""measure"": ""R"", ""min_history"": 300, ""raw_scale"": 0.4, ""target_vol"": 0.1, ""tickers"": [""SPY"", ""QQQ"", ""IWM"", ""EFA"", ""EEM"", ""TLT"", ""IEF"", ""LQD"", ""HYG"", ""TIP"", ""GLD"", ""SLV"", ""DBC"", ""UUP"", ""VNQ""], ""trend_lb"": 252, ""variant"": ""delay1"", ""vol_window"": 63}",0.2676,0.038,-0.3676,24.5,4656,12e28bf,
2026-10-03T11:11:28+00:00,PCT,PCT_cost2x,IS,2.0,248310dc82,"{""W"": 63, ""clip_hi"": 1.0, ""clip_lo"": -1.0, ""cost_mult"": 2.0, ""cov_window"": 252, ""exec"": ""next_open"", ""extra_delay"": 0, ""gross_cap"": 3.0, ""id_window"": 252, ""legs"": 4, ""mc_paths"": 50000, ""mc_seed"": 20261003, ""measure"": ""R"", ""min_history"": 300, ""raw_scale"": 0.4, ""target_vol"": 0.1, ""tickers"": [""SPY"", ""QQQ"", ""IWM"", ""EFA"", ""EEM"", ""TLT"", ""IEF"", ""LQD"", ""HYG"", ""TIP"", ""GLD"", ""SLV"", ""DBC"", ""UUP"", ""VNQ""], ""trend_lb"": 252, ""variant"": ""cost2x"", ""vol_window"": 63}",0.2163,0.03226,-0.3587,24.46,4657,12e28bf,
2026-10-03T11:17:11+00:00,IFC,IFC_C_base,IS,1.0,2ae170608d,"{""calendar"": ""ex_ante"", ""cap"": 2.0, ""cost_mult"": 1.0, ""exec"": ""next_close"", ""extra_delay"": 0, ""issuance_sizing"": true, ""median_months"": 12, ""q_clip"": [0.5, 2.0], ""scale"": 0.1, ""sleeve"": ""C"", ""ticker"": ""IEF"", ""variant"": ""base"", ""vol_window"": 63, ""window"": [-2, 0]}",0.7723,0.04369,-0.0776,37.12,4892,12e28bf,
2026-10-03T11:17:11+00:00,IFC,IFC_C_window2,IS,1.0,9af230379a,"{""calendar"": ""ex_ante"", ""cap"": 2.0, ""cost_mult"": 1.0, ""exec"": ""next_close"", ""extra_delay"": 0, ""issuance_sizing"": true, ""median_months"": 12, ""q_clip"": [0.5, 2.0], ""scale"": 0.1, ""sleeve"": ""C"", ""ticker"": ""IEF"", ""variant"": ""window2"", ""vol_window"": 63, ""window"": [-1, 0]}",0.5535,0.03169,-0.0672,36.79,4891,12e28bf,
2026-10-03T11:17:11+00:00,IFC,IFC_C_window4,IS,1.0,a6ba5552c3,"{""calendar"": ""ex_ante"", ""cap"": 2.0, ""cost_mult"": 1.0, ""exec"": ""next_close"", ""extra_delay"": 0, ""issuance_sizing"": true, ""median_months"": 12, ""q_clip"": [0.5, 2.0], ""scale"": 0.1, ""sleeve"": ""C"", ""ticker"": ""IEF"", ""variant"": ""window4"", ""vol_window"": 63, ""window"": [-3, 0]}",0.6564,0.04314,-0.0936,37.03,4893,12e28bf,
2026-10-03T11:17:11+00:00,IFC,IFC_C_shift_early,IS,1.0,052eb02da6,"{""calendar"": ""ex_ante"", ""cap"": 2.0, ""cost_mult"": 1.0, ""exec"": ""next_close"", ""extra_delay"": 0, ""issuance_sizing"": true, ""median_months"": 12, ""q_clip"": [0.5, 2.0], ""scale"": 0.1, ""sleeve"": ""C"", ""ticker"": ""IEF"", ""variant"": ""shift_early"", ""vol_window"": 63, ""window"": [-3, -1]}",0.3423,0.02773,-0.0692,37.0,4893,12e28bf,
2026-10-03T11:17:12+00:00,IFC,IFC_C_shift_late,IS,1.0,645aa72150,"{""calendar"": ""ex_ante"", ""cap"": 2.0, ""cost_mult"": 1.0, ""exec"": ""next_close"", ""extra_delay"": 0, ""issuance_sizing"": true, ""median_months"": 12, ""q_clip"": [0.5, 2.0], ""scale"": 0.1, ""sleeve"": ""C"", ""ticker"": ""IEF"", ""variant"": ""shift_late"", ""vol_window"": 63, ""window"": [-1, 1]}",0.4383,0.03228,-0.1156,37.04,4891,12e28bf,
2026-10-03T11:17:12+00:00,IFC,IFC_C_q1,IS,1.0,2ef0f47f24,"{""calendar"": ""ex_ante"", ""cap"": 2.0, ""cost_mult"": 1.0, ""exec"": ""next_close"", ""extra_delay"": 0, ""issuance_sizing"": false, ""median_months"": 12, ""q_clip"": [0.5, 2.0], ""scale"": 0.1, ""sleeve"": ""C"", ""ticker"": ""IEF"", ""variant"": ""q1"", ""vol_window"": 63, ""window"": [-2, 0]}",0.7823,0.04325,-0.0573,38.86,4892,12e28bf,
2026-10-03T11:17:12+00:00,IFC,IFC_C_delay_1d,IS,1.0,f65ce0bfb2,"{""calendar"": ""ex_ante"", ""cap"": 2.0, ""cost_mult"": 1.0, ""exec"": ""next_close"", ""extra_delay"": 1, ""issuance_sizing"": true, ""median_months"": 12, ""q_clip"": [0.5, 2.0], ""scale"": 0.1, ""sleeve"": ""C"", ""ticker"": ""IEF"", ""variant"": ""delay_1d"", ""vol_window"": 63, ""window"": [-2, 0]}",0.433,0.03207,-0.1153,37.13,4891,12e28bf,
2026-10-03T11:17:12+00:00,IFC,IFC_C_cost_2x,IS,2.0,008a3343ef,"{""calendar"": ""ex_ante"", ""cap"": 2.0, ""cost_mult"": 2.0, ""exec"": ""next_close"", ""extra_delay"": 0, ""issuance_sizing"": true, ""median_months"": 12, ""q_clip"": [0.5, 2.0], ""scale"": 0.1, ""sleeve"": ""C"", ""ticker"": ""IEF"", ""variant"": ""cost_2x"", ""vol_window"": 63, ""window"": [-2, 0]}",0.4643,0.03213,-0.0841,37.12,4892,12e28bf,
2026-10-03T11:17:56+00:00,IFC,IFC_C_base,IS,1.0,2ae170608d,"{""calendar"": ""ex_ante"", ""cap"": 2.0, ""cost_mult"": 1.0, ""exec"": ""next_close"", ""extra_delay"": 0, ""issuance_sizing"": true, ""median_months"": 12, ""q_clip"": [0.5, 2.0], ""scale"": 0.1, ""sleeve"": ""C"", ""ticker"": ""IEF"", ""variant"": ""base"", ""vol_window"": 63, ""window"": [-2, 0]}",0.7723,0.04369,-0.0776,37.12,4892,12e28bf,reviewer xcheck (module weights) sandy
2026-10-03T11:17:56+00:00,IFC,IFC_C_base,IS,1.0,2ae170608d,"{""calendar"": ""ex_ante"", ""cap"": 2.0, ""cost_mult"": 1.0, ""exec"": ""next_close"", ""extra_delay"": 0, ""issuance_sizing"": true, ""median_months"": 12, ""q_clip"": [0.5, 2.0], ""scale"": 0.1, ""sleeve"": ""C"", ""ticker"": ""IEF"", ""variant"": ""base"", ""vol_window"": 63, ""window"": [-2, 0]}",0.7723,0.04369,-0.0776,37.12,4892,12e28bf,reviewer xcheck (independent weights) sandy
2026-10-03T11:18:15+00:00,IFC,IFC_C_base,IS,1.0,2ae170608d,"{""calendar"": ""ex_ante"", ""cap"": 2.0, ""cost_mult"": 1.0, ""exec"": ""next_close"", ""extra_delay"": 0, ""issuance_sizing"": true, ""median_months"": 12, ""q_clip"": [0.5, 2.0], ""scale"": 0.1, ""sleeve"": ""C"", ""ticker"": ""IEF"", ""variant"": ""base"", ""vol_window"": 63, ""window"": [-2, 0]}",0.7723,0.04369,-0.0776,37.12,4892,12e28bf,
2026-10-03T11:18:15+00:00,IFC,IFC_C_window2,IS,1.0,9af230379a,"{""calendar"": ""ex_ante"", ""cap"": 2.0, ""cost_mult"": 1.0, ""exec"": ""next_close"", ""extra_delay"": 0, ""issuance_sizing"": true, ""median_months"": 12, ""q_clip"": [0.5, 2.0], ""scale"": 0.1, ""sleeve"": ""C"", ""ticker"": ""IEF"", ""variant"": ""window2"", ""vol_window"": 63, ""window"": [-1, 0]}",0.5535,0.03169,-0.0672,36.79,4891,12e28bf,
2026-10-03T11:18:15+00:00,IFC,IFC_C_window4,IS,1.0,a6ba5552c3,"{""calendar"": ""ex_ante"", ""cap"": 2.0, ""cost_mult"": 1.0, ""exec"": ""next_close"", ""extra_delay"": 0, ""issuance_sizing"": true, ""median_months"": 12, ""q_clip"": [0.5, 2.0], ""scale"": 0.1, ""sleeve"": ""C"", ""ticker"": ""IEF"", ""variant"": ""window4"", ""vol_window"": 63, ""window"": [-3, 0]}",0.6564,0.04314,-0.0936,37.03,4893,12e28bf,
2026-10-03T11:18:15+00:00,IFC,IFC_C_shift_early,IS,1.0,052eb02da6,"{""calendar"": ""ex_ante"", ""cap"": 2.0, ""cost_mult"": 1.0, ""exec"": ""next_close"", ""extra_delay"": 0, ""issuance_sizing"": true, ""median_months"": 12, ""q_clip"": [0.5, 2.0], ""scale"": 0.1, ""sleeve"": ""C"", ""ticker"": ""IEF"", ""variant"": ""shift_early"", ""vol_window"": 63, ""window"": [-3, -1]}",0.3423,0.02773,-0.0692,37.0,4893,12e28bf,
2026-10-03T11:18:15+00:00,IFC,IFC_C_shift_late,IS,1.0,645aa72150,"{""calendar"": ""ex_ante"", ""cap"": 2.0, ""cost_mult"": 1.0, ""exec"": ""next_close"", ""extra_delay"": 0, ""issuance_sizing"": true, ""median_months"": 12, ""q_clip"": [0.5, 2.0], ""scale"": 0.1, ""sleeve"": ""C"", ""ticker"": ""IEF"", ""variant"": ""shift_late"", ""vol_window"": 63, ""window"": [-1, 1]}",0.4383,0.03228,-0.1156,37.04,4891,12e28bf,
2026-10-03T11:18:16+00:00,IFC,IFC_C_q1,IS,1.0,2ef0f47f24,"{""calendar"": ""ex_ante"", ""cap"": 2.0, ""cost_mult"": 1.0, ""exec"": ""next_close"", ""extra_delay"": 0, ""issuance_sizing"": false, ""median_months"": 12, ""q_clip"": [0.5, 2.0], ""scale"": 0.1, ""sleeve"": ""C"", ""ticker"": ""IEF"", ""variant"": ""q1"", ""vol_window"": 63, ""window"": [-2, 0]}",0.7823,0.04325,-0.0573,38.86,4892,12e28bf,
2026-10-03T11:18:16+00:00,IFC,IFC_C_delay_1d,IS,1.0,f65ce0bfb2,"{""calendar"": ""ex_ante"", ""cap"": 2.0, ""cost_mult"": 1.0, ""exec"": ""next_close"", ""extra_delay"": 1, ""issuance_sizing"": true, ""median_months"": 12, ""q_clip"": [0.5, 2.0], ""scale"": 0.1, ""sleeve"": ""C"", ""ticker"": ""IEF"", ""variant"": ""delay_1d"", ""vol_window"": 63, ""window"": [-2, 0]}",0.433,0.03207,-0.1153,37.13,4891,12e28bf,
2026-10-03T11:18:16+00:00,IFC,IFC_C_cost_2x,IS,2.0,008a3343ef,"{""calendar"": ""ex_ante"", ""cap"": 2.0, ""cost_mult"": 2.0, ""exec"": ""next_close"", ""extra_delay"": 0, ""issuance_sizing"": true, ""median_months"": 12, ""q_clip"": [0.5, 2.0], ""scale"": 0.1, ""sleeve"": ""C"", ""ticker"": ""IEF"", ""variant"": ""cost_2x"", ""vol_window"": 63, ""window"": [-2, 0]}",0.4643,0.03213,-0.0841,37.12,4892,12e28bf,
2026-10-03T11:29:43+00:00,IFC,IFC_A_base,IS,1.0,acbe9d3c19,"{""bands"": null, ""bond"": ""IEF"", ""clip"": 2.0, ""cost_mult"": 1.0, ""equity"": ""SPY"", ""exec"": ""next_close"", ""extra_delay"": 0, ""hold"": null, ""min_hist"": 12, ""mode"": ""monthly"", ""obs"": -6, ""sleeve"": ""A"", ""target_vol"": 0.05, ""vol_window"": 63, ""w_equity"": 0.6, ""window"": [-4, 0]}",0.4714,0.03206,-0.0655,19.07,4685,ef6bd10,sleeve A base
2026-10-03T11:29:43+00:00,IFC,IFC_A_base,IS,2.0,dcba8ba481,"{""bands"": null, ""bond"": ""IEF"", ""clip"": 2.0, ""cost_mult"": 2.0, ""equity"": ""SPY"", ""exec"": ""next_close"", ""extra_delay"": 0, ""hold"": null, ""min_hist"": 12, ""mode"": ""monthly"", ""obs"": -6, ""sleeve"": ""A"", ""target_vol"": 0.05, ""vol_window"": 63, ""w_equity"": 0.6, ""window"": [-4, 0]}",0.3184,0.02617,-0.0696,19.07,4685,ef6bd10,"sleeve A base, 2x costs"
2026-10-03T11:29:43+00:00,IFC,IFC_A_shift_early,IS,1.0,1f3f999f23,"{""bands"": null, ""bond"": ""IEF"", ""clip"": 2.0, ""cost_mult"": 1.0, ""equity"": ""SPY"", ""exec"": ""next_close"", ""extra_delay"": 0, ""hold"": null, ""min_hist"": 12, ""mode"": ""monthly"", ""obs"": -7, ""sleeve"": ""A"", ""target_vol"": 0.05, ""vol_window"": 63, ""w_equity"": 0.6, ""window"": [-5, -1]}",0.2353,0.0231,-0.0707,19.33,4686,ef6bd10,sleeve A neighbourhood variant
2026-10-03T11:29:43+00:00,IFC,IFC_A_shift_late,IS,1.0,6515f680c6,"{""bands"": null, ""bond"": ""IEF"", ""clip"": 2.0, ""cost_mult"": 1.0, ""equity"": ""SPY"", ""exec"": ""next_close"", ""extra_delay"": 0, ""hold"": null, ""min_hist"": 12, ""mode"": ""monthly"", ""obs"": -5, ""sleeve"": ""A"", ""target_vol"": 0.05, ""vol_window"": 63, ""w_equity"": 0.6, ""window"": [-3, 1]}",-0.0484,0.01194,-0.0964,18.47,4684,ef6bd10,sleeve A neighbourhood variant
2026-10-03T11:29:43+00:00,IFC,IFC_A_win4,IS,1.0,4a4fc8225c,"{""bands"": null, ""bond"": ""IEF"", ""clip"": 2.0, ""cost_mult"": 1.0, ""equity"": ""SPY"", ""exec"": ""next_close"", ""extra_delay"": 0, ""hold"": null, ""min_hist"": 12, ""mode"": ""monthly"", ""obs"": -5, ""sleeve"": ""A"", ""target_vol"": 0.05, ""vol_window"": 63, ""w_equity"": 0.6, ""window"": [-3, 0]}",0.4726,0.03056,-0.0642,18.38,4684,ef6bd10,sleeve A neighbourhood variant
2026-10-03T11:29:44+00:00,IFC,IFC_A_win6,IS,1.0,d1d8d4f3b0,"{""bands"": null, ""bond"": ""IEF"", ""clip"": 2.0, ""cost_mult"": 1.0, ""equity"": ""SPY"", ""exec"": ""next_close"", ""extra_delay"": 0, ""hold"": null, ""min_hist"": 12, ""mode"": ""monthly"", ""obs"": -7, ""sleeve"": ""A"", ""target_vol"": 0.05, ""vol_window"": 63, ""w_equity"": 0.6, ""window"": [-5, 0]}",0.4429,0.03223,-0.0483,19.36,4686,ef6bd10,sleeve A neighbourhood variant
2026-10-03T11:29:44+00:00,IFC,IFC_A_threshold,IS,1.0,d96045a02b,"{""bands"": [0.005, 0.01, 0.015, 0.02], ""bond"": ""IEF"", ""clip"": 2.0, ""cost_mult"": 1.0, ""equity"": ""SPY"", ""exec"": ""next_close"", ""extra_delay"": 0, ""hold"": [2, 6], ""min_hist"": 12, ""mode"": ""threshold"", ""obs"": -6, ""sleeve"": ""A"", ""target_vol"": 0.05, ""vol_window"": 63, ""w_equity"": 0.6, ""window"": [-4, 0]}",0.0288,0.01522,-0.1797,28.76,4798,ef6bd10,sleeve A robustness variant
2026-10-03T11:29:44+00:00,IFC,IFC_A_delay1,IS,1.0,432c1ccbe4,"{""bands"": null, ""bond"": ""IEF"", ""clip"": 2.0, ""cost_mult"": 1.0, ""equity"": ""SPY"", ""exec"": ""next_close"", ""extra_delay"": 1, ""hold"": null, ""min_hist"": 12, ""mode"": ""monthly"", ""obs"": -6, ""sleeve"": ""A"", ""target_vol"": 0.05, ""vol_window"": 63, ""w_equity"": 0.6, ""window"": [-4, 0]}",-0.0076,0.01357,-0.0788,19.11,4684,ef6bd10,sleeve A robustness variant
2026-10-03T11:30:11+00:00,IFC,IFC_B_base,IS,1.0,3bb4e466a5,"{""cost_mult"": 1.0, ""exec"": ""next_close"", ""extra_delay"": 0, ""k_fixed"": null, ""liq_after"": 3, ""pressure_len"": 5, ""scale"": 0.1, ""shift"": 0, ""sleeve"": ""B"", ""ticker"": ""SPY"", ""variant"": ""base"", ""vol_window"": 63}",0.1878,0.028,-0.2149,37.43,4898,ef6bd10,
2026-10-03T11:30:11+00:00,IFC,IFC_B_shift_earlier,IS,1.0,cd09ef014a,"{""cost_mult"": 1.0, ""exec"": ""next_close"", ""extra_delay"": 0, ""k_fixed"": null, ""liq_after"": 3, ""pressure_len"": 5, ""scale"": 0.1, ""shift"": -1, ""sleeve"": ""B"", ""ticker"": ""SPY"", ""variant"": ""shift_earlier"", ""vol_window"": 63}",0.0664,0.01765,-0.271,37.42,4899,ef6bd10,
2026-10-03T11:30:11+00:00,IFC,IFC_B_shift_later,IS,1.0,168a835fd2,"{""cost_mult"": 1.0, ""exec"": ""next_close"", ""extra_delay"": 0, ""k_fixed"": null, ""liq_after"": 3, ""pressure_len"": 5, ""scale"": 0.1, ""shift"": 1, ""sleeve"": ""B"", ""ticker"": ""SPY"", ""variant"": ""shift_later"", ""vol_window"": 63}",0.3183,0.03936,-0.1966,37.39,4897,ef6bd10,
2026-10-03T11:30:11+00:00,IFC,IFC_B_fixed_T3,IS,1.0,e97e75dd80,"{""cost_mult"": 1.0, ""exec"": ""next_close"", ""extra_delay"": 0, ""k_fixed"": 3, ""liq_after"": 3, ""pressure_len"": 5, ""scale"": 0.1, ""shift"": 0, ""sleeve"": ""B"", ""ticker"": ""SPY"", ""variant"": ""fixed_T3"", ""vol_window"": 63}",0.2267,0.03159,-0.2149,37.45,4898,ef6bd10,
2026-10-03T11:30:11+00:00,IFC,IFC_B_delay_1d,IS,1.0,4d091432f4,"{""cost_mult"": 1.0, ""exec"": ""next_close"", ""extra_delay"": 1, ""k_fixed"": null, ""liq_after"": 3, ""pressure_len"": 5, ""scale"": 0.1, ""shift"": 0, ""sleeve"": ""B"", ""ticker"": ""SPY"", ""variant"": ""delay_1d"", ""vol_window"": 63}",0.3108,0.03888,-0.2027,37.44,4897,ef6bd10,
2026-10-03T11:30:11+00:00,IFC,IFC_B_cost_2x,IS,2.0,fc72bbe53f,"{""cost_mult"": 2.0, ""exec"": ""next_close"", ""extra_delay"": 0, ""k_fixed"": null, ""liq_after"": 3, ""pressure_len"": 5, ""scale"": 0.1, ""shift"": 0, ""sleeve"": ""B"", ""ticker"": ""SPY"", ""variant"": ""cost_2x"", ""vol_window"": 63}",0.0533,0.01651,-0.2412,37.43,4898,ef6bd10,
2026-10-03T11:30:24+00:00,PCT_F,PCTF_base,IS,1.0,f8f60070e1,"{""W"": 63, ""clip_hi"": 1.0, ""clip_lo"": -1.0, ""cost_mult"": 1.0, ""cov_window"": 252, ""exec"": ""next_close"", ""extra_delay"": 0, ""gross_cap"": 3.0, ""id_window"": 252, ""legs"": 4, ""measure"": ""R"", ""min_history"": 300, ""raw_scale"": 0.4, ""target_vol"": 0.1, ""trend_lb"": 252, ""universe"": ""futures20"", ""vol_window"": 63}",0.2404,0.03065,-0.2145,53.1,3291,ef6bd10,
2026-10-03T11:30:24+00:00,PCT_F,PCTF_base,IS,2.0,a4d3c5c32d,"{""W"": 63, ""clip_hi"": 1.0, ""clip_lo"": -1.0, ""cost_mult"": 2.0, ""cov_window"": 252, ""exec"": ""next_close"", ""extra_delay"": 0, ""gross_cap"": 3.0, ""id_window"": 252, ""legs"": 4, ""measure"": ""R"", ""min_history"": 300, ""raw_scale"": 0.4, ""target_vol"": 0.1, ""trend_lb"": 252, ""universe"": ""futures20"", ""vol_window"": 63}",0.1105,0.01891,-0.2458,53.1,3291,ef6bd10,
2026-10-03T11:30:25+00:00,PCT_F,PCTF_tsmom_benchmark,IS,1.0,90dbc511b9,"{""W"": 63, ""clip_hi"": 1.0, ""clip_lo"": -1.0, ""cost_mult"": 1.0, ""cov_window"": 252, ""exec"": ""next_close"", ""extra_delay"": 0, ""gross_cap"": 3.0, ""id_window"": 252, ""legs"": 4, ""measure"": ""none"", ""min_history"": 300, ""raw_scale"": 0.4, ""target_vol"": 0.1, ""trend_lb"": 252, ""universe"": ""futures20"", ""vol_window"": 63}",0.2802,0.03212,-0.138,38.68,3291,ef6bd10,
2026-10-03T11:30:37+00:00,PCT_F,PCTF_tsmom_benchmark,IS,2.0,3c40e4cebf,"{""W"": 63, ""clip_hi"": 1.0, ""clip_lo"": -1.0, ""cost_mult"": 2.0, ""cov_window"": 252, ""exec"": ""next_close"", ""extra_delay"": 0, ""gross_cap"": 3.0, ""id_window"": 252, ""legs"": 4, ""measure"": ""none"", ""min_history"": 300, ""raw_scale"": 0.4, ""target_vol"": 0.1, ""trend_lb"": 252, ""universe"": ""futures20"", ""vol_window"": 63}",0.1757,0.02378,-0.1591,38.68,3291,ef6bd10,
2026-10-03T11:30:38+00:00,PCT_F,PCTF_id_variant,IS,1.0,f0650b1ee4,"{""W"": 63, ""clip_hi"": 1.0, ""clip_lo"": -1.0, ""cost_mult"": 1.0, ""cov_window"": 252, ""exec"": ""next_close"", ""extra_delay"": 0, ""gross_cap"": 3.0, ""id_window"": 252, ""legs"": 4, ""measure"": ""ID"", ""min_history"": 300, ""raw_scale"": 0.4, ""target_vol"": 0.1, ""trend_lb"": 252, ""universe"": ""futures20"", ""vol_window"": 63}",0.43,0.04511,-0.1408,40.82,3291,ef6bd10,
2026-10-03T11:30:38+00:00,PCT_F,PCTF_id_variant,IS,2.0,7b64111e9d,"{""W"": 63, ""clip_hi"": 1.0, ""clip_lo"": -1.0, ""cost_mult"": 2.0, ""cov_window"": 252, ""exec"": ""next_close"", ""extra_delay"": 0, ""gross_cap"": 3.0, ""id_window"": 252, ""legs"": 4, ""measure"": ""ID"", ""min_history"": 300, ""raw_scale"": 0.4, ""target_vol"": 0.1, ""trend_lb"": 252, ""universe"": ""futures20"", ""vol_window"": 63}",0.3247,0.03633,-0.1487,40.82,3291,ef6bd10,
2026-10-03T11:30:38+00:00,IFC,IFC_C_base,IS,1.0,2ae170608d,"{""calendar"": ""ex_ante"", ""cap"": 2.0, ""cost_mult"": 1.0, ""exec"": ""next_close"", ""extra_delay"": 0, ""issuance_sizing"": true, ""median_months"": 12, ""q_clip"": [0.5, 2.0], ""scale"": 0.1, ""sleeve"": ""C"", ""ticker"": ""IEF"", ""variant"": ""base"", ""vol_window"": 63, ""window"": [-2, 0]}",0.7723,0.04369,-0.0776,37.12,4892,ef6bd10,
2026-10-03T11:30:38+00:00,IFC,IFC_C_window2,IS,1.0,9af230379a,"{""calendar"": ""ex_ante"", ""cap"": 2.0, ""cost_mult"": 1.0, ""exec"": ""next_close"", ""extra_delay"": 0, ""issuance_sizing"": true, ""median_months"": 12, ""q_clip"": [0.5, 2.0], ""scale"": 0.1, ""sleeve"": ""C"", ""ticker"": ""IEF"", ""variant"": ""window2"", ""vol_window"": 63, ""window"": [-1, 0]}",0.5535,0.03169,-0.0672,36.79,4891,ef6bd10,
2026-10-03T11:30:38+00:00,IFC,IFC_C_window4,IS,1.0,a6ba5552c3,"{""calendar"": ""ex_ante"", ""cap"": 2.0, ""cost_mult"": 1.0, ""exec"": ""next_close"", ""extra_delay"": 0, ""issuance_sizing"": true, ""median_months"": 12, ""q_clip"": [0.5, 2.0], ""scale"": 0.1, ""sleeve"": ""C"", ""ticker"": ""IEF"", ""variant"": ""window4"", ""vol_window"": 63, ""window"": [-3, 0]}",0.6564,0.04314,-0.0936,37.03,4893,ef6bd10,
2026-10-03T11:30:38+00:00,IFC,IFC_C_shift_early,IS,1.0,052eb02da6,"{""calendar"": ""ex_ante"", ""cap"": 2.0, ""cost_mult"": 1.0, ""exec"": ""next_close"", ""extra_delay"": 0, ""issuance_sizing"": true, ""median_months"": 12, ""q_clip"": [0.5, 2.0], ""scale"": 0.1, ""sleeve"": ""C"", ""ticker"": ""IEF"", ""variant"": ""shift_early"", ""vol_window"": 63, ""window"": [-3, -1]}",0.3423,0.02773,-0.0692,37.0,4893,ef6bd10,
2026-10-03T11:30:38+00:00,IFC,IFC_C_shift_late,IS,1.0,645aa72150,"{""calendar"": ""ex_ante"", ""cap"": 2.0, ""cost_mult"": 1.0, ""exec"": ""next_close"", ""extra_delay"": 0, ""issuance_sizing"": true, ""median_months"": 12, ""q_clip"": [0.5, 2.0], ""scale"": 0.1, ""sleeve"": ""C"", ""ticker"": ""IEF"", ""variant"": ""shift_late"", ""vol_window"": 63, ""window"": [-1, 1]}",0.4383,0.03228,-0.1156,37.04,4891,ef6bd10,
2026-10-03T11:30:38+00:00,IFC,IFC_C_q1,IS,1.0,2ef0f47f24,"{""calendar"": ""ex_ante"", ""cap"": 2.0, ""cost_mult"": 1.0, ""exec"": ""next_close"", ""extra_delay"": 0, ""issuance_sizing"": false, ""median_months"": 12, ""q_clip"": [0.5, 2.0], ""scale"": 0.1, ""sleeve"": ""C"", ""ticker"": ""IEF"", ""variant"": ""q1"", ""vol_window"": 63, ""window"": [-2, 0]}",0.7823,0.04325,-0.0573,38.86,4892,ef6bd10,
2026-10-03T11:30:38+00:00,IFC,IFC_C_delay_1d,IS,1.0,f65ce0bfb2,"{""calendar"": ""ex_ante"", ""cap"": 2.0, ""cost_mult"": 1.0, ""exec"": ""next_close"", ""extra_delay"": 1, ""issuance_sizing"": true, ""median_months"": 12, ""q_clip"": [0.5, 2.0], ""scale"": 0.1, ""sleeve"": ""C"", ""ticker"": ""IEF"", ""variant"": ""delay_1d"", ""vol_window"": 63, ""window"": [-2, 0]}",0.433,0.03207,-0.1153,37.13,4891,ef6bd10,
2026-10-03T11:30:39+00:00,IFC,IFC_C_cost_2x,IS,2.0,008a3343ef,"{""calendar"": ""ex_ante"", ""cap"": 2.0, ""cost_mult"": 2.0, ""exec"": ""next_close"", ""extra_delay"": 0, ""issuance_sizing"": true, ""median_months"": 12, ""q_clip"": [0.5, 2.0], ""scale"": 0.1, ""sleeve"": ""C"", ""ticker"": ""IEF"", ""variant"": ""cost_2x"", ""vol_window"": 63, ""window"": [-2, 0]}",0.4643,0.03213,-0.0841,37.12,4892,ef6bd10,
2026-10-03T11:31:05+00:00,IFC_EXPLORATORY,D_fx_hedge_base,IS,1.0,c7e1ce9926,"{""cost_mult"": 1.0, ""exec"": ""next_close"", ""extra_lag"": 0, ""hold_end"": 0, ""hold_start"": -1, ""signal_offset"": -3, ""sleeve"": ""D_fx_hedge_rebalancing"", ""target_vol"": 0.05, ""vol_window"": 63}",-0.6757,-0.00603,-0.1959,30.11,4389,ef6bd10,sleeve D base
2026-10-03T11:31:05+00:00,IFC_EXPLORATORY,D_fx_hedge_base,IS,2.0,3b9fbf1d3c,"{""cost_mult"": 2.0, ""exec"": ""next_close"", ""extra_lag"": 0, ""hold_end"": 0, ""hold_start"": -1, ""signal_offset"": -3, ""sleeve"": ""D_fx_hedge_rebalancing"", ""target_vol"": 0.05, ""vol_window"": 63}",-1.2232,-0.02089,-0.3445,30.11,4389,ef6bd10,sleeve D variant cost2x
2026-10-03T11:31:06+00:00,IFC_EXPLORATORY,D_fx_hedge_extra_lag,IS,1.0,e733052fe8,"{""cost_mult"": 1.0, ""exec"": ""next_close"", ""extra_lag"": 1, ""hold_end"": 0, ""hold_start"": -1, ""signal_offset"": -3, ""sleeve"": ""D_fx_hedge_rebalancing"", ""target_vol"": 0.05, ""vol_window"": 63}",-0.8991,-0.01288,-0.2633,30.13,4388,ef6bd10,sleeve D variant extra_lag
2026-10-03T11:31:19+00:00,IFC_EXPLORATORY,IFC_E_base,IS,1.0,6d5a09d536,"{""cap"": 2.0, ""cost_mult"": 1.0, ""exec"": ""next_close"", ""extra_delay"": 0, ""post"": [1, 4], ""pre"": [-4, 0], ""scale"": 0.1, ""sleeve"": ""E"", ""ticker"": ""IEF"", ""trailing_months"": 12, ""variant"": ""base"", ""vol_window"": 63}",0.1574,0.0267,-0.3656,191.54,4902,ef6bd10,
2026-10-03T11:31:19+00:00,IFC_EXPLORATORY,IFC_E_delay_1d,IS,1.0,0187e94097,"{""cap"": 2.0, ""cost_mult"": 1.0, ""exec"": ""next_close"", ""extra_delay"": 1, ""post"": [1, 4], ""pre"": [-4, 0], ""scale"": 0.1, ""sleeve"": ""E"", ""ticker"": ""IEF"", ""trailing_months"": 12, ""variant"": ""delay_1d"", ""vol_window"": 63}",-0.3008,-0.02174,-0.6899,191.64,4901,ef6bd10,
2026-10-03T11:31:20+00:00,IFC_EXPLORATORY,IFC_E_cost_2x,IS,2.0,59be31f8e8,"{""cap"": 2.0, ""cost_mult"": 2.0, ""exec"": ""next_close"", ""extra_delay"": 0, ""post"": [1, 4], ""pre"": [-4, 0], ""scale"": 0.1, ""sleeve"": ""E"", ""ticker"": ""IEF"", ""trailing_months"": 12, ""variant"": ""cost_2x"", ""vol_window"": 63}",-0.3991,-0.03066,-0.7088,191.54,4902,ef6bd10,
2026-10-03T11:31:37+00:00,PCT,PCT_base,IS,1.0,72d766e6de,"{""W"": 63, ""clip_hi"": 1.0, ""clip_lo"": -1.0, ""cost_mult"": 1.0, ""cov_window"": 252, ""exec"": ""next_open"", ""extra_delay"": 0, ""gross_cap"": 3.0, ""id_window"": 252, ""legs"": 4, ""mc_paths"": 50000, ""mc_seed"": 20261003, ""measure"": ""R"", ""min_history"": 300, ""raw_scale"": 0.4, ""target_vol"": 0.1, ""tickers"": [""SPY"", ""QQQ"", ""IWM"", ""EFA"", ""EEM"", ""TLT"", ""IEF"", ""LQD"", ""HYG"", ""TIP"", ""GLD"", ""SLV"", ""DBC"", ""UUP"", ""VNQ""], ""trend_lb"": 252, ""variant"": ""base"", ""vol_window"": 63}",0.301,0.04164,-0.3306,24.46,4657,ef6bd10,
2026-10-03T11:31:38+00:00,PCT,PCT_tsmom_benchmark,IS,1.0,80d881bb70,"{""W"": 63, ""clip_hi"": 1.0, ""clip_lo"": -1.0, ""cost_mult"": 1.0, ""cov_window"": 252, ""exec"": ""next_open"", ""extra_delay"": 0, ""gross_cap"": 3.0, ""id_window"": 252, ""legs"": 4, ""mc_paths"": 50000, ""mc_seed"": 20261003, ""measure"": ""none"", ""min_history"": 300, ""raw_scale"": 0.4, ""target_vol"": 0.1, ""tickers"": [""SPY"", ""QQQ"", ""IWM"", ""EFA"", ""EEM"", ""TLT"", ""IEF"", ""LQD"", ""HYG"", ""TIP"", ""GLD"", ""SLV"", ""DBC"", ""UUP"", ""VNQ""], ""trend_lb"": 252, ""variant"": ""tsmom_benchmark"", ""vol_window"": 63}",0.443,0.05841,-0.2111,11.97,4657,ef6bd10,
2026-10-03T11:31:38+00:00,PCT,PCT_id_variant,IS,1.0,1767a7b247,"{""W"": 63, ""clip_hi"": 1.0, ""clip_lo"": -1.0, ""cost_mult"": 1.0, ""cov_window"": 252, ""exec"": ""next_open"", ""extra_delay"": 0, ""gross_cap"": 3.0, ""id_window"": 252, ""legs"": 4, ""mc_paths"": 50000, ""mc_seed"": 20261003, ""measure"": ""ID"", ""min_history"": 300, ""raw_scale"": 0.4, ""target_vol"": 0.1, ""tickers"": [""SPY"", ""QQQ"", ""IWM"", ""EFA"", ""EEM"", ""TLT"", ""IEF"", ""LQD"", ""HYG"", ""TIP"", ""GLD"", ""SLV"", ""DBC"", ""UUP"", ""VNQ""], ""trend_lb"": 252, ""variant"": ""id_variant"", ""vol_window"": 63}",0.5727,0.07508,-0.2826,10.97,4657,ef6bd10,
2026-10-03T11:31:39+00:00,PCT,PCT_W42_6legs,IS,1.0,5c3116a236,"{""W"": 42, ""clip_hi"": 1.0, ""clip_lo"": -1.0, ""cost_mult"": 1.0, ""cov_window"": 252, ""exec"": ""next_open"", ""extra_delay"": 0, ""gross_cap"": 3.0, ""id_window"": 252, ""legs"": 6, ""mc_paths"": 50000, ""mc_seed"": 20261003, ""measure"": ""R"", ""min_history"": 300, ""raw_scale"": 0.4, ""target_vol"": 0.1, ""tickers"": [""SPY"", ""QQQ"", ""IWM"", ""EFA"", ""EEM"", ""TLT"", ""IEF"", ""LQD"", ""HYG"", ""TIP"", ""GLD"", ""SLV"", ""DBC"", ""UUP"", ""VNQ""], ""trend_lb"": 252, ""variant"": ""W42_6legs"", ""vol_window"": 63}",0.1312,0.02306,-0.3325,25.0,4657,ef6bd10,
2026-10-03T11:31:39+00:00,PCT,PCT_W126_2legs,IS,1.0,95ff29ff75,"{""W"": 126, ""clip_hi"": 1.0, ""clip_lo"": -1.0, ""cost_mult"": 1.0, ""cov_window"": 252, ""exec"": ""next_open"", ""extra_delay"": 0, ""gross_cap"": 3.0, ""id_window"": 252, ""legs"": 2, ""mc_paths"": 50000, ""mc_seed"": 20261003, ""measure"": ""R"", ""min_history"": 300, ""raw_scale"": 0.4, ""target_vol"": 0.1, ""tickers"": [""SPY"", ""QQQ"", ""IWM"", ""EFA"", ""EEM"", ""TLT"", ""IEF"", ""LQD"", ""HYG"", ""TIP"", ""GLD"", ""SLV"", ""DBC"", ""UUP"", ""VNQ""], ""trend_lb"": 252, ""variant"": ""W126_2legs"", ""vol_window"": 63}",0.3836,0.05252,-0.2856,23.44,4657,ef6bd10,
2026-10-03T11:31:40+00:00,PCT,PCT_trend126,IS,1.0,836ac8594f,"{""W"": 63, ""clip_hi"": 1.0, ""clip_lo"": -1.0, ""cost_mult"": 1.0, ""cov_window"": 252, ""exec"": ""next_open"", ""extra_delay"": 0, ""gross_cap"": 3.0, ""id_window"": 252, ""legs"": 4, ""mc_paths"": 50000, ""mc_seed"": 20261003, ""measure"": ""R"", ""min_history"": 300, ""raw_scale"": 0.4, ""target_vol"": 0.1, ""tickers"": [""SPY"", ""QQQ"", ""IWM"", ""EFA"", ""EEM"", ""TLT"", ""IEF"", ""LQD"", ""HYG"", ""TIP"", ""GLD"", ""SLV"", ""DBC"", ""UUP"", ""VNQ""], ""trend_lb"": 126, ""variant"": ""trend126"", ""vol_window"": 63}",0.2687,0.03882,-0.2313,26.37,4657,ef6bd10,
2026-10-03T11:31:40+00:00,PCT,PCT_clip05,IS,1.0,e66d33253b,"{""W"": 63, ""clip_hi"": 0.5, ""clip_lo"": -0.5, ""cost_mult"": 1.0, ""cov_window"": 252, ""exec"": ""next_open"", ""extra_delay"": 0, ""gross_cap"": 3.0, ""id_window"": 252, ""legs"": 4, ""mc_paths"": 50000, ""mc_seed"": 20261003, ""measure"": ""R"", ""min_history"": 300, ""raw_scale"": 0.4, ""target_vol"": 0.1, ""tickers"": [""SPY"", ""QQQ"", ""IWM"", ""EFA"", ""EEM"", ""TLT"", ""IEF"", ""LQD"", ""HYG"", ""TIP"", ""GLD"", ""SLV"", ""DBC"", ""UUP"", ""VNQ""], ""trend_lb"": 252, ""variant"": ""clip05"", ""vol_window"": 63}",0.396,0.05265,-0.2744,18.06,4657,ef6bd10,
2026-10-03T11:31:40+00:00,PCT,PCT_clip2,IS,1.0,c3f09965e1,"{""W"": 63, ""clip_hi"": 2.0, ""clip_lo"": -2.0, ""cost_mult"": 1.0, ""cov_window"": 252, ""exec"": ""next_open"", ""extra_delay"": 0, ""gross_cap"": 3.0, ""id_window"": 252, ""legs"": 4, ""mc_paths"": 50000, ""mc_seed"": 20261003, ""measure"": ""R"", ""min_history"": 300, ""raw_scale"": 0.4, ""target_vol"": 0.1, ""tickers"": [""SPY"", ""QQQ"", ""IWM"", ""EFA"", ""EEM"", ""TLT"", ""IEF"", ""LQD"", ""HYG"", ""TIP"", ""GLD"", ""SLV"", ""DBC"", ""UUP"", ""VNQ""], ""trend_lb"": 252, ""variant"": ""clip2"", ""vol_window"": 63}",0.3021,0.04168,-0.339,24.64,4657,ef6bd10,
2026-10-03T11:31:41+00:00,PCT,PCT_vol126,IS,1.0,17bde53df1,"{""W"": 63, ""clip_hi"": 1.0, ""clip_lo"": -1.0, ""cost_mult"": 1.0, ""cov_window"": 252, ""exec"": ""next_open"", ""extra_delay"": 0, ""gross_cap"": 3.0, ""id_window"": 252, ""legs"": 4, ""mc_paths"": 50000, ""mc_seed"": 20261003, ""measure"": ""R"", ""min_history"": 300, ""raw_scale"": 0.4, ""target_vol"": 0.1, ""tickers"": [""SPY"", ""QQQ"", ""IWM"", ""EFA"", ""EEM"", ""TLT"", ""IEF"", ""LQD"", ""HYG"", ""TIP"", ""GLD"", ""SLV"", ""DBC"", ""UUP"", ""VNQ""], ""trend_lb"": 252, ""variant"": ""vol126"", ""vol_window"": 126}",0.2723,0.03856,-0.3416,24.66,4657,ef6bd10,
2026-10-03T11:31:41+00:00,PCT,PCT_delay1,IS,1.0,879835f67d,"{""W"": 63, ""clip_hi"": 1.0, ""clip_lo"": -1.0, ""cost_mult"": 1.0, ""cov_window"": 252, ""exec"": ""next_open"", ""extra_delay"": 1, ""gross_cap"": 3.0, ""id_window"": 252, ""legs"": 4, ""mc_paths"": 50000, ""mc_seed"": 20261003, ""measure"": ""R"", ""min_history"": 300, ""raw_scale"": 0.4, ""target_vol"": 0.1, ""tickers"": [""SPY"", ""QQQ"", ""IWM"", ""EFA"", ""EEM"", ""TLT"", ""IEF"", ""LQD"", ""HYG"", ""TIP"", ""GLD"", ""SLV"", ""DBC"", ""UUP"", ""VNQ""], ""trend_lb"": 252, ""variant"": ""delay1"", ""vol_window"": 63}",0.2676,0.038,-0.3676,24.5,4656,ef6bd10,
2026-10-03T11:31:42+00:00,PCT,PCT_cost2x,IS,2.0,248310dc82,"{""W"": 63, ""clip_hi"": 1.0, ""clip_lo"": -1.0, ""cost_mult"": 2.0, ""cov_window"": 252, ""exec"": ""next_open"", ""extra_delay"": 0, ""gross_cap"": 3.0, ""id_window"": 252, ""legs"": 4, ""mc_paths"": 50000, ""mc_seed"": 20261003, ""measure"": ""R"", ""min_history"": 300, ""raw_scale"": 0.4, ""target_vol"": 0.1, ""tickers"": [""SPY"", ""QQQ"", ""IWM"", ""EFA"", ""EEM"", ""TLT"", ""IEF"", ""LQD"", ""HYG"", ""TIP"", ""GLD"", ""SLV"", ""DBC"", ""UUP"", ""VNQ""], ""trend_lb"": 252, ""variant"": ""cost2x"", ""vol_window"": 63}",0.2163,0.03226,-0.3587,24.46,4657,ef6bd10,
2026-10-03T11:32:09+00:00,IFC,IFC_composite_base,IS,1.0,eb3dec29b7,"{""bond"": ""IEF"", ""cost_mult"": 1.0, ""equity"": ""SPY"", ""exec"": ""next_close"", ""extra_delay"": 0, ""sleeve_overrides"": {}, ""sleeves"": [""A"", ""B"", ""C""], ""weighting"": ""invvol""}",0.9354,0.09413,-0.1382,93.06,4644,ef6bd10,
2026-10-03T11:32:10+00:00,IFC,IFC_composite_shift_early,IS,1.0,beaceba565,"{""bond"": ""IEF"", ""cost_mult"": 1.0, ""equity"": ""SPY"", ""exec"": ""next_close"", ""extra_delay"": 0, ""sleeve_overrides"": {""A"": {""obs"": -7, ""window"": [-5, -1]}, ""B"": {""shift"": -1}, ""C"": {""window"": [-3, -1]}}, ""sleeves"": [""A"", ""B"", ""C""], ""weighting"": ""invvol""}",0.524,0.05691,-0.18,93.81,4645,ef6bd10,
2026-10-03T11:32:10+00:00,IFC,IFC_composite_shift_late,IS,1.0,3425d15c0c,"{""bond"": ""IEF"", ""cost_mult"": 1.0, ""equity"": ""SPY"", ""exec"": ""next_close"", ""extra_delay"": 0, ""sleeve_overrides"": {""A"": {""obs"": -5, ""window"": [-3, 1]}, ""B"": {""shift"": 1}, ""C"": {""window"": [-1, 1]}}, ""sleeves"": [""A"", ""B"", ""C""], ""weighting"": ""invvol""}",0.5308,0.05611,-0.2557,89.75,4643,ef6bd10,
2026-10-03T11:32:10+00:00,IFC,IFC_composite_A_win4,IS,1.0,bc00adf40a,"{""bond"": ""IEF"", ""cost_mult"": 1.0, ""equity"": ""SPY"", ""exec"": ""next_close"", ""extra_delay"": 0, ""sleeve_overrides"": {""A"": {""obs"": -5, ""window"": [-3, 0]}}, ""sleeves"": [""A"", ""B"", ""C""], ""weighting"": ""invvol""}",0.9514,0.09424,-0.1333,90.7,4644,ef6bd10,
2026-10-03T11:32:11+00:00,IFC,IFC_composite_A_win6,IS,1.0,55463ebd4d,"{""bond"": ""IEF"", ""cost_mult"": 1.0, ""equity"": ""SPY"", ""exec"": ""next_close"", ""extra_delay"": 0, ""sleeve_overrides"": {""A"": {""obs"": -7, ""window"": [-5, 0]}}, ""sleeves"": [""A"", ""B"", ""C""], ""weighting"": ""invvol""}",0.9183,0.09404,-0.1393,93.27,4644,ef6bd10,
2026-10-03T11:32:11+00:00,IFC,IFC_composite_C_win2,IS,1.0,aaa1073530,"{""bond"": ""IEF"", ""cost_mult"": 1.0, ""equity"": ""SPY"", ""exec"": ""next_close"", ""extra_delay"": 0, ""sleeve_overrides"": {""C"": {""window"": [-1, 0]}}, ""sleeves"": [""A"", ""B"", ""C""], ""weighting"": ""invvol""}",0.7958,0.07959,-0.1775,97.65,4644,ef6bd10,
2026-10-03T11:32:11+00:00,IFC,IFC_composite_C_win4,IS,1.0,a2384d3f88,"{""bond"": ""IEF"", ""cost_mult"": 1.0, ""equity"": ""SPY"", ""exec"": ""next_close"", ""extra_delay"": 0, ""sleeve_overrides"": {""C"": {""window"": [-3, 0]}}, ""sleeves"": [""A"", ""B"", ""C""], ""weighting"": ""invvol""}",0.9157,0.09237,-0.1528,88.53,4644,ef6bd10,
2026-10-03T11:32:12+00:00,IFC,IFC_composite_equal_mult,IS,1.0,f31821bd94,"{""bond"": ""IEF"", ""cost_mult"": 1.0, ""equity"": ""SPY"", ""exec"": ""next_close"", ""extra_delay"": 0, ""sleeve_overrides"": {}, ""sleeves"": [""A"", ""B"", ""C""], ""weighting"": ""equal""}",0.6654,0.07622,-0.191,87.7,4898,ef6bd10,
2026-10-03T11:32:12+00:00,IFC,IFC_composite_C_q1,IS,1.0,9c8eec6144,"{""bond"": ""IEF"", ""cost_mult"": 1.0, ""equity"": ""SPY"", ""exec"": ""next_close"", ""extra_delay"": 0, ""sleeve_overrides"": {""C"": {""issuance_sizing"": false}}, ""sleeves"": [""A"", ""B"", ""C""], ""weighting"": ""invvol""}",0.9411,0.096,-0.143,96.36,4644,ef6bd10,
2026-10-03T11:32:13+00:00,IFC,IFC_composite_delay_1d,IS,1.0,52813f6e4c,"{""bond"": ""IEF"", ""cost_mult"": 1.0, ""equity"": ""SPY"", ""exec"": ""next_close"", ""extra_delay"": 1, ""sleeve_overrides"": {}, ""sleeves"": [""A"", ""B"", ""C""], ""weighting"": ""invvol""}",0.5919,0.06269,-0.2473,93.11,4643,ef6bd10,
2026-10-03T11:32:13+00:00,IFC,IFC_composite_base,IS,2.0,879482d504,"{""bond"": ""IEF"", ""cost_mult"": 2.0, ""equity"": ""SPY"", ""exec"": ""next_close"", ""extra_delay"": 0, ""sleeve_overrides"": {}, ""sleeves"": [""A"", ""B"", ""C""], ""weighting"": ""invvol""}",0.6066,0.06402,-0.187,93.06,4644,ef6bd10,
2026-10-03T11:32:41+00:00,IFC,IFC_composite_base,IS,1.0,eb3dec29b7,"{""bond"": ""IEF"", ""cost_mult"": 1.0, ""equity"": ""SPY"", ""exec"": ""next_close"", ""extra_delay"": 0, ""sleeve_overrides"": {}, ""sleeves"": [""A"", ""B"", ""C""], ""weighting"": ""invvol""}",0.9354,0.09413,-0.1382,93.06,4644,ef6bd10,
2026-10-03T11:32:42+00:00,IFC,IFC_composite_shift_early,IS,1.0,beaceba565,"{""bond"": ""IEF"", ""cost_mult"": 1.0, ""equity"": ""SPY"", ""exec"": ""next_close"", ""extra_delay"": 0, ""sleeve_overrides"": {""A"": {""obs"": -7, ""window"": [-5, -1]}, ""B"": {""shift"": -1}, ""C"": {""window"": [-3, -1]}}, ""sleeves"": [""A"", ""B"", ""C""], ""weighting"": ""invvol""}",0.524,0.05691,-0.18,93.81,4645,ef6bd10,
2026-10-03T11:32:42+00:00,IFC,IFC_composite_shift_late,IS,1.0,3425d15c0c,"{""bond"": ""IEF"", ""cost_mult"": 1.0, ""equity"": ""SPY"", ""exec"": ""next_close"", ""extra_delay"": 0, ""sleeve_overrides"": {""A"": {""obs"": -5, ""window"": [-3, 1]}, ""B"": {""shift"": 1}, ""C"": {""window"": [-1, 1]}}, ""sleeves"": [""A"", ""B"", ""C""], ""weighting"": ""invvol""}",0.5308,0.05611,-0.2557,89.75,4643,ef6bd10,
2026-10-03T11:32:43+00:00,IFC,IFC_composite_A_win4,IS,1.0,bc00adf40a,"{""bond"": ""IEF"", ""cost_mult"": 1.0, ""equity"": ""SPY"", ""exec"": ""next_close"", ""extra_delay"": 0, ""sleeve_overrides"": {""A"": {""obs"": -5, ""window"": [-3, 0]}}, ""sleeves"": [""A"", ""B"", ""C""], ""weighting"": ""invvol""}",0.9514,0.09424,-0.1333,90.7,4644,ef6bd10,
2026-10-03T11:32:43+00:00,IFC,IFC_composite_A_win6,IS,1.0,55463ebd4d,"{""bond"": ""IEF"", ""cost_mult"": 1.0, ""equity"": ""SPY"", ""exec"": ""next_close"", ""extra_delay"": 0, ""sleeve_overrides"": {""A"": {""obs"": -7, ""window"": [-5, 0]}}, ""sleeves"": [""A"", ""B"", ""C""], ""weighting"": ""invvol""}",0.9183,0.09404,-0.1393,93.27,4644,ef6bd10,
2026-10-03T11:32:43+00:00,IFC,IFC_composite_C_win2,IS,1.0,aaa1073530,"{""bond"": ""IEF"", ""cost_mult"": 1.0, ""equity"": ""SPY"", ""exec"": ""next_close"", ""extra_delay"": 0, ""sleeve_overrides"": {""C"": {""window"": [-1, 0]}}, ""sleeves"": [""A"", ""B"", ""C""], ""weighting"": ""invvol""}",0.7958,0.07959,-0.1775,97.65,4644,ef6bd10,
2026-10-03T11:32:44+00:00,IFC,IFC_composite_C_win4,IS,1.0,a2384d3f88,"{""bond"": ""IEF"", ""cost_mult"": 1.0, ""equity"": ""SPY"", ""exec"": ""next_close"", ""extra_delay"": 0, ""sleeve_overrides"": {""C"": {""window"": [-3, 0]}}, ""sleeves"": [""A"", ""B"", ""C""], ""weighting"": ""invvol""}",0.9157,0.09237,-0.1528,88.53,4644,ef6bd10,
2026-10-03T11:32:44+00:00,IFC,IFC_composite_equal_mult,IS,1.0,f31821bd94,"{""bond"": ""IEF"", ""cost_mult"": 1.0, ""equity"": ""SPY"", ""exec"": ""next_close"", ""extra_delay"": 0, ""sleeve_overrides"": {}, ""sleeves"": [""A"", ""B"", ""C""], ""weighting"": ""equal""}",0.6654,0.07622,-0.191,87.7,4898,ef6bd10,
2026-10-03T11:32:44+00:00,IFC,IFC_composite_C_q1,IS,1.0,9c8eec6144,"{""bond"": ""IEF"", ""cost_mult"": 1.0, ""equity"": ""SPY"", ""exec"": ""next_close"", ""extra_delay"": 0, ""sleeve_overrides"": {""C"": {""issuance_sizing"": false}}, ""sleeves"": [""A"", ""B"", ""C""], ""weighting"": ""invvol""}",0.9411,0.096,-0.143,96.36,4644,ef6bd10,
2026-10-03T11:32:45+00:00,IFC,IFC_composite_delay_1d,IS,1.0,52813f6e4c,"{""bond"": ""IEF"", ""cost_mult"": 1.0, ""equity"": ""SPY"", ""exec"": ""next_close"", ""extra_delay"": 1, ""sleeve_overrides"": {}, ""sleeves"": [""A"", ""B"", ""C""], ""weighting"": ""invvol""}",0.5919,0.06269,-0.2473,93.11,4643,ef6bd10,
2026-10-03T11:32:45+00:00,IFC,IFC_composite_base,IS,2.0,879482d504,"{""bond"": ""IEF"", ""cost_mult"": 2.0, ""equity"": ""SPY"", ""exec"": ""next_close"", ""extra_delay"": 0, ""sleeve_overrides"": {}, ""sleeves"": [""A"", ""B"", ""C""], ""weighting"": ""invvol""}",0.6066,0.06402,-0.187,93.06,4644,ef6bd10,
2026-10-03T11:33:13+00:00,IFC_F,IFCF_composite_base,IS,1.0,8f32aa7317,"{""bond"": ""ZN16"", ""cost_mult"": 1.0, ""equity"": ""ES16"", ""exec"": ""next_close"", ""extra_delay"": 0, ""sleeve_overrides"": {}, ""sleeves"": [""A"", ""B"", ""C""], ""weighting"": ""invvol""}",1.0452,0.10555,-0.132,112.68,3279,ef6bd10,
2026-10-03T11:33:13+00:00,IFC_F,IFCF_composite_shift_early,IS,1.0,d94a71f4a4,"{""bond"": ""ZN16"", ""cost_mult"": 1.0, ""equity"": ""ES16"", ""exec"": ""next_close"", ""extra_delay"": 0, ""sleeve_overrides"": {""A"": {""obs"": -7, ""window"": [-5, -1]}, ""B"": {""shift"": -1}, ""C"": {""window"": [-3, -1]}}, ""sleeves"": [""A"", ""B"", ""C""], ""weighting"": ""invvol""}",0.6322,0.06606,-0.1876,106.67,3280,ef6bd10,
2026-10-03T11:33:14+00:00,IFC_F,IFCF_composite_shift_late,IS,1.0,86c3ab7b04,"{""bond"": ""ZN16"", ""cost_mult"": 1.0, ""equity"": ""ES16"", ""exec"": ""next_close"", ""extra_delay"": 0, ""sleeve_overrides"": {""A"": {""obs"": -5, ""window"": [-3, 1]}, ""B"": {""shift"": 1}, ""C"": {""window"": [-1, 1]}}, ""sleeves"": [""A"", ""B"", ""C""], ""weighting"": ""invvol""}",0.5737,0.05878,-0.2259,119.93,3278,ef6bd10,
2026-10-03T11:33:14+00:00,IFC_F,IFCF_composite_A_win4,IS,1.0,ebf098eb62,"{""bond"": ""ZN16"", ""cost_mult"": 1.0, ""equity"": ""ES16"", ""exec"": ""next_close"", ""extra_delay"": 0, ""sleeve_overrides"": {""A"": {""obs"": -5, ""window"": [-3, 0]}}, ""sleeves"": [""A"", ""B"", ""C""], ""weighting"": ""invvol""}",1.0141,0.09942,-0.1198,110.04,3279,ef6bd10,
2026-10-03T11:33:15+00:00,IFC_F,IFCF_composite_A_win6,IS,1.0,fc0c707399,"{""bond"": ""ZN16"", ""cost_mult"": 1.0, ""equity"": ""ES16"", ""exec"": ""next_close"", ""extra_delay"": 0, ""sleeve_overrides"": {""A"": {""obs"": -7, ""window"": [-5, 0]}}, ""sleeves"": [""A"", ""B"", ""C""], ""weighting"": ""invvol""}",0.9687,0.09889,-0.128,112.49,3279,ef6bd10,
2026-10-03T11:33:15+00:00,IFC_F,IFCF_composite_C_win2,IS,1.0,f11196e220,"{""bond"": ""ZN16"", ""cost_mult"": 1.0, ""equity"": ""ES16"", ""exec"": ""next_close"", ""extra_delay"": 0, ""sleeve_overrides"": {""C"": {""window"": [-1, 0]}}, ""sleeves"": [""A"", ""B"", ""C""], ""weighting"": ""invvol""}",0.8427,0.08387,-0.1481,116.53,3279,ef6bd10,
2026-10-03T11:33:15+00:00,IFC_F,IFCF_composite_C_win4,IS,1.0,8b5d31c93c,"{""bond"": ""ZN16"", ""cost_mult"": 1.0, ""equity"": ""ES16"", ""exec"": ""next_close"", ""extra_delay"": 0, ""sleeve_overrides"": {""C"": {""window"": [-3, 0]}}, ""sleeves"": [""A"", ""B"", ""C""], ""weighting"": ""invvol""}",1.007,0.10227,-0.1367,108.39,3279,ef6bd10,
2026-10-03T11:33:16+00:00,IFC_F,IFCF_composite_equal_mult,IS,1.0,d0f1f3239f,"{""bond"": ""ZN16"", ""cost_mult"": 1.0, ""equity"": ""ES16"", ""exec"": ""next_close"", ""extra_delay"": 0, ""sleeve_overrides"": {}, ""sleeves"": [""A"", ""B"", ""C""], ""weighting"": ""equal""}",0.8005,0.08577,-0.1849,97.6,3533,ef6bd10,
2026-10-03T11:33:16+00:00,IFC_F,IFCF_composite_C_q1,IS,1.0,e067dd238f,"{""bond"": ""ZN16"", ""cost_mult"": 1.0, ""equity"": ""ES16"", ""exec"": ""next_close"", ""extra_delay"": 0, ""sleeve_overrides"": {""C"": {""issuance_sizing"": false}}, ""sleeves"": [""A"", ""B"", ""C""], ""weighting"": ""invvol""}",1.0413,0.10585,-0.1336,113.42,3279,ef6bd10,
2026-10-03T11:33:16+00:00,IFC_F,IFCF_composite_delay_1d,IS,1.0,f1701d0df7,"{""bond"": ""ZN16"", ""cost_mult"": 1.0, ""equity"": ""ES16"", ""exec"": ""next_close"", ""extra_delay"": 1, ""sleeve_overrides"": {}, ""sleeves"": [""A"", ""B"", ""C""], ""weighting"": ""invvol""}",0.6085,0.06351,-0.2199,123.0,3278,ef6bd10,
2026-10-03T11:33:17+00:00,IFC_F,IFCF_composite_base,IS,2.0,b13e2b0266,"{""bond"": ""ZN16"", ""cost_mult"": 2.0, ""equity"": ""ES16"", ""exec"": ""next_close"", ""extra_delay"": 0, ""sleeve_overrides"": {}, ""sleeves"": [""A"", ""B"", ""C""], ""weighting"": ""invvol""}",0.9173,0.09318,-0.1432,112.68,3279,ef6bd10,
2026-10-03T11:33:18+00:00,PCT_F,PCTF_base,IS,1.0,f8f60070e1,"{""W"": 63, ""clip_hi"": 1.0, ""clip_lo"": -1.0, ""cost_mult"": 1.0, ""cov_window"": 252, ""exec"": ""next_close"", ""extra_delay"": 0, ""gross_cap"": 3.0, ""id_window"": 252, ""legs"": 4, ""measure"": ""R"", ""min_history"": 300, ""raw_scale"": 0.4, ""target_vol"": 0.1, ""trend_lb"": 252, ""universe"": ""futures20"", ""vol_window"": 63}",0.2404,0.03065,-0.2145,53.1,3291,ef6bd10,
2026-10-03T11:33:18+00:00,PCT_F,PCTF_base,IS,2.0,a4d3c5c32d,"{""W"": 63, ""clip_hi"": 1.0, ""clip_lo"": -1.0, ""cost_mult"": 2.0, ""cov_window"": 252, ""exec"": ""next_close"", ""extra_delay"": 0, ""gross_cap"": 3.0, ""id_window"": 252, ""legs"": 4, ""measure"": ""R"", ""min_history"": 300, ""raw_scale"": 0.4, ""target_vol"": 0.1, ""trend_lb"": 252, ""universe"": ""futures20"", ""vol_window"": 63}",0.1105,0.01891,-0.2458,53.1,3291,ef6bd10,
2026-10-03T11:33:19+00:00,PCT_F,PCTF_tsmom_benchmark,IS,1.0,90dbc511b9,"{""W"": 63, ""clip_hi"": 1.0, ""clip_lo"": -1.0, ""cost_mult"": 1.0, ""cov_window"": 252, ""exec"": ""next_close"", ""extra_delay"": 0, ""gross_cap"": 3.0, ""id_window"": 252, ""legs"": 4, ""measure"": ""none"", ""min_history"": 300, ""raw_scale"": 0.4, ""target_vol"": 0.1, ""trend_lb"": 252, ""universe"": ""futures20"", ""vol_window"": 63}",0.2802,0.03212,-0.138,38.68,3291,ef6bd10,
2026-10-03T11:33:19+00:00,PCT_F,PCTF_tsmom_benchmark,IS,2.0,3c40e4cebf,"{""W"": 63, ""clip_hi"": 1.0, ""clip_lo"": -1.0, ""cost_mult"": 2.0, ""cov_window"": 252, ""exec"": ""next_close"", ""extra_delay"": 0, ""gross_cap"": 3.0, ""id_window"": 252, ""legs"": 4, ""measure"": ""none"", ""min_history"": 300, ""raw_scale"": 0.4, ""target_vol"": 0.1, ""trend_lb"": 252, ""universe"": ""futures20"", ""vol_window"": 63}",0.1757,0.02378,-0.1591,38.68,3291,ef6bd10,
2026-10-03T11:33:19+00:00,PCT_F,PCTF_id_variant,IS,1.0,f0650b1ee4,"{""W"": 63, ""clip_hi"": 1.0, ""clip_lo"": -1.0, ""cost_mult"": 1.0, ""cov_window"": 252, ""exec"": ""next_close"", ""extra_delay"": 0, ""gross_cap"": 3.0, ""id_window"": 252, ""legs"": 4, ""measure"": ""ID"", ""min_history"": 300, ""raw_scale"": 0.4, ""target_vol"": 0.1, ""trend_lb"": 252, ""universe"": ""futures20"", ""vol_window"": 63}",0.43,0.04511,-0.1408,40.82,3291,ef6bd10,
2026-10-03T11:33:19+00:00,PCT_F,PCTF_id_variant,IS,2.0,7b64111e9d,"{""W"": 63, ""clip_hi"": 1.0, ""clip_lo"": -1.0, ""cost_mult"": 2.0, ""cov_window"": 252, ""exec"": ""next_close"", ""extra_delay"": 0, ""gross_cap"": 3.0, ""id_window"": 252, ""legs"": 4, ""measure"": ""ID"", ""min_history"": 300, ""raw_scale"": 0.4, ""target_vol"": 0.1, ""trend_lb"": 252, ""universe"": ""futures20"", ""vol_window"": 63}",0.3247,0.03633,-0.1487,40.82,3291,ef6bd10,
2026-10-03T11:35:33+00:00,FTE,FTE_A+B|eqrisk|vt6|nobrake,IS,1.0,62933f0719,"{""brake"": false, ""labels"": [""A"", ""B""], ""scheme"": ""eqrisk"", ""vol_target"": 0.06}",0.3113,0.03426,-0.1649,5.13,4645,ef6bd10,amendment-1 search
2026-10-03T11:35:33+00:00,FTE,FTE_A+B|eqrisk|vt6|brake,IS,1.0,0caa265ffc,"{""brake"": true, ""labels"": [""A"", ""B""], ""scheme"": ""eqrisk"", ""vol_target"": 0.06}",0.2436,0.02845,-0.1381,5.32,4645,ef6bd10,amendment-1 search
2026-10-03T11:35:33+00:00,FTE,FTE_A+B|eqrisk|vt8|nobrake,IS,1.0,c5e3a0f9f5,"{""brake"": false, ""labels"": [""A"", ""B""], ""scheme"": ""eqrisk"", ""vol_target"": 0.08}",0.323,0.04059,-0.211,6.89,4645,ef6bd10,amendment-1 search
2026-10-03T11:35:33+00:00,FTE,FTE_A+B|eqrisk|vt8|brake,IS,1.0,24ef19ee73,"{""brake"": true, ""labels"": [""A"", ""B""], ""scheme"": ""eqrisk"", ""vol_target"": 0.08}",0.2437,0.03145,-0.166,7.55,4645,ef6bd10,amendment-1 search
2026-10-03T11:35:33+00:00,FTE,FTE_A+B|eqrisk|vt10|nobrake,IS,1.0,15bd930aa9,"{""brake"": false, ""labels"": [""A"", ""B""], ""scheme"": ""eqrisk"", ""vol_target"": 0.1}",0.3278,0.04584,-0.2581,9.18,4645,ef6bd10,amendment-1 search
2026-10-03T11:35:33+00:00,FTE,FTE_A+B|eqrisk|vt10|brake,IS,1.0,c6024c3fc6,"{""brake"": true, ""labels"": [""A"", ""B""], ""scheme"": ""eqrisk"", ""vol_target"": 0.1}",0.2587,0.03446,-0.2079,8.07,4645,ef6bd10,amendment-1 search
2026-10-03T11:35:33+00:00,FTE,FTE_A+B|invvol_shrunk|vt6|nobrake,IS,1.0,5a6d4952fe,"{""brake"": false, ""labels"": [""A"", ""B""], ""scheme"": ""invvol_shrunk"", ""vol_target"": 0.06}",0.2795,0.03155,-0.1709,4.38,4645,ef6bd10,amendment-1 search
2026-10-03T11:35:33+00:00,FTE,FTE_A+B|invvol_shrunk|vt6|brake,IS,1.0,fa7d8b7f05,"{""brake"": true, ""labels"": [""A"", ""B""], ""scheme"": ""invvol_shrunk"", ""vol_target"": 0.06}",0.209,0.02553,-0.1512,4.61,4645,ef6bd10,amendment-1 search
2026-10-03T11:35:33+00:00,FTE,FTE_A+B|invvol_shrunk|vt8|nobrake,IS,1.0,5033c18112,"{""brake"": false, ""labels"": [""A"", ""B""], ""scheme"": ""invvol_shrunk"", ""vol_target"": 0.08}",0.2883,0.03696,-0.2209,5.72,4645,ef6bd10,amendment-1 search
2026-10-03T11:35:33+00:00,FTE,FTE_A+B|invvol_shrunk|vt8|brake,IS,1.0,07db442ef4,"{""brake"": true, ""labels"": [""A"", ""B""], ""scheme"": ""invvol_shrunk"", ""vol_target"": 0.08}",0.2336,0.03013,-0.1692,6.73,4645,ef6bd10,amendment-1 search
2026-10-03T11:35:33+00:00,FTE,FTE_A+B|invvol_shrunk|vt10|nobrake,IS,1.0,881d43506b,"{""brake"": false, ""labels"": [""A"", ""B""], ""scheme"": ""invvol_shrunk"", ""vol_target"": 0.1}",0.2936,0.04177,-0.2687,7.18,4645,ef6bd10,amendment-1 search
2026-10-03T11:35:33+00:00,FTE,FTE_A+B|invvol_shrunk|vt10|brake,IS,1.0,09f1eeb513,"{""brake"": true, ""labels"": [""A"", ""B""], ""scheme"": ""invvol_shrunk"", ""vol_target"": 0.1}",0.257,0.03397,-0.2113,6.74,4645,ef6bd10,amendment-1 search
2026-10-03T11:35:33+00:00,FTE,FTE_A+B|minvar_lw|vt6|nobrake,IS,1.0,5f63ab1f56,"{""brake"": false, ""labels"": [""A"", ""B""], ""scheme"": ""minvar_lw"", ""vol_target"": 0.06}",0.1499,0.02369,-0.2592,53.1,4633,ef6bd10,amendment-1 search
2026-10-03T11:35:33+00:00,FTE,FTE_A+B|minvar_lw|vt6|brake,IS,1.0,f2951f175e,"{""brake"": true, ""labels"": [""A"", ""B""], ""scheme"": ""minvar_lw"", ""vol_target"": 0.06}",-0.0347,0.00832,-0.2592,53.01,4633,ef6bd10,amendment-1 search
2026-10-03T11:35:33+00:00,FTE,FTE_A+B|minvar_lw|vt8|nobrake,IS,1.0,9867586471,"{""brake"": false, ""labels"": [""A"", ""B""], ""scheme"": ""minvar_lw"", ""vol_target"": 0.08}",0.2152,0.0318,-0.2812,55.79,4633,ef6bd10,amendment-1 search
2026-10-03T11:35:33+00:00,FTE,FTE_A+B|minvar_lw|vt8|brake,IS,1.0,033dd31a1f,"{""brake"": true, ""labels"": [""A"", ""B""], ""scheme"": ""minvar_lw"", ""vol_target"": 0.08}",0.0698,0.01626,-0.2592,55.36,4633,ef6bd10,amendment-1 search
2026-10-03T11:35:33+00:00,FTE,FTE_A+B|minvar_lw|vt10|nobrake,IS,1.0,ec31c4399d,"{""brake"": false, ""labels"": [""A"", ""B""], ""scheme"": ""minvar_lw"", ""vol_target"": 0.1}",0.233,0.03558,-0.3066,59.36,4633,ef6bd10,amendment-1 search
2026-10-03T11:35:33+00:00,FTE,FTE_A+B|minvar_lw|vt10|brake,IS,1.0,30d27d22d6,"{""brake"": true, ""labels"": [""A"", ""B""], ""scheme"": ""minvar_lw"", ""vol_target"": 0.1}",0.0816,0.01724,-0.2592,57.27,4633,ef6bd10,amendment-1 search
2026-10-03T11:35:33+00:00,FTE,FTE_A+B+PCT|eqrisk|vt6|nobrake,IS,1.0,4671638efd,"{""brake"": false, ""labels"": [""A"", ""B"", ""PCT""], ""scheme"": ""eqrisk"", ""vol_target"": 0.06}",0.4526,0.04327,-0.1498,6.92,4645,ef6bd10,amendment-1 search
2026-10-03T11:35:33+00:00,FTE,FTE_A+B+PCT|eqrisk|vt6|brake,IS,1.0,29fc026ea3,"{""brake"": true, ""labels"": [""A"", ""B"", ""PCT""], ""scheme"": ""eqrisk"", ""vol_target"": 0.06}",0.4173,0.0392,-0.1373,7.67,4645,ef6bd10,amendment-1 search
2026-10-03T11:35:33+00:00,FTE,FTE_A+B+PCT|eqrisk|vt8|nobrake,IS,1.0,26a8d97d2d,"{""brake"": false, ""labels"": [""A"", ""B"", ""PCT""], ""scheme"": ""eqrisk"", ""vol_target"": 0.08}",0.4626,0.05237,-0.1939,9.53,4645,ef6bd10,amendment-1 search
2026-10-03T11:35:33+00:00,FTE,FTE_A+B+PCT|eqrisk|vt8|brake,IS,1.0,9661ef92de,"{""brake"": true, ""labels"": [""A"", ""B"", ""PCT""], ""scheme"": ""eqrisk"", ""vol_target"": 0.08}",0.4608,0.04904,-0.153,9.75,4645,ef6bd10,amendment-1 search
2026-10-03T11:35:33+00:00,FTE,FTE_A+B+PCT|eqrisk|vt10|nobrake,IS,1.0,3a8c6102df,"{""brake"": false, ""labels"": [""A"", ""B"", ""PCT""], ""scheme"": ""eqrisk"", ""vol_target"": 0.1}",0.4561,0.05888,-0.2365,13.52,4645,ef6bd10,amendment-1 search
2026-10-03T11:35:33+00:00,FTE,FTE_A+B+PCT|eqrisk|vt10|brake,IS,1.0,d6e05488e9,"{""brake"": true, ""labels"": [""A"", ""B"", ""PCT""], ""scheme"": ""eqrisk"", ""vol_target"": 0.1}",0.426,0.05077,-0.175,14.28,4645,ef6bd10,amendment-1 search
2026-10-03T11:35:33+00:00,FTE,FTE_A+B+PCT|invvol_shrunk|vt6|nobrake,IS,1.0,a363cda609,"{""brake"": false, ""labels"": [""A"", ""B"", ""PCT""], ""scheme"": ""invvol_shrunk"", ""vol_target"": 0.06}",0.4364,0.04152,-0.1549,6.32,4645,ef6bd10,amendment-1 search
2026-10-03T11:35:33+00:00,FTE,FTE_A+B+PCT|invvol_shrunk|vt6|brake,IS,1.0,6bfffea777,"{""brake"": true, ""labels"": [""A"", ""B"", ""PCT""], ""scheme"": ""invvol_shrunk"", ""vol_target"": 0.06}",0.397,0.03689,-0.1374,6.87,4645,ef6bd10,amendment-1 search
2026-10-03T11:35:33+00:00,FTE,FTE_A+B+PCT|invvol_shrunk|vt8|nobrake,IS,1.0,b5b3da0138,"{""brake"": false, ""labels"": [""A"", ""B"", ""PCT""], ""scheme"": ""invvol_shrunk"", ""vol_target"": 0.08}",0.4432,0.05014,-0.2042,8.26,4645,ef6bd10,amendment-1 search
2026-10-03T11:35:33+00:00,FTE,FTE_A+B+PCT|invvol_shrunk|vt8|brake,IS,1.0,c97bc44425,"{""brake"": true, ""labels"": [""A"", ""B"", ""PCT""], ""scheme"": ""invvol_shrunk"", ""vol_target"": 0.08}",0.4298,0.04544,-0.164,8.35,4645,ef6bd10,amendment-1 search
2026-10-03T11:35:33+00:00,FTE,FTE_A+B+PCT|invvol_shrunk|vt10|nobrake,IS,1.0,0d891ac458,"{""brake"": false, ""labels"": [""A"", ""B"", ""PCT""], ""scheme"": ""invvol_shrunk"", ""vol_target"": 0.1}",0.4382,0.05677,-0.2491,11.14,4645,ef6bd10,amendment-1 search
2026-10-03T11:35:33+00:00,FTE,FTE_A+B+PCT|invvol_shrunk|vt10|brake,IS,1.0,b8faeb97e6,"{""brake"": true, ""labels"": [""A"", ""B"", ""PCT""], ""scheme"": ""invvol_shrunk"", ""vol_target"": 0.1}",0.3861,0.04634,-0.1825,12.1,4645,ef6bd10,amendment-1 search
2026-10-03T11:35:33+00:00,FTE,FTE_A+B+PCT|minvar_lw|vt6|nobrake,IS,1.0,32e22050bb,"{""brake"": false, ""labels"": [""A"", ""B"", ""PCT""], ""scheme"": ""minvar_lw"", ""vol_target"": 0.06}",0.2781,0.0353,-0.2592,54.43,4633,ef6bd10,amendment-1 search
2026-10-03T11:35:33+00:00,FTE,FTE_A+B+PCT|minvar_lw|vt6|brake,IS,1.0,ed736d78f3,"{""brake"": true, ""labels"": [""A"", ""B"", ""PCT""], ""scheme"": ""minvar_lw"", ""vol_target"": 0.06}",0.1517,0.02307,-0.2592,55.59,4633,ef6bd10,amendment-1 search
2026-10-03T11:35:33+00:00,FTE,FTE_A+B+PCT|minvar_lw|vt8|nobrake,IS,1.0,96d6266372,"{""brake"": false, ""labels"": [""A"", ""B"", ""PCT""], ""scheme"": ""minvar_lw"", ""vol_target"": 0.08}",0.3346,0.04405,-0.2592,58.08,4633,ef6bd10,amendment-1 search
2026-10-03T11:35:33+00:00,FTE,FTE_A+B+PCT|minvar_lw|vt8|brake,IS,1.0,25ac55e27d,"{""brake"": true, ""labels"": [""A"", ""B"", ""PCT""], ""scheme"": ""minvar_lw"", ""vol_target"": 0.08}",0.2416,0.03178,-0.2592,56.54,4633,ef6bd10,amendment-1 search
2026-10-03T11:35:33+00:00,FTE,FTE_A+B+PCT|minvar_lw|vt10|nobrake,IS,1.0,fb259804eb,"{""brake"": false, ""labels"": [""A"", ""B"", ""PCT""], ""scheme"": ""minvar_lw"", ""vol_target"": 0.1}",0.3504,0.04894,-0.2592,63.36,4633,ef6bd10,amendment-1 search
2026-10-03T11:35:33+00:00,FTE,FTE_A+B+PCT|minvar_lw|vt10|brake,IS,1.0,a5d7112104,"{""brake"": true, ""labels"": [""A"", ""B"", ""PCT""], ""scheme"": ""minvar_lw"", ""vol_target"": 0.1}",0.3006,0.03877,-0.2592,61.09,4633,ef6bd10,amendment-1 search
2026-10-03T11:35:33+00:00,FTE,FTE_A+B+TSMOM|eqrisk|vt6|nobrake,IS,1.0,aaa14f89dd,"{""brake"": false, ""labels"": [""A"", ""B"", ""TSMOM""], ""scheme"": ""eqrisk"", ""vol_target"": 0.06}",0.5512,0.0503,-0.1275,7.3,4645,ef6bd10,amendment-1 search
2026-10-03T11:35:33+00:00,FTE,FTE_A+B+TSMOM|eqrisk|vt6|brake,IS,1.0,26106e7acf,"{""brake"": true, ""labels"": [""A"", ""B"", ""TSMOM""], ""scheme"": ""eqrisk"", ""vol_target"": 0.06}",0.533,0.04881,-0.1114,8.05,4645,ef6bd10,amendment-1 search
2026-10-03T11:35:33+00:00,FTE,FTE_A+B+TSMOM|eqrisk|vt8|nobrake,IS,1.0,e0bb484e4d,"{""brake"": false, ""labels"": [""A"", ""B"", ""TSMOM""], ""scheme"": ""eqrisk"", ""vol_target"": 0.08}",0.5639,0.06183,-0.1604,10.25,4645,ef6bd10,amendment-1 search
2026-10-03T11:35:33+00:00,FTE,FTE_A+B+TSMOM|eqrisk|vt8|brake,IS,1.0,2732597cd7,"{""brake"": true, ""labels"": [""A"", ""B"", ""TSMOM""], ""scheme"": ""eqrisk"", ""vol_target"": 0.08}",0.4878,0.05307,-0.1363,12.77,4645,ef6bd10,amendment-1 search
2026-10-03T11:35:33+00:00,FTE,FTE_A+B+TSMOM|eqrisk|vt10|nobrake,IS,1.0,e702eda82b,"{""brake"": false, ""labels"": [""A"", ""B"", ""TSMOM""], ""scheme"": ""eqrisk"", ""vol_target"": 0.1}",0.562,0.07065,-0.1875,14.58,4645,ef6bd10,amendment-1 search
2026-10-03T11:35:33+00:00,FTE,FTE_A+B+TSMOM|eqrisk|vt10|brake,IS,1.0,b8cf6a2c80,"{""brake"": true, ""labels"": [""A"", ""B"", ""TSMOM""], ""scheme"": ""eqrisk"", ""vol_target"": 0.1}",0.4888,0.05816,-0.1592,16.45,4645,ef6bd10,amendment-1 search
2026-10-03T11:35:33+00:00,FTE,FTE_A+B+TSMOM|invvol_shrunk|vt6|nobrake,IS,1.0,c24417797c,"{""brake"": false, ""labels"": [""A"", ""B"", ""TSMOM""], ""scheme"": ""invvol_shrunk"", ""vol_target"": 0.06}",0.5477,0.04928,-0.1195,6.79,4645,ef6bd10,amendment-1 search
2026-10-03T11:35:33+00:00,FTE,FTE_A+B+TSMOM|invvol_shrunk|vt6|brake,IS,1.0,d3ffb9524a,"{""brake"": true, ""labels"": [""A"", ""B"", ""TSMOM""], ""scheme"": ""invvol_shrunk"", ""vol_target"": 0.06}",0.4756,0.04338,-0.1218,8.74,4645,ef6bd10,amendment-1 search
2026-10-03T11:35:33+00:00,FTE,FTE_A+B+TSMOM|invvol_shrunk|vt8|nobrake,IS,1.0,e3c31ad228,"{""brake"": false, ""labels"": [""A"", ""B"", ""TSMOM""], ""scheme"": ""invvol_shrunk"", ""vol_target"": 0.08}",0.5528,0.06022,-0.155,9.12,4645,ef6bd10,amendment-1 search
2026-10-03T11:35:33+00:00,FTE,FTE_A+B+TSMOM|invvol_shrunk|vt8|brake,IS,1.0,2d55d564dd,"{""brake"": true, ""labels"": [""A"", ""B"", ""TSMOM""], ""scheme"": ""invvol_shrunk"", ""vol_target"": 0.08}",0.506,0.05293,-0.1495,10.94,4645,ef6bd10,amendment-1 search
2026-10-03T11:35:33+00:00,FTE,FTE_A+B+TSMOM|invvol_shrunk|vt10|nobrake,IS,1.0,37dce9b74c,"{""brake"": false, ""labels"": [""A"", ""B"", ""TSMOM""], ""scheme"": ""invvol_shrunk"", ""vol_target"": 0.1}",0.5567,0.06996,-0.1837,12.38,4645,ef6bd10,amendment-1 search
2026-10-03T11:35:33+00:00,FTE,FTE_A+B+TSMOM|invvol_shrunk|vt10|brake,IS,1.0,2f8be82b5e,"{""brake"": true, ""labels"": [""A"", ""B"", ""TSMOM""], ""scheme"": ""invvol_shrunk"", ""vol_target"": 0.1}",0.5159,0.06145,-0.1713,12.95,4645,ef6bd10,amendment-1 search
2026-10-03T11:35:33+00:00,FTE,FTE_A+B+TSMOM|minvar_lw|vt6|nobrake,IS,1.0,9f29b4831a,"{""brake"": false, ""labels"": [""A"", ""B"", ""TSMOM""], ""scheme"": ""minvar_lw"", ""vol_target"": 0.06}",0.3179,0.03908,-0.2592,54.9,4633,ef6bd10,amendment-1 search
2026-10-03T11:35:33+00:00,FTE,FTE_A+B+TSMOM|minvar_lw|vt6|brake,IS,1.0,c7db516aa6,"{""brake"": true, ""labels"": [""A"", ""B"", ""TSMOM""], ""scheme"": ""minvar_lw"", ""vol_target"": 0.06}",0.2512,0.03157,-0.2592,54.58,4633,ef6bd10,amendment-1 search
2026-10-03T11:35:33+00:00,FTE,FTE_A+B+TSMOM|minvar_lw|vt8|nobrake,IS,1.0,ab1d0b6fa4,"{""brake"": false, ""labels"": [""A"", ""B"", ""TSMOM""], ""scheme"": ""minvar_lw"", ""vol_target"": 0.08}",0.3806,0.04899,-0.2592,59.0,4633,ef6bd10,amendment-1 search
2026-10-03T11:35:33+00:00,FTE,FTE_A+B+TSMOM|minvar_lw|vt8|brake,IS,1.0,a48d6a62d7,"{""brake"": true, ""labels"": [""A"", ""B"", ""TSMOM""], ""scheme"": ""minvar_lw"", ""vol_target"": 0.08}",0.2293,0.03098,-0.2592,62.03,4633,ef6bd10,amendment-1 search
2026-10-03T11:35:33+00:00,FTE,FTE_A+B+TSMOM|minvar_lw|vt10|nobrake,IS,1.0,e965e5b3e8,"{""brake"": false, ""labels"": [""A"", ""B"", ""TSMOM""], ""scheme"": ""minvar_lw"", ""vol_target"": 0.1}",0.3995,0.05477,-0.2592,64.82,4633,ef6bd10,amendment-1 search
2026-10-03T11:35:33+00:00,FTE,FTE_A+B+TSMOM|minvar_lw|vt10|brake,IS,1.0,0f0d2a9fcd,"{""brake"": true, ""labels"": [""A"", ""B"", ""TSMOM""], ""scheme"": ""minvar_lw"", ""vol_target"": 0.1}",0.2941,0.03857,-0.2592,63.87,4633,ef6bd10,amendment-1 search
2026-10-03T11:35:33+00:00,FTE,FTE_A+C|eqrisk|vt6|nobrake,IS,1.0,76ea4c2138,"{""brake"": false, ""labels"": [""A"", ""C""], ""scheme"": ""eqrisk"", ""vol_target"": 0.06}",0.076,-0.00394,-0.7267,13.02,4639,ef6bd10,amendment-1 search
2026-10-03T11:35:33+00:00,FTE,FTE_A+C|eqrisk|vt6|brake,IS,1.0,ac3cc273d6,"{""brake"": true, ""labels"": [""A"", ""C""], ""scheme"": ""eqrisk"", ""vol_target"": 0.06}",-0.073,-0.02795,-0.7203,6.62,4639,ef6bd10,amendment-1 search
2026-10-03T11:35:33+00:00,FTE,FTE_A+C|eqrisk|vt8|nobrake,IS,1.0,2621b8b14c,"{""brake"": false, ""labels"": [""A"", ""C""], ""scheme"": ""eqrisk"", ""vol_target"": 0.08}",0.1141,0.00264,-0.7282,22.37,4639,ef6bd10,amendment-1 search
2026-10-03T11:35:33+00:00,FTE,FTE_A+C|eqrisk|vt8|brake,IS,1.0,29e84d3991,"{""brake"": true, ""labels"": [""A"", ""C""], ""scheme"": ""eqrisk"", ""vol_target"": 0.08}",-0.051,-0.02454,-0.7211,11.3,4639,ef6bd10,amendment-1 search
2026-10-03T11:35:33+00:00,FTE,FTE_A+C|eqrisk|vt10|nobrake,IS,1.0,05f6256bb6,"{""brake"": false, ""labels"": [""A"", ""C""], ""scheme"": ""eqrisk"", ""vol_target"": 0.1}",0.1244,0.00431,-0.7297,33.79,4639,ef6bd10,amendment-1 search
2026-10-03T11:35:33+00:00,FTE,FTE_A+C|eqrisk|vt10|brake,IS,1.0,14196ba03d,"{""brake"": true, ""labels"": [""A"", ""C""], ""scheme"": ""eqrisk"", ""vol_target"": 0.1}",-0.0438,-0.02356,-0.7219,17.0,4639,ef6bd10,amendment-1 search
2026-10-03T11:35:33+00:00,FTE,FTE_A+C|invvol_shrunk|vt6|nobrake,IS,1.0,b8a68fb0ad,"{""brake"": false, ""labels"": [""A"", ""C""], ""scheme"": ""invvol_shrunk"", ""vol_target"": 0.06}",0.0708,-0.00488,-0.7267,13.09,4639,ef6bd10,amendment-1 search
2026-10-03T11:35:33+00:00,FTE,FTE_A+C|invvol_shrunk|vt6|brake,IS,1.0,396618a992,"{""brake"": true, ""labels"": [""A"", ""C""], ""scheme"": ""invvol_shrunk"", ""vol_target"": 0.06}",-0.0757,-0.0284,-0.7203,6.66,4639,ef6bd10,amendment-1 search
2026-10-03T11:35:33+00:00,FTE,FTE_A+C|invvol_shrunk|vt8|nobrake,IS,1.0,280c45df60,"{""brake"": false, ""labels"": [""A"", ""C""], ""scheme"": ""invvol_shrunk"", ""vol_target"": 0.08}",0.112,0.00223,-0.7282,22.37,4639,ef6bd10,amendment-1 search
2026-10-03T11:35:33+00:00,FTE,FTE_A+C|invvol_shrunk|vt8|brake,IS,1.0,8684f6228a,"{""brake"": true, ""labels"": [""A"", ""C""], ""scheme"": ""invvol_shrunk"", ""vol_target"": 0.08}",-0.0521,-0.02474,-0.7211,11.29,4639,ef6bd10,amendment-1 search
2026-10-03T11:35:33+00:00,FTE,FTE_A+C|invvol_shrunk|vt10|nobrake,IS,1.0,e6de65d15a,"{""brake"": false, ""labels"": [""A"", ""C""], ""scheme"": ""invvol_shrunk"", ""vol_target"": 0.1}",0.1228,0.00399,-0.7297,33.64,4639,ef6bd10,amendment-1 search
2026-10-03T11:35:33+00:00,FTE,FTE_A+C|invvol_shrunk|vt10|brake,IS,1.0,c1a1a428aa,"{""brake"": true, ""labels"": [""A"", ""C""], ""scheme"": ""invvol_shrunk"", ""vol_target"": 0.1}",-0.0445,-0.0237,-0.7219,16.93,4639,ef6bd10,amendment-1 search
2026-10-03T11:35:33+00:00,FTE,FTE_A+C|minvar_lw|vt6|nobrake,IS,1.0,88a488bba7,"{""brake"": false, ""labels"": [""A"", ""C""], ""scheme"": ""minvar_lw"", ""vol_target"": 0.06}",-0.0509,nan,-1.7933,236.59,4633,ef6bd10,amendment-1 search
2026-10-03T11:35:33+00:00,FTE,FTE_A+C|minvar_lw|vt6|brake,IS,1.0,664ddba805,"{""brake"": true, ""labels"": [""A"", ""C""], ""scheme"": ""minvar_lw"", ""vol_target"": 0.06}",-0.1423,nan,-1.5024,231.15,4633,ef6bd10,amendment-1 search
2026-10-03T11:35:33+00:00,FTE,FTE_A+C|minvar_lw|vt8|nobrake,IS,1.0,669ba7e6d1,"{""brake"": false, ""labels"": [""A"", ""C""], ""scheme"": ""minvar_lw"", ""vol_target"": 0.08}",-0.0242,nan,-1.9029,245.21,4633,ef6bd10,amendment-1 search
2026-10-03T11:35:33+00:00,FTE,FTE_A+C|minvar_lw|vt8|brake,IS,1.0,b622665719,"{""brake"": true, ""labels"": [""A"", ""C""], ""scheme"": ""minvar_lw"", ""vol_target"": 0.08}",-0.1284,nan,-1.538,235.46,4633,ef6bd10,amendment-1 search
2026-10-03T11:35:33+00:00,FTE,FTE_A+C|minvar_lw|vt10|nobrake,IS,1.0,329ac54e2e,"{""brake"": false, ""labels"": [""A"", ""C""], ""scheme"": ""minvar_lw"", ""vol_target"": 0.1}",-0.0154,nan,-1.9346,255.81,4633,ef6bd10,amendment-1 search
2026-10-03T11:35:33+00:00,FTE,FTE_A+C|minvar_lw|vt10|brake,IS,1.0,f2c9943869,"{""brake"": true, ""labels"": [""A"", ""C""], ""scheme"": ""minvar_lw"", ""vol_target"": 0.1}",-0.1237,nan,-1.5493,240.76,4633,ef6bd10,amendment-1 search
2026-10-03T11:35:33+00:00,FTE,FTE_A+C+PCT|eqrisk|vt6|nobrake,IS,1.0,375938e15a,"{""brake"": false, ""labels"": [""A"", ""C"", ""PCT""], ""scheme"": ""eqrisk"", ""vol_target"": 0.06}",0.0949,-0.0004,-0.7267,11.72,4639,ef6bd10,amendment-1 search
2026-10-03T11:35:33+00:00,FTE,FTE_A+C+PCT|eqrisk|vt6|brake,IS,1.0,8b7d17212f,"{""brake"": true, ""labels"": [""A"", ""C"", ""PCT""], ""scheme"": ""eqrisk"", ""vol_target"": 0.06}",-0.0637,-0.0263,-0.7203,5.97,4639,ef6bd10,amendment-1 search
2026-10-03T11:35:33+00:00,FTE,FTE_A+C+PCT|eqrisk|vt8|nobrake,IS,1.0,df50fc965a,"{""brake"": false, ""labels"": [""A"", ""C"", ""PCT""], ""scheme"": ""eqrisk"", ""vol_target"": 0.08}",0.1358,0.00671,-0.7282,21.61,4639,ef6bd10,amendment-1 search
2026-10-03T11:35:33+00:00,FTE,FTE_A+C+PCT|eqrisk|vt8|brake,IS,1.0,715c14191b,"{""brake"": true, ""labels"": [""A"", ""C"", ""PCT""], ""scheme"": ""eqrisk"", ""vol_target"": 0.08}",-0.0396,-0.0226,-0.7211,10.91,4639,ef6bd10,amendment-1 search
2026-10-03T11:35:33+00:00,FTE,FTE_A+C+PCT|eqrisk|vt10|nobrake,IS,1.0,33bf90a53b,"{""brake"": false, ""labels"": [""A"", ""C"", ""PCT""], ""scheme"": ""eqrisk"", ""vol_target"": 0.1}",0.1378,0.00682,-0.7297,34.17,4639,ef6bd10,amendment-1 search
2026-10-03T11:35:33+00:00,FTE,FTE_A+C+PCT|eqrisk|vt10|brake,IS,1.0,31a6529242,"{""brake"": true, ""labels"": [""A"", ""C"", ""PCT""], ""scheme"": ""eqrisk"", ""vol_target"": 0.1}",-0.0361,-0.0223,-0.7219,17.19,4639,ef6bd10,amendment-1 search
2026-10-03T11:35:33+00:00,FTE,FTE_A+C+PCT|invvol_shrunk|vt6|nobrake,IS,1.0,567744e535,"{""brake"": false, ""labels"": [""A"", ""C"", ""PCT""], ""scheme"": ""invvol_shrunk"", ""vol_target"": 0.06}",0.0631,-0.00599,-0.7267,9.52,4639,ef6bd10,amendment-1 search
2026-10-03T11:35:33+00:00,FTE,FTE_A+C+PCT|invvol_shrunk|vt6|brake,IS,1.0,916a02f221,"{""brake"": true, ""labels"": [""A"", ""C"", ""PCT""], ""scheme"": ""invvol_shrunk"", ""vol_target"": 0.06}",-0.0806,-0.02905,-0.7203,4.87,4639,ef6bd10,amendment-1 search
2026-10-03T11:35:33+00:00,FTE,FTE_A+C+PCT|invvol_shrunk|vt8|nobrake,IS,1.0,8e4180be53,"{""brake"": false, ""labels"": [""A"", ""C"", ""PCT""], ""scheme"": ""invvol_shrunk"", ""vol_target"": 0.08}",0.1178,0.00332,-0.7282,16.64,4639,ef6bd10,amendment-1 search
2026-10-03T11:35:33+00:00,FTE,FTE_A+C+PCT|invvol_shrunk|vt8|brake,IS,1.0,3ece300b69,"{""brake"": true, ""labels"": [""A"", ""C"", ""PCT""], ""scheme"": ""invvol_shrunk"", ""vol_target"": 0.08}",-0.049,-0.02421,-0.7211,8.43,4639,ef6bd10,amendment-1 search
2026-10-03T11:35:33+00:00,FTE,FTE_A+C+PCT|invvol_shrunk|vt10|nobrake,IS,1.0,cc144762e6,"{""brake"": false, ""labels"": [""A"", ""C"", ""PCT""], ""scheme"": ""invvol_shrunk"", ""vol_target"": 0.1}",0.1296,0.00511,-0.7297,27.61,4639,ef6bd10,amendment-1 search
2026-10-03T11:35:33+00:00,FTE,FTE_A+C+PCT|invvol_shrunk|vt10|brake,IS,1.0,ee80d089f3,"{""brake"": true, ""labels"": [""A"", ""C"", ""PCT""], ""scheme"": ""invvol_shrunk"", ""vol_target"": 0.1}",-0.0396,-0.02303,-0.7219,13.91,4639,ef6bd10,amendment-1 search
2026-10-03T11:35:33+00:00,FTE,FTE_A+C+PCT|minvar_lw|vt6|nobrake,IS,1.0,312f458bb4,"{""brake"": false, ""labels"": [""A"", ""C"", ""PCT""], ""scheme"": ""minvar_lw"", ""vol_target"": 0.06}",-0.0311,nan,-1.8895,237.38,4633,ef6bd10,amendment-1 search
2026-10-03T11:35:33+00:00,FTE,FTE_A+C+PCT|minvar_lw|vt6|brake,IS,1.0,1cecd8d314,"{""brake"": true, ""labels"": [""A"", ""C"", ""PCT""], ""scheme"": ""minvar_lw"", ""vol_target"": 0.06}",-0.1322,nan,-1.5312,231.54,4633,ef6bd10,amendment-1 search
2026-10-03T11:35:33+00:00,FTE,FTE_A+C+PCT|minvar_lw|vt8|nobrake,IS,1.0,e79ceb599c,"{""brake"": false, ""labels"": [""A"", ""C"", ""PCT""], ""scheme"": ""minvar_lw"", ""vol_target"": 0.08}",-0.0068,nan,-2.0016,247.5,4633,ef6bd10,amendment-1 search
2026-10-03T11:35:33+00:00,FTE,FTE_A+C+PCT|minvar_lw|vt8|brake,IS,1.0,dfde2cc1f7,"{""brake"": true, ""labels"": [""A"", ""C"", ""PCT""], ""scheme"": ""minvar_lw"", ""vol_target"": 0.08}",-0.1196,nan,-1.5658,236.6,4633,ef6bd10,amendment-1 search
2026-10-03T11:35:33+00:00,FTE,FTE_A+C+PCT|minvar_lw|vt10|nobrake,IS,1.0,638e5e59c1,"{""brake"": false, ""labels"": [""A"", ""C"", ""PCT""], ""scheme"": ""minvar_lw"", ""vol_target"": 0.1}",-0.003,nan,-2.0103,259.68,4633,ef6bd10,amendment-1 search
2026-10-03T11:35:33+00:00,FTE,FTE_A+C+PCT|minvar_lw|vt10|brake,IS,1.0,690159f96f,"{""brake"": true, ""labels"": [""A"", ""C"", ""PCT""], ""scheme"": ""minvar_lw"", ""vol_target"": 0.1}",-0.1174,nan,-1.57,242.69,4633,ef6bd10,amendment-1 search
2026-10-03T11:35:33+00:00,FTE,FTE_A+C+TSMOM|eqrisk|vt6|nobrake,IS,1.0,62177d28f2,"{""brake"": false, ""labels"": [""A"", ""C"", ""TSMOM""], ""scheme"": ""eqrisk"", ""vol_target"": 0.06}",0.1234,0.00473,-0.7267,12.36,4639,ef6bd10,amendment-1 search
2026-10-03T11:35:33+00:00,FTE,FTE_A+C+TSMOM|eqrisk|vt6|brake,IS,1.0,b86dfd6155,"{""brake"": true, ""labels"": [""A"", ""C"", ""TSMOM""], ""scheme"": ""eqrisk"", ""vol_target"": 0.06}",-0.0487,-0.02381,-0.7203,6.29,4639,ef6bd10,amendment-1 search
2026-10-03T11:35:33+00:00,FTE,FTE_A+C+TSMOM|eqrisk|vt8|nobrake,IS,1.0,cbb9ff60d4,"{""brake"": false, ""labels"": [""A"", ""C"", ""TSMOM""], ""scheme"": ""eqrisk"", ""vol_target"": 0.08}",0.1672,0.01256,-0.7282,23.1,4639,ef6bd10,amendment-1 search
2026-10-03T11:35:33+00:00,FTE,FTE_A+C+TSMOM|eqrisk|vt8|brake,IS,1.0,b6fdeaa759,"{""brake"": true, ""labels"": [""A"", ""C"", ""TSMOM""], ""scheme"": ""eqrisk"", ""vol_target"": 0.08}",-0.0229,-0.01978,-0.7211,11.66,4639,ef6bd10,amendment-1 search
2026-10-03T11:35:33+00:00,FTE,FTE_A+C+TSMOM|eqrisk|vt10|nobrake,IS,1.0,83aaa20442,"{""brake"": false, ""labels"": [""A"", ""C"", ""TSMOM""], ""scheme"": ""eqrisk"", ""vol_target"": 0.1}",0.1765,0.01425,-0.7297,36.25,4639,ef6bd10,amendment-1 search
2026-10-03T11:35:33+00:00,FTE,FTE_A+C+TSMOM|eqrisk|vt10|brake,IS,1.0,28babbfad0,"{""brake"": true, ""labels"": [""A"", ""C"", ""TSMOM""], ""scheme"": ""eqrisk"", ""vol_target"": 0.1}",-0.0152,-0.01873,-0.7219,18.24,4639,ef6bd10,amendment-1 search
2026-10-03T11:35:33+00:00,FTE,FTE_A+C+TSMOM|invvol_shrunk|vt6|nobrake,IS,1.0,b3a8fb7130,"{""brake"": false, ""labels"": [""A"", ""C"", ""TSMOM""], ""scheme"": ""invvol_shrunk"", ""vol_target"": 0.06}",0.1016,0.00085,-0.7267,10.12,4639,ef6bd10,amendment-1 search
2026-10-03T11:35:33+00:00,FTE,FTE_A+C+TSMOM|invvol_shrunk|vt6|brake,IS,1.0,8b027390bc,"{""brake"": true, ""labels"": [""A"", ""C"", ""TSMOM""], ""scheme"": ""invvol_shrunk"", ""vol_target"": 0.06}",-0.0604,-0.02571,-0.7203,5.17,4639,ef6bd10,amendment-1 search
2026-10-03T11:35:33+00:00,FTE,FTE_A+C+TSMOM|invvol_shrunk|vt8|nobrake,IS,1.0,3c592ba144,"{""brake"": false, ""labels"": [""A"", ""C"", ""TSMOM""], ""scheme"": ""invvol_shrunk"", ""vol_target"": 0.08}",0.16,0.01118,-0.7282,18.28,4639,ef6bd10,amendment-1 search
2026-10-03T11:35:33+00:00,FTE,FTE_A+C+TSMOM|invvol_shrunk|vt8|brake,IS,1.0,4cb7b91b55,"{""brake"": true, ""labels"": [""A"", ""C"", ""TSMOM""], ""scheme"": ""invvol_shrunk"", ""vol_target"": 0.08}",-0.0264,-0.02041,-0.7211,9.25,4639,ef6bd10,amendment-1 search
2026-10-03T11:35:33+00:00,FTE,FTE_A+C+TSMOM|invvol_shrunk|vt10|nobrake,IS,1.0,9341440991,"{""brake"": false, ""labels"": [""A"", ""C"", ""TSMOM""], ""scheme"": ""invvol_shrunk"", ""vol_target"": 0.1}",0.1805,0.01497,-0.7297,30.24,4639,ef6bd10,amendment-1 search
2026-10-03T11:35:33+00:00,FTE,FTE_A+C+TSMOM|invvol_shrunk|vt10|brake,IS,1.0,867319ffbb,"{""brake"": true, ""labels"": [""A"", ""C"", ""TSMOM""], ""scheme"": ""invvol_shrunk"", ""vol_target"": 0.1}",-0.0116,-0.01826,-0.7219,15.23,4639,ef6bd10,amendment-1 search
2026-10-03T11:35:33+00:00,FTE,FTE_A+C+TSMOM|minvar_lw|vt6|nobrake,IS,1.0,8ca065d939,"{""brake"": false, ""labels"": [""A"", ""C"", ""TSMOM""], ""scheme"": ""minvar_lw"", ""vol_target"": 0.06}",-0.0256,nan,-1.9166,237.68,4633,ef6bd10,amendment-1 search
2026-10-03T11:35:33+00:00,FTE,FTE_A+C+TSMOM|minvar_lw|vt6|brake,IS,1.0,8425a08b42,"{""brake"": true, ""labels"": [""A"", ""C"", ""TSMOM""], ""scheme"": ""minvar_lw"", ""vol_target"": 0.06}",-0.1294,nan,-1.5393,231.69,4633,ef6bd10,amendment-1 search
2026-10-03T11:35:33+00:00,FTE,FTE_A+C+TSMOM|minvar_lw|vt8|nobrake,IS,1.0,43bbf4e1b4,"{""brake"": false, ""labels"": [""A"", ""C"", ""TSMOM""], ""scheme"": ""minvar_lw"", ""vol_target"": 0.08}",0.0015,nan,-2.0489,247.92,4633,ef6bd10,amendment-1 search
2026-10-03T11:35:33+00:00,FTE,FTE_A+C+TSMOM|minvar_lw|vt8|brake,IS,1.0,894c8b1eba,"{""brake"": true, ""labels"": [""A"", ""C"", ""TSMOM""], ""scheme"": ""minvar_lw"", ""vol_target"": 0.08}",-0.1153,nan,-1.5789,236.81,4633,ef6bd10,amendment-1 search
2026-10-03T11:35:33+00:00,FTE,FTE_A+C+TSMOM|minvar_lw|vt10|nobrake,IS,1.0,75cb04882b,"{""brake"": false, ""labels"": [""A"", ""C"", ""TSMOM""], ""scheme"": ""minvar_lw"", ""vol_target"": 0.1}",0.0047,nan,-2.0557,260.25,4633,ef6bd10,amendment-1 search
2026-10-03T11:35:33+00:00,FTE,FTE_A+C+TSMOM|minvar_lw|vt10|brake,IS,1.0,efde1a5900,"{""brake"": true, ""labels"": [""A"", ""C"", ""TSMOM""], ""scheme"": ""minvar_lw"", ""vol_target"": 0.1}",-0.1135,nan,-1.5825,242.98,4633,ef6bd10,amendment-1 search
2026-10-03T11:35:33+00:00,FTE,FTE_A+D|eqrisk|vt6|nobrake,IS,1.0,a2762cc551,"{""brake"": false, ""labels"": [""A"", ""D""], ""scheme"": ""eqrisk"", ""vol_target"": 0.06}",-0.2048,-0.00468,-0.3402,11.34,4432,ef6bd10,amendment-1 search
2026-10-03T11:35:33+00:00,FTE,FTE_A+D|eqrisk|vt6|brake,IS,1.0,cec0c60b74,"{""brake"": true, ""labels"": [""A"", ""D""], ""scheme"": ""eqrisk"", ""vol_target"": 0.06}",-0.0612,0.00773,-0.2036,7.62,4432,ef6bd10,amendment-1 search
2026-10-03T11:35:33+00:00,FTE,FTE_A+D|eqrisk|vt8|nobrake,IS,1.0,67fece6201,"{""brake"": false, ""labels"": [""A"", ""D""], ""scheme"": ""eqrisk"", ""vol_target"": 0.08}",-0.3032,-0.01556,-0.448,22.9,4432,ef6bd10,amendment-1 search
2026-10-03T11:35:33+00:00,FTE,FTE_A+D|eqrisk|vt8|brake,IS,1.0,9638f9190f,"{""brake"": true, ""labels"": [""A"", ""D""], ""scheme"": ""eqrisk"", ""vol_target"": 0.08}",-0.1656,0.0005,-0.2571,14.58,4432,ef6bd10,amendment-1 search
2026-10-03T11:35:33+00:00,FTE,FTE_A+D|eqrisk|vt10|nobrake,IS,1.0,28730f1460,"{""brake"": false, ""labels"": [""A"", ""D""], ""scheme"": ""eqrisk"", ""vol_target"": 0.1}",-0.3744,-0.02448,-0.5179,36.45,4432,ef6bd10,amendment-1 search
2026-10-03T11:35:33+00:00,FTE,FTE_A+D|eqrisk|vt10|brake,IS,1.0,fafe7868ab,"{""brake"": true, ""labels"": [""A"", ""D""], ""scheme"": ""eqrisk"", ""vol_target"": 0.1}",-0.2974,-0.00832,-0.2984,22.41,4432,ef6bd10,amendment-1 search
2026-10-03T11:35:33+00:00,FTE,FTE_A+D|invvol_shrunk|vt6|nobrake,IS,1.0,52a6ab9b6d,"{""brake"": false, ""labels"": [""A"", ""D""], ""scheme"": ""invvol_shrunk"", ""vol_target"": 0.06}",-0.0957,0.00305,-0.2831,11.59,4432,ef6bd10,amendment-1 search
2026-10-03T11:35:33+00:00,FTE,FTE_A+D|invvol_shrunk|vt6|brake,IS,1.0,f1d61d9962,"{""brake"": true, ""labels"": [""A"", ""D""], ""scheme"": ""invvol_shrunk"", ""vol_target"": 0.06}",0.0262,0.01258,-0.1948,7.74,4432,ef6bd10,amendment-1 search
2026-10-03T11:35:33+00:00,FTE,FTE_A+D|invvol_shrunk|vt8|nobrake,IS,1.0,a4adea40d0,"{""brake"": false, ""labels"": [""A"", ""D""], ""scheme"": ""invvol_shrunk"", ""vol_target"": 0.08}",-0.1756,-0.00525,-0.3904,22.33,4432,ef6bd10,amendment-1 search
2026-10-03T11:35:33+00:00,FTE,FTE_A+D|invvol_shrunk|vt8|brake,IS,1.0,316f9abd3a,"{""brake"": true, ""labels"": [""A"", ""D""], ""scheme"": ""invvol_shrunk"", ""vol_target"": 0.08}",-0.0136,0.00982,-0.2278,14.53,4432,ef6bd10,amendment-1 search
2026-10-03T11:35:33+00:00,FTE,FTE_A+D|invvol_shrunk|vt10|nobrake,IS,1.0,b09d6a99a3,"{""brake"": false, ""labels"": [""A"", ""D""], ""scheme"": ""invvol_shrunk"", ""vol_target"": 0.1}",-0.2188,-0.01126,-0.4593,34.79,4432,ef6bd10,amendment-1 search
2026-10-03T11:35:33+00:00,FTE,FTE_A+D|invvol_shrunk|vt10|brake,IS,1.0,cd9f1f5a1b,"{""brake"": true, ""labels"": [""A"", ""D""], ""scheme"": ""invvol_shrunk"", ""vol_target"": 0.1}",-0.0396,0.00747,-0.261,21.97,4432,ef6bd10,amendment-1 search
2026-10-03T11:35:33+00:00,FTE,FTE_A+D|minvar_lw|vt6|nobrake,IS,1.0,3bcbb522da,"{""brake"": false, ""labels"": [""A"", ""D""], ""scheme"": ""minvar_lw"", ""vol_target"": 0.06}",-0.3733,-0.06202,-0.686,121.77,4423,ef6bd10,amendment-1 search
2026-10-03T11:35:33+00:00,FTE,FTE_A+D|minvar_lw|vt6|brake,IS,1.0,3654eaaa8a,"{""brake"": true, ""labels"": [""A"", ""D""], ""scheme"": ""minvar_lw"", ""vol_target"": 0.06}",-0.3182,-0.04866,-0.5993,116.32,4423,ef6bd10,amendment-1 search
2026-10-03T11:35:33+00:00,FTE,FTE_A+D|minvar_lw|vt8|nobrake,IS,1.0,7ff0290fb8,"{""brake"": false, ""labels"": [""A"", ""D""], ""scheme"": ""minvar_lw"", ""vol_target"": 0.08}",-0.4287,-0.07255,-0.7381,133.77,4423,ef6bd10,amendment-1 search
2026-10-03T11:35:33+00:00,FTE,FTE_A+D|minvar_lw|vt8|brake,IS,1.0,30101bc544,"{""brake"": true, ""labels"": [""A"", ""D""], ""scheme"": ""minvar_lw"", ""vol_target"": 0.08}",-0.352,-0.05384,-0.6321,122.32,4423,ef6bd10,amendment-1 search
2026-10-03T11:35:33+00:00,FTE,FTE_A+D|minvar_lw|vt10|nobrake,IS,1.0,972f53307e,"{""brake"": false, ""labels"": [""A"", ""D""], ""scheme"": ""minvar_lw"", ""vol_target"": 0.1}",-0.4794,-0.08208,-0.779,147.87,4423,ef6bd10,amendment-1 search
2026-10-03T11:35:33+00:00,FTE,FTE_A+D|minvar_lw|vt10|brake,IS,1.0,5f0886f4c7,"{""brake"": true, ""labels"": [""A"", ""D""], ""scheme"": ""minvar_lw"", ""vol_target"": 0.1}",-0.3833,-0.05859,-0.6604,129.37,4423,ef6bd10,amendment-1 search
2026-10-03T11:35:33+00:00,FTE,FTE_A+D+PCT|eqrisk|vt6|nobrake,IS,1.0,cfd1844f59,"{""brake"": false, ""labels"": [""A"", ""D"", ""PCT""], ""scheme"": ""eqrisk"", ""vol_target"": 0.06}",0.0482,0.01369,-0.2504,12.18,4432,ef6bd10,amendment-1 search
2026-10-03T11:35:33+00:00,FTE,FTE_A+D+PCT|eqrisk|vt6|brake,IS,1.0,2c262954e7,"{""brake"": true, ""labels"": [""A"", ""D"", ""PCT""], ""scheme"": ""eqrisk"", ""vol_target"": 0.06}",0.1624,0.02044,-0.1695,10.35,4432,ef6bd10,amendment-1 search
2026-10-03T11:35:33+00:00,FTE,FTE_A+D+PCT|eqrisk|vt8|nobrake,IS,1.0,69d88df966,"{""brake"": false, ""labels"": [""A"", ""D"", ""PCT""], ""scheme"": ""eqrisk"", ""vol_target"": 0.08}",-0.014,0.00824,-0.3446,24.32,4432,ef6bd10,amendment-1 search
2026-10-03T11:35:33+00:00,FTE,FTE_A+D+PCT|eqrisk|vt8|brake,IS,1.0,4bb47294e5,"{""brake"": true, ""labels"": [""A"", ""D"", ""PCT""], ""scheme"": ""eqrisk"", ""vol_target"": 0.08}",0.1331,0.01936,-0.2006,18.26,4432,ef6bd10,amendment-1 search
2026-10-03T11:35:33+00:00,FTE,FTE_A+D+PCT|eqrisk|vt10|nobrake,IS,1.0,a13ca427f3,"{""brake"": false, ""labels"": [""A"", ""D"", ""PCT""], ""scheme"": ""eqrisk"", ""vol_target"": 0.1}",-0.0609,0.00273,-0.4036,39.18,4432,ef6bd10,amendment-1 search
2026-10-03T11:35:33+00:00,FTE,FTE_A+D+PCT|eqrisk|vt10|brake,IS,1.0,674a912eeb,"{""brake"": true, ""labels"": [""A"", ""D"", ""PCT""], ""scheme"": ""eqrisk"", ""vol_target"": 0.1}",0.0206,0.01157,-0.217,28.72,4432,ef6bd10,amendment-1 search
2026-10-03T11:35:33+00:00,FTE,FTE_A+D+PCT|invvol_shrunk|vt6|nobrake,IS,1.0,5252870b13,"{""brake"": false, ""labels"": [""A"", ""D"", ""PCT""], ""scheme"": ""invvol_shrunk"", ""vol_target"": 0.06}",0.2694,0.02837,-0.209,8.14,4432,ef6bd10,amendment-1 search
2026-10-03T11:35:33+00:00,FTE,FTE_A+D+PCT|invvol_shrunk|vt6|brake,IS,1.0,f949a15795,"{""brake"": true, ""labels"": [""A"", ""D"", ""PCT""], ""scheme"": ""invvol_shrunk"", ""vol_target"": 0.06}",0.347,0.03114,-0.1559,7.84,4432,ef6bd10,amendment-1 search
2026-10-03T11:35:33+00:00,FTE,FTE_A+D+PCT|invvol_shrunk|vt8|nobrake,IS,1.0,8720b121ce,"{""brake"": false, ""labels"": [""A"", ""D"", ""PCT""], ""scheme"": ""invvol_shrunk"", ""vol_target"": 0.08}",0.2277,0.02845,-0.2684,16.3,4432,ef6bd10,amendment-1 search
2026-10-03T11:35:33+00:00,FTE,FTE_A+D+PCT|invvol_shrunk|vt8|brake,IS,1.0,fa6a0f446e,"{""brake"": true, ""labels"": [""A"", ""D"", ""PCT""], ""scheme"": ""invvol_shrunk"", ""vol_target"": 0.08}",0.2723,0.02879,-0.1897,13.62,4432,ef6bd10,amendment-1 search
2026-10-03T11:35:33+00:00,FTE,FTE_A+D+PCT|invvol_shrunk|vt10|nobrake,IS,1.0,96a0863ea7,"{""brake"": false, ""labels"": [""A"", ""D"", ""PCT""], ""scheme"": ""invvol_shrunk"", ""vol_target"": 0.1}",0.1798,0.02588,-0.3379,27.64,4432,ef6bd10,amendment-1 search
2026-10-03T11:35:33+00:00,FTE,FTE_A+D+PCT|invvol_shrunk|vt10|brake,IS,1.0,bc7763bbc6,"{""brake"": true, ""labels"": [""A"", ""D"", ""PCT""], ""scheme"": ""invvol_shrunk"", ""vol_target"": 0.1}",0.2535,0.02945,-0.2165,20.78,4432,ef6bd10,amendment-1 search
2026-10-03T11:35:33+00:00,FTE,FTE_A+D+PCT|minvar_lw|vt6|nobrake,IS,1.0,d16d7cdd9f,"{""brake"": false, ""labels"": [""A"", ""D"", ""PCT""], ""scheme"": ""minvar_lw"", ""vol_target"": 0.06}",-0.3436,-0.05714,-0.6605,123.41,4423,ef6bd10,amendment-1 search
2026-10-03T11:35:33+00:00,FTE,FTE_A+D+PCT|minvar_lw|vt6|brake,IS,1.0,14e72c8f91,"{""brake"": true, ""labels"": [""A"", ""D"", ""PCT""], ""scheme"": ""minvar_lw"", ""vol_target"": 0.06}",-0.3013,-0.04624,-0.5837,117.14,4423,ef6bd10,amendment-1 search
2026-10-03T11:35:33+00:00,FTE,FTE_A+D+PCT|minvar_lw|vt8|nobrake,IS,1.0,d9b86e1024,"{""brake"": false, ""labels"": [""A"", ""D"", ""PCT""], ""scheme"": ""minvar_lw"", ""vol_target"": 0.08}",-0.3882,-0.06584,-0.7077,137.32,4423,ef6bd10,amendment-1 search
2026-10-03T11:35:33+00:00,FTE,FTE_A+D+PCT|minvar_lw|vt8|brake,IS,1.0,956b3d96df,"{""brake"": true, ""labels"": [""A"", ""D"", ""PCT""], ""scheme"": ""minvar_lw"", ""vol_target"": 0.08}",-0.3286,-0.05048,-0.6121,124.09,4423,ef6bd10,amendment-1 search
2026-10-03T11:35:33+00:00,FTE,FTE_A+D+PCT|minvar_lw|vt10|nobrake,IS,1.0,659b9f5d02,"{""brake"": false, ""labels"": [""A"", ""D"", ""PCT""], ""scheme"": ""minvar_lw"", ""vol_target"": 0.1}",-0.4357,-0.07473,-0.7508,153.0,4423,ef6bd10,amendment-1 search
2026-10-03T11:35:33+00:00,FTE,FTE_A+D+PCT|minvar_lw|vt10|brake,IS,1.0,9fa1868c38,"{""brake"": true, ""labels"": [""A"", ""D"", ""PCT""], ""scheme"": ""minvar_lw"", ""vol_target"": 0.1}",-0.3576,-0.05488,-0.6407,131.93,4423,ef6bd10,amendment-1 search
2026-10-03T11:35:33+00:00,FTE,FTE_A+D+TSMOM|eqrisk|vt6|nobrake,IS,1.0,c8736c7d94,"{""brake"": false, ""labels"": [""A"", ""D"", ""TSMOM""], ""scheme"": ""eqrisk"", ""vol_target"": 0.06}",0.1344,0.01946,-0.2072,13.61,4432,ef6bd10,amendment-1 search
2026-10-03T11:35:33+00:00,FTE,FTE_A+D+TSMOM|eqrisk|vt6|brake,IS,1.0,314fa0a2e2,"{""brake"": true, ""labels"": [""A"", ""D"", ""TSMOM""], ""scheme"": ""eqrisk"", ""vol_target"": 0.06}",0.1494,0.01966,-0.1666,12.29,4432,ef6bd10,amendment-1 search
2026-10-03T11:35:33+00:00,FTE,FTE_A+D+TSMOM|eqrisk|vt8|nobrake,IS,1.0,d57455c8fa,"{""brake"": false, ""labels"": [""A"", ""D"", ""TSMOM""], ""scheme"": ""eqrisk"", ""vol_target"": 0.08}",0.0879,0.01656,-0.2511,27.14,4432,ef6bd10,amendment-1 search
2026-10-03T11:35:33+00:00,FTE,FTE_A+D+TSMOM|eqrisk|vt8|brake,IS,1.0,e940586f1d,"{""brake"": true, ""labels"": [""A"", ""D"", ""TSMOM""], ""scheme"": ""eqrisk"", ""vol_target"": 0.08}",0.1575,0.02111,-0.1783,21.85,4432,ef6bd10,amendment-1 search
2026-10-03T11:35:33+00:00,FTE,FTE_A+D+TSMOM|eqrisk|vt10|nobrake,IS,1.0,92bd173882,"{""brake"": false, ""labels"": [""A"", ""D"", ""TSMOM""], ""scheme"": ""eqrisk"", ""vol_target"": 0.1}",0.0492,0.01302,-0.2862,42.55,4432,ef6bd10,amendment-1 search
2026-10-03T11:35:33+00:00,FTE,FTE_A+D+TSMOM|eqrisk|vt10|brake,IS,1.0,2120565c05,"{""brake"": true, ""labels"": [""A"", ""D"", ""TSMOM""], ""scheme"": ""eqrisk"", ""vol_target"": 0.1}",0.0139,0.01125,-0.2399,31.72,4432,ef6bd10,amendment-1 search
2026-10-03T11:35:33+00:00,FTE,FTE_A+D+TSMOM|invvol_shrunk|vt6|nobrake,IS,1.0,1547490cbc,"{""brake"": false, ""labels"": [""A"", ""D"", ""TSMOM""], ""scheme"": ""invvol_shrunk"", ""vol_target"": 0.06}",0.3799,0.03573,-0.1796,9.34,4432,ef6bd10,amendment-1 search
2026-10-03T11:35:33+00:00,FTE,FTE_A+D+TSMOM|invvol_shrunk|vt6|brake,IS,1.0,0eadf46507,"{""brake"": true, ""labels"": [""A"", ""D"", ""TSMOM""], ""scheme"": ""invvol_shrunk"", ""vol_target"": 0.06}",0.3416,0.03253,-0.144,10.26,4432,ef6bd10,amendment-1 search
2026-10-03T11:35:33+00:00,FTE,FTE_A+D+TSMOM|invvol_shrunk|vt8|nobrake,IS,1.0,fc1684e280,"{""brake"": false, ""labels"": [""A"", ""D"", ""TSMOM""], ""scheme"": ""invvol_shrunk"", ""vol_target"": 0.08}",0.3512,0.03888,-0.2264,18.88,4432,ef6bd10,amendment-1 search
2026-10-03T11:35:33+00:00,FTE,FTE_A+D+TSMOM|invvol_shrunk|vt8|brake,IS,1.0,c6297220e8,"{""brake"": true, ""labels"": [""A"", ""D"", ""TSMOM""], ""scheme"": ""invvol_shrunk"", ""vol_target"": 0.08}",0.2886,0.03068,-0.1706,17.25,4432,ef6bd10,amendment-1 search
2026-10-03T11:35:33+00:00,FTE,FTE_A+D+TSMOM|invvol_shrunk|vt10|nobrake,IS,1.0,94932c210b,"{""brake"": false, ""labels"": [""A"", ""D"", ""TSMOM""], ""scheme"": ""invvol_shrunk"", ""vol_target"": 0.1}",0.3157,0.0396,-0.2635,31.52,4432,ef6bd10,amendment-1 search
2026-10-03T11:35:33+00:00,FTE,FTE_A+D+TSMOM|invvol_shrunk|vt10|brake,IS,1.0,1c4dbd87b8,"{""brake"": true, ""labels"": [""A"", ""D"", ""TSMOM""], ""scheme"": ""invvol_shrunk"", ""vol_target"": 0.1}",0.2599,0.0307,-0.186,26.1,4432,ef6bd10,amendment-1 search
2026-10-03T11:35:33+00:00,FTE,FTE_A+D+TSMOM|minvar_lw|vt6|nobrake,IS,1.0,732becd933,"{""brake"": false, ""labels"": [""A"", ""D"", ""TSMOM""], ""scheme"": ""minvar_lw"", ""vol_target"": 0.06}",-0.3272,-0.05481,-0.6446,123.73,4423,ef6bd10,amendment-1 search
2026-10-03T11:35:33+00:00,FTE,FTE_A+D+TSMOM|minvar_lw|vt6|brake,IS,1.0,288ab65439,"{""brake"": true, ""labels"": [""A"", ""D"", ""TSMOM""], ""scheme"": ""minvar_lw"", ""vol_target"": 0.06}",-0.2925,-0.04505,-0.5811,117.3,4423,ef6bd10,amendment-1 search
2026-10-03T11:35:33+00:00,FTE,FTE_A+D+TSMOM|minvar_lw|vt8|nobrake,IS,1.0,7d70b627bd,"{""brake"": false, ""labels"": [""A"", ""D"", ""TSMOM""], ""scheme"": ""minvar_lw"", ""vol_target"": 0.08}",-0.3719,-0.06339,-0.6932,137.91,4423,ef6bd10,amendment-1 search
2026-10-03T11:35:33+00:00,FTE,FTE_A+D+TSMOM|minvar_lw|vt8|brake,IS,1.0,ddfcd4614d,"{""brake"": true, ""labels"": [""A"", ""D"", ""TSMOM""], ""scheme"": ""minvar_lw"", ""vol_target"": 0.08}",-0.3196,-0.04924,-0.6027,124.39,4423,ef6bd10,amendment-1 search
2026-10-03T11:35:33+00:00,FTE,FTE_A+D+TSMOM|minvar_lw|vt10|nobrake,IS,1.0,445ac0d8ba,"{""brake"": false, ""labels"": [""A"", ""D"", ""TSMOM""], ""scheme"": ""minvar_lw"", ""vol_target"": 0.1}",-0.413,-0.07126,-0.7329,153.91,4423,ef6bd10,amendment-1 search
2026-10-03T11:35:33+00:00,FTE,FTE_A+D+TSMOM|minvar_lw|vt10|brake,IS,1.0,369afec542,"{""brake"": true, ""labels"": [""A"", ""D"", ""TSMOM""], ""scheme"": ""minvar_lw"", ""vol_target"": 0.1}",-0.3448,-0.05311,-0.6283,132.39,4423,ef6bd10,amendment-1 search
2026-10-03T11:35:33+00:00,FTE,FTE_A+E|eqrisk|vt6|nobrake,IS,1.0,3671611871,"{""brake"": false, ""labels"": [""A"", ""E""], ""scheme"": ""eqrisk"", ""vol_target"": 0.06}",-0.1202,-0.0286,-0.6711,123.81,4649,ef6bd10,amendment-1 search
2026-10-03T11:35:33+00:00,FTE,FTE_A+E|eqrisk|vt6|brake,IS,1.0,b14a270ab3,"{""brake"": true, ""labels"": [""A"", ""E""], ""scheme"": ""eqrisk"", ""vol_target"": 0.06}",-0.1806,-0.03485,-0.6597,120.84,4649,ef6bd10,amendment-1 search
2026-10-03T11:35:33+00:00,FTE,FTE_A+E|eqrisk|vt8|nobrake,IS,1.0,d4fba0478f,"{""brake"": false, ""labels"": [""A"", ""E""], ""scheme"": ""eqrisk"", ""vol_target"": 0.08}",-0.094,-0.02664,-0.6767,127.59,4649,ef6bd10,amendment-1 search
2026-10-03T11:35:33+00:00,FTE,FTE_A+E|eqrisk|vt8|brake,IS,1.0,e5d568ddc0,"{""brake"": true, ""labels"": [""A"", ""E""], ""scheme"": ""eqrisk"", ""vol_target"": 0.08}",-0.1668,-0.03352,-0.6618,122.73,4649,ef6bd10,amendment-1 search
2026-10-03T11:35:33+00:00,FTE,FTE_A+E|eqrisk|vt10|nobrake,IS,1.0,898de26552,"{""brake"": false, ""labels"": [""A"", ""E""], ""scheme"": ""eqrisk"", ""vol_target"": 0.1}",-0.074,-0.02551,-0.6805,133.6,4649,ef6bd10,amendment-1 search
2026-10-03T11:35:33+00:00,FTE,FTE_A+E|eqrisk|vt10|brake,IS,1.0,7f4d4e5b63,"{""brake"": true, ""labels"": [""A"", ""E""], ""scheme"": ""eqrisk"", ""vol_target"": 0.1}",-0.1553,-0.03257,-0.6634,125.74,4649,ef6bd10,amendment-1 search
2026-10-03T11:35:33+00:00,FTE,FTE_A+E|invvol_shrunk|vt6|nobrake,IS,1.0,69a4af790c,"{""brake"": false, ""labels"": [""A"", ""E""], ""scheme"": ""invvol_shrunk"", ""vol_target"": 0.06}",-0.1447,-0.03233,-0.6711,123.01,4649,ef6bd10,amendment-1 search
2026-10-03T11:35:33+00:00,FTE,FTE_A+E|invvol_shrunk|vt6|brake,IS,1.0,54b303c790,"{""brake"": true, ""labels"": [""A"", ""E""], ""scheme"": ""invvol_shrunk"", ""vol_target"": 0.06}",-0.1936,-0.03673,-0.6597,120.44,4649,ef6bd10,amendment-1 search
2026-10-03T11:35:33+00:00,FTE,FTE_A+E|invvol_shrunk|vt8|nobrake,IS,1.0,0309caeb5f,"{""brake"": false, ""labels"": [""A"", ""E""], ""scheme"": ""invvol_shrunk"", ""vol_target"": 0.08}",-0.1191,-0.03072,-0.6767,125.67,4649,ef6bd10,amendment-1 search
2026-10-03T11:35:33+00:00,FTE,FTE_A+E|invvol_shrunk|vt8|brake,IS,1.0,3ed8bf7049,"{""brake"": true, ""labels"": [""A"", ""E""], ""scheme"": ""invvol_shrunk"", ""vol_target"": 0.08}",-0.1806,-0.03557,-0.6618,121.77,4649,ef6bd10,amendment-1 search
2026-10-03T11:35:33+00:00,FTE,FTE_A+E|invvol_shrunk|vt10|nobrake,IS,1.0,326467341e,"{""brake"": false, ""labels"": [""A"", ""E""], ""scheme"": ""invvol_shrunk"", ""vol_target"": 0.1}",-0.1017,-0.03056,-0.6805,130.54,4649,ef6bd10,amendment-1 search
2026-10-03T11:35:33+00:00,FTE,FTE_A+E|invvol_shrunk|vt10|brake,IS,1.0,5ead8901b3,"{""brake"": true, ""labels"": [""A"", ""E""], ""scheme"": ""invvol_shrunk"", ""vol_target"": 0.1}",-0.1712,-0.03506,-0.6634,124.21,4649,ef6bd10,amendment-1 search
2026-10-03T11:35:33+00:00,FTE,FTE_A+E|minvar_lw|vt6|nobrake,IS,1.0,c80c561095,"{""brake"": false, ""labels"": [""A"", ""E""], ""scheme"": ""minvar_lw"", ""vol_target"": 0.06}",0.3771,0.03854,-0.1996,7.94,4633,ef6bd10,amendment-1 search
2026-10-03T11:35:33+00:00,FTE,FTE_A+E|minvar_lw|vt6|brake,IS,1.0,63773b99e3,"{""brake"": true, ""labels"": [""A"", ""E""], ""scheme"": ""minvar_lw"", ""vol_target"": 0.06}",0.3696,0.03571,-0.1533,7.0,4633,ef6bd10,amendment-1 search
2026-10-03T11:35:33+00:00,FTE,FTE_A+E|minvar_lw|vt8|nobrake,IS,1.0,2de9d5b13a,"{""brake"": false, ""labels"": [""A"", ""E""], ""scheme"": ""minvar_lw"", ""vol_target"": 0.08}",0.3632,0.04224,-0.2569,12.49,4633,ef6bd10,amendment-1 search
2026-10-03T11:35:33+00:00,FTE,FTE_A+E|minvar_lw|vt8|brake,IS,1.0,e60d00c9ea,"{""brake"": true, ""labels"": [""A"", ""E""], ""scheme"": ""minvar_lw"", ""vol_target"": 0.08}",0.3662,0.03872,-0.1903,11.09,4633,ef6bd10,amendment-1 search
2026-10-03T11:35:33+00:00,FTE,FTE_A+E|minvar_lw|vt10|nobrake,IS,1.0,866fbd993b,"{""brake"": false, ""labels"": [""A"", ""E""], ""scheme"": ""minvar_lw"", ""vol_target"": 0.1}",0.353,0.04516,-0.3097,19.91,4633,ef6bd10,amendment-1 search
2026-10-03T11:35:33+00:00,FTE,FTE_A+E|minvar_lw|vt10|brake,IS,1.0,d1941f7b91,"{""brake"": true, ""labels"": [""A"", ""E""], ""scheme"": ""minvar_lw"", ""vol_target"": 0.1}",0.3733,0.04203,-0.2161,15.14,4633,ef6bd10,amendment-1 search
2026-10-03T11:35:33+00:00,FTE,FTE_A+E+PCT|eqrisk|vt6|nobrake,IS,1.0,eeb8681e09,"{""brake"": false, ""labels"": [""A"", ""E"", ""PCT""], ""scheme"": ""eqrisk"", ""vol_target"": 0.06}",-0.0673,-0.01995,-0.6711,125.98,4649,ef6bd10,amendment-1 search
2026-10-03T11:35:33+00:00,FTE,FTE_A+E+PCT|eqrisk|vt6|brake,IS,1.0,8d27c83214,"{""brake"": true, ""labels"": [""A"", ""E"", ""PCT""], ""scheme"": ""eqrisk"", ""vol_target"": 0.06}",-0.1525,-0.0306,-0.6597,121.93,4649,ef6bd10,amendment-1 search
2026-10-03T11:35:33+00:00,FTE,FTE_A+E+PCT|eqrisk|vt8|nobrake,IS,1.0,1a8b94ccd4,"{""brake"": false, ""labels"": [""A"", ""E"", ""PCT""], ""scheme"": ""eqrisk"", ""vol_target"": 0.08}",-0.0251,-0.01478,-0.6767,131.57,4649,ef6bd10,amendment-1 search
2026-10-03T11:35:33+00:00,FTE,FTE_A+E+PCT|eqrisk|vt8|brake,IS,1.0,1d52043457,"{""brake"": true, ""labels"": [""A"", ""E"", ""PCT""], ""scheme"": ""eqrisk"", ""vol_target"": 0.08}",-0.1288,-0.02769,-0.6618,124.72,4649,ef6bd10,amendment-1 search
2026-10-03T11:35:33+00:00,FTE,FTE_A+E+PCT|eqrisk|vt10|nobrake,IS,1.0,3af675e32d,"{""brake"": false, ""labels"": [""A"", ""E"", ""PCT""], ""scheme"": ""eqrisk"", ""vol_target"": 0.1}",-0.0034,-0.01267,-0.6805,142.22,4649,ef6bd10,amendment-1 search
2026-10-03T11:35:33+00:00,FTE,FTE_A+E+PCT|eqrisk|vt10|brake,IS,1.0,8648dcf153,"{""brake"": true, ""labels"": [""A"", ""E"", ""PCT""], ""scheme"": ""eqrisk"", ""vol_target"": 0.1}",-0.1151,-0.02627,-0.6634,130.05,4649,ef6bd10,amendment-1 search
2026-10-03T11:35:33+00:00,FTE,FTE_A+E+PCT|invvol_shrunk|vt6|nobrake,IS,1.0,e873201b2d,"{""brake"": false, ""labels"": [""A"", ""E"", ""PCT""], ""scheme"": ""invvol_shrunk"", ""vol_target"": 0.06}",-0.0922,-0.02385,-0.6711,124.98,4649,ef6bd10,amendment-1 search
2026-10-03T11:35:33+00:00,FTE,FTE_A+E+PCT|invvol_shrunk|vt6|brake,IS,1.0,c297bca68d,"{""brake"": true, ""labels"": [""A"", ""E"", ""PCT""], ""scheme"": ""invvol_shrunk"", ""vol_target"": 0.06}",-0.1657,-0.03254,-0.6597,121.43,4649,ef6bd10,amendment-1 search
2026-10-03T11:35:33+00:00,FTE,FTE_A+E+PCT|invvol_shrunk|vt8|nobrake,IS,1.0,7569a42935,"{""brake"": false, ""labels"": [""A"", ""E"", ""PCT""], ""scheme"": ""invvol_shrunk"", ""vol_target"": 0.08}",-0.0549,-0.01978,-0.6767,129.63,4649,ef6bd10,amendment-1 search
2026-10-03T11:35:33+00:00,FTE,FTE_A+E+PCT|invvol_shrunk|vt8|brake,IS,1.0,f53d4fc47b,"{""brake"": true, ""labels"": [""A"", ""E"", ""PCT""], ""scheme"": ""invvol_shrunk"", ""vol_target"": 0.08}",-0.1452,-0.03017,-0.6618,123.75,4649,ef6bd10,amendment-1 search
2026-10-03T11:35:33+00:00,FTE,FTE_A+E+PCT|invvol_shrunk|vt10|nobrake,IS,1.0,1898bc36ce,"{""brake"": false, ""labels"": [""A"", ""E"", ""PCT""], ""scheme"": ""invvol_shrunk"", ""vol_target"": 0.1}",-0.0325,-0.01792,-0.6805,139.15,4649,ef6bd10,amendment-1 search
2026-10-03T11:35:33+00:00,FTE,FTE_A+E+PCT|invvol_shrunk|vt10|brake,IS,1.0,e805637a2a,"{""brake"": true, ""labels"": [""A"", ""E"", ""PCT""], ""scheme"": ""invvol_shrunk"", ""vol_target"": 0.1}",-0.1316,-0.02885,-0.6634,128.51,4649,ef6bd10,amendment-1 search
2026-10-03T11:35:33+00:00,FTE,FTE_A+E+PCT|minvar_lw|vt6|nobrake,IS,1.0,39f6682085,"{""brake"": false, ""labels"": [""A"", ""E"", ""PCT""], ""scheme"": ""minvar_lw"", ""vol_target"": 0.06}",0.5311,0.04785,-0.1305,9.49,4633,ef6bd10,amendment-1 search
2026-10-03T11:35:33+00:00,FTE,FTE_A+E+PCT|minvar_lw|vt6|brake,IS,1.0,e41240dde1,"{""brake"": true, ""labels"": [""A"", ""E"", ""PCT""], ""scheme"": ""minvar_lw"", ""vol_target"": 0.06}",0.5274,0.04729,-0.1168,9.44,4633,ef6bd10,amendment-1 search
2026-10-03T11:35:33+00:00,FTE,FTE_A+E+PCT|minvar_lw|vt8|nobrake,IS,1.0,954886035d,"{""brake"": false, ""labels"": [""A"", ""E"", ""PCT""], ""scheme"": ""minvar_lw"", ""vol_target"": 0.08}",0.5256,0.05546,-0.1702,15.94,4633,ef6bd10,amendment-1 search
2026-10-03T11:35:33+00:00,FTE,FTE_A+E+PCT|minvar_lw|vt8|brake,IS,1.0,b9f1243104,"{""brake"": true, ""labels"": [""A"", ""E"", ""PCT""], ""scheme"": ""minvar_lw"", ""vol_target"": 0.08}",0.5019,0.05076,-0.1384,14.53,4633,ef6bd10,amendment-1 search
2026-10-03T11:35:33+00:00,FTE,FTE_A+E+PCT|minvar_lw|vt10|nobrake,IS,1.0,3c9bfc96a6,"{""brake"": false, ""labels"": [""A"", ""E"", ""PCT""], ""scheme"": ""minvar_lw"", ""vol_target"": 0.1}",0.5089,0.06021,-0.2039,25.55,4633,ef6bd10,amendment-1 search
2026-10-03T11:35:33+00:00,FTE,FTE_A+E+PCT|minvar_lw|vt10|brake,IS,1.0,5ce889e6c9,"{""brake"": true, ""labels"": [""A"", ""E"", ""PCT""], ""scheme"": ""minvar_lw"", ""vol_target"": 0.1}",0.5044,0.05382,-0.1567,22.17,4633,ef6bd10,amendment-1 search
2026-10-03T11:35:33+00:00,FTE,FTE_A+E+TSMOM|eqrisk|vt6|nobrake,IS,1.0,270a12edc1,"{""brake"": false, ""labels"": [""A"", ""E"", ""TSMOM""], ""scheme"": ""eqrisk"", ""vol_target"": 0.06}",-0.0362,-0.01496,-0.6711,126.28,4649,ef6bd10,amendment-1 search
2026-10-03T11:35:33+00:00,FTE,FTE_A+E+TSMOM|eqrisk|vt6|brake,IS,1.0,0d157e1464,"{""brake"": true, ""labels"": [""A"", ""E"", ""TSMOM""], ""scheme"": ""eqrisk"", ""vol_target"": 0.06}",-0.1359,-0.02813,-0.6597,122.08,4649,ef6bd10,amendment-1 search
2026-10-03T11:35:33+00:00,FTE,FTE_A+E+TSMOM|eqrisk|vt8|nobrake,IS,1.0,5b2039abb4,"{""brake"": false, ""labels"": [""A"", ""E"", ""TSMOM""], ""scheme"": ""eqrisk"", ""vol_target"": 0.08}",0.0164,-0.00773,-0.6767,132.42,4649,ef6bd10,amendment-1 search
2026-10-03T11:35:33+00:00,FTE,FTE_A+E+TSMOM|eqrisk|vt8|brake,IS,1.0,7431202711,"{""brake"": true, ""labels"": [""A"", ""E"", ""TSMOM""], ""scheme"": ""eqrisk"", ""vol_target"": 0.08}",-0.1059,-0.02421,-0.6618,125.15,4649,ef6bd10,amendment-1 search
2026-10-03T11:35:33+00:00,FTE,FTE_A+E+TSMOM|eqrisk|vt10|nobrake,IS,1.0,a57b045f1a,"{""brake"": false, ""labels"": [""A"", ""E"", ""TSMOM""], ""scheme"": ""eqrisk"", ""vol_target"": 0.1}",0.0379,-0.00525,-0.6805,143.92,4649,ef6bd10,amendment-1 search
2026-10-03T11:35:33+00:00,FTE,FTE_A+E+TSMOM|eqrisk|vt10|brake,IS,1.0,048c4df477,"{""brake"": true, ""labels"": [""A"", ""E"", ""TSMOM""], ""scheme"": ""eqrisk"", ""vol_target"": 0.1}",-0.0916,-0.02262,-0.6634,130.89,4649,ef6bd10,amendment-1 search
2026-10-03T11:35:33+00:00,FTE,FTE_A+E+TSMOM|invvol_shrunk|vt6|nobrake,IS,1.0,4fb6ada2b7,"{""brake"": false, ""labels"": [""A"", ""E"", ""TSMOM""], ""scheme"": ""invvol_shrunk"", ""vol_target"": 0.06}",-0.0579,-0.01837,-0.6711,125.38,4649,ef6bd10,amendment-1 search
2026-10-03T11:35:33+00:00,FTE,FTE_A+E+TSMOM|invvol_shrunk|vt6|brake,IS,1.0,f6e5d5c040,"{""brake"": true, ""labels"": [""A"", ""E"", ""TSMOM""], ""scheme"": ""invvol_shrunk"", ""vol_target"": 0.06}",-0.1475,-0.02982,-0.6597,121.63,4649,ef6bd10,amendment-1 search
2026-10-03T11:35:33+00:00,FTE,FTE_A+E+TSMOM|invvol_shrunk|vt8|nobrake,IS,1.0,993feb8300,"{""brake"": false, ""labels"": [""A"", ""E"", ""TSMOM""], ""scheme"": ""invvol_shrunk"", ""vol_target"": 0.08}",-0.0099,-0.01215,-0.6767,130.64,4649,ef6bd10,amendment-1 search
2026-10-03T11:35:33+00:00,FTE,FTE_A+E+TSMOM|invvol_shrunk|vt8|brake,IS,1.0,4c846b4b40,"{""brake"": true, ""labels"": [""A"", ""E"", ""TSMOM""], ""scheme"": ""invvol_shrunk"", ""vol_target"": 0.08}",-0.1204,-0.0264,-0.6618,124.25,4649,ef6bd10,amendment-1 search
2026-10-03T11:35:33+00:00,FTE,FTE_A+E+TSMOM|invvol_shrunk|vt10|nobrake,IS,1.0,dc581ade62,"{""brake"": false, ""labels"": [""A"", ""E"", ""TSMOM""], ""scheme"": ""invvol_shrunk"", ""vol_target"": 0.1}",0.0146,-0.00948,-0.6805,141.09,4649,ef6bd10,amendment-1 search
2026-10-03T11:35:33+00:00,FTE,FTE_A+E+TSMOM|invvol_shrunk|vt10|brake,IS,1.0,f8d7ed8132,"{""brake"": true, ""labels"": [""A"", ""E"", ""TSMOM""], ""scheme"": ""invvol_shrunk"", ""vol_target"": 0.1}",-0.1048,-0.02469,-0.6634,129.48,4649,ef6bd10,amendment-1 search
2026-10-03T11:35:33+00:00,FTE,FTE_A+E+TSMOM|minvar_lw|vt6|nobrake,IS,1.0,4b48d14cf7,"{""brake"": false, ""labels"": [""A"", ""E"", ""TSMOM""], ""scheme"": ""minvar_lw"", ""vol_target"": 0.06}",0.59,0.05213,-0.1382,9.89,4633,ef6bd10,amendment-1 search
2026-10-03T11:35:33+00:00,FTE,FTE_A+E+TSMOM|minvar_lw|vt6|brake,IS,1.0,0f9787c9dc,"{""brake"": true, ""labels"": [""A"", ""E"", ""TSMOM""], ""scheme"": ""minvar_lw"", ""vol_target"": 0.06}",0.5753,0.0507,-0.1239,10.22,4633,ef6bd10,amendment-1 search
2026-10-03T11:35:33+00:00,FTE,FTE_A+E+TSMOM|minvar_lw|vt8|nobrake,IS,1.0,ded7a2df2b,"{""brake"": false, ""labels"": [""A"", ""E"", ""TSMOM""], ""scheme"": ""minvar_lw"", ""vol_target"": 0.08}",0.5859,0.06061,-0.1793,16.74,4633,ef6bd10,amendment-1 search
2026-10-03T11:35:33+00:00,FTE,FTE_A+E+TSMOM|minvar_lw|vt8|brake,IS,1.0,0c0550dce0,"{""brake"": true, ""labels"": [""A"", ""E"", ""TSMOM""], ""scheme"": ""minvar_lw"", ""vol_target"": 0.08}",0.5492,0.0534,-0.141,16.16,4633,ef6bd10,amendment-1 search
2026-10-03T11:35:33+00:00,FTE,FTE_A+E+TSMOM|minvar_lw|vt10|nobrake,IS,1.0,e2494dd85e,"{""brake"": false, ""labels"": [""A"", ""E"", ""TSMOM""], ""scheme"": ""minvar_lw"", ""vol_target"": 0.1}",0.5655,0.06565,-0.2163,27.24,4633,ef6bd10,amendment-1 search
2026-10-03T11:35:33+00:00,FTE,FTE_A+E+TSMOM|minvar_lw|vt10|brake,IS,1.0,3a85ed10d9,"{""brake"": true, ""labels"": [""A"", ""E"", ""TSMOM""], ""scheme"": ""minvar_lw"", ""vol_target"": 0.1}",0.5819,0.06177,-0.1635,23.27,4633,ef6bd10,amendment-1 search
2026-10-03T11:35:33+00:00,FTE,FTE_B+C|eqrisk|vt6|nobrake,IS,1.0,97cfb2f529,"{""brake"": false, ""labels"": [""B"", ""C""], ""scheme"": ""eqrisk"", ""vol_target"": 0.06}",0.666,0.05913,-0.1533,5.97,4645,ef6bd10,amendment-1 search
2026-10-03T11:35:33+00:00,FTE,FTE_B+C|eqrisk|vt6|brake,IS,1.0,a5f4417050,"{""brake"": true, ""labels"": [""B"", ""C""], ""scheme"": ""eqrisk"", ""vol_target"": 0.06}",0.6385,0.05488,-0.14,6.37,4645,ef6bd10,amendment-1 search
2026-10-03T11:35:33+00:00,FTE,FTE_B+C|eqrisk|vt8|nobrake,IS,1.0,67d52b7290,"{""brake"": false, ""labels"": [""B"", ""C""], ""scheme"": ""eqrisk"", ""vol_target"": 0.08}",0.6391,0.06751,-0.1922,10.97,4645,ef6bd10,amendment-1 search
2026-10-03T11:35:33+00:00,FTE,FTE_B+C|eqrisk|vt8|brake,IS,1.0,5e28a2530d,"{""brake"": true, ""labels"": [""B"", ""C""], ""scheme"": ""eqrisk"", ""vol_target"": 0.08}",0.637,0.06223,-0.1646,10.63,4645,ef6bd10,amendment-1 search
2026-10-03T11:35:33+00:00,FTE,FTE_B+C|eqrisk|vt10|nobrake,IS,1.0,31fe17cfc7,"{""brake"": false, ""labels"": [""B"", ""C""], ""scheme"": ""eqrisk"", ""vol_target"": 0.1}",0.5851,0.07047,-0.2336,19.46,4645,ef6bd10,amendment-1 search
2026-10-03T11:35:33+00:00,FTE,FTE_B+C|eqrisk|vt10|brake,IS,1.0,324a8191eb,"{""brake"": true, ""labels"": [""B"", ""C""], ""scheme"": ""eqrisk"", ""vol_target"": 0.1}",0.6054,0.06626,-0.2023,16.82,4645,ef6bd10,amendment-1 search
2026-10-03T11:35:33+00:00,FTE,FTE_B+C|invvol_shrunk|vt6|nobrake,IS,1.0,778fad6b50,"{""brake"": false, ""labels"": [""B"", ""C""], ""scheme"": ""invvol_shrunk"", ""vol_target"": 0.06}",0.5686,0.05134,-0.1698,4.74,4645,ef6bd10,amendment-1 search
2026-10-03T11:35:33+00:00,FTE,FTE_B+C|invvol_shrunk|vt6|brake,IS,1.0,d4813784d5,"{""brake"": true, ""labels"": [""B"", ""C""], ""scheme"": ""invvol_shrunk"", ""vol_target"": 0.06}",0.5562,0.04859,-0.1369,5.28,4645,ef6bd10,amendment-1 search
2026-10-03T11:35:33+00:00,FTE,FTE_B+C|invvol_shrunk|vt8|nobrake,IS,1.0,3c8b8e6738,"{""brake"": false, ""labels"": [""B"", ""C""], ""scheme"": ""invvol_shrunk"", ""vol_target"": 0.08}",0.5644,0.06178,-0.2095,6.91,4645,ef6bd10,amendment-1 search
2026-10-03T11:35:33+00:00,FTE,FTE_B+C|invvol_shrunk|vt8|brake,IS,1.0,7d16790531,"{""brake"": true, ""labels"": [""B"", ""C""], ""scheme"": ""invvol_shrunk"", ""vol_target"": 0.08}",0.5739,0.05753,-0.1648,6.72,4645,ef6bd10,amendment-1 search
2026-10-03T11:35:33+00:00,FTE,FTE_B+C|invvol_shrunk|vt10|nobrake,IS,1.0,86ba3587df,"{""brake"": false, ""labels"": [""B"", ""C""], ""scheme"": ""invvol_shrunk"", ""vol_target"": 0.1}",0.5449,0.06874,-0.2512,11.77,4645,ef6bd10,amendment-1 search
2026-10-03T11:35:33+00:00,FTE,FTE_B+C|invvol_shrunk|vt10|brake,IS,1.0,405e8b39b0,"{""brake"": true, ""labels"": [""B"", ""C""], ""scheme"": ""invvol_shrunk"", ""vol_target"": 0.1}",0.5663,0.06415,-0.2052,10.94,4645,ef6bd10,amendment-1 search
2026-10-03T11:35:33+00:00,FTE,FTE_B+C|minvar_lw|vt6|nobrake,IS,1.0,89c967ee32,"{""brake"": false, ""labels"": [""B"", ""C""], ""scheme"": ""minvar_lw"", ""vol_target"": 0.06}",0.7246,0.06412,-0.1285,19.26,4633,ef6bd10,amendment-1 search
2026-10-03T11:35:33+00:00,FTE,FTE_B+C|minvar_lw|vt6|brake,IS,1.0,4f7a92f66a,"{""brake"": true, ""labels"": [""B"", ""C""], ""scheme"": ""minvar_lw"", ""vol_target"": 0.06}",0.7096,0.06202,-0.1176,19.27,4633,ef6bd10,amendment-1 search
2026-10-03T11:35:33+00:00,FTE,FTE_B+C|minvar_lw|vt8|nobrake,IS,1.0,8e63531be6,"{""brake"": false, ""labels"": [""B"", ""C""], ""scheme"": ""minvar_lw"", ""vol_target"": 0.08}",0.683,0.06921,-0.167,27.58,4633,ef6bd10,amendment-1 search
2026-10-03T11:35:33+00:00,FTE,FTE_B+C|minvar_lw|vt8|brake,IS,1.0,fe00e4f465,"{""brake"": true, ""labels"": [""B"", ""C""], ""scheme"": ""minvar_lw"", ""vol_target"": 0.08}",0.6495,0.0629,-0.1495,27.53,4633,ef6bd10,amendment-1 search
2026-10-03T11:35:33+00:00,FTE,FTE_B+C|minvar_lw|vt10|nobrake,IS,1.0,508eb2564b,"{""brake"": false, ""labels"": [""B"", ""C""], ""scheme"": ""minvar_lw"", ""vol_target"": 0.1}",0.6111,0.06934,-0.2084,38.35,4633,ef6bd10,amendment-1 search
2026-10-03T11:35:33+00:00,FTE,FTE_B+C|minvar_lw|vt10|brake,IS,1.0,a9d7af1120,"{""brake"": true, ""labels"": [""B"", ""C""], ""scheme"": ""minvar_lw"", ""vol_target"": 0.1}",0.6162,0.0647,-0.175,35.24,4633,ef6bd10,amendment-1 search
2026-10-03T11:35:33+00:00,FTE,FTE_B+C+PCT|eqrisk|vt6|nobrake,IS,1.0,640f2708d0,"{""brake"": false, ""labels"": [""B"", ""C"", ""PCT""], ""scheme"": ""eqrisk"", ""vol_target"": 0.06}",0.6968,0.05989,-0.1359,8.36,4645,ef6bd10,amendment-1 search
2026-10-03T11:35:33+00:00,FTE,FTE_B+C+PCT|eqrisk|vt6|brake,IS,1.0,ff70c1edcc,"{""brake"": true, ""labels"": [""B"", ""C"", ""PCT""], ""scheme"": ""eqrisk"", ""vol_target"": 0.06}",0.6619,0.05613,-0.1263,9.0,4645,ef6bd10,amendment-1 search
2026-10-03T11:35:33+00:00,FTE,FTE_B+C+PCT|eqrisk|vt8|nobrake,IS,1.0,ba433285c9,"{""brake"": false, ""labels"": [""B"", ""C"", ""PCT""], ""scheme"": ""eqrisk"", ""vol_target"": 0.08}",0.647,0.06684,-0.1737,15.3,4645,ef6bd10,amendment-1 search
2026-10-03T11:35:33+00:00,FTE,FTE_B+C+PCT|eqrisk|vt8|brake,IS,1.0,70277a32e8,"{""brake"": true, ""labels"": [""B"", ""C"", ""PCT""], ""scheme"": ""eqrisk"", ""vol_target"": 0.08}",0.6302,0.06201,-0.1519,14.92,4645,ef6bd10,amendment-1 search
2026-10-03T11:35:33+00:00,FTE,FTE_B+C+PCT|eqrisk|vt10|nobrake,IS,1.0,19dd45d299,"{""brake"": false, ""labels"": [""B"", ""C"", ""PCT""], ""scheme"": ""eqrisk"", ""vol_target"": 0.1}",0.5778,0.06877,-0.2105,26.46,4645,ef6bd10,amendment-1 search
2026-10-03T11:35:33+00:00,FTE,FTE_B+C+PCT|eqrisk|vt10|brake,IS,1.0,46f539a76a,"{""brake"": true, ""labels"": [""B"", ""C"", ""PCT""], ""scheme"": ""eqrisk"", ""vol_target"": 0.1}",0.5221,0.05708,-0.1774,23.55,4645,ef6bd10,amendment-1 search
2026-10-03T11:35:33+00:00,FTE,FTE_B+C+PCT|invvol_shrunk|vt6|nobrake,IS,1.0,ec927cda39,"{""brake"": false, ""labels"": [""B"", ""C"", ""PCT""], ""scheme"": ""invvol_shrunk"", ""vol_target"": 0.06}",0.611,0.05316,-0.1361,6.91,4645,ef6bd10,amendment-1 search
2026-10-03T11:35:33+00:00,FTE,FTE_B+C+PCT|invvol_shrunk|vt6|brake,IS,1.0,98d18c8dc5,"{""brake"": true, ""labels"": [""B"", ""C"", ""PCT""], ""scheme"": ""invvol_shrunk"", ""vol_target"": 0.06}",0.6023,0.05041,-0.1308,7.9,4645,ef6bd10,amendment-1 search
2026-10-03T11:35:33+00:00,FTE,FTE_B+C+PCT|invvol_shrunk|vt8|nobrake,IS,1.0,bf1ad1f5f0,"{""brake"": false, ""labels"": [""B"", ""C"", ""PCT""], ""scheme"": ""invvol_shrunk"", ""vol_target"": 0.08}",0.5904,0.06257,-0.1821,10.64,4645,ef6bd10,amendment-1 search
2026-10-03T11:35:33+00:00,FTE,FTE_B+C+PCT|invvol_shrunk|vt8|brake,IS,1.0,cc358ca579,"{""brake"": true, ""labels"": [""B"", ""C"", ""PCT""], ""scheme"": ""invvol_shrunk"", ""vol_target"": 0.08}",0.5716,0.05688,-0.1464,11.18,4645,ef6bd10,amendment-1 search
2026-10-03T11:35:33+00:00,FTE,FTE_B+C+PCT|invvol_shrunk|vt10|nobrake,IS,1.0,95b31fefb3,"{""brake"": false, ""labels"": [""B"", ""C"", ""PCT""], ""scheme"": ""invvol_shrunk"", ""vol_target"": 0.1}",0.5411,0.0665,-0.2366,18.44,4645,ef6bd10,amendment-1 search
2026-10-03T11:35:33+00:00,FTE,FTE_B+C+PCT|invvol_shrunk|vt10|brake,IS,1.0,b9f75048a1,"{""brake"": true, ""labels"": [""B"", ""C"", ""PCT""], ""scheme"": ""invvol_shrunk"", ""vol_target"": 0.1}",0.546,0.06108,-0.1786,16.95,4645,ef6bd10,amendment-1 search
2026-10-03T11:35:33+00:00,FTE,FTE_B+C+PCT|minvar_lw|vt6|nobrake,IS,1.0,d671cfbb1d,"{""brake"": false, ""labels"": [""B"", ""C"", ""PCT""], ""scheme"": ""minvar_lw"", ""vol_target"": 0.06}",0.7524,0.06482,-0.1292,20.77,4633,ef6bd10,amendment-1 search
2026-10-03T11:35:33+00:00,FTE,FTE_B+C+PCT|minvar_lw|vt6|brake,IS,1.0,1130efd954,"{""brake"": true, ""labels"": [""B"", ""C"", ""PCT""], ""scheme"": ""minvar_lw"", ""vol_target"": 0.06}",0.7478,0.06383,-0.1167,20.66,4633,ef6bd10,amendment-1 search
2026-10-03T11:35:33+00:00,FTE,FTE_B+C+PCT|minvar_lw|vt8|nobrake,IS,1.0,8acebc0c06,"{""brake"": false, ""labels"": [""B"", ""C"", ""PCT""], ""scheme"": ""minvar_lw"", ""vol_target"": 0.08}",0.7014,0.07013,-0.1494,30.37,4633,ef6bd10,amendment-1 search
2026-10-03T11:35:33+00:00,FTE,FTE_B+C+PCT|minvar_lw|vt8|brake,IS,1.0,7a458c3d26,"{""brake"": true, ""labels"": [""B"", ""C"", ""PCT""], ""scheme"": ""minvar_lw"", ""vol_target"": 0.08}",0.6681,0.06337,-0.1564,29.52,4633,ef6bd10,amendment-1 search
2026-10-03T11:35:33+00:00,FTE,FTE_B+C+PCT|minvar_lw|vt10|nobrake,IS,1.0,db430c29fb,"{""brake"": false, ""labels"": [""B"", ""C"", ""PCT""], ""scheme"": ""minvar_lw"", ""vol_target"": 0.1}",0.6228,0.07015,-0.179,42.56,4633,ef6bd10,amendment-1 search
2026-10-03T11:35:33+00:00,FTE,FTE_B+C+PCT|minvar_lw|vt10|brake,IS,1.0,710b8b5e87,"{""brake"": true, ""labels"": [""B"", ""C"", ""PCT""], ""scheme"": ""minvar_lw"", ""vol_target"": 0.1}",0.6062,0.06307,-0.1795,37.74,4633,ef6bd10,amendment-1 search
2026-10-03T11:35:33+00:00,FTE,FTE_B+C+TSMOM|eqrisk|vt6|nobrake,IS,1.0,a30c7b47e4,"{""brake"": false, ""labels"": [""B"", ""C"", ""TSMOM""], ""scheme"": ""eqrisk"", ""vol_target"": 0.06}",0.8094,0.06796,-0.1174,8.95,4645,ef6bd10,amendment-1 search
2026-10-03T11:35:33+00:00,FTE,FTE_B+C+TSMOM|eqrisk|vt6|brake,IS,1.0,5c4a8c530e,"{""brake"": true, ""labels"": [""B"", ""C"", ""TSMOM""], ""scheme"": ""eqrisk"", ""vol_target"": 0.06}",0.799,0.06657,-0.1175,9.08,4645,ef6bd10,amendment-1 search
2026-10-03T11:35:33+00:00,FTE,FTE_B+C+TSMOM|eqrisk|vt8|nobrake,IS,1.0,a8efdd2995,"{""brake"": false, ""labels"": [""B"", ""C"", ""TSMOM""], ""scheme"": ""eqrisk"", ""vol_target"": 0.08}",0.7632,0.07711,-0.1445,16.59,4645,ef6bd10,amendment-1 search
2026-10-03T11:35:33+00:00,FTE,FTE_B+C+TSMOM|eqrisk|vt8|brake,IS,1.0,d87a930736,"{""brake"": true, ""labels"": [""B"", ""C"", ""TSMOM""], ""scheme"": ""eqrisk"", ""vol_target"": 0.08}",0.7567,0.07558,-0.1289,16.53,4645,ef6bd10,amendment-1 search
2026-10-03T11:35:33+00:00,FTE,FTE_B+C+TSMOM|eqrisk|vt10|nobrake,IS,1.0,4007c85452,"{""brake"": false, ""labels"": [""B"", ""C"", ""TSMOM""], ""scheme"": ""eqrisk"", ""vol_target"": 0.1}",0.686,0.07978,-0.1661,28.71,4645,ef6bd10,amendment-1 search
2026-10-03T11:35:33+00:00,FTE,FTE_B+C+TSMOM|eqrisk|vt10|brake,IS,1.0,da35f795f9,"{""brake"": true, ""labels"": [""B"", ""C"", ""TSMOM""], ""scheme"": ""eqrisk"", ""vol_target"": 0.1}",0.6533,0.07295,-0.1436,27.76,4645,ef6bd10,amendment-1 search
2026-10-03T11:35:33+00:00,FTE,FTE_B+C+TSMOM|invvol_shrunk|vt6|nobrake,IS,1.0,60a760340c,"{""brake"": false, ""labels"": [""B"", ""C"", ""TSMOM""], ""scheme"": ""invvol_shrunk"", ""vol_target"": 0.06}",0.7301,0.06155,-0.1111,7.49,4645,ef6bd10,amendment-1 search
2026-10-03T11:35:33+00:00,FTE,FTE_B+C+TSMOM|invvol_shrunk|vt6|brake,IS,1.0,9adc8debeb,"{""brake"": true, ""labels"": [""B"", ""C"", ""TSMOM""], ""scheme"": ""invvol_shrunk"", ""vol_target"": 0.06}",0.7223,0.06092,-0.106,7.62,4645,ef6bd10,amendment-1 search
2026-10-03T11:35:33+00:00,FTE,FTE_B+C+TSMOM|invvol_shrunk|vt8|nobrake,IS,1.0,c435d2c122,"{""brake"": false, ""labels"": [""B"", ""C"", ""TSMOM""], ""scheme"": ""invvol_shrunk"", ""vol_target"": 0.08}",0.71,0.07341,-0.151,12.02,4645,ef6bd10,amendment-1 search
2026-10-03T11:35:33+00:00,FTE,FTE_B+C+TSMOM|invvol_shrunk|vt8|brake,IS,1.0,6d55967e04,"{""brake"": true, ""labels"": [""B"", ""C"", ""TSMOM""], ""scheme"": ""invvol_shrunk"", ""vol_target"": 0.08}",0.6634,0.06698,-0.1528,12.41,4645,ef6bd10,amendment-1 search
2026-10-03T11:35:33+00:00,FTE,FTE_B+C+TSMOM|invvol_shrunk|vt10|nobrake,IS,1.0,97c12b6268,"{""brake"": false, ""labels"": [""B"", ""C"", ""TSMOM""], ""scheme"": ""invvol_shrunk"", ""vol_target"": 0.1}",0.666,0.07991,-0.175,20.81,4645,ef6bd10,amendment-1 search
2026-10-03T11:35:33+00:00,FTE,FTE_B+C+TSMOM|invvol_shrunk|vt10|brake,IS,1.0,28e233f2d8,"{""brake"": true, ""labels"": [""B"", ""C"", ""TSMOM""], ""scheme"": ""invvol_shrunk"", ""vol_target"": 0.1}",0.6036,0.06841,-0.1599,20.92,4645,ef6bd10,amendment-1 search
2026-10-03T11:35:33+00:00,FTE,FTE_B+C+TSMOM|minvar_lw|vt6|nobrake,IS,1.0,7197b63eda,"{""brake"": false, ""labels"": [""B"", ""C"", ""TSMOM""], ""scheme"": ""minvar_lw"", ""vol_target"": 0.06}",0.7928,0.068,-0.1233,20.75,4633,ef6bd10,amendment-1 search
2026-10-03T11:35:33+00:00,FTE,FTE_B+C+TSMOM|minvar_lw|vt6|brake,IS,1.0,14c718966d,"{""brake"": true, ""labels"": [""B"", ""C"", ""TSMOM""], ""scheme"": ""minvar_lw"", ""vol_target"": 0.06}",0.7893,0.06712,-0.1164,21.03,4633,ef6bd10,amendment-1 search
2026-10-03T11:35:33+00:00,FTE,FTE_B+C+TSMOM|minvar_lw|vt8|nobrake,IS,1.0,e131e8da9a,"{""brake"": false, ""labels"": [""B"", ""C"", ""TSMOM""], ""scheme"": ""minvar_lw"", ""vol_target"": 0.08}",0.7396,0.07346,-0.1414,30.33,4633,ef6bd10,amendment-1 search
2026-10-03T11:35:33+00:00,FTE,FTE_B+C+TSMOM|minvar_lw|vt8|brake,IS,1.0,6f53b88686,"{""brake"": true, ""labels"": [""B"", ""C"", ""TSMOM""], ""scheme"": ""minvar_lw"", ""vol_target"": 0.08}",0.685,0.06543,-0.1498,29.82,4633,ef6bd10,amendment-1 search
2026-10-03T11:35:33+00:00,FTE,FTE_B+C+TSMOM|minvar_lw|vt10|nobrake,IS,1.0,e0d7f307cb,"{""brake"": false, ""labels"": [""B"", ""C"", ""TSMOM""], ""scheme"": ""minvar_lw"", ""vol_target"": 0.1}",0.6662,0.07424,-0.1802,42.56,4633,ef6bd10,amendment-1 search
2026-10-03T11:35:33+00:00,FTE,FTE_B+C+TSMOM|minvar_lw|vt10|brake,IS,1.0,451e6033fe,"{""brake"": true, ""labels"": [""B"", ""C"", ""TSMOM""], ""scheme"": ""minvar_lw"", ""vol_target"": 0.1}",0.6477,0.06704,-0.1692,38.83,4633,ef6bd10,amendment-1 search
2026-10-03T11:35:33+00:00,FTE,FTE_B+D|eqrisk|vt6|nobrake,IS,1.0,7871bdd82d,"{""brake"": false, ""labels"": [""B"", ""D""], ""scheme"": ""eqrisk"", ""vol_target"": 0.06}",-0.3187,-0.01051,-0.4237,4.84,4645,ef6bd10,amendment-1 search
2026-10-03T11:35:33+00:00,FTE,FTE_B+D|eqrisk|vt6|brake,IS,1.0,1acd908f19,"{""brake"": true, ""labels"": [""B"", ""D""], ""scheme"": ""eqrisk"", ""vol_target"": 0.06}",-0.2278,0.00153,-0.2754,3.15,4645,ef6bd10,amendment-1 search
2026-10-03T11:35:33+00:00,FTE,FTE_B+D|eqrisk|vt8|nobrake,IS,1.0,c70e59c346,"{""brake"": false, ""labels"": [""B"", ""D""], ""scheme"": ""eqrisk"", ""vol_target"": 0.08}",-0.364,-0.022,-0.5406,9.79,4645,ef6bd10,amendment-1 search
2026-10-03T11:35:33+00:00,FTE,FTE_B+D|eqrisk|vt8|brake,IS,1.0,2b42b1af23,"{""brake"": true, ""labels"": [""B"", ""D""], ""scheme"": ""eqrisk"", ""vol_target"": 0.08}",-0.2395,-0.00273,-0.3406,6.43,4645,ef6bd10,amendment-1 search
2026-10-03T11:35:33+00:00,FTE,FTE_B+D|eqrisk|vt10|nobrake,IS,1.0,b3bbc09f49,"{""brake"": false, ""labels"": [""B"", ""D""], ""scheme"": ""eqrisk"", ""vol_target"": 0.1}",-0.3892,-0.03164,-0.6131,18.35,4645,ef6bd10,amendment-1 search
2026-10-03T11:35:33+00:00,FTE,FTE_B+D|eqrisk|vt10|brake,IS,1.0,ba411d7f72,"{""brake"": true, ""labels"": [""B"", ""D""], ""scheme"": ""eqrisk"", ""vol_target"": 0.1}",-0.289,-0.00928,-0.3934,11.04,4645,ef6bd10,amendment-1 search
2026-10-03T11:35:33+00:00,FTE,FTE_B+D|invvol_shrunk|vt6|nobrake,IS,1.0,dc69c1e296,"{""brake"": false, ""labels"": [""B"", ""D""], ""scheme"": ""invvol_shrunk"", ""vol_target"": 0.06}",-0.1612,0.00109,-0.3287,3.73,4645,ef6bd10,amendment-1 search
2026-10-03T11:35:33+00:00,FTE,FTE_B+D|invvol_shrunk|vt6|brake,IS,1.0,44dfa35437,"{""brake"": true, ""labels"": [""B"", ""D""], ""scheme"": ""invvol_shrunk"", ""vol_target"": 0.06}",-0.0751,0.00891,-0.2034,2.86,4645,ef6bd10,amendment-1 search
2026-10-03T11:35:33+00:00,FTE,FTE_B+D|invvol_shrunk|vt8|nobrake,IS,1.0,41d6e3bc5a,"{""brake"": false, ""labels"": [""B"", ""D""], ""scheme"": ""invvol_shrunk"", ""vol_target"": 0.08}",-0.169,-0.00478,-0.4314,5.64,4645,ef6bd10,amendment-1 search
2026-10-03T11:35:33+00:00,FTE,FTE_B+D|invvol_shrunk|vt8|brake,IS,1.0,df42731cf8,"{""brake"": true, ""labels"": [""B"", ""D""], ""scheme"": ""invvol_shrunk"", ""vol_target"": 0.08}",-0.1159,0.00439,-0.2841,4.31,4645,ef6bd10,amendment-1 search
2026-10-03T11:35:33+00:00,FTE,FTE_B+D|invvol_shrunk|vt10|nobrake,IS,1.0,3a6690a9f5,"{""brake"": false, ""labels"": [""B"", ""D""], ""scheme"": ""invvol_shrunk"", ""vol_target"": 0.1}",-0.1701,-0.01027,-0.5141,9.05,4645,ef6bd10,amendment-1 search
2026-10-03T11:35:33+00:00,FTE,FTE_B+D|invvol_shrunk|vt10|brake,IS,1.0,9d8de3732f,"{""brake"": true, ""labels"": [""B"", ""D""], ""scheme"": ""invvol_shrunk"", ""vol_target"": 0.1}",-0.2264,-0.00606,-0.3293,6.38,4645,ef6bd10,amendment-1 search
2026-10-03T11:35:33+00:00,FTE,FTE_B+D|minvar_lw|vt6|nobrake,IS,1.0,c2f7c613ba,"{""brake"": false, ""labels"": [""B"", ""D""], ""scheme"": ""minvar_lw"", ""vol_target"": 0.06}",-0.5925,-0.04341,-0.5774,53.91,4633,ef6bd10,amendment-1 search
2026-10-03T11:35:33+00:00,FTE,FTE_B+D|minvar_lw|vt6|brake,IS,1.0,41aab4c395,"{""brake"": true, ""labels"": [""B"", ""D""], ""scheme"": ""minvar_lw"", ""vol_target"": 0.06}",-0.5171,-0.02252,-0.366,50.48,4633,ef6bd10,amendment-1 search
2026-10-03T11:35:33+00:00,FTE,FTE_B+D|minvar_lw|vt8|nobrake,IS,1.0,94e1ed73b4,"{""brake"": false, ""labels"": [""B"", ""D""], ""scheme"": ""minvar_lw"", ""vol_target"": 0.08}",-0.6735,-0.05781,-0.6755,63.39,4633,ef6bd10,amendment-1 search
2026-10-03T11:35:33+00:00,FTE,FTE_B+D|minvar_lw|vt8|brake,IS,1.0,d17ff80906,"{""brake"": true, ""labels"": [""B"", ""D""], ""scheme"": ""minvar_lw"", ""vol_target"": 0.08}",-0.5903,-0.02954,-0.4406,55.22,4633,ef6bd10,amendment-1 search
2026-10-03T11:35:33+00:00,FTE,FTE_B+D|minvar_lw|vt10|nobrake,IS,1.0,9b9b32dbef,"{""brake"": false, ""labels"": [""B"", ""D""], ""scheme"": ""minvar_lw"", ""vol_target"": 0.1}",-0.7522,-0.07099,-0.7474,75.65,4633,ef6bd10,amendment-1 search
2026-10-03T11:35:33+00:00,FTE,FTE_B+D|minvar_lw|vt10|brake,IS,1.0,1d6ff34be4,"{""brake"": true, ""labels"": [""B"", ""D""], ""scheme"": ""minvar_lw"", ""vol_target"": 0.1}",-0.6607,-0.03617,-0.504,61.34,4633,ef6bd10,amendment-1 search
2026-10-03T11:35:33+00:00,FTE,FTE_B+D+PCT|eqrisk|vt6|nobrake,IS,1.0,f236bf7531,"{""brake"": false, ""labels"": [""B"", ""D"", ""PCT""], ""scheme"": ""eqrisk"", ""vol_target"": 0.06}",-0.1181,0.00399,-0.3064,7.64,4645,ef6bd10,amendment-1 search
2026-10-03T11:35:33+00:00,FTE,FTE_B+D+PCT|eqrisk|vt6|brake,IS,1.0,8fe2dec5b6,"{""brake"": true, ""labels"": [""B"", ""D"", ""PCT""], ""scheme"": ""eqrisk"", ""vol_target"": 0.06}",-0.0449,0.01037,-0.2076,6.16,4645,ef6bd10,amendment-1 search
2026-10-03T11:35:33+00:00,FTE,FTE_B+D+PCT|eqrisk|vt8|nobrake,IS,1.0,2a7953ff97,"{""brake"": false, ""labels"": [""B"", ""D"", ""PCT""], ""scheme"": ""eqrisk"", ""vol_target"": 0.08}",-0.1717,-0.00426,-0.418,14.87,4645,ef6bd10,amendment-1 search
2026-10-03T11:35:33+00:00,FTE,FTE_B+D+PCT|eqrisk|vt8|brake,IS,1.0,d2395c8006,"{""brake"": true, ""labels"": [""B"", ""D"", ""PCT""], ""scheme"": ""eqrisk"", ""vol_target"": 0.08}",-0.1461,0.00295,-0.2645,12.32,4645,ef6bd10,amendment-1 search
2026-10-03T11:35:33+00:00,FTE,FTE_B+D+PCT|eqrisk|vt10|nobrake,IS,1.0,31a75aa474,"{""brake"": false, ""labels"": [""B"", ""D"", ""PCT""], ""scheme"": ""eqrisk"", ""vol_target"": 0.1}",-0.2091,-0.0123,-0.4999,26.76,4645,ef6bd10,amendment-1 search
2026-10-03T11:35:33+00:00,FTE,FTE_B+D+PCT|eqrisk|vt10|brake,IS,1.0,0bcd2d0eb2,"{""brake"": true, ""labels"": [""B"", ""D"", ""PCT""], ""scheme"": ""eqrisk"", ""vol_target"": 0.1}",-0.1932,-0.00153,-0.312,17.1,4645,ef6bd10,amendment-1 search
2026-10-03T11:35:33+00:00,FTE,FTE_B+D+PCT|invvol_shrunk|vt6|nobrake,IS,1.0,537fe9e697,"{""brake"": false, ""labels"": [""B"", ""D"", ""PCT""], ""scheme"": ""invvol_shrunk"", ""vol_target"": 0.06}",0.0938,0.01841,-0.2335,6.28,4645,ef6bd10,amendment-1 search
2026-10-03T11:35:33+00:00,FTE,FTE_B+D+PCT|invvol_shrunk|vt6|brake,IS,1.0,171eee8cf5,"{""brake"": true, ""labels"": [""B"", ""D"", ""PCT""], ""scheme"": ""invvol_shrunk"", ""vol_target"": 0.06}",0.1408,0.02077,-0.1697,5.46,4645,ef6bd10,amendment-1 search
2026-10-03T11:35:33+00:00,FTE,FTE_B+D+PCT|invvol_shrunk|vt8|nobrake,IS,1.0,c42fef4bf7,"{""brake"": false, ""labels"": [""B"", ""D"", ""PCT""], ""scheme"": ""invvol_shrunk"", ""vol_target"": 0.08}",0.0772,0.01733,-0.3193,10.23,4645,ef6bd10,amendment-1 search
2026-10-03T11:35:33+00:00,FTE,FTE_B+D+PCT|invvol_shrunk|vt8|brake,IS,1.0,b571442f7d,"{""brake"": true, ""labels"": [""B"", ""D"", ""PCT""], ""scheme"": ""invvol_shrunk"", ""vol_target"": 0.08}",0.1703,0.02409,-0.1961,8.54,4645,ef6bd10,amendment-1 search
2026-10-03T11:35:33+00:00,FTE,FTE_B+D+PCT|invvol_shrunk|vt10|nobrake,IS,1.0,d4afb1297c,"{""brake"": false, ""labels"": [""B"", ""D"", ""PCT""], ""scheme"": ""invvol_shrunk"", ""vol_target"": 0.1}",0.0469,0.01372,-0.404,17.45,4645,ef6bd10,amendment-1 search
2026-10-03T11:35:33+00:00,FTE,FTE_B+D+PCT|invvol_shrunk|vt10|brake,IS,1.0,e397c013e8,"{""brake"": true, ""labels"": [""B"", ""D"", ""PCT""], ""scheme"": ""invvol_shrunk"", ""vol_target"": 0.1}",0.0495,0.01521,-0.2533,13.87,4645,ef6bd10,amendment-1 search
2026-10-03T11:35:33+00:00,FTE,FTE_B+D+PCT|minvar_lw|vt6|nobrake,IS,1.0,8381f5fa1c,"{""brake"": false, ""labels"": [""B"", ""D"", ""PCT""], ""scheme"": ""minvar_lw"", ""vol_target"": 0.06}",-0.5394,-0.03766,-0.5355,56.31,4633,ef6bd10,amendment-1 search
2026-10-03T11:35:33+00:00,FTE,FTE_B+D+PCT|minvar_lw|vt6|brake,IS,1.0,b2a312d9d6,"{""brake"": true, ""labels"": [""B"", ""D"", ""PCT""], ""scheme"": ""minvar_lw"", ""vol_target"": 0.06}",-0.4894,-0.02042,-0.3418,51.81,4633,ef6bd10,amendment-1 search
2026-10-03T11:35:33+00:00,FTE,FTE_B+D+PCT|minvar_lw|vt8|nobrake,IS,1.0,b94b9490c6,"{""brake"": false, ""labels"": [""B"", ""D"", ""PCT""], ""scheme"": ""minvar_lw"", ""vol_target"": 0.08}",-0.6035,-0.0497,-0.6277,67.31,4633,ef6bd10,amendment-1 search
2026-10-03T11:35:33+00:00,FTE,FTE_B+D+PCT|minvar_lw|vt8|brake,IS,1.0,ef41688baf,"{""brake"": true, ""labels"": [""B"", ""D"", ""PCT""], ""scheme"": ""minvar_lw"", ""vol_target"": 0.08}",-0.5521,-0.02655,-0.4092,57.32,4633,ef6bd10,amendment-1 search
2026-10-03T11:35:33+00:00,FTE,FTE_B+D+PCT|minvar_lw|vt10|nobrake,IS,1.0,421200573b,"{""brake"": false, ""labels"": [""B"", ""D"", ""PCT""], ""scheme"": ""minvar_lw"", ""vol_target"": 0.1}",-0.6585,-0.0607,-0.6932,81.1,4633,ef6bd10,amendment-1 search
2026-10-03T11:35:33+00:00,FTE,FTE_B+D+PCT|minvar_lw|vt10|brake,IS,1.0,30241eca01,"{""brake"": true, ""labels"": [""B"", ""D"", ""PCT""], ""scheme"": ""minvar_lw"", ""vol_target"": 0.1}",-0.5976,-0.03152,-0.459,64.21,4633,ef6bd10,amendment-1 search
2026-10-03T11:35:33+00:00,FTE,FTE_B+D+TSMOM|eqrisk|vt6|nobrake,IS,1.0,206a35dc14,"{""brake"": false, ""labels"": [""B"", ""D"", ""TSMOM""], ""scheme"": ""eqrisk"", ""vol_target"": 0.06}",-0.0609,0.00785,-0.2761,8.49,4645,ef6bd10,amendment-1 search
2026-10-03T11:35:33+00:00,FTE,FTE_B+D+TSMOM|eqrisk|vt6|brake,IS,1.0,6b4cade95c,"{""brake"": true, ""labels"": [""B"", ""D"", ""TSMOM""], ""scheme"": ""eqrisk"", ""vol_target"": 0.06}",-0.0432,0.0104,-0.2145,6.61,4645,ef6bd10,amendment-1 search
2026-10-03T11:35:33+00:00,FTE,FTE_B+D+TSMOM|eqrisk|vt8|nobrake,IS,1.0,a48d1cda02,"{""brake"": false, ""labels"": [""B"", ""D"", ""TSMOM""], ""scheme"": ""eqrisk"", ""vol_target"": 0.08}",-0.0874,0.00313,-0.356,16.94,4645,ef6bd10,amendment-1 search
2026-10-03T11:35:33+00:00,FTE,FTE_B+D+TSMOM|eqrisk|vt8|brake,IS,1.0,ea024af2cb,"{""brake"": true, ""labels"": [""B"", ""D"", ""TSMOM""], ""scheme"": ""eqrisk"", ""vol_target"": 0.08}",-0.0089,0.01156,-0.2276,12.84,4645,ef6bd10,amendment-1 search
2026-10-03T11:35:33+00:00,FTE,FTE_B+D+TSMOM|eqrisk|vt10|nobrake,IS,1.0,e5e138e55b,"{""brake"": false, ""labels"": [""B"", ""D"", ""TSMOM""], ""scheme"": ""eqrisk"", ""vol_target"": 0.1}",-0.1203,-0.00301,-0.4258,29.85,4645,ef6bd10,amendment-1 search
2026-10-03T11:35:33+00:00,FTE,FTE_B+D+TSMOM|eqrisk|vt10|brake,IS,1.0,1aab1660e2,"{""brake"": true, ""labels"": [""B"", ""D"", ""TSMOM""], ""scheme"": ""eqrisk"", ""vol_target"": 0.1}",-0.0943,0.00416,-0.2653,22.25,4645,ef6bd10,amendment-1 search
2026-10-03T11:35:33+00:00,FTE,FTE_B+D+TSMOM|invvol_shrunk|vt6|nobrake,IS,1.0,a9fdd277ab,"{""brake"": false, ""labels"": [""B"", ""D"", ""TSMOM""], ""scheme"": ""invvol_shrunk"", ""vol_target"": 0.06}",0.1769,0.02402,-0.1738,7.03,4645,ef6bd10,amendment-1 search
2026-10-03T11:35:33+00:00,FTE,FTE_B+D+TSMOM|invvol_shrunk|vt6|brake,IS,1.0,0436753dba,"{""brake"": true, ""labels"": [""B"", ""D"", ""TSMOM""], ""scheme"": ""invvol_shrunk"", ""vol_target"": 0.06}",0.1405,0.02092,-0.1614,7.24,4645,ef6bd10,amendment-1 search
2026-10-03T11:35:33+00:00,FTE,FTE_B+D+TSMOM|invvol_shrunk|vt8|nobrake,IS,1.0,9c42ac8fa8,"{""brake"": false, ""labels"": [""B"", ""D"", ""TSMOM""], ""scheme"": ""invvol_shrunk"", ""vol_target"": 0.08}",0.1598,0.0246,-0.2485,11.93,4645,ef6bd10,amendment-1 search
2026-10-03T11:35:33+00:00,FTE,FTE_B+D+TSMOM|invvol_shrunk|vt8|brake,IS,1.0,8f66885ba7,"{""brake"": true, ""labels"": [""B"", ""D"", ""TSMOM""], ""scheme"": ""invvol_shrunk"", ""vol_target"": 0.08}",0.0883,0.01817,-0.1795,12.94,4645,ef6bd10,amendment-1 search
2026-10-03T11:35:33+00:00,FTE,FTE_B+D+TSMOM|invvol_shrunk|vt10|nobrake,IS,1.0,e087ab6194,"{""brake"": false, ""labels"": [""B"", ""D"", ""TSMOM""], ""scheme"": ""invvol_shrunk"", ""vol_target"": 0.1}",0.1477,0.0245,-0.3099,20.32,4645,ef6bd10,amendment-1 search
2026-10-03T11:35:33+00:00,FTE,FTE_B+D+TSMOM|invvol_shrunk|vt10|brake,IS,1.0,568e06d178,"{""brake"": true, ""labels"": [""B"", ""D"", ""TSMOM""], ""scheme"": ""invvol_shrunk"", ""vol_target"": 0.1}",0.1062,0.01977,-0.2246,18.7,4645,ef6bd10,amendment-1 search
2026-10-03T11:35:33+00:00,FTE,FTE_B+D+TSMOM|minvar_lw|vt6|nobrake,IS,1.0,90932b01c7,"{""brake"": false, ""labels"": [""B"", ""D"", ""TSMOM""], ""scheme"": ""minvar_lw"", ""vol_target"": 0.06}",-0.5178,-0.03567,-0.5203,56.77,4633,ef6bd10,amendment-1 search
2026-10-03T11:35:33+00:00,FTE,FTE_B+D+TSMOM|minvar_lw|vt6|brake,IS,1.0,a4e7ffc792,"{""brake"": true, ""labels"": [""B"", ""D"", ""TSMOM""], ""scheme"": ""minvar_lw"", ""vol_target"": 0.06}",-0.4699,-0.01913,-0.3245,51.94,4633,ef6bd10,amendment-1 search
2026-10-03T11:35:33+00:00,FTE,FTE_B+D+TSMOM|minvar_lw|vt8|nobrake,IS,1.0,f98233786e,"{""brake"": false, ""labels"": [""B"", ""D"", ""TSMOM""], ""scheme"": ""minvar_lw"", ""vol_target"": 0.08}",-0.5728,-0.04662,-0.6081,68.09,4633,ef6bd10,amendment-1 search
2026-10-03T11:35:33+00:00,FTE,FTE_B+D+TSMOM|minvar_lw|vt8|brake,IS,1.0,3d9009f4c5,"{""brake"": true, ""labels"": [""B"", ""D"", ""TSMOM""], ""scheme"": ""minvar_lw"", ""vol_target"": 0.08}",-0.5324,-0.02517,-0.3924,57.8,4633,ef6bd10,amendment-1 search
2026-10-03T11:35:33+00:00,FTE,FTE_B+D+TSMOM|minvar_lw|vt10|nobrake,IS,1.0,e428d77a6f,"{""brake"": false, ""labels"": [""B"", ""D"", ""TSMOM""], ""scheme"": ""minvar_lw"", ""vol_target"": 0.1}",-0.628,-0.05722,-0.6728,82.22,4633,ef6bd10,amendment-1 search
2026-10-03T11:35:33+00:00,FTE,FTE_B+D+TSMOM|minvar_lw|vt10|brake,IS,1.0,3708b0f3f0,"{""brake"": true, ""labels"": [""B"", ""D"", ""TSMOM""], ""scheme"": ""minvar_lw"", ""vol_target"": 0.1}",-0.5769,-0.02993,-0.4415,64.8,4633,ef6bd10,amendment-1 search
2026-10-03T11:35:33+00:00,FTE,FTE_B+E|eqrisk|vt6|nobrake,IS,1.0,848c909526,"{""brake"": false, ""labels"": [""B"", ""E""], ""scheme"": ""eqrisk"", ""vol_target"": 0.06}",0.0945,0.01847,-0.2946,5.45,4649,ef6bd10,amendment-1 search
2026-10-03T11:35:33+00:00,FTE,FTE_B+E|eqrisk|vt6|brake,IS,1.0,2d7870feb7,"{""brake"": true, ""labels"": [""B"", ""E""], ""scheme"": ""eqrisk"", ""vol_target"": 0.06}",0.156,0.02105,-0.2111,5.02,4649,ef6bd10,amendment-1 search
2026-10-03T11:35:33+00:00,FTE,FTE_B+E|eqrisk|vt8|nobrake,IS,1.0,d0d0483704,"{""brake"": false, ""labels"": [""B"", ""E""], ""scheme"": ""eqrisk"", ""vol_target"": 0.08}",0.1002,0.01939,-0.3811,6.85,4649,ef6bd10,amendment-1 search
2026-10-03T11:35:33+00:00,FTE,FTE_B+E|eqrisk|vt8|brake,IS,1.0,5e5c8367eb,"{""brake"": true, ""labels"": [""B"", ""E""], ""scheme"": ""eqrisk"", ""vol_target"": 0.08}",0.1852,0.02426,-0.2487,6.36,4649,ef6bd10,amendment-1 search
2026-10-03T11:35:33+00:00,FTE,FTE_B+E|eqrisk|vt10|nobrake,IS,1.0,03ef760535,"{""brake"": false, ""labels"": [""B"", ""E""], ""scheme"": ""eqrisk"", ""vol_target"": 0.1}",0.1066,0.02017,-0.4561,8.54,4649,ef6bd10,amendment-1 search
2026-10-03T11:35:33+00:00,FTE,FTE_B+E|eqrisk|vt10|brake,IS,1.0,b4c1663347,"{""brake"": true, ""labels"": [""B"", ""E""], ""scheme"": ""eqrisk"", ""vol_target"": 0.1}",0.1494,0.0229,-0.2888,6.92,4649,ef6bd10,amendment-1 search
2026-10-03T11:35:33+00:00,FTE,FTE_B+E|invvol_shrunk|vt6|nobrake,IS,1.0,6efdbe3699,"{""brake"": false, ""labels"": [""B"", ""E""], ""scheme"": ""invvol_shrunk"", ""vol_target"": 0.06}",0.0881,0.01804,-0.2967,5.34,4649,ef6bd10,amendment-1 search
2026-10-03T11:35:33+00:00,FTE,FTE_B+E|invvol_shrunk|vt6|brake,IS,1.0,ba26974748,"{""brake"": true, ""labels"": [""B"", ""E""], ""scheme"": ""invvol_shrunk"", ""vol_target"": 0.06}",0.1378,0.02008,-0.2113,4.91,4649,ef6bd10,amendment-1 search
2026-10-03T11:35:33+00:00,FTE,FTE_B+E|invvol_shrunk|vt8|nobrake,IS,1.0,d55fc511f3,"{""brake"": false, ""labels"": [""B"", ""E""], ""scheme"": ""invvol_shrunk"", ""vol_target"": 0.08}",0.0932,0.01877,-0.3836,6.73,4649,ef6bd10,amendment-1 search
2026-10-03T11:35:33+00:00,FTE,FTE_B+E|invvol_shrunk|vt8|brake,IS,1.0,d2890926cf,"{""brake"": true, ""labels"": [""B"", ""E""], ""scheme"": ""invvol_shrunk"", ""vol_target"": 0.08}",0.1825,0.02407,-0.2496,5.88,4649,ef6bd10,amendment-1 search
2026-10-03T11:35:33+00:00,FTE,FTE_B+E|invvol_shrunk|vt10|nobrake,IS,1.0,16262e8bd3,"{""brake"": false, ""labels"": [""B"", ""E""], ""scheme"": ""invvol_shrunk"", ""vol_target"": 0.1}",0.1008,0.01953,-0.4588,8.43,4649,ef6bd10,amendment-1 search
2026-10-03T11:35:33+00:00,FTE,FTE_B+E|invvol_shrunk|vt10|brake,IS,1.0,e81bc43c34,"{""brake"": true, ""labels"": [""B"", ""E""], ""scheme"": ""invvol_shrunk"", ""vol_target"": 0.1}",0.145,0.02256,-0.2898,6.8,4649,ef6bd10,amendment-1 search
2026-10-03T11:35:33+00:00,FTE,FTE_B+E|minvar_lw|vt6|nobrake,IS,1.0,df396eb94d,"{""brake"": false, ""labels"": [""B"", ""E""], ""scheme"": ""minvar_lw"", ""vol_target"": 0.06}",0.1414,0.02147,-0.2906,4.62,4633,ef6bd10,amendment-1 search
2026-10-03T11:35:33+00:00,FTE,FTE_B+E|minvar_lw|vt6|brake,IS,1.0,ddb30b94c8,"{""brake"": true, ""labels"": [""B"", ""E""], ""scheme"": ""minvar_lw"", ""vol_target"": 0.06}",0.1934,0.02283,-0.2094,4.34,4633,ef6bd10,amendment-1 search
2026-10-03T11:35:33+00:00,FTE,FTE_B+E|minvar_lw|vt8|nobrake,IS,1.0,04a90df00d,"{""brake"": false, ""labels"": [""B"", ""E""], ""scheme"": ""minvar_lw"", ""vol_target"": 0.08}",0.144,0.02314,-0.3763,6.14,4633,ef6bd10,amendment-1 search
2026-10-03T11:35:33+00:00,FTE,FTE_B+E|minvar_lw|vt8|brake,IS,1.0,ad7d636383,"{""brake"": true, ""labels"": [""B"", ""E""], ""scheme"": ""minvar_lw"", ""vol_target"": 0.08}",0.2306,0.0271,-0.2477,5.95,4633,ef6bd10,amendment-1 search
2026-10-03T11:35:33+00:00,FTE,FTE_B+E|minvar_lw|vt10|nobrake,IS,1.0,996cf6964e,"{""brake"": false, ""labels"": [""B"", ""E""], ""scheme"": ""minvar_lw"", ""vol_target"": 0.1}",0.1476,0.02455,-0.4506,8.0,4633,ef6bd10,amendment-1 search
2026-10-03T11:35:33+00:00,FTE,FTE_B+E|minvar_lw|vt10|brake,IS,1.0,332b4f5499,"{""brake"": true, ""labels"": [""B"", ""E""], ""scheme"": ""minvar_lw"", ""vol_target"": 0.1}",0.2426,0.0304,-0.286,6.86,4633,ef6bd10,amendment-1 search
2026-10-03T11:35:33+00:00,FTE,FTE_B+E+PCT|eqrisk|vt6|nobrake,IS,1.0,ffce643c37,"{""brake"": false, ""labels"": [""B"", ""E"", ""PCT""], ""scheme"": ""eqrisk"", ""vol_target"": 0.06}",0.2128,0.02625,-0.2253,7.63,4649,ef6bd10,amendment-1 search
2026-10-03T11:35:33+00:00,FTE,FTE_B+E+PCT|eqrisk|vt6|brake,IS,1.0,0ae852ccd0,"{""brake"": true, ""labels"": [""B"", ""E"", ""PCT""], ""scheme"": ""eqrisk"", ""vol_target"": 0.06}",0.2427,0.02615,-0.1616,7.3,4649,ef6bd10,amendment-1 search
2026-10-03T11:35:33+00:00,FTE,FTE_B+E+PCT|eqrisk|vt8|nobrake,IS,1.0,4494fbb4ab,"{""brake"": false, ""labels"": [""B"", ""E"", ""PCT""], ""scheme"": ""eqrisk"", ""vol_target"": 0.08}",0.2191,0.02976,-0.3018,10.05,4649,ef6bd10,amendment-1 search
2026-10-03T11:35:33+00:00,FTE,FTE_B+E+PCT|eqrisk|vt8|brake,IS,1.0,f4717832ef,"{""brake"": true, ""labels"": [""B"", ""E"", ""PCT""], ""scheme"": ""eqrisk"", ""vol_target"": 0.08}",0.1621,0.02303,-0.1971,12.2,4649,ef6bd10,amendment-1 search
2026-10-03T11:35:33+00:00,FTE,FTE_B+E+PCT|eqrisk|vt10|nobrake,IS,1.0,dcdfb67bef,"{""brake"": false, ""labels"": [""B"", ""E"", ""PCT""], ""scheme"": ""eqrisk"", ""vol_target"": 0.1}",0.2144,0.03175,-0.3846,15.16,4649,ef6bd10,amendment-1 search
2026-10-03T11:35:33+00:00,FTE,FTE_B+E+PCT|eqrisk|vt10|brake,IS,1.0,944f99e5a1,"{""brake"": true, ""labels"": [""B"", ""E"", ""PCT""], ""scheme"": ""eqrisk"", ""vol_target"": 0.1}",0.2493,0.03088,-0.25,12.79,4649,ef6bd10,amendment-1 search
2026-10-03T11:35:33+00:00,FTE,FTE_B+E+PCT|invvol_shrunk|vt6|nobrake,IS,1.0,d685431718,"{""brake"": false, ""labels"": [""B"", ""E"", ""PCT""], ""scheme"": ""invvol_shrunk"", ""vol_target"": 0.06}",0.2113,0.02611,-0.221,7.5,4649,ef6bd10,amendment-1 search
2026-10-03T11:35:33+00:00,FTE,FTE_B+E+PCT|invvol_shrunk|vt6|brake,IS,1.0,ba2d60e8b3,"{""brake"": true, ""labels"": [""B"", ""E"", ""PCT""], ""scheme"": ""invvol_shrunk"", ""vol_target"": 0.06}",0.2237,0.02502,-0.1604,6.95,4649,ef6bd10,amendment-1 search
2026-10-03T11:35:33+00:00,FTE,FTE_B+E+PCT|invvol_shrunk|vt8|nobrake,IS,1.0,a4681453d4,"{""brake"": false, ""labels"": [""B"", ""E"", ""PCT""], ""scheme"": ""invvol_shrunk"", ""vol_target"": 0.08}",0.2143,0.02931,-0.2966,9.74,4649,ef6bd10,amendment-1 search
2026-10-03T11:35:33+00:00,FTE,FTE_B+E+PCT|invvol_shrunk|vt8|brake,IS,1.0,5eb3344552,"{""brake"": true, ""labels"": [""B"", ""E"", ""PCT""], ""scheme"": ""invvol_shrunk"", ""vol_target"": 0.08}",0.1532,0.02243,-0.1969,11.07,4649,ef6bd10,amendment-1 search
2026-10-03T11:35:33+00:00,FTE,FTE_B+E+PCT|invvol_shrunk|vt10|nobrake,IS,1.0,091b0a5425,"{""brake"": false, ""labels"": [""B"", ""E"", ""PCT""], ""scheme"": ""invvol_shrunk"", ""vol_target"": 0.1}",0.2099,0.03124,-0.378,14.9,4649,ef6bd10,amendment-1 search
2026-10-03T11:35:33+00:00,FTE,FTE_B+E+PCT|invvol_shrunk|vt10|brake,IS,1.0,2848c26d02,"{""brake"": true, ""labels"": [""B"", ""E"", ""PCT""], ""scheme"": ""invvol_shrunk"", ""vol_target"": 0.1}",0.2741,0.03292,-0.2497,13.21,4649,ef6bd10,amendment-1 search
2026-10-03T11:35:33+00:00,FTE,FTE_B+E+PCT|minvar_lw|vt6|nobrake,IS,1.0,d4ba250f7c,"{""brake"": false, ""labels"": [""B"", ""E"", ""PCT""], ""scheme"": ""minvar_lw"", ""vol_target"": 0.06}",0.2576,0.0291,-0.2393,6.49,4633,ef6bd10,amendment-1 search
2026-10-03T11:35:33+00:00,FTE,FTE_B+E+PCT|minvar_lw|vt6|brake,IS,1.0,5e7ef3e28a,"{""brake"": true, ""labels"": [""B"", ""E"", ""PCT""], ""scheme"": ""minvar_lw"", ""vol_target"": 0.06}",0.2874,0.02836,-0.1633,6.27,4633,ef6bd10,amendment-1 search
2026-10-03T11:35:33+00:00,FTE,FTE_B+E+PCT|minvar_lw|vt8|nobrake,IS,1.0,94ee8a991e,"{""brake"": false, ""labels"": [""B"", ""E"", ""PCT""], ""scheme"": ""minvar_lw"", ""vol_target"": 0.08}",0.2596,0.03326,-0.3176,8.68,4633,ef6bd10,amendment-1 search
2026-10-03T11:35:33+00:00,FTE,FTE_B+E+PCT|minvar_lw|vt8|brake,IS,1.0,2fee294b1c,"{""brake"": true, ""labels"": [""B"", ""E"", ""PCT""], ""scheme"": ""minvar_lw"", ""vol_target"": 0.08}",0.2967,0.0318,-0.2074,8.91,4633,ef6bd10,amendment-1 search
2026-10-03T11:35:33+00:00,FTE,FTE_B+E+PCT|minvar_lw|vt10|nobrake,IS,1.0,7230b562fc,"{""brake"": false, ""labels"": [""B"", ""E"", ""PCT""], ""scheme"": ""minvar_lw"", ""vol_target"": 0.1}",0.2515,0.03575,-0.4027,12.82,4633,ef6bd10,amendment-1 search
2026-10-03T11:35:33+00:00,FTE,FTE_B+E+PCT|minvar_lw|vt10|brake,IS,1.0,fe068290f7,"{""brake"": true, ""labels"": [""B"", ""E"", ""PCT""], ""scheme"": ""minvar_lw"", ""vol_target"": 0.1}",0.3134,0.03586,-0.2574,12.23,4633,ef6bd10,amendment-1 search
2026-10-03T11:35:33+00:00,FTE,FTE_B+E+TSMOM|eqrisk|vt6|nobrake,IS,1.0,b80a5dcae8,"{""brake"": false, ""labels"": [""B"", ""E"", ""TSMOM""], ""scheme"": ""eqrisk"", ""vol_target"": 0.06}",0.311,0.03286,-0.1904,7.99,4649,ef6bd10,amendment-1 search
2026-10-03T11:35:33+00:00,FTE,FTE_B+E+TSMOM|eqrisk|vt6|brake,IS,1.0,b53b868e95,"{""brake"": true, ""labels"": [""B"", ""E"", ""TSMOM""], ""scheme"": ""eqrisk"", ""vol_target"": 0.06}",0.2745,0.02849,-0.1466,9.42,4649,ef6bd10,amendment-1 search
2026-10-03T11:35:33+00:00,FTE,FTE_B+E+TSMOM|eqrisk|vt8|nobrake,IS,1.0,9ee8b461f1,"{""brake"": false, ""labels"": [""B"", ""E"", ""TSMOM""], ""scheme"": ""eqrisk"", ""vol_target"": 0.08}",0.3158,0.03839,-0.2469,10.78,4649,ef6bd10,amendment-1 search
2026-10-03T11:35:33+00:00,FTE,FTE_B+E+TSMOM|eqrisk|vt8|brake,IS,1.0,b8fcb9dfa0,"{""brake"": true, ""labels"": [""B"", ""E"", ""TSMOM""], ""scheme"": ""eqrisk"", ""vol_target"": 0.08}",0.2325,0.02818,-0.1864,12.27,4649,ef6bd10,amendment-1 search
2026-10-03T11:35:33+00:00,FTE,FTE_B+E+TSMOM|eqrisk|vt10|nobrake,IS,1.0,da5cad7472,"{""brake"": false, ""labels"": [""B"", ""E"", ""TSMOM""], ""scheme"": ""eqrisk"", ""vol_target"": 0.1}",0.3166,0.04288,-0.3123,16.83,4649,ef6bd10,amendment-1 search
2026-10-03T11:35:33+00:00,FTE,FTE_B+E+TSMOM|eqrisk|vt10|brake,IS,1.0,ac0f0a2430,"{""brake"": true, ""labels"": [""B"", ""E"", ""TSMOM""], ""scheme"": ""eqrisk"", ""vol_target"": 0.1}",0.2865,0.03461,-0.2125,16.91,4649,ef6bd10,amendment-1 search
2026-10-03T11:35:33+00:00,FTE,FTE_B+E+TSMOM|invvol_shrunk|vt6|nobrake,IS,1.0,4c7e405bcf,"{""brake"": false, ""labels"": [""B"", ""E"", ""TSMOM""], ""scheme"": ""invvol_shrunk"", ""vol_target"": 0.06}",0.3107,0.03279,-0.1812,7.95,4649,ef6bd10,amendment-1 search
2026-10-03T11:35:33+00:00,FTE,FTE_B+E+TSMOM|invvol_shrunk|vt6|brake,IS,1.0,4a621a20dc,"{""brake"": true, ""labels"": [""B"", ""E"", ""TSMOM""], ""scheme"": ""invvol_shrunk"", ""vol_target"": 0.06}",0.2768,0.02874,-0.1533,8.51,4649,ef6bd10,amendment-1 search
2026-10-03T11:35:33+00:00,FTE,FTE_B+E+TSMOM|invvol_shrunk|vt8|nobrake,IS,1.0,7aea1b3b63,"{""brake"": false, ""labels"": [""B"", ""E"", ""TSMOM""], ""scheme"": ""invvol_shrunk"", ""vol_target"": 0.08}",0.3143,0.03818,-0.2365,10.65,4649,ef6bd10,amendment-1 search
2026-10-03T11:35:33+00:00,FTE,FTE_B+E+TSMOM|invvol_shrunk|vt8|brake,IS,1.0,8786f0d1a3,"{""brake"": true, ""labels"": [""B"", ""E"", ""TSMOM""], ""scheme"": ""invvol_shrunk"", ""vol_target"": 0.08}",0.2334,0.02799,-0.185,11.25,4649,ef6bd10,amendment-1 search
2026-10-03T11:35:33+00:00,FTE,FTE_B+E+TSMOM|invvol_shrunk|vt10|nobrake,IS,1.0,f2492efcaa,"{""brake"": false, ""labels"": [""B"", ""E"", ""TSMOM""], ""scheme"": ""invvol_shrunk"", ""vol_target"": 0.1}",0.3137,0.04248,-0.2983,16.86,4649,ef6bd10,amendment-1 search
2026-10-03T11:35:33+00:00,FTE,FTE_B+E+TSMOM|invvol_shrunk|vt10|brake,IS,1.0,c5823e6e78,"{""brake"": true, ""labels"": [""B"", ""E"", ""TSMOM""], ""scheme"": ""invvol_shrunk"", ""vol_target"": 0.1}",0.3007,0.03566,-0.2009,15.36,4649,ef6bd10,amendment-1 search
2026-10-03T11:35:33+00:00,FTE,FTE_B+E+TSMOM|minvar_lw|vt6|nobrake,IS,1.0,9f6f5d4507,"{""brake"": false, ""labels"": [""B"", ""E"", ""TSMOM""], ""scheme"": ""minvar_lw"", ""vol_target"": 0.06}",0.3358,0.03441,-0.2158,6.67,4633,ef6bd10,amendment-1 search
2026-10-03T11:35:33+00:00,FTE,FTE_B+E+TSMOM|minvar_lw|vt6|brake,IS,1.0,4f7cdcd39e,"{""brake"": true, ""labels"": [""B"", ""E"", ""TSMOM""], ""scheme"": ""minvar_lw"", ""vol_target"": 0.06}",0.3715,0.03386,-0.1625,6.74,4633,ef6bd10,amendment-1 search
2026-10-03T11:35:33+00:00,FTE,FTE_B+E+TSMOM|minvar_lw|vt8|nobrake,IS,1.0,5ddd9943a2,"{""brake"": false, ""labels"": [""B"", ""E"", ""TSMOM""], ""scheme"": ""minvar_lw"", ""vol_target"": 0.08}",0.3373,0.04027,-0.279,9.03,4633,ef6bd10,amendment-1 search
2026-10-03T11:35:33+00:00,FTE,FTE_B+E+TSMOM|minvar_lw|vt8|brake,IS,1.0,4d84e9c357,"{""brake"": true, ""labels"": [""B"", ""E"", ""TSMOM""], ""scheme"": ""minvar_lw"", ""vol_target"": 0.08}",0.3448,0.03599,-0.2002,8.6,4633,ef6bd10,amendment-1 search
2026-10-03T11:35:33+00:00,FTE,FTE_B+E+TSMOM|minvar_lw|vt10|nobrake,IS,1.0,77b8ea6727,"{""brake"": false, ""labels"": [""B"", ""E"", ""TSMOM""], ""scheme"": ""minvar_lw"", ""vol_target"": 0.1}",0.3355,0.04499,-0.3514,13.55,4633,ef6bd10,amendment-1 search
2026-10-03T11:35:33+00:00,FTE,FTE_B+E+TSMOM|minvar_lw|vt10|brake,IS,1.0,1b219b5e4e,"{""brake"": true, ""labels"": [""B"", ""E"", ""TSMOM""], ""scheme"": ""minvar_lw"", ""vol_target"": 0.1}",0.3501,0.03934,-0.2305,12.76,4633,ef6bd10,amendment-1 search
2026-10-03T11:35:33+00:00,FTE,FTE_C+D|eqrisk|vt6|nobrake,IS,1.0,9da013770e,"{""brake"": false, ""labels"": [""C"", ""D""], ""scheme"": ""eqrisk"", ""vol_target"": 0.06}",-0.2357,-0.05767,-0.7267,21.29,4639,ef6bd10,amendment-1 search
2026-10-03T11:35:33+00:00,FTE,FTE_C+D|eqrisk|vt6|brake,IS,1.0,3abd380249,"{""brake"": true, ""labels"": [""C"", ""D""], ""scheme"": ""eqrisk"", ""vol_target"": 0.06}",-0.2375,-0.05462,-0.7203,10.75,4639,ef6bd10,amendment-1 search
2026-10-03T11:35:33+00:00,FTE,FTE_C+D|eqrisk|vt8|nobrake,IS,1.0,e174763e63,"{""brake"": false, ""labels"": [""C"", ""D""], ""scheme"": ""eqrisk"", ""vol_target"": 0.08}",-0.2909,-0.06827,-0.748,35.71,4639,ef6bd10,amendment-1 search
2026-10-03T11:35:33+00:00,FTE,FTE_C+D|eqrisk|vt8|brake,IS,1.0,cfa5414a57,"{""brake"": true, ""labels"": [""C"", ""D""], ""scheme"": ""eqrisk"", ""vol_target"": 0.08}",-0.2679,-0.05982,-0.7211,17.96,4639,ef6bd10,amendment-1 search
2026-10-03T11:35:33+00:00,FTE,FTE_C+D|eqrisk|vt10|nobrake,IS,1.0,f769a3285f,"{""brake"": false, ""labels"": [""C"", ""D""], ""scheme"": ""eqrisk"", ""vol_target"": 0.1}",-0.3455,-0.07844,-0.7901,49.94,4639,ef6bd10,amendment-1 search
2026-10-03T11:35:33+00:00,FTE,FTE_C+D|eqrisk|vt10|brake,IS,1.0,b102566760,"{""brake"": true, ""labels"": [""C"", ""D""], ""scheme"": ""eqrisk"", ""vol_target"": 0.1}",-0.2981,-0.06488,-0.7239,25.08,4639,ef6bd10,amendment-1 search
2026-10-03T11:35:33+00:00,FTE,FTE_C+D|invvol_shrunk|vt6|nobrake,IS,1.0,7cc798b2a7,"{""brake"": false, ""labels"": [""C"", ""D""], ""scheme"": ""invvol_shrunk"", ""vol_target"": 0.06}",-0.194,-0.05058,-0.7267,20.89,4639,ef6bd10,amendment-1 search
2026-10-03T11:35:33+00:00,FTE,FTE_C+D|invvol_shrunk|vt6|brake,IS,1.0,1c06ebedbe,"{""brake"": true, ""labels"": [""C"", ""D""], ""scheme"": ""invvol_shrunk"", ""vol_target"": 0.06}",-0.2156,-0.05107,-0.7203,10.56,4639,ef6bd10,amendment-1 search
2026-10-03T11:35:33+00:00,FTE,FTE_C+D|invvol_shrunk|vt8|nobrake,IS,1.0,c141a63d31,"{""brake"": false, ""labels"": [""C"", ""D""], ""scheme"": ""invvol_shrunk"", ""vol_target"": 0.08}",-0.2396,-0.05947,-0.7282,34.12,4639,ef6bd10,amendment-1 search
2026-10-03T11:35:33+00:00,FTE,FTE_C+D|invvol_shrunk|vt8|brake,IS,1.0,2efe5ec889,"{""brake"": true, ""labels"": [""C"", ""D""], ""scheme"": ""invvol_shrunk"", ""vol_target"": 0.08}",-0.2406,-0.0554,-0.7211,17.17,4639,ef6bd10,amendment-1 search
2026-10-03T11:35:33+00:00,FTE,FTE_C+D|invvol_shrunk|vt10|nobrake,IS,1.0,01133aa728,"{""brake"": false, ""labels"": [""C"", ""D""], ""scheme"": ""invvol_shrunk"", ""vol_target"": 0.1}",-0.2868,-0.06838,-0.745,47.6,4639,ef6bd10,amendment-1 search
2026-10-03T11:35:33+00:00,FTE,FTE_C+D|invvol_shrunk|vt10|brake,IS,1.0,1c98540e9b,"{""brake"": true, ""labels"": [""C"", ""D""], ""scheme"": ""invvol_shrunk"", ""vol_target"": 0.1}",-0.2665,-0.0598,-0.7219,23.91,4639,ef6bd10,amendment-1 search
2026-10-03T11:35:33+00:00,FTE,FTE_C+D|minvar_lw|vt6|nobrake,IS,1.0,6a6bb69660,"{""brake"": false, ""labels"": [""C"", ""D""], ""scheme"": ""minvar_lw"", ""vol_target"": 0.06}",-0.265,nan,-1.3868,243.65,4633,ef6bd10,amendment-1 search
2026-10-03T11:35:33+00:00,FTE,FTE_C+D|minvar_lw|vt6|brake,IS,1.0,0a61c04f23,"{""brake"": true, ""labels"": [""C"", ""D""], ""scheme"": ""minvar_lw"", ""vol_target"": 0.06}",-0.2513,nan,-1.32,234.68,4633,ef6bd10,amendment-1 search
2026-10-03T11:35:33+00:00,FTE,FTE_C+D|minvar_lw|vt8|nobrake,IS,1.0,50fdeb9a38,"{""brake"": false, ""labels"": [""C"", ""D""], ""scheme"": ""minvar_lw"", ""vol_target"": 0.08}",-0.3055,nan,-1.3744,258.49,4633,ef6bd10,amendment-1 search
2026-10-03T11:35:33+00:00,FTE,FTE_C+D|minvar_lw|vt8|brake,IS,1.0,2b23a46907,"{""brake"": true, ""labels"": [""C"", ""D""], ""scheme"": ""minvar_lw"", ""vol_target"": 0.08}",-0.2724,nan,-1.315,242.1,4633,ef6bd10,amendment-1 search
2026-10-03T11:35:33+00:00,FTE,FTE_C+D|minvar_lw|vt10|nobrake,IS,1.0,e7d9d0f602,"{""brake"": false, ""labels"": [""C"", ""D""], ""scheme"": ""minvar_lw"", ""vol_target"": 0.1}",-0.3414,nan,-1.3552,273.51,4633,ef6bd10,amendment-1 search
2026-10-03T11:35:33+00:00,FTE,FTE_C+D|minvar_lw|vt10|brake,IS,1.0,46eb0fb8ec,"{""brake"": true, ""labels"": [""C"", ""D""], ""scheme"": ""minvar_lw"", ""vol_target"": 0.1}",-0.2911,nan,-1.307,249.61,4633,ef6bd10,amendment-1 search
2026-10-03T11:35:33+00:00,FTE,FTE_C+D+PCT|eqrisk|vt6|nobrake,IS,1.0,cfa38a7e22,"{""brake"": false, ""labels"": [""C"", ""D"", ""PCT""], ""scheme"": ""eqrisk"", ""vol_target"": 0.06}",-0.1589,-0.04447,-0.7267,19.73,4639,ef6bd10,amendment-1 search
2026-10-03T11:35:33+00:00,FTE,FTE_C+D+PCT|eqrisk|vt6|brake,IS,1.0,4839248887,"{""brake"": true, ""labels"": [""C"", ""D"", ""PCT""], ""scheme"": ""eqrisk"", ""vol_target"": 0.06}",-0.1971,-0.04804,-0.7203,9.97,4639,ef6bd10,amendment-1 search
2026-10-03T11:35:33+00:00,FTE,FTE_C+D+PCT|eqrisk|vt8|nobrake,IS,1.0,5329649729,"{""brake"": false, ""labels"": [""C"", ""D"", ""PCT""], ""scheme"": ""eqrisk"", ""vol_target"": 0.08}",-0.1858,-0.05079,-0.7282,35.44,4639,ef6bd10,amendment-1 search
2026-10-03T11:35:33+00:00,FTE,FTE_C+D+PCT|eqrisk|vt8|brake,IS,1.0,9abbb1793e,"{""brake"": true, ""labels"": [""C"", ""D"", ""PCT""], ""scheme"": ""eqrisk"", ""vol_target"": 0.08}",-0.2123,-0.05098,-0.7211,17.83,4639,ef6bd10,amendment-1 search
2026-10-03T11:35:33+00:00,FTE,FTE_C+D+PCT|eqrisk|vt10|nobrake,IS,1.0,431ec62535,"{""brake"": false, ""labels"": [""C"", ""D"", ""PCT""], ""scheme"": ""eqrisk"", ""vol_target"": 0.1}",-0.2207,-0.05846,-0.7297,51.66,4639,ef6bd10,amendment-1 search
2026-10-03T11:35:33+00:00,FTE,FTE_C+D+PCT|eqrisk|vt10|brake,IS,1.0,1852df8308,"{""brake"": true, ""labels"": [""C"", ""D"", ""PCT""], ""scheme"": ""eqrisk"", ""vol_target"": 0.1}",-0.2322,-0.05464,-0.7219,25.94,4639,ef6bd10,amendment-1 search
2026-10-03T11:35:33+00:00,FTE,FTE_C+D+PCT|invvol_shrunk|vt6|nobrake,IS,1.0,7decedd9df,"{""brake"": false, ""labels"": [""C"", ""D"", ""PCT""], ""scheme"": ""invvol_shrunk"", ""vol_target"": 0.06}",-0.0825,-0.03137,-0.7267,12.6,4639,ef6bd10,amendment-1 search
2026-10-03T11:35:33+00:00,FTE,FTE_C+D+PCT|invvol_shrunk|vt6|brake,IS,1.0,45ceee4c4a,"{""brake"": true, ""labels"": [""C"", ""D"", ""PCT""], ""scheme"": ""invvol_shrunk"", ""vol_target"": 0.06}",-0.1571,-0.04155,-0.7203,6.41,4639,ef6bd10,amendment-1 search
2026-10-03T11:35:33+00:00,FTE,FTE_C+D+PCT|invvol_shrunk|vt8|nobrake,IS,1.0,2cc2d21760,"{""brake"": false, ""labels"": [""C"", ""D"", ""PCT""], ""scheme"": ""invvol_shrunk"", ""vol_target"": 0.08}",-0.0872,-0.03381,-0.7282,24.5,4639,ef6bd10,amendment-1 search
2026-10-03T11:35:33+00:00,FTE,FTE_C+D+PCT|invvol_shrunk|vt8|brake,IS,1.0,10da729c22,"{""brake"": true, ""labels"": [""C"", ""D"", ""PCT""], ""scheme"": ""invvol_shrunk"", ""vol_target"": 0.08}",-0.1596,-0.04248,-0.7211,12.36,4639,ef6bd10,amendment-1 search
2026-10-03T11:35:33+00:00,FTE,FTE_C+D+PCT|invvol_shrunk|vt10|nobrake,IS,1.0,7c067c5b14,"{""brake"": false, ""labels"": [""C"", ""D"", ""PCT""], ""scheme"": ""invvol_shrunk"", ""vol_target"": 0.1}",-0.1014,-0.03825,-0.7297,38.88,4639,ef6bd10,amendment-1 search
2026-10-03T11:35:33+00:00,FTE,FTE_C+D+PCT|invvol_shrunk|vt10|brake,IS,1.0,3157fd4825,"{""brake"": true, ""labels"": [""C"", ""D"", ""PCT""], ""scheme"": ""invvol_shrunk"", ""vol_target"": 0.1}",-0.1674,-0.04437,-0.7219,19.55,4639,ef6bd10,amendment-1 search
2026-10-03T11:35:33+00:00,FTE,FTE_C+D+PCT|minvar_lw|vt6|nobrake,IS,1.0,f6c48023c5,"{""brake"": false, ""labels"": [""C"", ""D"", ""PCT""], ""scheme"": ""minvar_lw"", ""vol_target"": 0.06}",-0.2659,nan,-1.387,244.95,4633,ef6bd10,amendment-1 search
2026-10-03T11:35:33+00:00,FTE,FTE_C+D+PCT|minvar_lw|vt6|brake,IS,1.0,3659389153,"{""brake"": true, ""labels"": [""C"", ""D"", ""PCT""], ""scheme"": ""minvar_lw"", ""vol_target"": 0.06}",-0.2517,nan,-1.32,235.33,4633,ef6bd10,amendment-1 search
2026-10-03T11:35:33+00:00,FTE,FTE_C+D+PCT|minvar_lw|vt8|nobrake,IS,1.0,016d4442b3,"{""brake"": false, ""labels"": [""C"", ""D"", ""PCT""], ""scheme"": ""minvar_lw"", ""vol_target"": 0.08}",-0.3037,nan,-1.3784,261.02,4633,ef6bd10,amendment-1 search
2026-10-03T11:35:33+00:00,FTE,FTE_C+D+PCT|minvar_lw|vt8|brake,IS,1.0,864fb62be7,"{""brake"": true, ""labels"": [""C"", ""D"", ""PCT""], ""scheme"": ""minvar_lw"", ""vol_target"": 0.08}",-0.2714,nan,-1.3167,243.36,4633,ef6bd10,amendment-1 search
2026-10-03T11:35:33+00:00,FTE,FTE_C+D+PCT|minvar_lw|vt10|nobrake,IS,1.0,8100082ff7,"{""brake"": false, ""labels"": [""C"", ""D"", ""PCT""], ""scheme"": ""minvar_lw"", ""vol_target"": 0.1}",-0.3385,nan,-1.3594,277.0,4633,ef6bd10,amendment-1 search
2026-10-03T11:35:33+00:00,FTE,FTE_C+D+PCT|minvar_lw|vt10|brake,IS,1.0,158ed49ae9,"{""brake"": true, ""labels"": [""C"", ""D"", ""PCT""], ""scheme"": ""minvar_lw"", ""vol_target"": 0.1}",-0.2896,nan,-1.3088,251.35,4633,ef6bd10,amendment-1 search
2026-10-03T11:35:33+00:00,FTE,FTE_C+D+TSMOM|eqrisk|vt6|nobrake,IS,1.0,3e9c46af8a,"{""brake"": false, ""labels"": [""C"", ""D"", ""TSMOM""], ""scheme"": ""eqrisk"", ""vol_target"": 0.06}",-0.1235,-0.03844,-0.7267,21.12,4639,ef6bd10,amendment-1 search
2026-10-03T11:35:33+00:00,FTE,FTE_C+D+TSMOM|eqrisk|vt6|brake,IS,1.0,32d981e517,"{""brake"": true, ""labels"": [""C"", ""D"", ""TSMOM""], ""scheme"": ""eqrisk"", ""vol_target"": 0.06}",-0.1785,-0.04505,-0.7203,10.67,4639,ef6bd10,amendment-1 search
2026-10-03T11:35:33+00:00,FTE,FTE_C+D+TSMOM|eqrisk|vt8|nobrake,IS,1.0,d9d0bef38a,"{""brake"": false, ""labels"": [""C"", ""D"", ""TSMOM""], ""scheme"": ""eqrisk"", ""vol_target"": 0.08}",-0.1424,-0.04312,-0.7282,37.35,4639,ef6bd10,amendment-1 search
2026-10-03T11:35:33+00:00,FTE,FTE_C+D+TSMOM|eqrisk|vt8|brake,IS,1.0,24617ea23d,"{""brake"": true, ""labels"": [""C"", ""D"", ""TSMOM""], ""scheme"": ""eqrisk"", ""vol_target"": 0.08}",-0.189,-0.04717,-0.7211,18.78,4639,ef6bd10,amendment-1 search
2026-10-03T11:35:33+00:00,FTE,FTE_C+D+TSMOM|eqrisk|vt10|nobrake,IS,1.0,666732aff8,"{""brake"": false, ""labels"": [""C"", ""D"", ""TSMOM""], ""scheme"": ""eqrisk"", ""vol_target"": 0.1}",-0.173,-0.04971,-0.7297,53.96,4639,ef6bd10,amendment-1 search
2026-10-03T11:35:33+00:00,FTE,FTE_C+D+TSMOM|eqrisk|vt10|brake,IS,1.0,cb58692fd2,"{""brake"": true, ""labels"": [""C"", ""D"", ""TSMOM""], ""scheme"": ""eqrisk"", ""vol_target"": 0.1}",-0.206,-0.05029,-0.7219,27.09,4639,ef6bd10,amendment-1 search
2026-10-03T11:35:33+00:00,FTE,FTE_C+D+TSMOM|invvol_shrunk|vt6|nobrake,IS,1.0,2b021e0228,"{""brake"": false, ""labels"": [""C"", ""D"", ""TSMOM""], ""scheme"": ""invvol_shrunk"", ""vol_target"": 0.06}",-0.0419,-0.02436,-0.7267,14.06,4639,ef6bd10,amendment-1 search
2026-10-03T11:35:33+00:00,FTE,FTE_C+D+TSMOM|invvol_shrunk|vt6|brake,IS,1.0,54e8677c4b,"{""brake"": true, ""labels"": [""C"", ""D"", ""TSMOM""], ""scheme"": ""invvol_shrunk"", ""vol_target"": 0.06}",-0.1358,-0.03808,-0.7203,7.14,4639,ef6bd10,amendment-1 search
2026-10-03T11:35:33+00:00,FTE,FTE_C+D+TSMOM|invvol_shrunk|vt8|nobrake,IS,1.0,4961de50f1,"{""brake"": false, ""labels"": [""C"", ""D"", ""TSMOM""], ""scheme"": ""invvol_shrunk"", ""vol_target"": 0.08}",-0.0344,-0.02433,-0.7282,27.34,4639,ef6bd10,amendment-1 search
2026-10-03T11:35:33+00:00,FTE,FTE_C+D+TSMOM|invvol_shrunk|vt8|brake,IS,1.0,9338104989,"{""brake"": true, ""labels"": [""C"", ""D"", ""TSMOM""], ""scheme"": ""invvol_shrunk"", ""vol_target"": 0.08}",-0.1312,-0.0378,-0.7211,13.78,4639,ef6bd10,amendment-1 search
2026-10-03T11:35:33+00:00,FTE,FTE_C+D+TSMOM|invvol_shrunk|vt10|nobrake,IS,1.0,3aa8d5ba53,"{""brake"": false, ""labels"": [""C"", ""D"", ""TSMOM""], ""scheme"": ""invvol_shrunk"", ""vol_target"": 0.1}",-0.0321,-0.02533,-0.7297,42.15,4639,ef6bd10,amendment-1 search
2026-10-03T11:35:33+00:00,FTE,FTE_C+D+TSMOM|invvol_shrunk|vt10|brake,IS,1.0,3ee067beab,"{""brake"": true, ""labels"": [""C"", ""D"", ""TSMOM""], ""scheme"": ""invvol_shrunk"", ""vol_target"": 0.1}",-0.1292,-0.038,-0.7219,21.19,4639,ef6bd10,amendment-1 search
2026-10-03T11:35:33+00:00,FTE,FTE_C+D+TSMOM|minvar_lw|vt6|nobrake,IS,1.0,e085003510,"{""brake"": false, ""labels"": [""C"", ""D"", ""TSMOM""], ""scheme"": ""minvar_lw"", ""vol_target"": 0.06}",-0.2615,nan,-1.3927,244.98,4633,ef6bd10,amendment-1 search
2026-10-03T11:35:33+00:00,FTE,FTE_C+D+TSMOM|minvar_lw|vt6|brake,IS,1.0,498d2a4d66,"{""brake"": true, ""labels"": [""C"", ""D"", ""TSMOM""], ""scheme"": ""minvar_lw"", ""vol_target"": 0.06}",-0.2495,nan,-1.3224,235.34,4633,ef6bd10,amendment-1 search
2026-10-03T11:35:33+00:00,FTE,FTE_C+D+TSMOM|minvar_lw|vt8|nobrake,IS,1.0,d504ac1657,"{""brake"": false, ""labels"": [""C"", ""D"", ""TSMOM""], ""scheme"": ""minvar_lw"", ""vol_target"": 0.08}",-0.2994,nan,-1.3808,260.95,4633,ef6bd10,amendment-1 search
2026-10-03T11:35:33+00:00,FTE,FTE_C+D+TSMOM|minvar_lw|vt8|brake,IS,1.0,84c5a767bd,"{""brake"": true, ""labels"": [""C"", ""D"", ""TSMOM""], ""scheme"": ""minvar_lw"", ""vol_target"": 0.08}",-0.2692,nan,-1.3177,243.33,4633,ef6bd10,amendment-1 search
2026-10-03T11:35:33+00:00,FTE,FTE_C+D+TSMOM|minvar_lw|vt10|nobrake,IS,1.0,99994d2241,"{""brake"": false, ""labels"": [""C"", ""D"", ""TSMOM""], ""scheme"": ""minvar_lw"", ""vol_target"": 0.1}",-0.3336,nan,-1.3614,276.98,4633,ef6bd10,amendment-1 search
2026-10-03T11:35:33+00:00,FTE,FTE_C+D+TSMOM|minvar_lw|vt10|brake,IS,1.0,5fa05f4e1a,"{""brake"": true, ""labels"": [""C"", ""D"", ""TSMOM""], ""scheme"": ""minvar_lw"", ""vol_target"": 0.1}",-0.287,nan,-1.3096,251.34,4633,ef6bd10,amendment-1 search
2026-10-03T11:35:33+00:00,FTE,FTE_C+E|eqrisk|vt6|nobrake,IS,1.0,aba3ba2ea8,"{""brake"": false, ""labels"": [""C"", ""E""], ""scheme"": ""eqrisk"", ""vol_target"": 0.06}",-0.0147,-0.01174,-0.6742,124.73,4649,ef6bd10,amendment-1 search
2026-10-03T11:35:33+00:00,FTE,FTE_C+E|eqrisk|vt6|brake,IS,1.0,f5d7057c72,"{""brake"": true, ""labels"": [""C"", ""E""], ""scheme"": ""eqrisk"", ""vol_target"": 0.06}",-0.1242,-0.02648,-0.662,121.3,4649,ef6bd10,amendment-1 search
2026-10-03T11:35:33+00:00,FTE,FTE_C+E|eqrisk|vt8|nobrake,IS,1.0,44a4f65532,"{""brake"": false, ""labels"": [""C"", ""E""], ""scheme"": ""eqrisk"", ""vol_target"": 0.08}",0.0066,-0.00943,-0.6774,132.73,4649,ef6bd10,amendment-1 search
2026-10-03T11:35:33+00:00,FTE,FTE_C+E|eqrisk|vt8|brake,IS,1.0,1825a652ef,"{""brake"": true, ""labels"": [""C"", ""E""], ""scheme"": ""eqrisk"", ""vol_target"": 0.08}",-0.1112,-0.02504,-0.6637,125.3,4649,ef6bd10,amendment-1 search
2026-10-03T11:35:33+00:00,FTE,FTE_C+E|eqrisk|vt10|nobrake,IS,1.0,b30b884978,"{""brake"": false, ""labels"": [""C"", ""E""], ""scheme"": ""eqrisk"", ""vol_target"": 0.1}",-0.0033,-0.01237,-0.6794,144.09,4649,ef6bd10,amendment-1 search
2026-10-03T11:35:33+00:00,FTE,FTE_C+E|eqrisk|vt10|brake,IS,1.0,2db4a6a483,"{""brake"": true, ""labels"": [""C"", ""E""], ""scheme"": ""eqrisk"", ""vol_target"": 0.1}",-0.1153,-0.02619,-0.6647,130.98,4649,ef6bd10,amendment-1 search
2026-10-03T11:35:33+00:00,FTE,FTE_C+E|invvol_shrunk|vt6|nobrake,IS,1.0,8660226604,"{""brake"": false, ""labels"": [""C"", ""E""], ""scheme"": ""invvol_shrunk"", ""vol_target"": 0.06}",-0.0589,-0.01876,-0.6733,123.23,4649,ef6bd10,amendment-1 search
2026-10-03T11:35:33+00:00,FTE,FTE_C+E|invvol_shrunk|vt6|brake,IS,1.0,2e8fd84eaa,"{""brake"": true, ""labels"": [""C"", ""E""], ""scheme"": ""invvol_shrunk"", ""vol_target"": 0.06}",-0.1479,-0.02998,-0.6616,120.55,4649,ef6bd10,amendment-1 search
2026-10-03T11:35:33+00:00,FTE,FTE_C+E|invvol_shrunk|vt8|nobrake,IS,1.0,2ae5cb719b,"{""brake"": false, ""labels"": [""C"", ""E""], ""scheme"": ""invvol_shrunk"", ""vol_target"": 0.08}",-0.0326,-0.0162,-0.6769,128.54,4649,ef6bd10,amendment-1 search
2026-10-03T11:35:33+00:00,FTE,FTE_C+E|invvol_shrunk|vt8|brake,IS,1.0,c1585ef028,"{""brake"": true, ""labels"": [""C"", ""E""], ""scheme"": ""invvol_shrunk"", ""vol_target"": 0.08}",-0.1328,-0.02836,-0.6634,123.21,4649,ef6bd10,amendment-1 search
2026-10-03T11:35:33+00:00,FTE,FTE_C+E|invvol_shrunk|vt10|nobrake,IS,1.0,af653958be,"{""brake"": false, ""labels"": [""C"", ""E""], ""scheme"": ""invvol_shrunk"", ""vol_target"": 0.1}",-0.034,-0.0183,-0.6802,137.88,4649,ef6bd10,amendment-1 search
2026-10-03T11:35:33+00:00,FTE,FTE_C+E|invvol_shrunk|vt10|brake,IS,1.0,94d6fe180c,"{""brake"": true, ""labels"": [""C"", ""E""], ""scheme"": ""invvol_shrunk"", ""vol_target"": 0.1}",-0.1325,-0.02902,-0.6645,127.88,4649,ef6bd10,amendment-1 search
2026-10-03T11:35:33+00:00,FTE,FTE_C+E|minvar_lw|vt6|nobrake,IS,1.0,010cb5c485,"{""brake"": false, ""labels"": [""C"", ""E""], ""scheme"": ""minvar_lw"", ""vol_target"": 0.06}",0.7134,0.06323,-0.1191,11.42,4633,ef6bd10,amendment-1 search
2026-10-03T11:35:33+00:00,FTE,FTE_C+E|minvar_lw|vt6|brake,IS,1.0,a047abb0c6,"{""brake"": true, ""labels"": [""C"", ""E""], ""scheme"": ""minvar_lw"", ""vol_target"": 0.06}",0.7058,0.0626,-0.1191,11.5,4633,ef6bd10,amendment-1 search
2026-10-03T11:35:33+00:00,FTE,FTE_C+E|minvar_lw|vt8|nobrake,IS,1.0,ad2e02c2d0,"{""brake"": false, ""labels"": [""C"", ""E""], ""scheme"": ""minvar_lw"", ""vol_target"": 0.08}",0.6654,0.06524,-0.1331,22.03,4633,ef6bd10,amendment-1 search
2026-10-03T11:35:33+00:00,FTE,FTE_C+E|minvar_lw|vt8|brake,IS,1.0,ce9e2850af,"{""brake"": true, ""labels"": [""C"", ""E""], ""scheme"": ""minvar_lw"", ""vol_target"": 0.08}",0.6457,0.06159,-0.127,21.35,4633,ef6bd10,amendment-1 search
2026-10-03T11:35:33+00:00,FTE,FTE_C+E|minvar_lw|vt10|nobrake,IS,1.0,f6fd44f07c,"{""brake"": false, ""labels"": [""C"", ""E""], ""scheme"": ""minvar_lw"", ""vol_target"": 0.1}",0.5978,0.06336,-0.1611,34.44,4633,ef6bd10,amendment-1 search
2026-10-03T11:35:33+00:00,FTE,FTE_C+E|minvar_lw|vt10|brake,IS,1.0,52504346b0,"{""brake"": true, ""labels"": [""C"", ""E""], ""scheme"": ""minvar_lw"", ""vol_target"": 0.1}",0.5684,0.05787,-0.1373,31.41,4633,ef6bd10,amendment-1 search
2026-10-03T11:35:33+00:00,FTE,FTE_C+E+PCT|eqrisk|vt6|nobrake,IS,1.0,a1909e3612,"{""brake"": false, ""labels"": [""C"", ""E"", ""PCT""], ""scheme"": ""eqrisk"", ""vol_target"": 0.06}",-0.0153,-0.01168,-0.6742,127.39,4649,ef6bd10,amendment-1 search
2026-10-03T11:35:33+00:00,FTE,FTE_C+E+PCT|eqrisk|vt6|brake,IS,1.0,8bb99bab92,"{""brake"": true, ""labels"": [""C"", ""E"", ""PCT""], ""scheme"": ""eqrisk"", ""vol_target"": 0.06}",-0.1247,-0.02649,-0.662,122.63,4649,ef6bd10,amendment-1 search
2026-10-03T11:35:33+00:00,FTE,FTE_C+E+PCT|eqrisk|vt8|nobrake,IS,1.0,ec27188e94,"{""brake"": false, ""labels"": [""C"", ""E"", ""PCT""], ""scheme"": ""eqrisk"", ""vol_target"": 0.08}",0.0034,-0.00986,-0.6774,137.32,4649,ef6bd10,amendment-1 search
2026-10-03T11:35:33+00:00,FTE,FTE_C+E+PCT|eqrisk|vt8|brake,IS,1.0,24854009c6,"{""brake"": true, ""labels"": [""C"", ""E"", ""PCT""], ""scheme"": ""eqrisk"", ""vol_target"": 0.08}",-0.1132,-0.02529,-0.6637,127.6,4649,ef6bd10,amendment-1 search
2026-10-03T11:35:33+00:00,FTE,FTE_C+E+PCT|eqrisk|vt10|nobrake,IS,1.0,f21325818b,"{""brake"": false, ""labels"": [""C"", ""E"", ""PCT""], ""scheme"": ""eqrisk"", ""vol_target"": 0.1}",-0.0063,-0.01287,-0.6794,151.36,4649,ef6bd10,amendment-1 search
2026-10-03T11:35:33+00:00,FTE,FTE_C+E+PCT|eqrisk|vt10|brake,IS,1.0,f55dda1d68,"{""brake"": true, ""labels"": [""C"", ""E"", ""PCT""], ""scheme"": ""eqrisk"", ""vol_target"": 0.1}",-0.1171,-0.02644,-0.6647,134.62,4649,ef6bd10,amendment-1 search
2026-10-03T11:35:33+00:00,FTE,FTE_C+E+PCT|invvol_shrunk|vt6|nobrake,IS,1.0,750606d622,"{""brake"": false, ""labels"": [""C"", ""E"", ""PCT""], ""scheme"": ""invvol_shrunk"", ""vol_target"": 0.06}",-0.0505,-0.01727,-0.6733,125.67,4649,ef6bd10,amendment-1 search
2026-10-03T11:35:33+00:00,FTE,FTE_C+E+PCT|invvol_shrunk|vt6|brake,IS,1.0,893b0bfd3d,"{""brake"": true, ""labels"": [""C"", ""E"", ""PCT""], ""scheme"": ""invvol_shrunk"", ""vol_target"": 0.06}",-0.1436,-0.02927,-0.6616,121.77,4649,ef6bd10,amendment-1 search
2026-10-03T11:35:33+00:00,FTE,FTE_C+E+PCT|invvol_shrunk|vt8|nobrake,IS,1.0,d62753c576,"{""brake"": false, ""labels"": [""C"", ""E"", ""PCT""], ""scheme"": ""invvol_shrunk"", ""vol_target"": 0.08}",-0.0282,-0.01531,-0.6769,133.53,4649,ef6bd10,amendment-1 search
2026-10-03T11:35:33+00:00,FTE,FTE_C+E+PCT|invvol_shrunk|vt8|brake,IS,1.0,1757146dbd,"{""brake"": true, ""labels"": [""C"", ""E"", ""PCT""], ""scheme"": ""invvol_shrunk"", ""vol_target"": 0.08}",-0.1305,-0.02795,-0.6634,125.7,4649,ef6bd10,amendment-1 search
2026-10-03T11:35:33+00:00,FTE,FTE_C+E+PCT|invvol_shrunk|vt10|nobrake,IS,1.0,ef09feb6cf,"{""brake"": false, ""labels"": [""C"", ""E"", ""PCT""], ""scheme"": ""invvol_shrunk"", ""vol_target"": 0.1}",-0.0273,-0.01691,-0.6802,145.75,4649,ef6bd10,amendment-1 search
2026-10-03T11:35:33+00:00,FTE,FTE_C+E+PCT|invvol_shrunk|vt10|brake,IS,1.0,e3776d559b,"{""brake"": true, ""labels"": [""C"", ""E"", ""PCT""], ""scheme"": ""invvol_shrunk"", ""vol_target"": 0.1}",-0.1288,-0.02837,-0.6645,131.81,4649,ef6bd10,amendment-1 search
2026-10-03T11:35:33+00:00,FTE,FTE_C+E+PCT|minvar_lw|vt6|nobrake,IS,1.0,5b595688a9,"{""brake"": false, ""labels"": [""C"", ""E"", ""PCT""], ""scheme"": ""minvar_lw"", ""vol_target"": 0.06}",0.7667,0.06468,-0.1169,13.09,4633,ef6bd10,amendment-1 search
2026-10-03T11:35:33+00:00,FTE,FTE_C+E+PCT|minvar_lw|vt6|brake,IS,1.0,377e6404e0,"{""brake"": true, ""labels"": [""C"", ""E"", ""PCT""], ""scheme"": ""minvar_lw"", ""vol_target"": 0.06}",0.7615,0.06425,-0.1169,13.5,4633,ef6bd10,amendment-1 search
2026-10-03T11:35:33+00:00,FTE,FTE_C+E+PCT|minvar_lw|vt8|nobrake,IS,1.0,006ff78a5b,"{""brake"": false, ""labels"": [""C"", ""E"", ""PCT""], ""scheme"": ""minvar_lw"", ""vol_target"": 0.08}",0.6896,0.06645,-0.1257,25.41,4633,ef6bd10,amendment-1 search
2026-10-03T11:35:33+00:00,FTE,FTE_C+E+PCT|minvar_lw|vt8|brake,IS,1.0,84dde8e4d0,"{""brake"": true, ""labels"": [""C"", ""E"", ""PCT""], ""scheme"": ""minvar_lw"", ""vol_target"": 0.08}",0.6633,0.06354,-0.1253,25.18,4633,ef6bd10,amendment-1 search
2026-10-03T11:35:33+00:00,FTE,FTE_C+E+PCT|minvar_lw|vt10|nobrake,IS,1.0,41bdb2b2b6,"{""brake"": false, ""labels"": [""C"", ""E"", ""PCT""], ""scheme"": ""minvar_lw"", ""vol_target"": 0.1}",0.604,0.06413,-0.1459,39.81,4633,ef6bd10,amendment-1 search
2026-10-03T11:35:33+00:00,FTE,FTE_C+E+PCT|minvar_lw|vt10|brake,IS,1.0,26030cdac7,"{""brake"": true, ""labels"": [""C"", ""E"", ""PCT""], ""scheme"": ""minvar_lw"", ""vol_target"": 0.1}",0.5692,0.05754,-0.1336,35.97,4633,ef6bd10,amendment-1 search
2026-10-03T11:35:33+00:00,FTE,FTE_C+E+TSMOM|eqrisk|vt6|nobrake,IS,1.0,e815a506d9,"{""brake"": false, ""labels"": [""C"", ""E"", ""TSMOM""], ""scheme"": ""eqrisk"", ""vol_target"": 0.06}",0.0213,-0.00571,-0.6742,127.7,4649,ef6bd10,amendment-1 search
2026-10-03T11:35:33+00:00,FTE,FTE_C+E+TSMOM|eqrisk|vt6|brake,IS,1.0,67f89cd9d9,"{""brake"": true, ""labels"": [""C"", ""E"", ""TSMOM""], ""scheme"": ""eqrisk"", ""vol_target"": 0.06}",-0.1052,-0.02355,-0.662,122.79,4649,ef6bd10,amendment-1 search
2026-10-03T11:35:33+00:00,FTE,FTE_C+E+TSMOM|eqrisk|vt8|nobrake,IS,1.0,67fcccb3f6,"{""brake"": false, ""labels"": [""C"", ""E"", ""TSMOM""], ""scheme"": ""eqrisk"", ""vol_target"": 0.08}",0.0464,-0.0025,-0.6774,138.01,4649,ef6bd10,amendment-1 search
2026-10-03T11:35:33+00:00,FTE,FTE_C+E+TSMOM|eqrisk|vt8|brake,IS,1.0,d1dcc0c25e,"{""brake"": true, ""labels"": [""C"", ""E"", ""TSMOM""], ""scheme"": ""eqrisk"", ""vol_target"": 0.08}",-0.0896,-0.02167,-0.6637,127.94,4649,ef6bd10,amendment-1 search
2026-10-03T11:35:33+00:00,FTE,FTE_C+E+TSMOM|eqrisk|vt10|nobrake,IS,1.0,24ff52eeb3,"{""brake"": false, ""labels"": [""C"", ""E"", ""TSMOM""], ""scheme"": ""eqrisk"", ""vol_target"": 0.1}",0.0387,-0.00481,-0.6794,152.64,4649,ef6bd10,amendment-1 search
2026-10-03T11:35:33+00:00,FTE,FTE_C+E+TSMOM|eqrisk|vt10|brake,IS,1.0,8c2c18bc46,"{""brake"": true, ""labels"": [""C"", ""E"", ""TSMOM""], ""scheme"": ""eqrisk"", ""vol_target"": 0.1}",-0.0917,-0.02249,-0.6647,135.26,4649,ef6bd10,amendment-1 search
2026-10-03T11:35:33+00:00,FTE,FTE_C+E+TSMOM|invvol_shrunk|vt6|nobrake,IS,1.0,63a23a575c,"{""brake"": false, ""labels"": [""C"", ""E"", ""TSMOM""], ""scheme"": ""invvol_shrunk"", ""vol_target"": 0.06}",-0.0099,-0.0107,-0.6733,125.98,4649,ef6bd10,amendment-1 search
2026-10-03T11:35:33+00:00,FTE,FTE_C+E+TSMOM|invvol_shrunk|vt6|brake,IS,1.0,8f9f1c141f,"{""brake"": true, ""labels"": [""C"", ""E"", ""TSMOM""], ""scheme"": ""invvol_shrunk"", ""vol_target"": 0.06}",-0.1219,-0.02603,-0.6616,121.93,4649,ef6bd10,amendment-1 search
2026-10-03T11:35:33+00:00,FTE,FTE_C+E+TSMOM|invvol_shrunk|vt8|nobrake,IS,1.0,22d2476842,"{""brake"": false, ""labels"": [""C"", ""E"", ""TSMOM""], ""scheme"": ""invvol_shrunk"", ""vol_target"": 0.08}",0.0227,-0.00662,-0.6769,134.04,4649,ef6bd10,amendment-1 search
2026-10-03T11:35:33+00:00,FTE,FTE_C+E+TSMOM|invvol_shrunk|vt8|brake,IS,1.0,cb81287ebf,"{""brake"": true, ""labels"": [""C"", ""E"", ""TSMOM""], ""scheme"": ""invvol_shrunk"", ""vol_target"": 0.08}",-0.1025,-0.02368,-0.6634,125.95,4649,ef6bd10,amendment-1 search
2026-10-03T11:35:33+00:00,FTE,FTE_C+E+TSMOM|invvol_shrunk|vt10|nobrake,IS,1.0,72076d0b24,"{""brake"": false, ""labels"": [""C"", ""E"", ""TSMOM""], ""scheme"": ""invvol_shrunk"", ""vol_target"": 0.1}",0.025,-0.0075,-0.6802,146.83,4649,ef6bd10,amendment-1 search
2026-10-03T11:35:33+00:00,FTE,FTE_C+E+TSMOM|invvol_shrunk|vt10|brake,IS,1.0,68d8c271ea,"{""brake"": true, ""labels"": [""C"", ""E"", ""TSMOM""], ""scheme"": ""invvol_shrunk"", ""vol_target"": 0.1}",-0.099,-0.02374,-0.6645,132.35,4649,ef6bd10,amendment-1 search
2026-10-03T11:35:33+00:00,FTE,FTE_C+E+TSMOM|minvar_lw|vt6|nobrake,IS,1.0,59e2e4ad60,"{""brake"": false, ""labels"": [""C"", ""E"", ""TSMOM""], ""scheme"": ""minvar_lw"", ""vol_target"": 0.06}",0.8067,0.0677,-0.1153,13.31,4633,ef6bd10,amendment-1 search
2026-10-03T11:35:33+00:00,FTE,FTE_C+E+TSMOM|minvar_lw|vt6|brake,IS,1.0,75520258c8,"{""brake"": true, ""labels"": [""C"", ""E"", ""TSMOM""], ""scheme"": ""minvar_lw"", ""vol_target"": 0.06}",0.8022,0.06735,-0.1153,13.45,4633,ef6bd10,amendment-1 search
2026-10-03T11:35:33+00:00,FTE,FTE_C+E+TSMOM|minvar_lw|vt8|nobrake,IS,1.0,c04b7f8fa5,"{""brake"": false, ""labels"": [""C"", ""E"", ""TSMOM""], ""scheme"": ""minvar_lw"", ""vol_target"": 0.08}",0.7356,0.07007,-0.1228,25.77,4633,ef6bd10,amendment-1 search
2026-10-03T11:35:33+00:00,FTE,FTE_C+E+TSMOM|minvar_lw|vt8|brake,IS,1.0,09e05194d5,"{""brake"": true, ""labels"": [""C"", ""E"", ""TSMOM""], ""scheme"": ""minvar_lw"", ""vol_target"": 0.08}",0.7038,0.06681,-0.1228,25.83,4633,ef6bd10,amendment-1 search
2026-10-03T11:35:33+00:00,FTE,FTE_C+E+TSMOM|minvar_lw|vt10|nobrake,IS,1.0,cb8a74d49a,"{""brake"": false, ""labels"": [""C"", ""E"", ""TSMOM""], ""scheme"": ""minvar_lw"", ""vol_target"": 0.1}",0.6593,0.06855,-0.1401,40.16,4633,ef6bd10,amendment-1 search
2026-10-03T11:35:33+00:00,FTE,FTE_C+E+TSMOM|minvar_lw|vt10|brake,IS,1.0,4612e753bd,"{""brake"": true, ""labels"": [""C"", ""E"", ""TSMOM""], ""scheme"": ""minvar_lw"", ""vol_target"": 0.1}",0.58,0.05842,-0.1316,35.94,4633,ef6bd10,amendment-1 search
2026-10-03T11:35:33+00:00,FTE,FTE_D+E|eqrisk|vt6|nobrake,IS,1.0,b8a151f902,"{""brake"": false, ""labels"": [""D"", ""E""], ""scheme"": ""eqrisk"", ""vol_target"": 0.06}",-0.3678,-0.06725,-0.7485,125.02,4649,ef6bd10,amendment-1 search
2026-10-03T11:35:33+00:00,FTE,FTE_D+E|eqrisk|vt6|brake,IS,1.0,43e0129e5b,"{""brake"": true, ""labels"": [""D"", ""E""], ""scheme"": ""eqrisk"", ""vol_target"": 0.06}",-0.3125,-0.05425,-0.6663,121.44,4649,ef6bd10,amendment-1 search
2026-10-03T11:35:33+00:00,FTE,FTE_D+E|eqrisk|vt8|nobrake,IS,1.0,dae25d5053,"{""brake"": false, ""labels"": [""D"", ""E""], ""scheme"": ""eqrisk"", ""vol_target"": 0.08}",-0.4168,-0.0787,-0.8008,133.65,4649,ef6bd10,amendment-1 search
2026-10-03T11:35:33+00:00,FTE,FTE_D+E|eqrisk|vt8|brake,IS,1.0,4c480d8cc5,"{""brake"": true, ""labels"": [""D"", ""E""], ""scheme"": ""eqrisk"", ""vol_target"": 0.08}",-0.3441,-0.05979,-0.701,125.76,4649,ef6bd10,amendment-1 search
2026-10-03T11:35:33+00:00,FTE,FTE_D+E|eqrisk|vt10|nobrake,IS,1.0,5f61399707,"{""brake"": false, ""labels"": [""D"", ""E""], ""scheme"": ""eqrisk"", ""vol_target"": 0.1}",-0.4638,-0.09047,-0.8431,145.22,4649,ef6bd10,amendment-1 search
2026-10-03T11:35:33+00:00,FTE,FTE_D+E|eqrisk|vt10|brake,IS,1.0,a933779193,"{""brake"": true, ""labels"": [""D"", ""E""], ""scheme"": ""eqrisk"", ""vol_target"": 0.1}",-0.3761,-0.0655,-0.7331,131.55,4649,ef6bd10,amendment-1 search
2026-10-03T11:35:33+00:00,FTE,FTE_D+E|invvol_shrunk|vt6|nobrake,IS,1.0,135d0c9662,"{""brake"": false, ""labels"": [""D"", ""E""], ""scheme"": ""invvol_shrunk"", ""vol_target"": 0.06}",-0.303,-0.05688,-0.6937,122.89,4649,ef6bd10,amendment-1 search
2026-10-03T11:35:33+00:00,FTE,FTE_D+E|invvol_shrunk|vt6|brake,IS,1.0,43c3fb25c9,"{""brake"": true, ""labels"": [""D"", ""E""], ""scheme"": ""invvol_shrunk"", ""vol_target"": 0.06}",-0.2776,-0.04905,-0.6597,120.38,4649,ef6bd10,amendment-1 search
2026-10-03T11:35:33+00:00,FTE,FTE_D+E|invvol_shrunk|vt8|nobrake,IS,1.0,0be67eaf01,"{""brake"": false, ""labels"": [""D"", ""E""], ""scheme"": ""invvol_shrunk"", ""vol_target"": 0.08}",-0.3275,-0.06461,-0.7424,127.76,4649,ef6bd10,amendment-1 search
2026-10-03T11:35:33+00:00,FTE,FTE_D+E|invvol_shrunk|vt8|brake,IS,1.0,41df54a7fc,"{""brake"": true, ""labels"": [""D"", ""E""], ""scheme"": ""invvol_shrunk"", ""vol_target"": 0.08}",-0.2952,-0.05261,-0.6618,122.82,4649,ef6bd10,amendment-1 search
2026-10-03T11:35:33+00:00,FTE,FTE_D+E|invvol_shrunk|vt10|nobrake,IS,1.0,4881ea906f,"{""brake"": false, ""labels"": [""D"", ""E""], ""scheme"": ""invvol_shrunk"", ""vol_target"": 0.1}",-0.3502,-0.07301,-0.7859,135.26,4649,ef6bd10,amendment-1 search
2026-10-03T11:35:33+00:00,FTE,FTE_D+E|invvol_shrunk|vt10|brake,IS,1.0,b58a1ccc7e,"{""brake"": true, ""labels"": [""D"", ""E""], ""scheme"": ""invvol_shrunk"", ""vol_target"": 0.1}",-0.3131,-0.05647,-0.6876,126.57,4649,ef6bd10,amendment-1 search
2026-10-03T11:35:33+00:00,FTE,FTE_D+E|minvar_lw|vt6|nobrake,IS,1.0,5ceb6189c7,"{""brake"": false, ""labels"": [""D"", ""E""], ""scheme"": ""minvar_lw"", ""vol_target"": 0.06}",-0.5735,-0.02785,-0.6137,9.12,4633,ef6bd10,amendment-1 search
2026-10-03T11:35:33+00:00,FTE,FTE_D+E|minvar_lw|vt6|brake,IS,1.0,5a4eea2050,"{""brake"": true, ""labels"": [""D"", ""E""], ""scheme"": ""minvar_lw"", ""vol_target"": 0.06}",-0.3348,-0.00368,-0.3869,5.34,4633,ef6bd10,amendment-1 search
2026-10-03T11:35:33+00:00,FTE,FTE_D+E|minvar_lw|vt8|nobrake,IS,1.0,0323923e28,"{""brake"": false, ""labels"": [""D"", ""E""], ""scheme"": ""minvar_lw"", ""vol_target"": 0.08}",-0.67,-0.04233,-0.7092,20.07,4633,ef6bd10,amendment-1 search
2026-10-03T11:35:33+00:00,FTE,FTE_D+E|minvar_lw|vt8|brake,IS,1.0,918aebce29,"{""brake"": true, ""labels"": [""D"", ""E""], ""scheme"": ""minvar_lw"", ""vol_target"": 0.08}",-0.3808,-0.00877,-0.4481,11.59,4633,ef6bd10,amendment-1 search
2026-10-03T11:35:33+00:00,FTE,FTE_D+E|minvar_lw|vt10|nobrake,IS,1.0,2c124267db,"{""brake"": false, ""labels"": [""D"", ""E""], ""scheme"": ""minvar_lw"", ""vol_target"": 0.1}",-0.7634,-0.05508,-0.7707,33.38,4633,ef6bd10,amendment-1 search
2026-10-03T11:35:33+00:00,FTE,FTE_D+E|minvar_lw|vt10|brake,IS,1.0,f3b6c22609,"{""brake"": true, ""labels"": [""D"", ""E""], ""scheme"": ""minvar_lw"", ""vol_target"": 0.1}",-0.4461,-0.01548,-0.5095,19.37,4633,ef6bd10,amendment-1 search
2026-10-03T11:35:33+00:00,FTE,FTE_D+E+PCT|eqrisk|vt6|nobrake,IS,1.0,21ac7f1816,"{""brake"": false, ""labels"": [""D"", ""E"", ""PCT""], ""scheme"": ""eqrisk"", ""vol_target"": 0.06}",-0.3047,-0.05722,-0.7007,127.92,4649,ef6bd10,amendment-1 search
2026-10-03T11:35:33+00:00,FTE,FTE_D+E+PCT|eqrisk|vt6|brake,IS,1.0,eeb75adc2f,"{""brake"": true, ""labels"": [""D"", ""E"", ""PCT""], ""scheme"": ""eqrisk"", ""vol_target"": 0.06}",-0.2786,-0.04921,-0.6597,122.9,4649,ef6bd10,amendment-1 search
2026-10-03T11:35:33+00:00,FTE,FTE_D+E+PCT|eqrisk|vt8|nobrake,IS,1.0,bc813f7bb6,"{""brake"": false, ""labels"": [""D"", ""E"", ""PCT""], ""scheme"": ""eqrisk"", ""vol_target"": 0.08}",-0.3394,-0.06614,-0.7518,138.74,4649,ef6bd10,amendment-1 search
2026-10-03T11:35:33+00:00,FTE,FTE_D+E+PCT|eqrisk|vt8|brake,IS,1.0,c3ace93978,"{""brake"": true, ""labels"": [""D"", ""E"", ""PCT""], ""scheme"": ""eqrisk"", ""vol_target"": 0.08}",-0.3013,-0.05342,-0.6664,128.31,4649,ef6bd10,amendment-1 search
2026-10-03T11:35:33+00:00,FTE,FTE_D+E+PCT|eqrisk|vt10|nobrake,IS,1.0,63a7bdac9b,"{""brake"": false, ""labels"": [""D"", ""E"", ""PCT""], ""scheme"": ""eqrisk"", ""vol_target"": 0.1}",-0.3766,-0.07615,-0.7985,153.95,4649,ef6bd10,amendment-1 search
2026-10-03T11:35:33+00:00,FTE,FTE_D+E+PCT|eqrisk|vt10|brake,IS,1.0,c77b1d432c,"{""brake"": true, ""labels"": [""D"", ""E"", ""PCT""], ""scheme"": ""eqrisk"", ""vol_target"": 0.1}",-0.3267,-0.05818,-0.6975,135.91,4649,ef6bd10,amendment-1 search
2026-10-03T11:35:33+00:00,FTE,FTE_D+E+PCT|invvol_shrunk|vt6|nobrake,IS,1.0,236332593e,"{""brake"": false, ""labels"": [""D"", ""E"", ""PCT""], ""scheme"": ""invvol_shrunk"", ""vol_target"": 0.06}",-0.2361,-0.04645,-0.6711,125.34,4649,ef6bd10,amendment-1 search
2026-10-03T11:35:33+00:00,FTE,FTE_D+E+PCT|invvol_shrunk|vt6|brake,IS,1.0,7dc819ec75,"{""brake"": true, ""labels"": [""D"", ""E"", ""PCT""], ""scheme"": ""invvol_shrunk"", ""vol_target"": 0.06}",-0.242,-0.04381,-0.6597,121.61,4649,ef6bd10,amendment-1 search
2026-10-03T11:35:33+00:00,FTE,FTE_D+E+PCT|invvol_shrunk|vt8|nobrake,IS,1.0,6aca561930,"{""brake"": false, ""labels"": [""D"", ""E"", ""PCT""], ""scheme"": ""invvol_shrunk"", ""vol_target"": 0.08}",-0.2445,-0.0511,-0.6767,132.34,4649,ef6bd10,amendment-1 search
2026-10-03T11:35:33+00:00,FTE,FTE_D+E+PCT|invvol_shrunk|vt8|brake,IS,1.0,d57b6bc5a6,"{""brake"": true, ""labels"": [""D"", ""E"", ""PCT""], ""scheme"": ""invvol_shrunk"", ""vol_target"": 0.08}",-0.2495,-0.0458,-0.6618,125.1,4649,ef6bd10,amendment-1 search
2026-10-03T11:35:33+00:00,FTE,FTE_D+E+PCT|invvol_shrunk|vt10|nobrake,IS,1.0,46c932d571,"{""brake"": false, ""labels"": [""D"", ""E"", ""PCT""], ""scheme"": ""invvol_shrunk"", ""vol_target"": 0.1}",-0.2657,-0.05844,-0.7231,143.63,4649,ef6bd10,amendment-1 search
2026-10-03T11:35:33+00:00,FTE,FTE_D+E+PCT|invvol_shrunk|vt10|brake,IS,1.0,bcecb3234c,"{""brake"": true, ""labels"": [""D"", ""E"", ""PCT""], ""scheme"": ""invvol_shrunk"", ""vol_target"": 0.1}",-0.2647,-0.04911,-0.6634,130.75,4649,ef6bd10,amendment-1 search
2026-10-03T11:35:33+00:00,FTE,FTE_D+E+PCT|minvar_lw|vt6|nobrake,IS,1.0,cc1b7669be,"{""brake"": false, ""labels"": [""D"", ""E"", ""PCT""], ""scheme"": ""minvar_lw"", ""vol_target"": 0.06}",-0.5085,-0.02207,-0.5772,11.68,4633,ef6bd10,amendment-1 search
2026-10-03T11:35:33+00:00,FTE,FTE_D+E+PCT|minvar_lw|vt6|brake,IS,1.0,1d98bd69b3,"{""brake"": true, ""labels"": [""D"", ""E"", ""PCT""], ""scheme"": ""minvar_lw"", ""vol_target"": 0.06}",-0.2697,8e-05,-0.354,6.9,4633,ef6bd10,amendment-1 search
2026-10-03T11:35:33+00:00,FTE,FTE_D+E+PCT|minvar_lw|vt8|nobrake,IS,1.0,8865a1d691,"{""brake"": false, ""labels"": [""D"", ""E"", ""PCT""], ""scheme"": ""minvar_lw"", ""vol_target"": 0.08}",-0.5995,-0.0352,-0.6756,24.46,4633,ef6bd10,amendment-1 search
2026-10-03T11:35:33+00:00,FTE,FTE_D+E+PCT|minvar_lw|vt8|brake,IS,1.0,c243676b5f,"{""brake"": true, ""labels"": [""D"", ""E"", ""PCT""], ""scheme"": ""minvar_lw"", ""vol_target"": 0.08}",-0.3325,-0.00667,-0.4411,14.04,4633,ef6bd10,amendment-1 search
2026-10-03T11:35:33+00:00,FTE,FTE_D+E+PCT|minvar_lw|vt10|nobrake,IS,1.0,d0f2cb2d6c,"{""brake"": false, ""labels"": [""D"", ""E"", ""PCT""], ""scheme"": ""minvar_lw"", ""vol_target"": 0.1}",-0.6796,-0.04665,-0.7409,39.89,4633,ef6bd10,amendment-1 search
2026-10-03T11:35:33+00:00,FTE,FTE_D+E+PCT|minvar_lw|vt10|brake,IS,1.0,01db474304,"{""brake"": true, ""labels"": [""D"", ""E"", ""PCT""], ""scheme"": ""minvar_lw"", ""vol_target"": 0.1}",-0.4019,-0.01341,-0.5002,23.76,4633,ef6bd10,amendment-1 search
2026-10-03T11:35:33+00:00,FTE,FTE_D+E+TSMOM|eqrisk|vt6|nobrake,IS,1.0,eaca66fb6a,"{""brake"": false, ""labels"": [""D"", ""E"", ""TSMOM""], ""scheme"": ""eqrisk"", ""vol_target"": 0.06}",-0.2732,-0.05233,-0.6711,128.99,4649,ef6bd10,amendment-1 search
2026-10-03T11:35:33+00:00,FTE,FTE_D+E+TSMOM|eqrisk|vt6|brake,IS,1.0,a89de94b41,"{""brake"": true, ""labels"": [""D"", ""E"", ""TSMOM""], ""scheme"": ""eqrisk"", ""vol_target"": 0.06}",-0.2618,-0.04675,-0.6597,123.43,4649,ef6bd10,amendment-1 search
2026-10-03T11:35:33+00:00,FTE,FTE_D+E+TSMOM|eqrisk|vt8|nobrake,IS,1.0,b7b5b3b2c5,"{""brake"": false, ""labels"": [""D"", ""E"", ""TSMOM""], ""scheme"": ""eqrisk"", ""vol_target"": 0.08}",-0.2993,-0.05964,-0.7148,140.83,4649,ef6bd10,amendment-1 search
2026-10-03T11:35:33+00:00,FTE,FTE_D+E+TSMOM|eqrisk|vt8|brake,IS,1.0,ffc4cb69e0,"{""brake"": true, ""labels"": [""D"", ""E"", ""TSMOM""], ""scheme"": ""eqrisk"", ""vol_target"": 0.08}",-0.2793,-0.05014,-0.6618,129.35,4649,ef6bd10,amendment-1 search
2026-10-03T11:35:33+00:00,FTE,FTE_D+E+TSMOM|eqrisk|vt10|nobrake,IS,1.0,2f48e2f76e,"{""brake"": false, ""labels"": [""D"", ""E"", ""TSMOM""], ""scheme"": ""eqrisk"", ""vol_target"": 0.1}",-0.3266,-0.06767,-0.7585,156.57,4649,ef6bd10,amendment-1 search
2026-10-03T11:35:33+00:00,FTE,FTE_D+E+TSMOM|eqrisk|vt10|brake,IS,1.0,946147f490,"{""brake"": true, ""labels"": [""D"", ""E"", ""TSMOM""], ""scheme"": ""eqrisk"", ""vol_target"": 0.1}",-0.2983,-0.05388,-0.669,137.22,4649,ef6bd10,amendment-1 search
2026-10-03T11:35:33+00:00,FTE,FTE_D+E+TSMOM|invvol_shrunk|vt6|nobrake,IS,1.0,fcfc64b88e,"{""brake"": false, ""labels"": [""D"", ""E"", ""TSMOM""], ""scheme"": ""invvol_shrunk"", ""vol_target"": 0.06}",-0.1951,-0.04005,-0.6711,126.1,4649,ef6bd10,amendment-1 search
2026-10-03T11:35:33+00:00,FTE,FTE_D+E+TSMOM|invvol_shrunk|vt6|brake,IS,1.0,4397df9b91,"{""brake"": true, ""labels"": [""D"", ""E"", ""TSMOM""], ""scheme"": ""invvol_shrunk"", ""vol_target"": 0.06}",-0.2203,-0.04061,-0.6597,121.99,4649,ef6bd10,amendment-1 search
2026-10-03T11:35:33+00:00,FTE,FTE_D+E+TSMOM|invvol_shrunk|vt8|nobrake,IS,1.0,305337929e,"{""brake"": false, ""labels"": [""D"", ""E"", ""TSMOM""], ""scheme"": ""invvol_shrunk"", ""vol_target"": 0.08}",-0.1967,-0.04326,-0.6767,134.25,4649,ef6bd10,amendment-1 search
2026-10-03T11:35:33+00:00,FTE,FTE_D+E+TSMOM|invvol_shrunk|vt8|brake,IS,1.0,4c3970d642,"{""brake"": true, ""labels"": [""D"", ""E"", ""TSMOM""], ""scheme"": ""invvol_shrunk"", ""vol_target"": 0.08}",-0.2232,-0.04187,-0.6618,126.06,4649,ef6bd10,amendment-1 search
2026-10-03T11:35:33+00:00,FTE,FTE_D+E+TSMOM|invvol_shrunk|vt10|nobrake,IS,1.0,be87007e76,"{""brake"": false, ""labels"": [""D"", ""E"", ""TSMOM""], ""scheme"": ""invvol_shrunk"", ""vol_target"": 0.1}",-0.2118,-0.04912,-0.6805,147.01,4649,ef6bd10,amendment-1 search
2026-10-03T11:35:33+00:00,FTE,FTE_D+E+TSMOM|invvol_shrunk|vt10|brake,IS,1.0,07abc0f5b6,"{""brake"": true, ""labels"": [""D"", ""E"", ""TSMOM""], ""scheme"": ""invvol_shrunk"", ""vol_target"": 0.1}",-0.2339,-0.04443,-0.6634,132.44,4649,ef6bd10,amendment-1 search
2026-10-03T11:35:33+00:00,FTE,FTE_D+E+TSMOM|minvar_lw|vt6|nobrake,IS,1.0,eb75472a71,"{""brake"": false, ""labels"": [""D"", ""E"", ""TSMOM""], ""scheme"": ""minvar_lw"", ""vol_target"": 0.06}",-0.4838,-0.02037,-0.5665,12.06,4633,ef6bd10,amendment-1 search
2026-10-03T11:35:33+00:00,FTE,FTE_D+E+TSMOM|minvar_lw|vt6|brake,IS,1.0,a322a66e53,"{""brake"": true, ""labels"": [""D"", ""E"", ""TSMOM""], ""scheme"": ""minvar_lw"", ""vol_target"": 0.06}",-0.2488,0.00106,-0.3482,6.94,4633,ef6bd10,amendment-1 search
2026-10-03T11:35:33+00:00,FTE,FTE_D+E+TSMOM|minvar_lw|vt8|nobrake,IS,1.0,cfcb94f4b1,"{""brake"": false, ""labels"": [""D"", ""E"", ""TSMOM""], ""scheme"": ""minvar_lw"", ""vol_target"": 0.08}",-0.5694,-0.03265,-0.6626,25.08,4633,ef6bd10,amendment-1 search
2026-10-03T11:35:33+00:00,FTE,FTE_D+E+TSMOM|minvar_lw|vt8|brake,IS,1.0,5d7ef40d42,"{""brake"": true, ""labels"": [""D"", ""E"", ""TSMOM""], ""scheme"": ""minvar_lw"", ""vol_target"": 0.08}",-0.3043,-0.00401,-0.4194,14.76,4633,ef6bd10,amendment-1 search
2026-10-03T11:35:33+00:00,FTE,FTE_D+E+TSMOM|minvar_lw|vt10|nobrake,IS,1.0,ec1d2a2607,"{""brake"": false, ""labels"": [""D"", ""E"", ""TSMOM""], ""scheme"": ""minvar_lw"", ""vol_target"": 0.1}",-0.6485,-0.04373,-0.7281,40.55,4633,ef6bd10,amendment-1 search
2026-10-03T11:35:33+00:00,FTE,FTE_D+E+TSMOM|minvar_lw|vt10|brake,IS,1.0,bb8a900ba9,"{""brake"": true, ""labels"": [""D"", ""E"", ""TSMOM""], ""scheme"": ""minvar_lw"", ""vol_target"": 0.1}",-0.3483,-0.00938,-0.4775,23.86,4633,ef6bd10,amendment-1 search
2026-10-03T11:35:33+00:00,FTE,FTE_A+B+C|eqrisk|vt6|nobrake,IS,1.0,6f2b76f069,"{""brake"": false, ""labels"": [""A"", ""B"", ""C""], ""scheme"": ""eqrisk"", ""vol_target"": 0.06}",0.7281,0.06305,-0.1225,8.59,4645,ef6bd10,amendment-1 search
2026-10-03T11:35:33+00:00,FTE,FTE_A+B+C|eqrisk|vt6|brake,IS,1.0,2f038d8b04,"{""brake"": true, ""labels"": [""A"", ""B"", ""C""], ""scheme"": ""eqrisk"", ""vol_target"": 0.06}",0.6791,0.05843,-0.121,8.77,4645,ef6bd10,amendment-1 search
2026-10-03T11:35:33+00:00,FTE,FTE_A+B+C|eqrisk|vt8|nobrake,IS,1.0,c50a98887b,"{""brake"": false, ""labels"": [""A"", ""B"", ""C""], ""scheme"": ""eqrisk"", ""vol_target"": 0.08}",0.7115,0.07291,-0.1519,15.65,4645,ef6bd10,amendment-1 search
2026-10-03T11:35:33+00:00,FTE,FTE_A+B+C|eqrisk|vt8|brake,IS,1.0,9c355e8eb8,"{""brake"": true, ""labels"": [""A"", ""B"", ""C""], ""scheme"": ""eqrisk"", ""vol_target"": 0.08}",0.6715,0.06633,-0.1466,15.63,4645,ef6bd10,amendment-1 search
2026-10-03T11:35:33+00:00,FTE,FTE_A+B+C|eqrisk|vt10|nobrake,IS,1.0,956f99ebfd,"{""brake"": false, ""labels"": [""A"", ""B"", ""C""], ""scheme"": ""eqrisk"", ""vol_target"": 0.1}",0.638,0.07445,-0.2014,25.88,4645,ef6bd10,amendment-1 search
2026-10-03T11:35:33+00:00,FTE,FTE_A+B+C|eqrisk|vt10|brake,IS,1.0,d439b67cbd,"{""brake"": true, ""labels"": [""A"", ""B"", ""C""], ""scheme"": ""eqrisk"", ""vol_target"": 0.1}",0.6303,0.06789,-0.1797,22.25,4645,ef6bd10,amendment-1 search
2026-10-03T11:35:33+00:00,FTE,FTE_A+B+C|invvol_shrunk|vt6|nobrake,IS,1.0,857f6fe6cb,"{""brake"": false, ""labels"": [""A"", ""B"", ""C""], ""scheme"": ""invvol_shrunk"", ""vol_target"": 0.06}",0.65,0.05699,-0.1489,6.33,4645,ef6bd10,amendment-1 search
2026-10-03T11:35:33+00:00,FTE,FTE_A+B+C|invvol_shrunk|vt6|brake,IS,1.0,656a2c60ac,"{""brake"": true, ""labels"": [""A"", ""B"", ""C""], ""scheme"": ""invvol_shrunk"", ""vol_target"": 0.06}",0.5975,0.05162,-0.1426,7.22,4645,ef6bd10,amendment-1 search
2026-10-03T11:35:33+00:00,FTE,FTE_A+B+C|invvol_shrunk|vt8|nobrake,IS,1.0,1cbfe07301,"{""brake"": false, ""labels"": [""A"", ""B"", ""C""], ""scheme"": ""invvol_shrunk"", ""vol_target"": 0.08}",0.6605,0.0695,-0.1804,10.47,4645,ef6bd10,amendment-1 search
2026-10-03T11:35:33+00:00,FTE,FTE_A+B+C|invvol_shrunk|vt8|brake,IS,1.0,dcda66474a,"{""brake"": true, ""labels"": [""A"", ""B"", ""C""], ""scheme"": ""invvol_shrunk"", ""vol_target"": 0.08}",0.6525,0.06441,-0.1573,10.62,4645,ef6bd10,amendment-1 search
2026-10-03T11:35:33+00:00,FTE,FTE_A+B+C|invvol_shrunk|vt10|nobrake,IS,1.0,77a6c74a87,"{""brake"": false, ""labels"": [""A"", ""B"", ""C""], ""scheme"": ""invvol_shrunk"", ""vol_target"": 0.1}",0.6156,0.07492,-0.2179,17.82,4645,ef6bd10,amendment-1 search
2026-10-03T11:35:33+00:00,FTE,FTE_A+B+C|invvol_shrunk|vt10|brake,IS,1.0,3f8779b5c4,"{""brake"": true, ""labels"": [""A"", ""B"", ""C""], ""scheme"": ""invvol_shrunk"", ""vol_target"": 0.1}",0.6221,0.0693,-0.1839,16.34,4645,ef6bd10,amendment-1 search
2026-10-03T11:35:33+00:00,FTE,FTE_A+B+C|minvar_lw|vt6|nobrake,IS,1.0,1d09b81271,"{""brake"": false, ""labels"": [""A"", ""B"", ""C""], ""scheme"": ""minvar_lw"", ""vol_target"": 0.06}",0.7846,0.06715,-0.1128,22.0,4633,ef6bd10,amendment-1 search
2026-10-03T11:35:33+00:00,FTE,FTE_A+B+C|minvar_lw|vt6|brake,IS,1.0,a6f2d0754b,"{""brake"": true, ""labels"": [""A"", ""B"", ""C""], ""scheme"": ""minvar_lw"", ""vol_target"": 0.06}",0.7783,0.06664,-0.1096,22.27,4633,ef6bd10,amendment-1 search
2026-10-03T11:35:33+00:00,FTE,FTE_A+B+C|minvar_lw|vt8|nobrake,IS,1.0,f01dcba424,"{""brake"": false, ""labels"": [""A"", ""B"", ""C""], ""scheme"": ""minvar_lw"", ""vol_target"": 0.08}",0.741,0.07349,-0.1352,31.57,4633,ef6bd10,amendment-1 search
2026-10-03T11:35:33+00:00,FTE,FTE_A+B+C|minvar_lw|vt8|brake,IS,1.0,bef9cf764f,"{""brake"": true, ""labels"": [""A"", ""B"", ""C""], ""scheme"": ""minvar_lw"", ""vol_target"": 0.08}",0.7175,0.06967,-0.1273,31.11,4633,ef6bd10,amendment-1 search
2026-10-03T11:35:33+00:00,FTE,FTE_A+B+C|minvar_lw|vt10|nobrake,IS,1.0,57c4362aec,"{""brake"": false, ""labels"": [""A"", ""B"", ""C""], ""scheme"": ""minvar_lw"", ""vol_target"": 0.1}",0.6591,0.073,-0.1668,43.55,4633,ef6bd10,amendment-1 search
2026-10-03T11:35:33+00:00,FTE,FTE_A+B+C|minvar_lw|vt10|brake,IS,1.0,31853c42e4,"{""brake"": true, ""labels"": [""A"", ""B"", ""C""], ""scheme"": ""minvar_lw"", ""vol_target"": 0.1}",0.6223,0.06486,-0.1654,39.82,4633,ef6bd10,amendment-1 search
2026-10-03T11:35:33+00:00,FTE,FTE_A+B+C+PCT|eqrisk|vt6|nobrake,IS,1.0,cbd9b0065c,"{""brake"": false, ""labels"": [""A"", ""B"", ""C"", ""PCT""], ""scheme"": ""eqrisk"", ""vol_target"": 0.06}",0.82,0.0679,-0.1193,10.14,4645,ef6bd10,amendment-1 search
2026-10-03T11:35:33+00:00,FTE,FTE_A+B+C+PCT|eqrisk|vt6|brake,IS,1.0,d96b3fc63c,"{""brake"": true, ""labels"": [""A"", ""B"", ""C"", ""PCT""], ""scheme"": ""eqrisk"", ""vol_target"": 0.06}",0.7755,0.06341,-0.1343,10.7,4645,ef6bd10,amendment-1 search
2026-10-03T11:35:33+00:00,FTE,FTE_A+B+C+PCT|eqrisk|vt8|nobrake,IS,1.0,01a98e43b4,"{""brake"": false, ""labels"": [""A"", ""B"", ""C"", ""PCT""], ""scheme"": ""eqrisk"", ""vol_target"": 0.08}",0.7611,0.07566,-0.162,19.02,4645,ef6bd10,amendment-1 search
2026-10-03T11:35:33+00:00,FTE,FTE_A+B+C+PCT|eqrisk|vt8|brake,IS,1.0,8314ff6b3e,"{""brake"": true, ""labels"": [""A"", ""B"", ""C"", ""PCT""], ""scheme"": ""eqrisk"", ""vol_target"": 0.08}",0.7562,0.07192,-0.1541,18.42,4645,ef6bd10,amendment-1 search
2026-10-03T11:35:33+00:00,FTE,FTE_A+B+C+PCT|eqrisk|vt10|nobrake,IS,1.0,e76d18c4cb,"{""brake"": false, ""labels"": [""A"", ""B"", ""C"", ""PCT""], ""scheme"": ""eqrisk"", ""vol_target"": 0.1}",0.6597,0.07546,-0.2134,31.29,4645,ef6bd10,amendment-1 search
2026-10-03T11:35:33+00:00,FTE,FTE_A+B+C+PCT|eqrisk|vt10|brake,IS,1.0,cd97684598,"{""brake"": true, ""labels"": [""A"", ""B"", ""C"", ""PCT""], ""scheme"": ""eqrisk"", ""vol_target"": 0.1}",0.6396,0.06781,-0.1767,28.2,4645,ef6bd10,amendment-1 search
2026-10-03T11:35:33+00:00,FTE,FTE_A+B+C+PCT|invvol_shrunk|vt6|nobrake,IS,1.0,93a0c348af,"{""brake"": false, ""labels"": [""A"", ""B"", ""C"", ""PCT""], ""scheme"": ""invvol_shrunk"", ""vol_target"": 0.06}",0.7215,0.06076,-0.1338,7.85,4645,ef6bd10,amendment-1 search
2026-10-03T11:35:33+00:00,FTE,FTE_A+B+C+PCT|invvol_shrunk|vt6|brake,IS,1.0,dad7b04a73,"{""brake"": true, ""labels"": [""A"", ""B"", ""C"", ""PCT""], ""scheme"": ""invvol_shrunk"", ""vol_target"": 0.06}",0.6692,0.05464,-0.1321,9.55,4645,ef6bd10,amendment-1 search
2026-10-03T11:35:33+00:00,FTE,FTE_A+B+C+PCT|invvol_shrunk|vt8|nobrake,IS,1.0,586f6a5e55,"{""brake"": false, ""labels"": [""A"", ""B"", ""C"", ""PCT""], ""scheme"": ""invvol_shrunk"", ""vol_target"": 0.08}",0.7021,0.07182,-0.1768,13.42,4645,ef6bd10,amendment-1 search
2026-10-03T11:35:33+00:00,FTE,FTE_A+B+C+PCT|invvol_shrunk|vt8|brake,IS,1.0,6ba84398fa,"{""brake"": true, ""labels"": [""A"", ""B"", ""C"", ""PCT""], ""scheme"": ""invvol_shrunk"", ""vol_target"": 0.08}",0.7208,0.06896,-0.1573,12.89,4645,ef6bd10,amendment-1 search
2026-10-03T11:35:33+00:00,FTE,FTE_A+B+C+PCT|invvol_shrunk|vt10|nobrake,IS,1.0,88a59a5748,"{""brake"": false, ""labels"": [""A"", ""B"", ""C"", ""PCT""], ""scheme"": ""invvol_shrunk"", ""vol_target"": 0.1}",0.6219,0.07404,-0.2244,23.38,4645,ef6bd10,amendment-1 search
2026-10-03T11:35:33+00:00,FTE,FTE_A+B+C+PCT|invvol_shrunk|vt10|brake,IS,1.0,0e99e7a530,"{""brake"": true, ""labels"": [""A"", ""B"", ""C"", ""PCT""], ""scheme"": ""invvol_shrunk"", ""vol_target"": 0.1}",0.6296,0.0687,-0.1762,21.06,4645,ef6bd10,amendment-1 search
2026-10-03T11:35:33+00:00,FTE,FTE_A+B+C+PCT|minvar_lw|vt6|nobrake,IS,1.0,f78299d07e,"{""brake"": false, ""labels"": [""A"", ""B"", ""C"", ""PCT""], ""scheme"": ""minvar_lw"", ""vol_target"": 0.06}",0.8505,0.07055,-0.1087,23.56,4633,ef6bd10,amendment-1 search
2026-10-03T11:35:33+00:00,FTE,FTE_A+B+C+PCT|minvar_lw|vt6|brake,IS,1.0,eab3cbf4fc,"{""brake"": true, ""labels"": [""A"", ""B"", ""C"", ""PCT""], ""scheme"": ""minvar_lw"", ""vol_target"": 0.06}",0.852,0.07062,-0.1054,23.63,4633,ef6bd10,amendment-1 search
2026-10-03T11:35:33+00:00,FTE,FTE_A+B+C+PCT|minvar_lw|vt8|nobrake,IS,1.0,0e7f90b857,"{""brake"": false, ""labels"": [""A"", ""B"", ""C"", ""PCT""], ""scheme"": ""minvar_lw"", ""vol_target"": 0.08}",0.7903,0.07595,-0.1374,34.58,4633,ef6bd10,amendment-1 search
2026-10-03T11:35:33+00:00,FTE,FTE_A+B+C+PCT|minvar_lw|vt8|brake,IS,1.0,e3ece85513,"{""brake"": true, ""labels"": [""A"", ""B"", ""C"", ""PCT""], ""scheme"": ""minvar_lw"", ""vol_target"": 0.08}",0.7348,0.06996,-0.1272,35.39,4633,ef6bd10,amendment-1 search
2026-10-03T11:35:33+00:00,FTE,FTE_A+B+C+PCT|minvar_lw|vt10|nobrake,IS,1.0,0c082cf190,"{""brake"": false, ""labels"": [""A"", ""B"", ""C"", ""PCT""], ""scheme"": ""minvar_lw"", ""vol_target"": 0.1}",0.6975,0.07519,-0.1838,47.88,4633,ef6bd10,amendment-1 search
2026-10-03T11:35:33+00:00,FTE,FTE_A+B+C+PCT|minvar_lw|vt10|brake,IS,1.0,3f71ce3971,"{""brake"": true, ""labels"": [""A"", ""B"", ""C"", ""PCT""], ""scheme"": ""minvar_lw"", ""vol_target"": 0.1}",0.6078,0.06287,-0.1659,46.09,4633,ef6bd10,amendment-1 search
2026-10-03T11:35:33+00:00,FTE,FTE_A+B+C+TSMOM|eqrisk|vt6|nobrake,IS,1.0,dfbe783828,"{""brake"": false, ""labels"": [""A"", ""B"", ""C"", ""TSMOM""], ""scheme"": ""eqrisk"", ""vol_target"": 0.06}",0.9057,0.07371,-0.0959,10.73,4645,ef6bd10,amendment-1 search
2026-10-03T11:35:33+00:00,FTE,FTE_A+B+C+TSMOM|eqrisk|vt6|brake,IS,1.0,e9ca12bfc7,"{""brake"": true, ""labels"": [""A"", ""B"", ""C"", ""TSMOM""], ""scheme"": ""eqrisk"", ""vol_target"": 0.06}",0.9057,0.07371,-0.0959,10.73,4645,ef6bd10,amendment-1 search
2026-10-03T11:35:33+00:00,FTE,FTE_A+B+C+TSMOM|eqrisk|vt8|nobrake,IS,1.0,7da69a8762,"{""brake"": false, ""labels"": [""A"", ""B"", ""C"", ""TSMOM""], ""scheme"": ""eqrisk"", ""vol_target"": 0.08}",0.8476,0.08278,-0.1122,20.36,4645,ef6bd10,amendment-1 search
2026-10-03T11:35:33+00:00,FTE,FTE_A+B+C+TSMOM|eqrisk|vt8|brake,IS,1.0,094a484d02,"{""brake"": true, ""labels"": [""A"", ""B"", ""C"", ""TSMOM""], ""scheme"": ""eqrisk"", ""vol_target"": 0.08}",0.7944,0.07712,-0.1193,21.88,4645,ef6bd10,amendment-1 search
2026-10-03T11:35:33+00:00,FTE,FTE_A+B+C+TSMOM|eqrisk|vt10|nobrake,IS,1.0,81f071a961,"{""brake"": false, ""labels"": [""A"", ""B"", ""C"", ""TSMOM""], ""scheme"": ""eqrisk"", ""vol_target"": 0.1}",0.7568,0.08481,-0.1479,33.08,4645,ef6bd10,amendment-1 search
2026-10-03T11:35:33+00:00,FTE,FTE_A+B+C+TSMOM|eqrisk|vt10|brake,IS,1.0,3f1f50d470,"{""brake"": true, ""labels"": [""A"", ""B"", ""C"", ""TSMOM""], ""scheme"": ""eqrisk"", ""vol_target"": 0.1}",0.6807,0.07367,-0.1463,33.18,4645,ef6bd10,amendment-1 search
2026-10-03T11:35:33+00:00,FTE,FTE_A+B+C+TSMOM|invvol_shrunk|vt6|nobrake,IS,1.0,a8e2cc4319,"{""brake"": false, ""labels"": [""A"", ""B"", ""C"", ""TSMOM""], ""scheme"": ""invvol_shrunk"", ""vol_target"": 0.06}",0.8312,0.06827,-0.1031,8.46,4645,ef6bd10,amendment-1 search
2026-10-03T11:35:33+00:00,FTE,FTE_A+B+C+TSMOM|invvol_shrunk|vt6|brake,IS,1.0,6553eed50e,"{""brake"": true, ""labels"": [""A"", ""B"", ""C"", ""TSMOM""], ""scheme"": ""invvol_shrunk"", ""vol_target"": 0.06}",0.8233,0.06767,-0.1031,8.65,4645,ef6bd10,amendment-1 search
2026-10-03T11:35:33+00:00,FTE,FTE_A+B+C+TSMOM|invvol_shrunk|vt8|nobrake,IS,1.0,1add4df2cf,"{""brake"": false, ""labels"": [""A"", ""B"", ""C"", ""TSMOM""], ""scheme"": ""invvol_shrunk"", ""vol_target"": 0.08}",0.8145,0.08151,-0.1252,14.91,4645,ef6bd10,amendment-1 search
2026-10-03T11:35:33+00:00,FTE,FTE_A+B+C+TSMOM|invvol_shrunk|vt8|brake,IS,1.0,9f099935db,"{""brake"": true, ""labels"": [""A"", ""B"", ""C"", ""TSMOM""], ""scheme"": ""invvol_shrunk"", ""vol_target"": 0.08}",0.7784,0.07625,-0.1297,15.78,4645,ef6bd10,amendment-1 search
2026-10-03T11:35:33+00:00,FTE,FTE_A+B+C+TSMOM|invvol_shrunk|vt10|nobrake,IS,1.0,a0a9dcc6f0,"{""brake"": false, ""labels"": [""A"", ""B"", ""C"", ""TSMOM""], ""scheme"": ""invvol_shrunk"", ""vol_target"": 0.1}",0.7384,0.08601,-0.1523,25.67,4645,ef6bd10,amendment-1 search
2026-10-03T11:35:33+00:00,FTE,FTE_A+B+C+TSMOM|invvol_shrunk|vt10|brake,IS,1.0,b5b2c77c8b,"{""brake"": true, ""labels"": [""A"", ""B"", ""C"", ""TSMOM""], ""scheme"": ""invvol_shrunk"", ""vol_target"": 0.1}",0.6995,0.07718,-0.1468,25.19,4645,ef6bd10,amendment-1 search
2026-10-03T11:35:33+00:00,FTE,FTE_A+B+C+TSMOM|minvar_lw|vt6|nobrake,IS,1.0,2e55a5345f,"{""brake"": false, ""labels"": [""A"", ""B"", ""C"", ""TSMOM""], ""scheme"": ""minvar_lw"", ""vol_target"": 0.06}",0.8699,0.07213,-0.1009,23.71,4633,ef6bd10,amendment-1 search
2026-10-03T11:35:33+00:00,FTE,FTE_A+B+C+TSMOM|minvar_lw|vt6|brake,IS,1.0,6fbaffdc87,"{""brake"": true, ""labels"": [""A"", ""B"", ""C"", ""TSMOM""], ""scheme"": ""minvar_lw"", ""vol_target"": 0.06}",0.8691,0.07208,-0.1009,23.72,4633,ef6bd10,amendment-1 search
2026-10-03T11:35:33+00:00,FTE,FTE_A+B+C+TSMOM|minvar_lw|vt8|nobrake,IS,1.0,fc689be11e,"{""brake"": false, ""labels"": [""A"", ""B"", ""C"", ""TSMOM""], ""scheme"": ""minvar_lw"", ""vol_target"": 0.08}",0.8196,0.07849,-0.1218,34.8,4633,ef6bd10,amendment-1 search
2026-10-03T11:35:33+00:00,FTE,FTE_A+B+C+TSMOM|minvar_lw|vt8|brake,IS,1.0,f40ba09531,"{""brake"": true, ""labels"": [""A"", ""B"", ""C"", ""TSMOM""], ""scheme"": ""minvar_lw"", ""vol_target"": 0.08}",0.7916,0.07565,-0.1173,35.34,4633,ef6bd10,amendment-1 search
2026-10-03T11:35:33+00:00,FTE,FTE_A+B+C+TSMOM|minvar_lw|vt10|nobrake,IS,1.0,b39a16ef67,"{""brake"": false, ""labels"": [""A"", ""B"", ""C"", ""TSMOM""], ""scheme"": ""minvar_lw"", ""vol_target"": 0.1}",0.7261,0.07769,-0.1594,48.11,4633,ef6bd10,amendment-1 search
2026-10-03T11:35:33+00:00,FTE,FTE_A+B+C+TSMOM|minvar_lw|vt10|brake,IS,1.0,9237d76d8e,"{""brake"": true, ""labels"": [""A"", ""B"", ""C"", ""TSMOM""], ""scheme"": ""minvar_lw"", ""vol_target"": 0.1}",0.6551,0.06798,-0.1463,46.87,4633,ef6bd10,amendment-1 search
2026-10-03T11:35:33+00:00,FTE,FTE_A+B+D|eqrisk|vt6|nobrake,IS,1.0,75f71edab6,"{""brake"": false, ""labels"": [""A"", ""B"", ""D""], ""scheme"": ""eqrisk"", ""vol_target"": 0.06}",-0.0688,0.0072,-0.2591,7.48,4645,ef6bd10,amendment-1 search
2026-10-03T11:35:33+00:00,FTE,FTE_A+B+D|eqrisk|vt6|brake,IS,1.0,38d596c6fe,"{""brake"": true, ""labels"": [""A"", ""B"", ""D""], ""scheme"": ""eqrisk"", ""vol_target"": 0.06}",-0.0084,0.01235,-0.187,5.91,4645,ef6bd10,amendment-1 search
2026-10-03T11:35:33+00:00,FTE,FTE_A+B+D|eqrisk|vt8|nobrake,IS,1.0,eee4ced308,"{""brake"": false, ""labels"": [""A"", ""B"", ""D""], ""scheme"": ""eqrisk"", ""vol_target"": 0.08}",-0.1104,0.00107,-0.3531,15.44,4645,ef6bd10,amendment-1 search
2026-10-03T11:35:33+00:00,FTE,FTE_A+B+D|eqrisk|vt8|brake,IS,1.0,6072c0842f,"{""brake"": true, ""labels"": [""A"", ""B"", ""D""], ""scheme"": ""eqrisk"", ""vol_target"": 0.08}",-0.0558,0.00846,-0.2246,10.46,4645,ef6bd10,amendment-1 search
2026-10-03T11:35:33+00:00,FTE,FTE_A+B+D|eqrisk|vt10|nobrake,IS,1.0,7c1fb53d94,"{""brake"": false, ""labels"": [""A"", ""B"", ""D""], ""scheme"": ""eqrisk"", ""vol_target"": 0.1}",-0.1454,-0.00531,-0.4291,26.62,4645,ef6bd10,amendment-1 search
2026-10-03T11:35:33+00:00,FTE,FTE_A+B+D|eqrisk|vt10|brake,IS,1.0,7e5f46ea58,"{""brake"": true, ""labels"": [""A"", ""B"", ""D""], ""scheme"": ""eqrisk"", ""vol_target"": 0.1}",-0.0523,0.00743,-0.2587,17.41,4645,ef6bd10,amendment-1 search
2026-10-03T11:35:33+00:00,FTE,FTE_A+B+D|invvol_shrunk|vt6|nobrake,IS,1.0,571184e5fe,"{""brake"": false, ""labels"": [""A"", ""B"", ""D""], ""scheme"": ""invvol_shrunk"", ""vol_target"": 0.06}",0.0534,0.0157,-0.2234,5.29,4645,ef6bd10,amendment-1 search
2026-10-03T11:35:33+00:00,FTE,FTE_A+B+D|invvol_shrunk|vt6|brake,IS,1.0,6f75049d7b,"{""brake"": true, ""labels"": [""A"", ""B"", ""D""], ""scheme"": ""invvol_shrunk"", ""vol_target"": 0.06}",0.0812,0.0174,-0.1638,4.51,4645,ef6bd10,amendment-1 search
2026-10-03T11:35:33+00:00,FTE,FTE_A+B+D|invvol_shrunk|vt8|nobrake,IS,1.0,d00f6cab26,"{""brake"": false, ""labels"": [""A"", ""B"", ""D""], ""scheme"": ""invvol_shrunk"", ""vol_target"": 0.08}",0.0453,0.01448,-0.3106,9.14,4645,ef6bd10,amendment-1 search
2026-10-03T11:35:33+00:00,FTE,FTE_A+B+D|invvol_shrunk|vt8|brake,IS,1.0,9b3c152da4,"{""brake"": true, ""labels"": [""A"", ""B"", ""D""], ""scheme"": ""invvol_shrunk"", ""vol_target"": 0.08}",0.0684,0.01672,-0.2096,7.64,4645,ef6bd10,amendment-1 search
2026-10-03T11:35:33+00:00,FTE,FTE_A+B+D|invvol_shrunk|vt10|nobrake,IS,1.0,a93058c98f,"{""brake"": false, ""labels"": [""A"", ""B"", ""D""], ""scheme"": ""invvol_shrunk"", ""vol_target"": 0.1}",0.0315,0.01202,-0.3867,15.98,4645,ef6bd10,amendment-1 search
2026-10-03T11:35:33+00:00,FTE,FTE_A+B+D|invvol_shrunk|vt10|brake,IS,1.0,60189017cc,"{""brake"": true, ""labels"": [""A"", ""B"", ""D""], ""scheme"": ""invvol_shrunk"", ""vol_target"": 0.1}",0.07,0.01678,-0.2438,10.62,4645,ef6bd10,amendment-1 search
2026-10-03T11:35:33+00:00,FTE,FTE_A+B+D|minvar_lw|vt6|nobrake,IS,1.0,da1f1fcc04,"{""brake"": false, ""labels"": [""A"", ""B"", ""D""], ""scheme"": ""minvar_lw"", ""vol_target"": 0.06}",-0.4071,-0.02588,-0.4217,56.53,4633,ef6bd10,amendment-1 search
2026-10-03T11:35:33+00:00,FTE,FTE_A+B+D|minvar_lw|vt6|brake,IS,1.0,9757f7df51,"{""brake"": true, ""labels"": [""A"", ""B"", ""D""], ""scheme"": ""minvar_lw"", ""vol_target"": 0.06}",-0.3927,-0.01423,-0.2681,51.85,4633,ef6bd10,amendment-1 search
2026-10-03T11:35:33+00:00,FTE,FTE_A+B+D|minvar_lw|vt8|nobrake,IS,1.0,c2e7caea45,"{""brake"": false, ""labels"": [""A"", ""B"", ""D""], ""scheme"": ""minvar_lw"", ""vol_target"": 0.08}",-0.4668,-0.03607,-0.5125,67.89,4633,ef6bd10,amendment-1 search
2026-10-03T11:35:33+00:00,FTE,FTE_A+B+D|minvar_lw|vt8|brake,IS,1.0,185842cb38,"{""brake"": true, ""labels"": [""A"", ""B"", ""D""], ""scheme"": ""minvar_lw"", ""vol_target"": 0.08}",-0.4427,-0.01892,-0.3211,57.52,4633,ef6bd10,amendment-1 search
2026-10-03T11:35:33+00:00,FTE,FTE_A+B+D|minvar_lw|vt10|nobrake,IS,1.0,05ed902115,"{""brake"": false, ""labels"": [""A"", ""B"", ""D""], ""scheme"": ""minvar_lw"", ""vol_target"": 0.1}",-0.5187,-0.0454,-0.5784,81.29,4633,ef6bd10,amendment-1 search
2026-10-03T11:35:33+00:00,FTE,FTE_A+B+D|minvar_lw|vt10|brake,IS,1.0,449def2867,"{""brake"": true, ""labels"": [""A"", ""B"", ""D""], ""scheme"": ""minvar_lw"", ""vol_target"": 0.1}",-0.4898,-0.02355,-0.3736,64.29,4633,ef6bd10,amendment-1 search
2026-10-03T11:35:33+00:00,FTE,FTE_A+B+D+PCT|eqrisk|vt6|nobrake,IS,1.0,c0c1b82dad,"{""brake"": false, ""labels"": [""A"", ""B"", ""D"", ""PCT""], ""scheme"": ""eqrisk"", ""vol_target"": 0.06}",0.0935,0.01842,-0.2181,9.87,4645,ef6bd10,amendment-1 search
2026-10-03T11:35:33+00:00,FTE,FTE_A+B+D+PCT|eqrisk|vt6|brake,IS,1.0,20b5de80ea,"{""brake"": true, ""labels"": [""A"", ""B"", ""D"", ""PCT""], ""scheme"": ""eqrisk"", ""vol_target"": 0.06}",0.1198,0.01958,-0.1795,8.34,4645,ef6bd10,amendment-1 search
2026-10-03T11:35:33+00:00,FTE,FTE_A+B+D+PCT|eqrisk|vt8|nobrake,IS,1.0,3f977ffcd8,"{""brake"": false, ""labels"": [""A"", ""B"", ""D"", ""PCT""], ""scheme"": ""eqrisk"", ""vol_target"": 0.08}",0.0472,0.0148,-0.3053,20.26,4645,ef6bd10,amendment-1 search
2026-10-03T11:35:33+00:00,FTE,FTE_A+B+D+PCT|eqrisk|vt8|brake,IS,1.0,0220d43e0e,"{""brake"": true, ""labels"": [""A"", ""B"", ""D"", ""PCT""], ""scheme"": ""eqrisk"", ""vol_target"": 0.08}",0.0865,0.01797,-0.1988,15.94,4645,ef6bd10,amendment-1 search
2026-10-03T11:35:33+00:00,FTE,FTE_A+B+D+PCT|eqrisk|vt10|nobrake,IS,1.0,83447b734b,"{""brake"": false, ""labels"": [""A"", ""B"", ""D"", ""PCT""], ""scheme"": ""eqrisk"", ""vol_target"": 0.1}",0.0082,0.01021,-0.3763,33.59,4645,ef6bd10,amendment-1 search
2026-10-03T11:35:33+00:00,FTE,FTE_A+B+D+PCT|eqrisk|vt10|brake,IS,1.0,694eacda2e,"{""brake"": true, ""labels"": [""A"", ""B"", ""D"", ""PCT""], ""scheme"": ""eqrisk"", ""vol_target"": 0.1}",0.0539,0.01554,-0.2305,25.14,4645,ef6bd10,amendment-1 search
2026-10-03T11:35:33+00:00,FTE,FTE_A+B+D+PCT|invvol_shrunk|vt6|nobrake,IS,1.0,7c9df3df25,"{""brake"": false, ""labels"": [""A"", ""B"", ""D"", ""PCT""], ""scheme"": ""invvol_shrunk"", ""vol_target"": 0.06}",0.257,0.02931,-0.1924,7.16,4645,ef6bd10,amendment-1 search
2026-10-03T11:35:33+00:00,FTE,FTE_A+B+D+PCT|invvol_shrunk|vt6|brake,IS,1.0,a61ac83760,"{""brake"": true, ""labels"": [""A"", ""B"", ""D"", ""PCT""], ""scheme"": ""invvol_shrunk"", ""vol_target"": 0.06}",0.2689,0.02835,-0.1564,6.5,4645,ef6bd10,amendment-1 search
2026-10-03T11:35:33+00:00,FTE,FTE_A+B+D+PCT|invvol_shrunk|vt8|nobrake,IS,1.0,576df78b90,"{""brake"": false, ""labels"": [""A"", ""B"", ""D"", ""PCT""], ""scheme"": ""invvol_shrunk"", ""vol_target"": 0.08}",0.2338,0.03101,-0.2641,13.11,4645,ef6bd10,amendment-1 search
2026-10-03T11:35:33+00:00,FTE,FTE_A+B+D+PCT|invvol_shrunk|vt8|brake,IS,1.0,f17622834f,"{""brake"": true, ""labels"": [""A"", ""B"", ""D"", ""PCT""], ""scheme"": ""invvol_shrunk"", ""vol_target"": 0.08}",0.2845,0.03245,-0.1987,11.19,4645,ef6bd10,amendment-1 search
2026-10-03T11:35:33+00:00,FTE,FTE_A+B+D+PCT|invvol_shrunk|vt10|nobrake,IS,1.0,24d1dee6aa,"{""brake"": false, ""labels"": [""A"", ""B"", ""D"", ""PCT""], ""scheme"": ""invvol_shrunk"", ""vol_target"": 0.1}",0.1974,0.02974,-0.349,22.65,4645,ef6bd10,amendment-1 search
2026-10-03T11:35:33+00:00,FTE,FTE_A+B+D+PCT|invvol_shrunk|vt10|brake,IS,1.0,39abe7db23,"{""brake"": true, ""labels"": [""A"", ""B"", ""D"", ""PCT""], ""scheme"": ""invvol_shrunk"", ""vol_target"": 0.1}",0.1802,0.02574,-0.2116,18.5,4645,ef6bd10,amendment-1 search
2026-10-03T11:35:33+00:00,FTE,FTE_A+B+D+PCT|minvar_lw|vt6|nobrake,IS,1.0,1485a8e8a5,"{""brake"": false, ""labels"": [""A"", ""B"", ""D"", ""PCT""], ""scheme"": ""minvar_lw"", ""vol_target"": 0.06}",-0.3301,-0.01841,-0.3532,59.06,4633,ef6bd10,amendment-1 search
2026-10-03T11:35:33+00:00,FTE,FTE_A+B+D+PCT|minvar_lw|vt6|brake,IS,1.0,7d79c7afd3,"{""brake"": true, ""labels"": [""A"", ""B"", ""D"", ""PCT""], ""scheme"": ""minvar_lw"", ""vol_target"": 0.06}",-0.3454,-0.01122,-0.2592,53.46,4633,ef6bd10,amendment-1 search
2026-10-03T11:35:33+00:00,FTE,FTE_A+B+D+PCT|minvar_lw|vt8|nobrake,IS,1.0,42a5635d0c,"{""brake"": false, ""labels"": [""A"", ""B"", ""D"", ""PCT""], ""scheme"": ""minvar_lw"", ""vol_target"": 0.08}",-0.3777,-0.0268,-0.4428,72.21,4633,ef6bd10,amendment-1 search
2026-10-03T11:35:33+00:00,FTE,FTE_A+B+D+PCT|minvar_lw|vt8|brake,IS,1.0,2e73047593,"{""brake"": true, ""labels"": [""A"", ""B"", ""D"", ""PCT""], ""scheme"": ""minvar_lw"", ""vol_target"": 0.08}",-0.3844,-0.01545,-0.2811,61.05,4633,ef6bd10,amendment-1 search
2026-10-03T11:35:33+00:00,FTE,FTE_A+B+D+PCT|minvar_lw|vt10|nobrake,IS,1.0,afd88f494a,"{""brake"": false, ""labels"": [""A"", ""B"", ""D"", ""PCT""], ""scheme"": ""minvar_lw"", ""vol_target"": 0.1}",-0.4144,-0.03423,-0.5028,87.29,4633,ef6bd10,amendment-1 search
2026-10-03T11:35:33+00:00,FTE,FTE_A+B+D+PCT|minvar_lw|vt10|brake,IS,1.0,1dbf166265,"{""brake"": true, ""labels"": [""A"", ""B"", ""D"", ""PCT""], ""scheme"": ""minvar_lw"", ""vol_target"": 0.1}",-0.4154,-0.01864,-0.3192,68.62,4633,ef6bd10,amendment-1 search
2026-10-03T11:35:33+00:00,FTE,FTE_A+B+D+TSMOM|eqrisk|vt6|nobrake,IS,1.0,e72a61ef96,"{""brake"": false, ""labels"": [""A"", ""B"", ""D"", ""TSMOM""], ""scheme"": ""eqrisk"", ""vol_target"": 0.06}",0.163,0.02309,-0.1965,10.83,4645,ef6bd10,amendment-1 search
2026-10-03T11:35:33+00:00,FTE,FTE_A+B+D+TSMOM|eqrisk|vt6|brake,IS,1.0,bc274771bb,"{""brake"": true, ""labels"": [""A"", ""B"", ""D"", ""TSMOM""], ""scheme"": ""eqrisk"", ""vol_target"": 0.06}",0.1521,0.02174,-0.1582,11.11,4645,ef6bd10,amendment-1 search
2026-10-03T11:35:33+00:00,FTE,FTE_A+B+D+TSMOM|eqrisk|vt8|nobrake,IS,1.0,1bfd5c1759,"{""brake"": false, ""labels"": [""A"", ""B"", ""D"", ""TSMOM""], ""scheme"": ""eqrisk"", ""vol_target"": 0.08}",0.1318,0.02197,-0.2403,22.19,4645,ef6bd10,amendment-1 search
2026-10-03T11:35:33+00:00,FTE,FTE_A+B+D+TSMOM|eqrisk|vt8|brake,IS,1.0,b6f1f4b9c9,"{""brake"": true, ""labels"": [""A"", ""B"", ""D"", ""TSMOM""], ""scheme"": ""eqrisk"", ""vol_target"": 0.08}",0.0975,0.01877,-0.1857,19.31,4645,ef6bd10,amendment-1 search
2026-10-03T11:35:33+00:00,FTE,FTE_A+B+D+TSMOM|eqrisk|vt10|nobrake,IS,1.0,4fabb2dba6,"{""brake"": false, ""labels"": [""A"", ""B"", ""D"", ""TSMOM""], ""scheme"": ""eqrisk"", ""vol_target"": 0.1}",0.1026,0.01969,-0.29,36.01,4645,ef6bd10,amendment-1 search
2026-10-03T11:35:33+00:00,FTE,FTE_A+B+D+TSMOM|eqrisk|vt10|brake,IS,1.0,d5b78c986a,"{""brake"": true, ""labels"": [""A"", ""B"", ""D"", ""TSMOM""], ""scheme"": ""eqrisk"", ""vol_target"": 0.1}",0.0776,0.01741,-0.2006,28.45,4645,ef6bd10,amendment-1 search
2026-10-03T11:35:33+00:00,FTE,FTE_A+B+D+TSMOM|invvol_shrunk|vt6|nobrake,IS,1.0,674b8e46f7,"{""brake"": false, ""labels"": [""A"", ""B"", ""D"", ""TSMOM""], ""scheme"": ""invvol_shrunk"", ""vol_target"": 0.06}",0.3524,0.03567,-0.1691,8.13,4645,ef6bd10,amendment-1 search
2026-10-03T11:35:33+00:00,FTE,FTE_A+B+D+TSMOM|invvol_shrunk|vt6|brake,IS,1.0,000e9b7a89,"{""brake"": true, ""labels"": [""A"", ""B"", ""D"", ""TSMOM""], ""scheme"": ""invvol_shrunk"", ""vol_target"": 0.06}",0.3356,0.03341,-0.1389,9.61,4645,ef6bd10,amendment-1 search
2026-10-03T11:35:33+00:00,FTE,FTE_A+B+D+TSMOM|invvol_shrunk|vt8|nobrake,IS,1.0,09c05b252c,"{""brake"": false, ""labels"": [""A"", ""B"", ""D"", ""TSMOM""], ""scheme"": ""invvol_shrunk"", ""vol_target"": 0.08}",0.3327,0.03957,-0.2191,15.1,4645,ef6bd10,amendment-1 search
2026-10-03T11:35:33+00:00,FTE,FTE_A+B+D+TSMOM|invvol_shrunk|vt8|brake,IS,1.0,e9154d3d24,"{""brake"": true, ""labels"": [""A"", ""B"", ""D"", ""TSMOM""], ""scheme"": ""invvol_shrunk"", ""vol_target"": 0.08}",0.2168,0.02812,-0.1674,17.27,4645,ef6bd10,amendment-1 search
2026-10-03T11:35:33+00:00,FTE,FTE_A+B+D+TSMOM|invvol_shrunk|vt10|nobrake,IS,1.0,00cf28745f,"{""brake"": false, ""labels"": [""A"", ""B"", ""D"", ""TSMOM""], ""scheme"": ""invvol_shrunk"", ""vol_target"": 0.1}",0.3133,0.04183,-0.2551,25.53,4645,ef6bd10,amendment-1 search
2026-10-03T11:35:33+00:00,FTE,FTE_A+B+D+TSMOM|invvol_shrunk|vt10|brake,IS,1.0,8a75caed6c,"{""brake"": true, ""labels"": [""A"", ""B"", ""D"", ""TSMOM""], ""scheme"": ""invvol_shrunk"", ""vol_target"": 0.1}",0.2595,0.03375,-0.1831,23.15,4645,ef6bd10,amendment-1 search
2026-10-03T11:35:33+00:00,FTE,FTE_A+B+D+TSMOM|minvar_lw|vt6|nobrake,IS,1.0,c56f1e668c,"{""brake"": false, ""labels"": [""A"", ""B"", ""D"", ""TSMOM""], ""scheme"": ""minvar_lw"", ""vol_target"": 0.06}",-0.3056,-0.01628,-0.3293,59.62,4633,ef6bd10,amendment-1 search
2026-10-03T11:35:33+00:00,FTE,FTE_A+B+D+TSMOM|minvar_lw|vt6|brake,IS,1.0,ec705c2ef0,"{""brake"": true, ""labels"": [""A"", ""B"", ""D"", ""TSMOM""], ""scheme"": ""minvar_lw"", ""vol_target"": 0.06}",-0.3204,-0.0096,-0.2592,54.44,4633,ef6bd10,amendment-1 search
2026-10-03T11:35:33+00:00,FTE,FTE_A+B+D+TSMOM|minvar_lw|vt8|nobrake,IS,1.0,d10671eb4c,"{""brake"": false, ""labels"": [""A"", ""B"", ""D"", ""TSMOM""], ""scheme"": ""minvar_lw"", ""vol_target"": 0.08}",-0.3509,-0.02419,-0.4143,73.04,4633,ef6bd10,amendment-1 search
2026-10-03T11:35:33+00:00,FTE,FTE_A+B+D+TSMOM|minvar_lw|vt8|brake,IS,1.0,d31892514f,"{""brake"": true, ""labels"": [""A"", ""B"", ""D"", ""TSMOM""], ""scheme"": ""minvar_lw"", ""vol_target"": 0.08}",-0.361,-0.01371,-0.2646,61.66,4633,ef6bd10,amendment-1 search
2026-10-03T11:35:33+00:00,FTE,FTE_A+B+D+TSMOM|minvar_lw|vt10|nobrake,IS,1.0,9a7bdd22e1,"{""brake"": false, ""labels"": [""A"", ""B"", ""D"", ""TSMOM""], ""scheme"": ""minvar_lw"", ""vol_target"": 0.1}",-0.3823,-0.03082,-0.4693,88.33,4633,ef6bd10,amendment-1 search
2026-10-03T11:35:33+00:00,FTE,FTE_A+B+D+TSMOM|minvar_lw|vt10|brake,IS,1.0,9a38b60c20,"{""brake"": true, ""labels"": [""A"", ""B"", ""D"", ""TSMOM""], ""scheme"": ""minvar_lw"", ""vol_target"": 0.1}",-0.3786,-0.01619,-0.2955,69.72,4633,ef6bd10,amendment-1 search
2026-10-03T11:35:33+00:00,FTE,FTE_A+B+E|eqrisk|vt6|nobrake,IS,1.0,f50f08cf1a,"{""brake"": false, ""labels"": [""A"", ""B"", ""E""], ""scheme"": ""eqrisk"", ""vol_target"": 0.06}",0.2487,0.0288,-0.2636,7.01,4649,ef6bd10,amendment-1 search
2026-10-03T11:35:33+00:00,FTE,FTE_A+B+E|eqrisk|vt6|brake,IS,1.0,61b046ac18,"{""brake"": true, ""labels"": [""A"", ""B"", ""E""], ""scheme"": ""eqrisk"", ""vol_target"": 0.06}",0.2612,0.02735,-0.1913,6.67,4649,ef6bd10,amendment-1 search
2026-10-03T11:35:33+00:00,FTE,FTE_A+B+E|eqrisk|vt8|nobrake,IS,1.0,84557b35d1,"{""brake"": false, ""labels"": [""A"", ""B"", ""E""], ""scheme"": ""eqrisk"", ""vol_target"": 0.08}",0.2415,0.03177,-0.337,10.4,4649,ef6bd10,amendment-1 search
2026-10-03T11:35:33+00:00,FTE,FTE_A+B+E|eqrisk|vt8|brake,IS,1.0,1cc1b386fb,"{""brake"": true, ""labels"": [""A"", ""B"", ""E""], ""scheme"": ""eqrisk"", ""vol_target"": 0.08}",0.2926,0.03274,-0.2294,9.19,4649,ef6bd10,amendment-1 search
2026-10-03T11:35:33+00:00,FTE,FTE_A+B+E|eqrisk|vt10|nobrake,IS,1.0,6f4607f90e,"{""brake"": false, ""labels"": [""A"", ""B"", ""E""], ""scheme"": ""eqrisk"", ""vol_target"": 0.1}",0.235,0.03389,-0.4017,16.3,4649,ef6bd10,amendment-1 search
2026-10-03T11:35:33+00:00,FTE,FTE_A+B+E|eqrisk|vt10|brake,IS,1.0,7986d6fca8,"{""brake"": true, ""labels"": [""A"", ""B"", ""E""], ""scheme"": ""eqrisk"", ""vol_target"": 0.1}",0.2584,0.03235,-0.2656,14.25,4649,ef6bd10,amendment-1 search
2026-10-03T11:35:33+00:00,FTE,FTE_A+B+E|invvol_shrunk|vt6|nobrake,IS,1.0,62426fba4e,"{""brake"": false, ""labels"": [""A"", ""B"", ""E""], ""scheme"": ""invvol_shrunk"", ""vol_target"": 0.06}",0.2197,0.02674,-0.2755,6.2,4649,ef6bd10,amendment-1 search
2026-10-03T11:35:33+00:00,FTE,FTE_A+B+E|invvol_shrunk|vt6|brake,IS,1.0,3cb779c54e,"{""brake"": true, ""labels"": [""A"", ""B"", ""E""], ""scheme"": ""invvol_shrunk"", ""vol_target"": 0.06}",0.2428,0.02614,-0.1977,5.69,4649,ef6bd10,amendment-1 search
2026-10-03T11:35:33+00:00,FTE,FTE_A+B+E|invvol_shrunk|vt8|nobrake,IS,1.0,ca32321148,"{""brake"": false, ""labels"": [""A"", ""B"", ""E""], ""scheme"": ""invvol_shrunk"", ""vol_target"": 0.08}",0.214,0.02929,-0.3502,8.82,4649,ef6bd10,amendment-1 search
2026-10-03T11:35:33+00:00,FTE,FTE_A+B+E|invvol_shrunk|vt8|brake,IS,1.0,bbccd2376b,"{""brake"": true, ""labels"": [""A"", ""B"", ""E""], ""scheme"": ""invvol_shrunk"", ""vol_target"": 0.08}",0.2664,0.0306,-0.2346,7.6,4649,ef6bd10,amendment-1 search
2026-10-03T11:35:33+00:00,FTE,FTE_A+B+E|invvol_shrunk|vt10|nobrake,IS,1.0,05ee3b392e,"{""brake"": false, ""labels"": [""A"", ""B"", ""E""], ""scheme"": ""invvol_shrunk"", ""vol_target"": 0.1}",0.2053,0.03074,-0.4155,13.22,4649,ef6bd10,amendment-1 search
2026-10-03T11:35:33+00:00,FTE,FTE_A+B+E|invvol_shrunk|vt10|brake,IS,1.0,f0f0e23ffb,"{""brake"": true, ""labels"": [""A"", ""B"", ""E""], ""scheme"": ""invvol_shrunk"", ""vol_target"": 0.1}",0.3009,0.0355,-0.2746,10.39,4649,ef6bd10,amendment-1 search
2026-10-03T11:35:33+00:00,FTE,FTE_A+B+E|minvar_lw|vt6|nobrake,IS,1.0,cc1f04c8aa,"{""brake"": false, ""labels"": [""A"", ""B"", ""E""], ""scheme"": ""minvar_lw"", ""vol_target"": 0.06}",0.3718,0.03744,-0.2339,7.3,4633,ef6bd10,amendment-1 search
2026-10-03T11:35:33+00:00,FTE,FTE_A+B+E|minvar_lw|vt6|brake,IS,1.0,5c04bf3de9,"{""brake"": true, ""labels"": [""A"", ""B"", ""E""], ""scheme"": ""minvar_lw"", ""vol_target"": 0.06}",0.3882,0.03579,-0.1747,6.84,4633,ef6bd10,amendment-1 search
2026-10-03T11:35:33+00:00,FTE,FTE_A+B+E|minvar_lw|vt8|nobrake,IS,1.0,ddcc51fe8b,"{""brake"": false, ""labels"": [""A"", ""B"", ""E""], ""scheme"": ""minvar_lw"", ""vol_target"": 0.08}",0.3728,0.04344,-0.3044,11.77,4633,ef6bd10,amendment-1 search
2026-10-03T11:35:33+00:00,FTE,FTE_A+B+E|minvar_lw|vt8|brake,IS,1.0,744a833c2d,"{""brake"": true, ""labels"": [""A"", ""B"", ""E""], ""scheme"": ""minvar_lw"", ""vol_target"": 0.08}",0.423,0.04294,-0.2119,9.74,4633,ef6bd10,amendment-1 search
2026-10-03T11:35:33+00:00,FTE,FTE_A+B+E|minvar_lw|vt10|nobrake,IS,1.0,abbe0a4702,"{""brake"": false, ""labels"": [""A"", ""B"", ""E""], ""scheme"": ""minvar_lw"", ""vol_target"": 0.1}",0.3452,0.04513,-0.3717,19.58,4633,ef6bd10,amendment-1 search
2026-10-03T11:35:33+00:00,FTE,FTE_A+B+E|minvar_lw|vt10|brake,IS,1.0,e415a3f330,"{""brake"": true, ""labels"": [""A"", ""B"", ""E""], ""scheme"": ""minvar_lw"", ""vol_target"": 0.1}",0.385,0.04349,-0.25,15.71,4633,ef6bd10,amendment-1 search
2026-10-03T11:35:33+00:00,FTE,FTE_A+B+E+PCT|eqrisk|vt6|nobrake,IS,1.0,2e8fcf945d,"{""brake"": false, ""labels"": [""A"", ""B"", ""E"", ""PCT""], ""scheme"": ""eqrisk"", ""vol_target"": 0.06}",0.3863,0.03793,-0.1645,9.07,4649,ef6bd10,amendment-1 search
2026-10-03T11:35:33+00:00,FTE,FTE_A+B+E+PCT|eqrisk|vt6|brake,IS,1.0,0bcdb1f46a,"{""brake"": true, ""labels"": [""A"", ""B"", ""E"", ""PCT""], ""scheme"": ""eqrisk"", ""vol_target"": 0.06}",0.4061,0.03643,-0.1444,8.96,4649,ef6bd10,amendment-1 search
2026-10-03T11:35:33+00:00,FTE,FTE_A+B+E+PCT|eqrisk|vt8|nobrake,IS,1.0,20362ff536,"{""brake"": false, ""labels"": [""A"", ""B"", ""E"", ""PCT""], ""scheme"": ""eqrisk"", ""vol_target"": 0.08}",0.368,0.04272,-0.2396,13.82,4649,ef6bd10,amendment-1 search
2026-10-03T11:35:33+00:00,FTE,FTE_A+B+E+PCT|eqrisk|vt8|brake,IS,1.0,2e300ef532,"{""brake"": true, ""labels"": [""A"", ""B"", ""E"", ""PCT""], ""scheme"": ""eqrisk"", ""vol_target"": 0.08}",0.3795,0.03937,-0.1701,12.0,4649,ef6bd10,amendment-1 search
2026-10-03T11:35:33+00:00,FTE,FTE_A+B+E+PCT|eqrisk|vt10|nobrake,IS,1.0,7aebfc5dae,"{""brake"": false, ""labels"": [""A"", ""B"", ""E"", ""PCT""], ""scheme"": ""eqrisk"", ""vol_target"": 0.1}",0.3497,0.0457,-0.3145,23.13,4649,ef6bd10,amendment-1 search
2026-10-03T11:35:33+00:00,FTE,FTE_A+B+E+PCT|eqrisk|vt10|brake,IS,1.0,dcb018a233,"{""brake"": true, ""labels"": [""A"", ""B"", ""E"", ""PCT""], ""scheme"": ""eqrisk"", ""vol_target"": 0.1}",0.3216,0.0375,-0.2124,20.06,4649,ef6bd10,amendment-1 search
2026-10-03T11:35:33+00:00,FTE,FTE_A+B+E+PCT|invvol_shrunk|vt6|nobrake,IS,1.0,0515622bac,"{""brake"": false, ""labels"": [""A"", ""B"", ""E"", ""PCT""], ""scheme"": ""invvol_shrunk"", ""vol_target"": 0.06}",0.3553,0.03569,-0.1824,8.19,4649,ef6bd10,amendment-1 search
2026-10-03T11:35:33+00:00,FTE,FTE_A+B+E+PCT|invvol_shrunk|vt6|brake,IS,1.0,c58f56d0e7,"{""brake"": true, ""labels"": [""A"", ""B"", ""E"", ""PCT""], ""scheme"": ""invvol_shrunk"", ""vol_target"": 0.06}",0.3869,0.0351,-0.1491,7.74,4649,ef6bd10,amendment-1 search
2026-10-03T11:35:33+00:00,FTE,FTE_A+B+E+PCT|invvol_shrunk|vt8|nobrake,IS,1.0,fa61d6ee5d,"{""brake"": false, ""labels"": [""A"", ""B"", ""E"", ""PCT""], ""scheme"": ""invvol_shrunk"", ""vol_target"": 0.08}",0.3394,0.04019,-0.2576,12.02,4649,ef6bd10,amendment-1 search
2026-10-03T11:35:33+00:00,FTE,FTE_A+B+E+PCT|invvol_shrunk|vt8|brake,IS,1.0,918b8f3733,"{""brake"": true, ""labels"": [""A"", ""B"", ""E"", ""PCT""], ""scheme"": ""invvol_shrunk"", ""vol_target"": 0.08}",0.3359,0.03571,-0.1916,11.17,4649,ef6bd10,amendment-1 search
2026-10-03T11:35:33+00:00,FTE,FTE_A+B+E+PCT|invvol_shrunk|vt10|nobrake,IS,1.0,3877519687,"{""brake"": false, ""labels"": [""A"", ""B"", ""E"", ""PCT""], ""scheme"": ""invvol_shrunk"", ""vol_target"": 0.1}",0.3227,0.04304,-0.3307,20.37,4649,ef6bd10,amendment-1 search
2026-10-03T11:35:33+00:00,FTE,FTE_A+B+E+PCT|invvol_shrunk|vt10|brake,IS,1.0,e6c54ca1df,"{""brake"": true, ""labels"": [""A"", ""B"", ""E"", ""PCT""], ""scheme"": ""invvol_shrunk"", ""vol_target"": 0.1}",0.3065,0.03625,-0.2223,18.75,4649,ef6bd10,amendment-1 search
2026-10-03T11:35:33+00:00,FTE,FTE_A+B+E+PCT|minvar_lw|vt6|nobrake,IS,1.0,3189069e5c,"{""brake"": false, ""labels"": [""A"", ""B"", ""E"", ""PCT""], ""scheme"": ""minvar_lw"", ""vol_target"": 0.06}",0.5153,0.04711,-0.1516,9.03,4633,ef6bd10,amendment-1 search
2026-10-03T11:35:33+00:00,FTE,FTE_A+B+E+PCT|minvar_lw|vt6|brake,IS,1.0,6fa8d2580a,"{""brake"": true, ""labels"": [""A"", ""B"", ""E"", ""PCT""], ""scheme"": ""minvar_lw"", ""vol_target"": 0.06}",0.4997,0.04438,-0.1297,9.69,4633,ef6bd10,amendment-1 search
2026-10-03T11:35:33+00:00,FTE,FTE_A+B+E+PCT|minvar_lw|vt8|nobrake,IS,1.0,8eb49e42cb,"{""brake"": false, ""labels"": [""A"", ""B"", ""E"", ""PCT""], ""scheme"": ""minvar_lw"", ""vol_target"": 0.08}",0.4945,0.05347,-0.2019,15.29,4633,ef6bd10,amendment-1 search
2026-10-03T11:35:33+00:00,FTE,FTE_A+B+E+PCT|minvar_lw|vt8|brake,IS,1.0,c0d96dec42,"{""brake"": true, ""labels"": [""A"", ""B"", ""E"", ""PCT""], ""scheme"": ""minvar_lw"", ""vol_target"": 0.08}",0.5474,0.05257,-0.1551,12.34,4633,ef6bd10,amendment-1 search
2026-10-03T11:35:33+00:00,FTE,FTE_A+B+E+PCT|minvar_lw|vt10|nobrake,IS,1.0,53df9e2ac9,"{""brake"": false, ""labels"": [""A"", ""B"", ""E"", ""PCT""], ""scheme"": ""minvar_lw"", ""vol_target"": 0.1}",0.462,0.05622,-0.2622,25.01,4633,ef6bd10,amendment-1 search
2026-10-03T11:35:33+00:00,FTE,FTE_A+B+E+PCT|minvar_lw|vt10|brake,IS,1.0,77da1483c5,"{""brake"": true, ""labels"": [""A"", ""B"", ""E"", ""PCT""], ""scheme"": ""minvar_lw"", ""vol_target"": 0.1}",0.4729,0.05076,-0.1883,20.81,4633,ef6bd10,amendment-1 search
2026-10-03T11:35:33+00:00,FTE,FTE_A+B+E+TSMOM|eqrisk|vt6|nobrake,IS,1.0,296cc9347a,"{""brake"": false, ""labels"": [""A"", ""B"", ""E"", ""TSMOM""], ""scheme"": ""eqrisk"", ""vol_target"": 0.06}",0.4621,0.04313,-0.1667,9.53,4649,ef6bd10,amendment-1 search
2026-10-03T11:35:33+00:00,FTE,FTE_A+B+E+TSMOM|eqrisk|vt6|brake,IS,1.0,f257c1094f,"{""brake"": true, ""labels"": [""A"", ""B"", ""E"", ""TSMOM""], ""scheme"": ""eqrisk"", ""vol_target"": 0.06}",0.4387,0.03889,-0.137,9.97,4649,ef6bd10,amendment-1 search
2026-10-03T11:35:33+00:00,FTE,FTE_A+B+E+TSMOM|eqrisk|vt8|nobrake,IS,1.0,ff6de2f147,"{""brake"": false, ""labels"": [""A"", ""B"", ""E"", ""TSMOM""], ""scheme"": ""eqrisk"", ""vol_target"": 0.08}",0.4559,0.0505,-0.2169,14.8,4649,ef6bd10,amendment-1 search
2026-10-03T11:35:33+00:00,FTE,FTE_A+B+E+TSMOM|eqrisk|vt8|brake,IS,1.0,6853069d94,"{""brake"": true, ""labels"": [""A"", ""B"", ""E"", ""TSMOM""], ""scheme"": ""eqrisk"", ""vol_target"": 0.08}",0.4584,0.04603,-0.1638,13.56,4649,ef6bd10,amendment-1 search
2026-10-03T11:35:33+00:00,FTE,FTE_A+B+E+TSMOM|eqrisk|vt10|nobrake,IS,1.0,3b6b950e56,"{""brake"": false, ""labels"": [""A"", ""B"", ""E"", ""TSMOM""], ""scheme"": ""eqrisk"", ""vol_target"": 0.1}",0.4367,0.05496,-0.2674,24.86,4649,ef6bd10,amendment-1 search
2026-10-03T11:35:33+00:00,FTE,FTE_A+B+E+TSMOM|eqrisk|vt10|brake,IS,1.0,9b266ee899,"{""brake"": true, ""labels"": [""A"", ""B"", ""E"", ""TSMOM""], ""scheme"": ""eqrisk"", ""vol_target"": 0.1}",0.4234,0.04709,-0.1991,21.63,4649,ef6bd10,amendment-1 search
2026-10-03T11:35:33+00:00,FTE,FTE_A+B+E+TSMOM|invvol_shrunk|vt6|nobrake,IS,1.0,171b45b3d7,"{""brake"": false, ""labels"": [""A"", ""B"", ""E"", ""TSMOM""], ""scheme"": ""invvol_shrunk"", ""vol_target"": 0.06}",0.444,0.04168,-0.165,8.63,4649,ef6bd10,amendment-1 search
2026-10-03T11:35:33+00:00,FTE,FTE_A+B+E+TSMOM|invvol_shrunk|vt6|brake,IS,1.0,51af01e04d,"{""brake"": true, ""labels"": [""A"", ""B"", ""E"", ""TSMOM""], ""scheme"": ""invvol_shrunk"", ""vol_target"": 0.06}",0.4235,0.03796,-0.1398,8.85,4649,ef6bd10,amendment-1 search
2026-10-03T11:35:33+00:00,FTE,FTE_A+B+E+TSMOM|invvol_shrunk|vt8|nobrake,IS,1.0,d862bd404f,"{""brake"": false, ""labels"": [""A"", ""B"", ""E"", ""TSMOM""], ""scheme"": ""invvol_shrunk"", ""vol_target"": 0.08}",0.4345,0.04857,-0.2129,13.25,4649,ef6bd10,amendment-1 search
2026-10-03T11:35:33+00:00,FTE,FTE_A+B+E+TSMOM|invvol_shrunk|vt8|brake,IS,1.0,8028e7f0fa,"{""brake"": true, ""labels"": [""A"", ""B"", ""E"", ""TSMOM""], ""scheme"": ""invvol_shrunk"", ""vol_target"": 0.08}",0.4369,0.04433,-0.1605,12.55,4649,ef6bd10,amendment-1 search
2026-10-03T11:35:33+00:00,FTE,FTE_A+B+E+TSMOM|invvol_shrunk|vt10|nobrake,IS,1.0,f3b71cb9e5,"{""brake"": false, ""labels"": [""A"", ""B"", ""E"", ""TSMOM""], ""scheme"": ""invvol_shrunk"", ""vol_target"": 0.1}",0.4218,0.0536,-0.2585,22.2,4649,ef6bd10,amendment-1 search
2026-10-03T11:35:33+00:00,FTE,FTE_A+B+E+TSMOM|invvol_shrunk|vt10|brake,IS,1.0,eafc957b48,"{""brake"": true, ""labels"": [""A"", ""B"", ""E"", ""TSMOM""], ""scheme"": ""invvol_shrunk"", ""vol_target"": 0.1}",0.3929,0.0445,-0.1877,20.43,4649,ef6bd10,amendment-1 search
2026-10-03T11:35:33+00:00,FTE,FTE_A+B+E+TSMOM|minvar_lw|vt6|nobrake,IS,1.0,da7ed07519,"{""brake"": false, ""labels"": [""A"", ""B"", ""E"", ""TSMOM""], ""scheme"": ""minvar_lw"", ""vol_target"": 0.06}",0.5592,0.05029,-0.1552,9.34,4633,ef6bd10,amendment-1 search
2026-10-03T11:35:33+00:00,FTE,FTE_A+B+E+TSMOM|minvar_lw|vt6|brake,IS,1.0,b0615046b7,"{""brake"": true, ""labels"": [""A"", ""B"", ""E"", ""TSMOM""], ""scheme"": ""minvar_lw"", ""vol_target"": 0.06}",0.553,0.04885,-0.132,9.83,4633,ef6bd10,amendment-1 search
2026-10-03T11:35:33+00:00,FTE,FTE_A+B+E+TSMOM|minvar_lw|vt8|nobrake,IS,1.0,ae15822af0,"{""brake"": false, ""labels"": [""A"", ""B"", ""E"", ""TSMOM""], ""scheme"": ""minvar_lw"", ""vol_target"": 0.08}",0.5454,0.05793,-0.2084,15.84,4633,ef6bd10,amendment-1 search
2026-10-03T11:35:33+00:00,FTE,FTE_A+B+E+TSMOM|minvar_lw|vt8|brake,IS,1.0,ebe938f262,"{""brake"": true, ""labels"": [""A"", ""B"", ""E"", ""TSMOM""], ""scheme"": ""minvar_lw"", ""vol_target"": 0.08}",0.5429,0.05274,-0.1594,14.54,4633,ef6bd10,amendment-1 search
2026-10-03T11:35:33+00:00,FTE,FTE_A+B+E+TSMOM|minvar_lw|vt10|nobrake,IS,1.0,4debc47e9f,"{""brake"": false, ""labels"": [""A"", ""B"", ""E"", ""TSMOM""], ""scheme"": ""minvar_lw"", ""vol_target"": 0.1}",0.5169,0.06185,-0.2632,26.11,4633,ef6bd10,amendment-1 search
2026-10-03T11:35:33+00:00,FTE,FTE_A+B+E+TSMOM|minvar_lw|vt10|brake,IS,1.0,8dd8ce9c01,"{""brake"": true, ""labels"": [""A"", ""B"", ""E"", ""TSMOM""], ""scheme"": ""minvar_lw"", ""vol_target"": 0.1}",0.5399,0.05719,-0.1938,22.07,4633,ef6bd10,amendment-1 search
2026-10-03T11:35:33+00:00,FTE,FTE_A+C+D|eqrisk|vt6|nobrake,IS,1.0,c956cb43c0,"{""brake"": false, ""labels"": [""A"", ""C"", ""D""], ""scheme"": ""eqrisk"", ""vol_target"": 0.06}",-0.1564,-0.04432,-0.7267,21.11,4639,ef6bd10,amendment-1 search
2026-10-03T11:35:33+00:00,FTE,FTE_A+C+D|eqrisk|vt6|brake,IS,1.0,1ff05ec2bf,"{""brake"": true, ""labels"": [""A"", ""C"", ""D""], ""scheme"": ""eqrisk"", ""vol_target"": 0.06}",-0.1959,-0.04793,-0.7203,10.67,4639,ef6bd10,amendment-1 search
2026-10-03T11:35:33+00:00,FTE,FTE_A+C+D|eqrisk|vt8|nobrake,IS,1.0,94f11999a7,"{""brake"": false, ""labels"": [""A"", ""C"", ""D""], ""scheme"": ""eqrisk"", ""vol_target"": 0.08}",-0.1858,-0.0505,-0.7282,34.71,4639,ef6bd10,amendment-1 search
2026-10-03T11:35:33+00:00,FTE,FTE_A+C+D|eqrisk|vt8|brake,IS,1.0,155b02c117,"{""brake"": true, ""labels"": [""A"", ""C"", ""D""], ""scheme"": ""eqrisk"", ""vol_target"": 0.08}",-0.2121,-0.05087,-0.7211,17.46,4639,ef6bd10,amendment-1 search
2026-10-03T11:35:33+00:00,FTE,FTE_A+C+D|eqrisk|vt10|nobrake,IS,1.0,6ae5381c97,"{""brake"": false, ""labels"": [""A"", ""C"", ""D""], ""scheme"": ""eqrisk"", ""vol_target"": 0.1}",-0.2135,-0.05635,-0.7297,48.47,4639,ef6bd10,amendment-1 search
2026-10-03T11:35:33+00:00,FTE,FTE_A+C+D|eqrisk|vt10|brake,IS,1.0,0913fdfb5d,"{""brake"": true, ""labels"": [""A"", ""C"", ""D""], ""scheme"": ""eqrisk"", ""vol_target"": 0.1}",-0.2276,-0.05368,-0.7219,24.35,4639,ef6bd10,amendment-1 search
2026-10-03T11:35:33+00:00,FTE,FTE_A+C+D|invvol_shrunk|vt6|nobrake,IS,1.0,e02f0b80e3,"{""brake"": false, ""labels"": [""A"", ""C"", ""D""], ""scheme"": ""invvol_shrunk"", ""vol_target"": 0.06}",-0.1182,-0.0378,-0.7267,20.37,4639,ef6bd10,amendment-1 search
2026-10-03T11:35:33+00:00,FTE,FTE_A+C+D|invvol_shrunk|vt6|brake,IS,1.0,c8995eb90e,"{""brake"": true, ""labels"": [""A"", ""C"", ""D""], ""scheme"": ""invvol_shrunk"", ""vol_target"": 0.06}",-0.1758,-0.04469,-0.7203,10.29,4639,ef6bd10,amendment-1 search
2026-10-03T11:35:33+00:00,FTE,FTE_A+C+D|invvol_shrunk|vt8|nobrake,IS,1.0,11df534787,"{""brake"": false, ""labels"": [""A"", ""C"", ""D""], ""scheme"": ""invvol_shrunk"", ""vol_target"": 0.08}",-0.1306,-0.041,-0.7282,33.04,4639,ef6bd10,amendment-1 search
2026-10-03T11:35:33+00:00,FTE,FTE_A+C+D|invvol_shrunk|vt8|brake,IS,1.0,db4e656efa,"{""brake"": true, ""labels"": [""A"", ""C"", ""D""], ""scheme"": ""invvol_shrunk"", ""vol_target"": 0.08}",-0.1827,-0.04612,-0.7211,16.63,4639,ef6bd10,amendment-1 search
2026-10-03T11:35:33+00:00,FTE,FTE_A+C+D|invvol_shrunk|vt10|nobrake,IS,1.0,b0ef411d6e,"{""brake"": false, ""labels"": [""A"", ""C"", ""D""], ""scheme"": ""invvol_shrunk"", ""vol_target"": 0.1}",-0.148,-0.04501,-0.7297,46.41,4639,ef6bd10,amendment-1 search
2026-10-03T11:35:33+00:00,FTE,FTE_A+C+D|invvol_shrunk|vt10|brake,IS,1.0,3f58076e08,"{""brake"": true, ""labels"": [""A"", ""C"", ""D""], ""scheme"": ""invvol_shrunk"", ""vol_target"": 0.1}",-0.1924,-0.04798,-0.7219,23.31,4639,ef6bd10,amendment-1 search
2026-10-03T11:35:33+00:00,FTE,FTE_A+C+D|minvar_lw|vt6|nobrake,IS,1.0,efbdca5f97,"{""brake"": false, ""labels"": [""A"", ""C"", ""D""], ""scheme"": ""minvar_lw"", ""vol_target"": 0.06}",-0.2029,nan,-1.3883,244.42,4633,ef6bd10,amendment-1 search
2026-10-03T11:35:33+00:00,FTE,FTE_A+C+D|minvar_lw|vt6|brake,IS,1.0,0df6363cad,"{""brake"": true, ""labels"": [""A"", ""C"", ""D""], ""scheme"": ""minvar_lw"", ""vol_target"": 0.06}",-0.2196,nan,-1.3338,235.06,4633,ef6bd10,amendment-1 search
2026-10-03T11:35:33+00:00,FTE,FTE_A+C+D|minvar_lw|vt8|nobrake,IS,1.0,ff6c46286f,"{""brake"": false, ""labels"": [""A"", ""C"", ""D""], ""scheme"": ""minvar_lw"", ""vol_target"": 0.08}",-0.2227,nan,-1.3861,257.76,4633,ef6bd10,amendment-1 search
2026-10-03T11:35:33+00:00,FTE,FTE_A+C+D|minvar_lw|vt8|brake,IS,1.0,d9e6014f5f,"{""brake"": true, ""labels"": [""A"", ""C"", ""D""], ""scheme"": ""minvar_lw"", ""vol_target"": 0.08}",-0.2301,nan,-1.3204,241.73,4633,ef6bd10,amendment-1 search
2026-10-03T11:35:33+00:00,FTE,FTE_A+C+D|minvar_lw|vt10|nobrake,IS,1.0,95031f2ed5,"{""brake"": false, ""labels"": [""A"", ""C"", ""D""], ""scheme"": ""minvar_lw"", ""vol_target"": 0.1}",-0.2419,nan,-1.3769,271.03,4633,ef6bd10,amendment-1 search
2026-10-03T11:35:33+00:00,FTE,FTE_A+C+D|minvar_lw|vt10|brake,IS,1.0,2bc6f64446,"{""brake"": true, ""labels"": [""A"", ""C"", ""D""], ""scheme"": ""minvar_lw"", ""vol_target"": 0.1}",-0.2403,nan,-1.3169,248.37,4633,ef6bd10,amendment-1 search
2026-10-03T11:35:33+00:00,FTE,FTE_A+C+D+PCT|eqrisk|vt6|nobrake,IS,1.0,2bbb49afdf,"{""brake"": false, ""labels"": [""A"", ""C"", ""D"", ""PCT""], ""scheme"": ""eqrisk"", ""vol_target"": 0.06}",-0.0891,-0.03252,-0.7267,20.23,4639,ef6bd10,amendment-1 search
2026-10-03T11:35:33+00:00,FTE,FTE_A+C+D+PCT|eqrisk|vt6|brake,IS,1.0,0339e734b7,"{""brake"": true, ""labels"": [""A"", ""C"", ""D"", ""PCT""], ""scheme"": ""eqrisk"", ""vol_target"": 0.06}",-0.1605,-0.04211,-0.7203,10.22,4639,ef6bd10,amendment-1 search
2026-10-03T11:35:33+00:00,FTE,FTE_A+C+D+PCT|eqrisk|vt8|nobrake,IS,1.0,2190da1ef6,"{""brake"": false, ""labels"": [""A"", ""C"", ""D"", ""PCT""], ""scheme"": ""eqrisk"", ""vol_target"": 0.08}",-0.1066,-0.03674,-0.7282,35.46,4639,ef6bd10,amendment-1 search
2026-10-03T11:35:33+00:00,FTE,FTE_A+C+D+PCT|eqrisk|vt8|brake,IS,1.0,a815b51477,"{""brake"": true, ""labels"": [""A"", ""C"", ""D"", ""PCT""], ""scheme"": ""eqrisk"", ""vol_target"": 0.08}",-0.1699,-0.04401,-0.7211,17.84,4639,ef6bd10,amendment-1 search
2026-10-03T11:35:33+00:00,FTE,FTE_A+C+D+PCT|eqrisk|vt10|nobrake,IS,1.0,599bf96bf0,"{""brake"": false, ""labels"": [""A"", ""C"", ""D"", ""PCT""], ""scheme"": ""eqrisk"", ""vol_target"": 0.1}",-0.1306,-0.0422,-0.7297,51.49,4639,ef6bd10,amendment-1 search
2026-10-03T11:35:33+00:00,FTE,FTE_A+C+D+PCT|eqrisk|vt10|brake,IS,1.0,152928ba6e,"{""brake"": true, ""labels"": [""A"", ""C"", ""D"", ""PCT""], ""scheme"": ""eqrisk"", ""vol_target"": 0.1}",-0.1831,-0.04655,-0.7219,25.86,4639,ef6bd10,amendment-1 search
2026-10-03T11:35:33+00:00,FTE,FTE_A+C+D+PCT|invvol_shrunk|vt6|nobrake,IS,1.0,f4410f6512,"{""brake"": false, ""labels"": [""A"", ""C"", ""D"", ""PCT""], ""scheme"": ""invvol_shrunk"", ""vol_target"": 0.06}",-0.0396,-0.02392,-0.7267,14.17,4639,ef6bd10,amendment-1 search
2026-10-03T11:35:33+00:00,FTE,FTE_A+C+D+PCT|invvol_shrunk|vt6|brake,IS,1.0,95c1b158b1,"{""brake"": true, ""labels"": [""A"", ""C"", ""D"", ""PCT""], ""scheme"": ""invvol_shrunk"", ""vol_target"": 0.06}",-0.1345,-0.03787,-0.7203,7.2,4639,ef6bd10,amendment-1 search
2026-10-03T11:35:33+00:00,FTE,FTE_A+C+D+PCT|invvol_shrunk|vt8|nobrake,IS,1.0,11d6cc60fd,"{""brake"": false, ""labels"": [""A"", ""C"", ""D"", ""PCT""], ""scheme"": ""invvol_shrunk"", ""vol_target"": 0.08}",-0.0314,-0.02378,-0.7282,26.87,4639,ef6bd10,amendment-1 search
2026-10-03T11:35:33+00:00,FTE,FTE_A+C+D+PCT|invvol_shrunk|vt8|brake,IS,1.0,a18ce741a5,"{""brake"": true, ""labels"": [""A"", ""C"", ""D"", ""PCT""], ""scheme"": ""invvol_shrunk"", ""vol_target"": 0.08}",-0.1296,-0.03753,-0.7211,13.54,4639,ef6bd10,amendment-1 search
2026-10-03T11:35:33+00:00,FTE,FTE_A+C+D+PCT|invvol_shrunk|vt10|nobrake,IS,1.0,2a68fce852,"{""brake"": false, ""labels"": [""A"", ""C"", ""D"", ""PCT""], ""scheme"": ""invvol_shrunk"", ""vol_target"": 0.1}",-0.0472,-0.02808,-0.7297,41.51,4639,ef6bd10,amendment-1 search
2026-10-03T11:35:33+00:00,FTE,FTE_A+C+D+PCT|invvol_shrunk|vt10|brake,IS,1.0,18187e1e11,"{""brake"": true, ""labels"": [""A"", ""C"", ""D"", ""PCT""], ""scheme"": ""invvol_shrunk"", ""vol_target"": 0.1}",-0.1376,-0.03937,-0.7219,20.87,4639,ef6bd10,amendment-1 search
2026-10-03T11:35:33+00:00,FTE,FTE_A+C+D+PCT|minvar_lw|vt6|nobrake,IS,1.0,c48c994faf,"{""brake"": false, ""labels"": [""A"", ""C"", ""D"", ""PCT""], ""scheme"": ""minvar_lw"", ""vol_target"": 0.06}",-0.201,nan,-1.408,245.6,4633,ef6bd10,amendment-1 search
2026-10-03T11:35:33+00:00,FTE,FTE_A+C+D+PCT|minvar_lw|vt6|brake,IS,1.0,64ae751452,"{""brake"": true, ""labels"": [""A"", ""C"", ""D"", ""PCT""], ""scheme"": ""minvar_lw"", ""vol_target"": 0.06}",-0.2186,nan,-1.336,235.65,4633,ef6bd10,amendment-1 search
2026-10-03T11:35:33+00:00,FTE,FTE_A+C+D+PCT|minvar_lw|vt8|nobrake,IS,1.0,f59f57155a,"{""brake"": false, ""labels"": [""A"", ""C"", ""D"", ""PCT""], ""scheme"": ""minvar_lw"", ""vol_target"": 0.08}",-0.2227,nan,-1.4023,260.71,4633,ef6bd10,amendment-1 search
2026-10-03T11:35:33+00:00,FTE,FTE_A+C+D+PCT|minvar_lw|vt8|brake,IS,1.0,156a3e8189,"{""brake"": true, ""labels"": [""A"", ""C"", ""D"", ""PCT""], ""scheme"": ""minvar_lw"", ""vol_target"": 0.08}",-0.23,nan,-1.3269,243.21,4633,ef6bd10,amendment-1 search
2026-10-03T11:35:33+00:00,FTE,FTE_A+C+D+PCT|minvar_lw|vt10|nobrake,IS,1.0,0f2c1a5055,"{""brake"": false, ""labels"": [""A"", ""C"", ""D"", ""PCT""], ""scheme"": ""minvar_lw"", ""vol_target"": 0.1}",-0.2447,nan,-1.3864,275.35,4633,ef6bd10,amendment-1 search
2026-10-03T11:35:33+00:00,FTE,FTE_A+C+D+PCT|minvar_lw|vt10|brake,IS,1.0,462e769e74,"{""brake"": true, ""labels"": [""A"", ""C"", ""D"", ""PCT""], ""scheme"": ""minvar_lw"", ""vol_target"": 0.1}",-0.2415,nan,-1.3207,250.52,4633,ef6bd10,amendment-1 search
2026-10-03T11:35:33+00:00,FTE,FTE_A+C+D+TSMOM|eqrisk|vt6|nobrake,IS,1.0,473b7613c0,"{""brake"": false, ""labels"": [""A"", ""C"", ""D"", ""TSMOM""], ""scheme"": ""eqrisk"", ""vol_target"": 0.06}",-0.0675,-0.02877,-0.7267,21.42,4639,ef6bd10,amendment-1 search
2026-10-03T11:35:33+00:00,FTE,FTE_A+C+D+TSMOM|eqrisk|vt6|brake,IS,1.0,2c57233691,"{""brake"": true, ""labels"": [""A"", ""C"", ""D"", ""TSMOM""], ""scheme"": ""eqrisk"", ""vol_target"": 0.06}",-0.1492,-0.04026,-0.7203,10.82,4639,ef6bd10,amendment-1 search
2026-10-03T11:35:33+00:00,FTE,FTE_A+C+D+TSMOM|eqrisk|vt8|nobrake,IS,1.0,eb3a711710,"{""brake"": false, ""labels"": [""A"", ""C"", ""D"", ""TSMOM""], ""scheme"": ""eqrisk"", ""vol_target"": 0.08}",-0.0802,-0.03202,-0.7282,37.18,4639,ef6bd10,amendment-1 search
2026-10-03T11:35:33+00:00,FTE,FTE_A+C+D+TSMOM|eqrisk|vt8|brake,IS,1.0,5415360b25,"{""brake"": true, ""labels"": [""A"", ""C"", ""D"", ""TSMOM""], ""scheme"": ""eqrisk"", ""vol_target"": 0.08}",-0.1558,-0.04169,-0.7211,18.7,4639,ef6bd10,amendment-1 search
2026-10-03T11:35:33+00:00,FTE,FTE_A+C+D+TSMOM|eqrisk|vt10|nobrake,IS,1.0,2d19c1783c,"{""brake"": false, ""labels"": [""A"", ""C"", ""D"", ""TSMOM""], ""scheme"": ""eqrisk"", ""vol_target"": 0.1}",-0.0952,-0.03571,-0.7297,53.58,4639,ef6bd10,amendment-1 search
2026-10-03T11:35:33+00:00,FTE,FTE_A+C+D+TSMOM|eqrisk|vt10|brake,IS,1.0,44d4600ef6,"{""brake"": true, ""labels"": [""A"", ""C"", ""D"", ""TSMOM""], ""scheme"": ""eqrisk"", ""vol_target"": 0.1}",-0.1639,-0.04334,-0.7219,26.9,4639,ef6bd10,amendment-1 search
2026-10-03T11:35:33+00:00,FTE,FTE_A+C+D+TSMOM|invvol_shrunk|vt6|nobrake,IS,1.0,b368210c50,"{""brake"": false, ""labels"": [""A"", ""C"", ""D"", ""TSMOM""], ""scheme"": ""invvol_shrunk"", ""vol_target"": 0.06}",-0.0078,-0.01838,-0.7267,15.66,4639,ef6bd10,amendment-1 search
2026-10-03T11:35:33+00:00,FTE,FTE_A+C+D+TSMOM|invvol_shrunk|vt6|brake,IS,1.0,d7eaf82720,"{""brake"": true, ""labels"": [""A"", ""C"", ""D"", ""TSMOM""], ""scheme"": ""invvol_shrunk"", ""vol_target"": 0.06}",-0.1179,-0.03515,-0.7203,7.94,4639,ef6bd10,amendment-1 search
2026-10-03T11:35:33+00:00,FTE,FTE_A+C+D+TSMOM|invvol_shrunk|vt8|nobrake,IS,1.0,c53b352b62,"{""brake"": false, ""labels"": [""A"", ""C"", ""D"", ""TSMOM""], ""scheme"": ""invvol_shrunk"", ""vol_target"": 0.08}",0.0116,-0.01597,-0.7282,29.06,4639,ef6bd10,amendment-1 search
2026-10-03T11:35:33+00:00,FTE,FTE_A+C+D+TSMOM|invvol_shrunk|vt8|brake,IS,1.0,78ec9df441,"{""brake"": true, ""labels"": [""A"", ""C"", ""D"", ""TSMOM""], ""scheme"": ""invvol_shrunk"", ""vol_target"": 0.08}",-0.1066,-0.0337,-0.7211,14.64,4639,ef6bd10,amendment-1 search
2026-10-03T11:35:33+00:00,FTE,FTE_A+C+D+TSMOM|invvol_shrunk|vt10|nobrake,IS,1.0,b08c2602cb,"{""brake"": false, ""labels"": [""A"", ""C"", ""D"", ""TSMOM""], ""scheme"": ""invvol_shrunk"", ""vol_target"": 0.1}",0.0085,-0.01762,-0.7297,44.24,4639,ef6bd10,amendment-1 search
2026-10-03T11:35:33+00:00,FTE,FTE_A+C+D+TSMOM|invvol_shrunk|vt10|brake,IS,1.0,b7b8a15824,"{""brake"": true, ""labels"": [""A"", ""C"", ""D"", ""TSMOM""], ""scheme"": ""invvol_shrunk"", ""vol_target"": 0.1}",-0.107,-0.03423,-0.7219,22.23,4639,ef6bd10,amendment-1 search
2026-10-03T11:35:33+00:00,FTE,FTE_A+C+D+TSMOM|minvar_lw|vt6|nobrake,IS,1.0,0f08e7326d,"{""brake"": false, ""labels"": [""A"", ""C"", ""D"", ""TSMOM""], ""scheme"": ""minvar_lw"", ""vol_target"": 0.06}",-0.1989,nan,-1.4086,245.77,4633,ef6bd10,amendment-1 search
2026-10-03T11:35:33+00:00,FTE,FTE_A+C+D+TSMOM|minvar_lw|vt6|brake,IS,1.0,3940f90dc6,"{""brake"": true, ""labels"": [""A"", ""C"", ""D"", ""TSMOM""], ""scheme"": ""minvar_lw"", ""vol_target"": 0.06}",-0.2176,nan,-1.338,235.74,4633,ef6bd10,amendment-1 search
2026-10-03T11:35:33+00:00,FTE,FTE_A+C+D+TSMOM|minvar_lw|vt8|nobrake,IS,1.0,e1a8745d84,"{""brake"": false, ""labels"": [""A"", ""C"", ""D"", ""TSMOM""], ""scheme"": ""minvar_lw"", ""vol_target"": 0.08}",-0.219,nan,-1.4041,260.8,4633,ef6bd10,amendment-1 search
2026-10-03T11:35:33+00:00,FTE,FTE_A+C+D+TSMOM|minvar_lw|vt8|brake,IS,1.0,76f5206180,"{""brake"": true, ""labels"": [""A"", ""C"", ""D"", ""TSMOM""], ""scheme"": ""minvar_lw"", ""vol_target"": 0.08}",-0.2281,nan,-1.3277,243.25,4633,ef6bd10,amendment-1 search
2026-10-03T11:35:33+00:00,FTE,FTE_A+C+D+TSMOM|minvar_lw|vt10|nobrake,IS,1.0,c86658dbc7,"{""brake"": false, ""labels"": [""A"", ""C"", ""D"", ""TSMOM""], ""scheme"": ""minvar_lw"", ""vol_target"": 0.1}",-0.2421,nan,-1.3841,275.47,4633,ef6bd10,amendment-1 search
2026-10-03T11:35:33+00:00,FTE,FTE_A+C+D+TSMOM|minvar_lw|vt10|brake,IS,1.0,3d79fdb192,"{""brake"": true, ""labels"": [""A"", ""C"", ""D"", ""TSMOM""], ""scheme"": ""minvar_lw"", ""vol_target"": 0.1}",-0.2402,nan,-1.3198,250.59,4633,ef6bd10,amendment-1 search
2026-10-03T11:35:33+00:00,FTE,FTE_A+C+E|eqrisk|vt6|nobrake,IS,1.0,3bb6a4267d,"{""brake"": false, ""labels"": [""A"", ""C"", ""E""], ""scheme"": ""eqrisk"", ""vol_target"": 0.06}",0.0071,-0.00811,-0.6742,127.27,4649,ef6bd10,amendment-1 search
2026-10-03T11:35:33+00:00,FTE,FTE_A+C+E|eqrisk|vt6|brake,IS,1.0,ec9f4df5a5,"{""brake"": true, ""labels"": [""A"", ""C"", ""E""], ""scheme"": ""eqrisk"", ""vol_target"": 0.06}",-0.1127,-0.02471,-0.662,122.57,4649,ef6bd10,amendment-1 search
2026-10-03T11:35:33+00:00,FTE,FTE_A+C+E|eqrisk|vt8|nobrake,IS,1.0,2c5ecbc7f9,"{""brake"": false, ""labels"": [""A"", ""C"", ""E""], ""scheme"": ""eqrisk"", ""vol_target"": 0.08}",0.0353,-0.00435,-0.6774,137.21,4649,ef6bd10,amendment-1 search
2026-10-03T11:35:33+00:00,FTE,FTE_A+C+E|eqrisk|vt8|brake,IS,1.0,1286ab398b,"{""brake"": true, ""labels"": [""A"", ""C"", ""E""], ""scheme"": ""eqrisk"", ""vol_target"": 0.08}",-0.0958,-0.0226,-0.6637,127.54,4649,ef6bd10,amendment-1 search
2026-10-03T11:35:33+00:00,FTE,FTE_A+C+E|eqrisk|vt10|nobrake,IS,1.0,de4da89a9d,"{""brake"": false, ""labels"": [""A"", ""C"", ""E""], ""scheme"": ""eqrisk"", ""vol_target"": 0.1}",0.0417,-0.00413,-0.6794,148.68,4649,ef6bd10,amendment-1 search
2026-10-03T11:35:33+00:00,FTE,FTE_A+C+E|eqrisk|vt10|brake,IS,1.0,c3dd98bcfd,"{""brake"": true, ""labels"": [""A"", ""C"", ""E""], ""scheme"": ""eqrisk"", ""vol_target"": 0.1}",-0.0903,-0.02221,-0.6647,133.27,4649,ef6bd10,amendment-1 search
2026-10-03T11:35:33+00:00,FTE,FTE_A+C+E|invvol_shrunk|vt6|nobrake,IS,1.0,58e8130798,"{""brake"": false, ""labels"": [""A"", ""C"", ""E""], ""scheme"": ""invvol_shrunk"", ""vol_target"": 0.06}",-0.037,-0.01522,-0.6733,125.14,4649,ef6bd10,amendment-1 search
2026-10-03T11:35:33+00:00,FTE,FTE_A+C+E|invvol_shrunk|vt6|brake,IS,1.0,8e401fd45b,"{""brake"": true, ""labels"": [""A"", ""C"", ""E""], ""scheme"": ""invvol_shrunk"", ""vol_target"": 0.06}",-0.1363,-0.02823,-0.6616,121.5,4649,ef6bd10,amendment-1 search
2026-10-03T11:35:33+00:00,FTE,FTE_A+C+E|invvol_shrunk|vt8|nobrake,IS,1.0,10749a81bb,"{""brake"": false, ""labels"": [""A"", ""C"", ""E""], ""scheme"": ""invvol_shrunk"", ""vol_target"": 0.08}",-0.0059,-0.01152,-0.6769,132.42,4649,ef6bd10,amendment-1 search
2026-10-03T11:35:33+00:00,FTE,FTE_A+C+E|invvol_shrunk|vt8|brake,IS,1.0,ef523a766e,"{""brake"": true, ""labels"": [""A"", ""C"", ""E""], ""scheme"": ""invvol_shrunk"", ""vol_target"": 0.08}",-0.1182,-0.02608,-0.6634,125.15,4649,ef6bd10,amendment-1 search
2026-10-03T11:35:33+00:00,FTE,FTE_A+C+E|invvol_shrunk|vt10|nobrake,IS,1.0,2d1e2c7a98,"{""brake"": false, ""labels"": [""A"", ""C"", ""E""], ""scheme"": ""invvol_shrunk"", ""vol_target"": 0.1}",-0.0024,-0.01234,-0.6802,143.35,4649,ef6bd10,amendment-1 search
2026-10-03T11:35:33+00:00,FTE,FTE_A+C+E|invvol_shrunk|vt10|brake,IS,1.0,035bf10351,"{""brake"": true, ""labels"": [""A"", ""C"", ""E""], ""scheme"": ""invvol_shrunk"", ""vol_target"": 0.1}",-0.1147,-0.02614,-0.6645,130.61,4649,ef6bd10,amendment-1 search
2026-10-03T11:35:33+00:00,FTE,FTE_A+C+E|minvar_lw|vt6|nobrake,IS,1.0,ac362d3143,"{""brake"": false, ""labels"": [""A"", ""C"", ""E""], ""scheme"": ""minvar_lw"", ""vol_target"": 0.06}",0.7667,0.06581,-0.1105,13.01,4633,ef6bd10,amendment-1 search
2026-10-03T11:35:33+00:00,FTE,FTE_A+C+E|minvar_lw|vt6|brake,IS,1.0,887c1f5c84,"{""brake"": true, ""labels"": [""A"", ""C"", ""E""], ""scheme"": ""minvar_lw"", ""vol_target"": 0.06}",0.745,0.06393,-0.1146,12.78,4633,ef6bd10,amendment-1 search
2026-10-03T11:35:33+00:00,FTE,FTE_A+C+E|minvar_lw|vt8|nobrake,IS,1.0,0ff7c0ce96,"{""brake"": false, ""labels"": [""A"", ""C"", ""E""], ""scheme"": ""minvar_lw"", ""vol_target"": 0.08}",0.7461,0.07236,-0.1345,23.26,4633,ef6bd10,amendment-1 search
2026-10-03T11:35:33+00:00,FTE,FTE_A+C+E|minvar_lw|vt8|brake,IS,1.0,9b936bc604,"{""brake"": true, ""labels"": [""A"", ""C"", ""E""], ""scheme"": ""minvar_lw"", ""vol_target"": 0.08}",0.7483,0.07187,-0.1217,22.55,4633,ef6bd10,amendment-1 search
2026-10-03T11:35:33+00:00,FTE,FTE_A+C+E|minvar_lw|vt10|nobrake,IS,1.0,7166e57852,"{""brake"": false, ""labels"": [""A"", ""C"", ""E""], ""scheme"": ""minvar_lw"", ""vol_target"": 0.1}",0.6869,0.07269,-0.1594,35.47,4633,ef6bd10,amendment-1 search
2026-10-03T11:35:33+00:00,FTE,FTE_A+C+E|minvar_lw|vt10|brake,IS,1.0,73e81947fc,"{""brake"": true, ""labels"": [""A"", ""C"", ""E""], ""scheme"": ""minvar_lw"", ""vol_target"": 0.1}",0.6624,0.06865,-0.1303,33.56,4633,ef6bd10,amendment-1 search
2026-10-03T11:35:33+00:00,FTE,FTE_A+C+E+PCT|eqrisk|vt6|nobrake,IS,1.0,6e76a1d9e1,"{""brake"": false, ""labels"": [""A"", ""C"", ""E"", ""PCT""], ""scheme"": ""eqrisk"", ""vol_target"": 0.06}",0.0371,-0.00309,-0.6742,129.13,4649,ef6bd10,amendment-1 search
2026-10-03T11:35:33+00:00,FTE,FTE_A+C+E+PCT|eqrisk|vt6|brake,IS,1.0,0855093ccf,"{""brake"": true, ""labels"": [""A"", ""C"", ""E"", ""PCT""], ""scheme"": ""eqrisk"", ""vol_target"": 0.06}",-0.0969,-0.02228,-0.662,123.5,4649,ef6bd10,amendment-1 search
2026-10-03T11:35:33+00:00,FTE,FTE_A+C+E+PCT|eqrisk|vt8|nobrake,IS,1.0,0b7679eec9,"{""brake"": false, ""labels"": [""A"", ""C"", ""E"", ""PCT""], ""scheme"": ""eqrisk"", ""vol_target"": 0.08}",0.0664,0.00105,-0.6774,140.47,4649,ef6bd10,amendment-1 search
2026-10-03T11:35:33+00:00,FTE,FTE_A+C+E+PCT|eqrisk|vt8|brake,IS,1.0,955c032ad4,"{""brake"": true, ""labels"": [""A"", ""C"", ""E"", ""PCT""], ""scheme"": ""eqrisk"", ""vol_target"": 0.08}",-0.0789,-0.01998,-0.6637,129.17,4649,ef6bd10,amendment-1 search
2026-10-03T11:35:33+00:00,FTE,FTE_A+C+E+PCT|eqrisk|vt10|nobrake,IS,1.0,cbb8bd953a,"{""brake"": false, ""labels"": [""A"", ""C"", ""E"", ""PCT""], ""scheme"": ""eqrisk"", ""vol_target"": 0.1}",0.0697,0.00091,-0.6794,153.64,4649,ef6bd10,amendment-1 search
2026-10-03T11:35:33+00:00,FTE,FTE_A+C+E+PCT|eqrisk|vt10|brake,IS,1.0,4ba2e844cf,"{""brake"": true, ""labels"": [""A"", ""C"", ""E"", ""PCT""], ""scheme"": ""eqrisk"", ""vol_target"": 0.1}",-0.0747,-0.01976,-0.6647,135.76,4649,ef6bd10,amendment-1 search
2026-10-03T11:35:33+00:00,FTE,FTE_A+C+E+PCT|invvol_shrunk|vt6|nobrake,IS,1.0,7afbfc9885,"{""brake"": false, ""labels"": [""A"", ""C"", ""E"", ""PCT""], ""scheme"": ""invvol_shrunk"", ""vol_target"": 0.06}",-0.0063,-0.01011,-0.6733,126.91,4649,ef6bd10,amendment-1 search
2026-10-03T11:35:33+00:00,FTE,FTE_A+C+E+PCT|invvol_shrunk|vt6|brake,IS,1.0,4ca8f94916,"{""brake"": true, ""labels"": [""A"", ""C"", ""E"", ""PCT""], ""scheme"": ""invvol_shrunk"", ""vol_target"": 0.06}",-0.1201,-0.02574,-0.6616,122.39,4649,ef6bd10,amendment-1 search
2026-10-03T11:35:33+00:00,FTE,FTE_A+C+E+PCT|invvol_shrunk|vt8|nobrake,IS,1.0,517058f67b,"{""brake"": false, ""labels"": [""A"", ""C"", ""E"", ""PCT""], ""scheme"": ""invvol_shrunk"", ""vol_target"": 0.08}",0.0232,-0.00644,-0.6769,136.29,4649,ef6bd10,amendment-1 search
2026-10-03T11:35:33+00:00,FTE,FTE_A+C+E+PCT|invvol_shrunk|vt8|brake,IS,1.0,245064bb34,"{""brake"": true, ""labels"": [""A"", ""C"", ""E"", ""PCT""], ""scheme"": ""invvol_shrunk"", ""vol_target"": 0.08}",-0.1024,-0.02362,-0.6634,127.08,4649,ef6bd10,amendment-1 search
2026-10-03T11:35:33+00:00,FTE,FTE_A+C+E+PCT|invvol_shrunk|vt10|nobrake,IS,1.0,762d75c224,"{""brake"": false, ""labels"": [""A"", ""C"", ""E"", ""PCT""], ""scheme"": ""invvol_shrunk"", ""vol_target"": 0.1}",0.0283,-0.00673,-0.6802,149.2,4649,ef6bd10,amendment-1 search
2026-10-03T11:35:33+00:00,FTE,FTE_A+C+E+PCT|invvol_shrunk|vt10|brake,IS,1.0,08a8fb0954,"{""brake"": true, ""labels"": [""A"", ""C"", ""E"", ""PCT""], ""scheme"": ""invvol_shrunk"", ""vol_target"": 0.1}",-0.0975,-0.02342,-0.6645,133.54,4649,ef6bd10,amendment-1 search
2026-10-03T11:35:33+00:00,FTE,FTE_A+C+E+PCT|minvar_lw|vt6|nobrake,IS,1.0,a8715f83ab,"{""brake"": false, ""labels"": [""A"", ""C"", ""E"", ""PCT""], ""scheme"": ""minvar_lw"", ""vol_target"": 0.06}",0.8663,0.07083,-0.0846,14.21,4633,ef6bd10,amendment-1 search
2026-10-03T11:35:33+00:00,FTE,FTE_A+C+E+PCT|minvar_lw|vt6|brake,IS,1.0,3976d8ba4e,"{""brake"": true, ""labels"": [""A"", ""C"", ""E"", ""PCT""], ""scheme"": ""minvar_lw"", ""vol_target"": 0.06}",0.8663,0.07083,-0.0846,14.21,4633,ef6bd10,amendment-1 search
2026-10-03T11:35:33+00:00,FTE,FTE_A+C+E+PCT|minvar_lw|vt8|nobrake,IS,1.0,baadd9c853,"{""brake"": false, ""labels"": [""A"", ""C"", ""E"", ""PCT""], ""scheme"": ""minvar_lw"", ""vol_target"": 0.08}",0.8235,0.07682,-0.1018,25.86,4633,ef6bd10,amendment-1 search
2026-10-03T11:35:33+00:00,FTE,FTE_A+C+E+PCT|minvar_lw|vt8|brake,IS,1.0,1e4ce86b57,"{""brake"": true, ""labels"": [""A"", ""C"", ""E"", ""PCT""], ""scheme"": ""minvar_lw"", ""vol_target"": 0.08}",0.825,0.07692,-0.1017,26.12,4633,ef6bd10,amendment-1 search
2026-10-03T11:35:33+00:00,FTE,FTE_A+C+E+PCT|minvar_lw|vt10|nobrake,IS,1.0,a85b1830dc,"{""brake"": false, ""labels"": [""A"", ""C"", ""E"", ""PCT""], ""scheme"": ""minvar_lw"", ""vol_target"": 0.1}",0.7475,0.07686,-0.1215,39.34,4633,ef6bd10,amendment-1 search
2026-10-03T11:35:33+00:00,FTE,FTE_A+C+E+PCT|minvar_lw|vt10|brake,IS,1.0,01abca3cd2,"{""brake"": true, ""labels"": [""A"", ""C"", ""E"", ""PCT""], ""scheme"": ""minvar_lw"", ""vol_target"": 0.1}",0.7252,0.0734,-0.1212,39.18,4633,ef6bd10,amendment-1 search
2026-10-03T11:35:33+00:00,FTE,FTE_A+C+E+TSMOM|eqrisk|vt6|nobrake,IS,1.0,a2315d967b,"{""brake"": false, ""labels"": [""A"", ""C"", ""E"", ""TSMOM""], ""scheme"": ""eqrisk"", ""vol_target"": 0.06}",0.0609,0.00082,-0.6742,129.54,4649,ef6bd10,amendment-1 search
2026-10-03T11:35:33+00:00,FTE,FTE_A+C+E+TSMOM|eqrisk|vt6|brake,IS,1.0,98a26f3ac5,"{""brake"": true, ""labels"": [""A"", ""C"", ""E"", ""TSMOM""], ""scheme"": ""eqrisk"", ""vol_target"": 0.06}",-0.0842,-0.02037,-0.662,123.71,4649,ef6bd10,amendment-1 search
2026-10-03T11:35:33+00:00,FTE,FTE_A+C+E+TSMOM|eqrisk|vt8|nobrake,IS,1.0,83d4cd354e,"{""brake"": false, ""labels"": [""A"", ""C"", ""E"", ""TSMOM""], ""scheme"": ""eqrisk"", ""vol_target"": 0.08}",0.0921,0.00546,-0.6774,141.11,4649,ef6bd10,amendment-1 search
2026-10-03T11:35:33+00:00,FTE,FTE_A+C+E+TSMOM|eqrisk|vt8|brake,IS,1.0,de6c296d6b,"{""brake"": true, ""labels"": [""A"", ""C"", ""E"", ""TSMOM""], ""scheme"": ""eqrisk"", ""vol_target"": 0.08}",-0.0649,-0.01783,-0.6637,129.49,4649,ef6bd10,amendment-1 search
2026-10-03T11:35:33+00:00,FTE,FTE_A+C+E+TSMOM|eqrisk|vt10|nobrake,IS,1.0,4ea5e4b246,"{""brake"": false, ""labels"": [""A"", ""C"", ""E"", ""TSMOM""], ""scheme"": ""eqrisk"", ""vol_target"": 0.1}",0.0996,0.00624,-0.6794,154.78,4649,ef6bd10,amendment-1 search
2026-10-03T11:35:33+00:00,FTE,FTE_A+C+E+TSMOM|eqrisk|vt10|brake,IS,1.0,d6b123d60d,"{""brake"": true, ""labels"": [""A"", ""C"", ""E"", ""TSMOM""], ""scheme"": ""eqrisk"", ""vol_target"": 0.1}",-0.058,-0.01716,-0.6647,136.33,4649,ef6bd10,amendment-1 search
2026-10-03T11:35:33+00:00,FTE,FTE_A+C+E+TSMOM|invvol_shrunk|vt6|nobrake,IS,1.0,59b4b1d309,"{""brake"": false, ""labels"": [""A"", ""C"", ""E"", ""TSMOM""], ""scheme"": ""invvol_shrunk"", ""vol_target"": 0.06}",0.022,-0.00551,-0.6733,127.39,4649,ef6bd10,amendment-1 search
2026-10-03T11:35:33+00:00,FTE,FTE_A+C+E+TSMOM|invvol_shrunk|vt6|brake,IS,1.0,191d92280c,"{""brake"": true, ""labels"": [""A"", ""C"", ""E"", ""TSMOM""], ""scheme"": ""invvol_shrunk"", ""vol_target"": 0.06}",-0.105,-0.02348,-0.6616,122.63,4649,ef6bd10,amendment-1 search
2026-10-03T11:35:33+00:00,FTE,FTE_A+C+E+TSMOM|invvol_shrunk|vt8|nobrake,IS,1.0,e91880f7d0,"{""brake"": false, ""labels"": [""A"", ""C"", ""E"", ""TSMOM""], ""scheme"": ""invvol_shrunk"", ""vol_target"": 0.08}",0.0613,0.0001,-0.6769,136.89,4649,ef6bd10,amendment-1 search
2026-10-03T11:35:33+00:00,FTE,FTE_A+C+E+TSMOM|invvol_shrunk|vt8|brake,IS,1.0,2483311209,"{""brake"": true, ""labels"": [""A"", ""C"", ""E"", ""TSMOM""], ""scheme"": ""invvol_shrunk"", ""vol_target"": 0.08}",-0.0815,-0.02041,-0.6634,127.38,4649,ef6bd10,amendment-1 search
2026-10-03T11:35:33+00:00,FTE,FTE_A+C+E+TSMOM|invvol_shrunk|vt10|nobrake,IS,1.0,4d7ad2b588,"{""brake"": false, ""labels"": [""A"", ""C"", ""E"", ""TSMOM""], ""scheme"": ""invvol_shrunk"", ""vol_target"": 0.1}",0.0706,0.00087,-0.6802,150.54,4649,ef6bd10,amendment-1 search
2026-10-03T11:35:33+00:00,FTE,FTE_A+C+E+TSMOM|invvol_shrunk|vt10|brake,IS,1.0,4f0cefa880,"{""brake"": true, ""labels"": [""A"", ""C"", ""E"", ""TSMOM""], ""scheme"": ""invvol_shrunk"", ""vol_target"": 0.1}",-0.0736,-0.0197,-0.6645,134.21,4649,ef6bd10,amendment-1 search
2026-10-03T11:35:33+00:00,FTE,FTE_A+C+E+TSMOM|minvar_lw|vt6|nobrake,IS,1.0,af84996638,"{""brake"": false, ""labels"": [""A"", ""C"", ""E"", ""TSMOM""], ""scheme"": ""minvar_lw"", ""vol_target"": 0.06}",0.8818,0.07209,-0.0825,14.45,4633,ef6bd10,amendment-1 search
2026-10-03T11:35:33+00:00,FTE,FTE_A+C+E+TSMOM|minvar_lw|vt6|brake,IS,1.0,d1e962ff93,"{""brake"": true, ""labels"": [""A"", ""C"", ""E"", ""TSMOM""], ""scheme"": ""minvar_lw"", ""vol_target"": 0.06}",0.8818,0.07209,-0.0825,14.45,4633,ef6bd10,amendment-1 search
2026-10-03T11:35:33+00:00,FTE,FTE_A+C+E+TSMOM|minvar_lw|vt8|nobrake,IS,1.0,78ee8f2518,"{""brake"": false, ""labels"": [""A"", ""C"", ""E"", ""TSMOM""], ""scheme"": ""minvar_lw"", ""vol_target"": 0.08}",0.8528,0.079,-0.1003,26.11,4633,ef6bd10,amendment-1 search
2026-10-03T11:35:33+00:00,FTE,FTE_A+C+E+TSMOM|minvar_lw|vt8|brake,IS,1.0,ee851a2524,"{""brake"": true, ""labels"": [""A"", ""C"", ""E"", ""TSMOM""], ""scheme"": ""minvar_lw"", ""vol_target"": 0.08}",0.853,0.07901,-0.1003,26.24,4633,ef6bd10,amendment-1 search
2026-10-03T11:35:33+00:00,FTE,FTE_A+C+E+TSMOM|minvar_lw|vt10|nobrake,IS,1.0,6c2748efc4,"{""brake"": false, ""labels"": [""A"", ""C"", ""E"", ""TSMOM""], ""scheme"": ""minvar_lw"", ""vol_target"": 0.1}",0.775,0.07892,-0.1213,39.76,4633,ef6bd10,amendment-1 search
2026-10-03T11:35:33+00:00,FTE,FTE_A+C+E+TSMOM|minvar_lw|vt10|brake,IS,1.0,a9d16fc709,"{""brake"": true, ""labels"": [""A"", ""C"", ""E"", ""TSMOM""], ""scheme"": ""minvar_lw"", ""vol_target"": 0.1}",0.7539,0.07637,-0.1217,39.25,4633,ef6bd10,amendment-1 search
2026-10-03T11:35:33+00:00,FTE,FTE_A+D+E|eqrisk|vt6|nobrake,IS,1.0,f0952897ec,"{""brake"": false, ""labels"": [""A"", ""D"", ""E""], ""scheme"": ""eqrisk"", ""vol_target"": 0.06}",-0.2864,-0.05466,-0.6797,127.95,4649,ef6bd10,amendment-1 search
2026-10-03T11:35:33+00:00,FTE,FTE_A+D+E|eqrisk|vt6|brake,IS,1.0,57f74d946e,"{""brake"": true, ""labels"": [""A"", ""D"", ""E""], ""scheme"": ""eqrisk"", ""vol_target"": 0.06}",-0.2691,-0.0479,-0.6597,122.91,4649,ef6bd10,amendment-1 search
2026-10-03T11:35:33+00:00,FTE,FTE_A+D+E|eqrisk|vt8|nobrake,IS,1.0,75db156925,"{""brake"": false, ""labels"": [""A"", ""D"", ""E""], ""scheme"": ""eqrisk"", ""vol_target"": 0.08}",-0.3186,-0.06285,-0.7283,138.44,4649,ef6bd10,amendment-1 search
2026-10-03T11:35:33+00:00,FTE,FTE_A+D+E|eqrisk|vt8|brake,IS,1.0,7e2c31b6cf,"{""brake"": true, ""labels"": [""A"", ""D"", ""E""], ""scheme"": ""eqrisk"", ""vol_target"": 0.08}",-0.29,-0.05175,-0.6618,128.16,4649,ef6bd10,amendment-1 search
2026-10-03T11:35:33+00:00,FTE,FTE_A+D+E|eqrisk|vt10|nobrake,IS,1.0,645cb4c248,"{""brake"": false, ""labels"": [""A"", ""D"", ""E""], ""scheme"": ""eqrisk"", ""vol_target"": 0.1}",-0.3591,-0.0725,-0.7758,151.94,4649,ef6bd10,amendment-1 search
2026-10-03T11:35:33+00:00,FTE,FTE_A+D+E|eqrisk|vt10|brake,IS,1.0,b0345d6c3f,"{""brake"": true, ""labels"": [""A"", ""D"", ""E""], ""scheme"": ""eqrisk"", ""vol_target"": 0.1}",-0.316,-0.05638,-0.6813,134.91,4649,ef6bd10,amendment-1 search
2026-10-03T11:35:33+00:00,FTE,FTE_A+D+E|invvol_shrunk|vt6|nobrake,IS,1.0,9b9642ec6e,"{""brake"": false, ""labels"": [""A"", ""D"", ""E""], ""scheme"": ""invvol_shrunk"", ""vol_target"": 0.06}",-0.2528,-0.0492,-0.6711,124.93,4649,ef6bd10,amendment-1 search
2026-10-03T11:35:33+00:00,FTE,FTE_A+D+E|invvol_shrunk|vt6|brake,IS,1.0,10882686af,"{""brake"": true, ""labels"": [""A"", ""D"", ""E""], ""scheme"": ""invvol_shrunk"", ""vol_target"": 0.06}",-0.251,-0.04518,-0.6597,121.4,4649,ef6bd10,amendment-1 search
2026-10-03T11:35:33+00:00,FTE,FTE_A+D+E|invvol_shrunk|vt8|nobrake,IS,1.0,469abd42d1,"{""brake"": false, ""labels"": [""A"", ""D"", ""E""], ""scheme"": ""invvol_shrunk"", ""vol_target"": 0.08}",-0.2648,-0.05441,-0.687,131.66,4649,ef6bd10,amendment-1 search
2026-10-03T11:35:33+00:00,FTE,FTE_A+D+E|invvol_shrunk|vt8|brake,IS,1.0,dee35ca4fc,"{""brake"": true, ""labels"": [""A"", ""D"", ""E""], ""scheme"": ""invvol_shrunk"", ""vol_target"": 0.08}",-0.2607,-0.04747,-0.6618,124.77,4649,ef6bd10,amendment-1 search
2026-10-03T11:35:33+00:00,FTE,FTE_A+D+E|invvol_shrunk|vt10|nobrake,IS,1.0,e7f2a9f627,"{""brake"": false, ""labels"": [""A"", ""D"", ""E""], ""scheme"": ""invvol_shrunk"", ""vol_target"": 0.1}",-0.2796,-0.06072,-0.7277,141.42,4649,ef6bd10,amendment-1 search
2026-10-03T11:35:33+00:00,FTE,FTE_A+D+E|invvol_shrunk|vt10|brake,IS,1.0,c57af74cee,"{""brake"": true, ""labels"": [""A"", ""D"", ""E""], ""scheme"": ""invvol_shrunk"", ""vol_target"": 0.1}",-0.2725,-0.05027,-0.6634,129.65,4649,ef6bd10,amendment-1 search
2026-10-03T11:35:33+00:00,FTE,FTE_A+D+E|minvar_lw|vt6|nobrake,IS,1.0,d18411f2cd,"{""brake"": false, ""labels"": [""A"", ""D"", ""E""], ""scheme"": ""minvar_lw"", ""vol_target"": 0.06}",-0.3193,-0.00975,-0.4731,11.47,4633,ef6bd10,amendment-1 search
2026-10-03T11:35:33+00:00,FTE,FTE_A+D+E|minvar_lw|vt6|brake,IS,1.0,4b23f5938b,"{""brake"": true, ""labels"": [""A"", ""D"", ""E""], ""scheme"": ""minvar_lw"", ""vol_target"": 0.06}",-0.1129,0.00718,-0.2755,7.08,4633,ef6bd10,amendment-1 search
2026-10-03T11:35:33+00:00,FTE,FTE_A+D+E|minvar_lw|vt8|nobrake,IS,1.0,4c76edc485,"{""brake"": false, ""labels"": [""A"", ""D"", ""E""], ""scheme"": ""minvar_lw"", ""vol_target"": 0.08}",-0.4068,-0.02046,-0.5695,23.99,4633,ef6bd10,amendment-1 search
2026-10-03T11:35:33+00:00,FTE,FTE_A+D+E|minvar_lw|vt8|brake,IS,1.0,3df43a3613,"{""brake"": true, ""labels"": [""A"", ""D"", ""E""], ""scheme"": ""minvar_lw"", ""vol_target"": 0.08}",-0.1946,0.00135,-0.3533,14.87,4633,ef6bd10,amendment-1 search
2026-10-03T11:35:33+00:00,FTE,FTE_A+D+E|minvar_lw|vt10|nobrake,IS,1.0,1097c88d56,"{""brake"": false, ""labels"": [""A"", ""D"", ""E""], ""scheme"": ""minvar_lw"", ""vol_target"": 0.1}",-0.4821,-0.0301,-0.6395,38.83,4633,ef6bd10,amendment-1 search
2026-10-03T11:35:33+00:00,FTE,FTE_A+D+E|minvar_lw|vt10|brake,IS,1.0,e81552efbd,"{""brake"": true, ""labels"": [""A"", ""D"", ""E""], ""scheme"": ""minvar_lw"", ""vol_target"": 0.1}",-0.2446,-0.00329,-0.4055,22.88,4633,ef6bd10,amendment-1 search
2026-10-03T11:35:33+00:00,FTE,FTE_A+D+E+PCT|eqrisk|vt6|nobrake,IS,1.0,034096676e,"{""brake"": false, ""labels"": [""A"", ""D"", ""E"", ""PCT""], ""scheme"": ""eqrisk"", ""vol_target"": 0.06}",-0.2182,-0.04374,-0.6711,130.35,4649,ef6bd10,amendment-1 search
2026-10-03T11:35:33+00:00,FTE,FTE_A+D+E+PCT|eqrisk|vt6|brake,IS,1.0,bd24b34cdd,"{""brake"": true, ""labels"": [""A"", ""D"", ""E"", ""PCT""], ""scheme"": ""eqrisk"", ""vol_target"": 0.06}",-0.2326,-0.04245,-0.6597,124.11,4649,ef6bd10,amendment-1 search
2026-10-03T11:35:33+00:00,FTE,FTE_A+D+E+PCT|eqrisk|vt8|nobrake,IS,1.0,9beac78f07,"{""brake"": false, ""labels"": [""A"", ""D"", ""E"", ""PCT""], ""scheme"": ""eqrisk"", ""vol_target"": 0.08}",-0.237,-0.04946,-0.6767,143.25,4649,ef6bd10,amendment-1 search
2026-10-03T11:35:33+00:00,FTE,FTE_A+D+E+PCT|eqrisk|vt8|brake,IS,1.0,ad093d6382,"{""brake"": true, ""labels"": [""A"", ""D"", ""E"", ""PCT""], ""scheme"": ""eqrisk"", ""vol_target"": 0.08}",-0.245,-0.04502,-0.6618,130.56,4649,ef6bd10,amendment-1 search
2026-10-03T11:35:33+00:00,FTE,FTE_A+D+E+PCT|eqrisk|vt10|nobrake,IS,1.0,65f58bdc00,"{""brake"": false, ""labels"": [""A"", ""D"", ""E"", ""PCT""], ""scheme"": ""eqrisk"", ""vol_target"": 0.1}",-0.2666,-0.05717,-0.7075,159.12,4649,ef6bd10,amendment-1 search
2026-10-03T11:35:33+00:00,FTE,FTE_A+D+E+PCT|eqrisk|vt10|brake,IS,1.0,322ced029b,"{""brake"": true, ""labels"": [""A"", ""D"", ""E"", ""PCT""], ""scheme"": ""eqrisk"", ""vol_target"": 0.1}",-0.2639,-0.04861,-0.6634,138.5,4649,ef6bd10,amendment-1 search
2026-10-03T11:35:33+00:00,FTE,FTE_A+D+E+PCT|invvol_shrunk|vt6|nobrake,IS,1.0,361fd05dba,"{""brake"": false, ""labels"": [""A"", ""D"", ""E"", ""PCT""], ""scheme"": ""invvol_shrunk"", ""vol_target"": 0.06}",-0.177,-0.03722,-0.6711,126.94,4649,ef6bd10,amendment-1 search
2026-10-03T11:35:33+00:00,FTE,FTE_A+D+E+PCT|invvol_shrunk|vt6|brake,IS,1.0,0c67367662,"{""brake"": true, ""labels"": [""A"", ""D"", ""E"", ""PCT""], ""scheme"": ""invvol_shrunk"", ""vol_target"": 0.06}",-0.2107,-0.03919,-0.6597,122.41,4649,ef6bd10,amendment-1 search
2026-10-03T11:35:33+00:00,FTE,FTE_A+D+E+PCT|invvol_shrunk|vt8|nobrake,IS,1.0,d9916b045a,"{""brake"": false, ""labels"": [""A"", ""D"", ""E"", ""PCT""], ""scheme"": ""invvol_shrunk"", ""vol_target"": 0.08}",-0.1759,-0.03978,-0.6767,135.74,4649,ef6bd10,amendment-1 search
2026-10-03T11:35:33+00:00,FTE,FTE_A+D+E+PCT|invvol_shrunk|vt8|brake,IS,1.0,fe3ab15a4e,"{""brake"": true, ""labels"": [""A"", ""D"", ""E"", ""PCT""], ""scheme"": ""invvol_shrunk"", ""vol_target"": 0.08}",-0.2118,-0.04014,-0.6618,126.81,4649,ef6bd10,amendment-1 search
2026-10-03T11:35:33+00:00,FTE,FTE_A+D+E+PCT|invvol_shrunk|vt10|nobrake,IS,1.0,d519831f57,"{""brake"": false, ""labels"": [""A"", ""D"", ""E"", ""PCT""], ""scheme"": ""invvol_shrunk"", ""vol_target"": 0.1}",-0.1899,-0.0452,-0.6805,149.32,4649,ef6bd10,amendment-1 search
2026-10-03T11:35:33+00:00,FTE,FTE_A+D+E+PCT|invvol_shrunk|vt10|brake,IS,1.0,11c1dd5050,"{""brake"": true, ""labels"": [""A"", ""D"", ""E"", ""PCT""], ""scheme"": ""invvol_shrunk"", ""vol_target"": 0.1}",-0.2214,-0.04248,-0.6634,133.6,4649,ef6bd10,amendment-1 search
2026-10-03T11:35:33+00:00,FTE,FTE_A+D+E+PCT|minvar_lw|vt6|nobrake,IS,1.0,e95c1476fb,"{""brake"": false, ""labels"": [""A"", ""D"", ""E"", ""PCT""], ""scheme"": ""minvar_lw"", ""vol_target"": 0.06}",-0.2201,-0.00221,-0.415,13.9,4633,ef6bd10,amendment-1 search
2026-10-03T11:35:33+00:00,FTE,FTE_A+D+E+PCT|minvar_lw|vt6|brake,IS,1.0,dd60fc3516,"{""brake"": true, ""labels"": [""A"", ""D"", ""E"", ""PCT""], ""scheme"": ""minvar_lw"", ""vol_target"": 0.06}",-0.0123,0.01244,-0.2236,9.23,4633,ef6bd10,amendment-1 search
2026-10-03T11:35:33+00:00,FTE,FTE_A+D+E+PCT|minvar_lw|vt8|nobrake,IS,1.0,21dc2edaf2,"{""brake"": false, ""labels"": [""A"", ""D"", ""E"", ""PCT""], ""scheme"": ""minvar_lw"", ""vol_target"": 0.08}",-0.3027,-0.01149,-0.5171,28.28,4633,ef6bd10,amendment-1 search
2026-10-03T11:35:33+00:00,FTE,FTE_A+D+E+PCT|minvar_lw|vt8|brake,IS,1.0,c2dbff87f0,"{""brake"": true, ""labels"": [""A"", ""D"", ""E"", ""PCT""], ""scheme"": ""minvar_lw"", ""vol_target"": 0.08}",-0.0834,0.00769,-0.2975,18.64,4633,ef6bd10,amendment-1 search
2026-10-03T11:35:33+00:00,FTE,FTE_A+D+E+PCT|minvar_lw|vt10|nobrake,IS,1.0,3087a74d3b,"{""brake"": false, ""labels"": [""A"", ""D"", ""E"", ""PCT""], ""scheme"": ""minvar_lw"", ""vol_target"": 0.1}",-0.373,-0.02024,-0.5928,44.7,4633,ef6bd10,amendment-1 search
2026-10-03T11:35:33+00:00,FTE,FTE_A+D+E+PCT|minvar_lw|vt10|brake,IS,1.0,1917dcf861,"{""brake"": true, ""labels"": [""A"", ""D"", ""E"", ""PCT""], ""scheme"": ""minvar_lw"", ""vol_target"": 0.1}",-0.1418,0.003,-0.3586,28.77,4633,ef6bd10,amendment-1 search
2026-10-03T11:35:33+00:00,FTE,FTE_A+D+E+TSMOM|eqrisk|vt6|nobrake,IS,1.0,01fb4e4a5d,"{""brake"": false, ""labels"": [""A"", ""D"", ""E"", ""TSMOM""], ""scheme"": ""eqrisk"", ""vol_target"": 0.06}",-0.1953,-0.04013,-0.6711,131.25,4649,ef6bd10,amendment-1 search
2026-10-03T11:35:33+00:00,FTE,FTE_A+D+E+TSMOM|eqrisk|vt6|brake,IS,1.0,acfc25f331,"{""brake"": true, ""labels"": [""A"", ""D"", ""E"", ""TSMOM""], ""scheme"": ""eqrisk"", ""vol_target"": 0.06}",-0.2204,-0.04064,-0.6597,124.56,4649,ef6bd10,amendment-1 search
2026-10-03T11:35:33+00:00,FTE,FTE_A+D+E+TSMOM|eqrisk|vt8|nobrake,IS,1.0,d56ba971a7,"{""brake"": false, ""labels"": [""A"", ""D"", ""E"", ""TSMOM""], ""scheme"": ""eqrisk"", ""vol_target"": 0.08}",-0.2062,-0.04434,-0.6767,144.97,4649,ef6bd10,amendment-1 search
2026-10-03T11:35:33+00:00,FTE,FTE_A+D+E+TSMOM|eqrisk|vt8|brake,IS,1.0,0b13bf2f43,"{""brake"": true, ""labels"": [""A"", ""D"", ""E"", ""TSMOM""], ""scheme"": ""eqrisk"", ""vol_target"": 0.08}",-0.2281,-0.04247,-0.6618,131.42,4649,ef6bd10,amendment-1 search
2026-10-03T11:35:33+00:00,FTE,FTE_A+D+E+TSMOM|eqrisk|vt10|nobrake,IS,1.0,888c37d7ce,"{""brake"": false, ""labels"": [""A"", ""D"", ""E"", ""TSMOM""], ""scheme"": ""eqrisk"", ""vol_target"": 0.1}",-0.2297,-0.05083,-0.6805,161.07,4649,ef6bd10,amendment-1 search
2026-10-03T11:35:33+00:00,FTE,FTE_A+D+E+TSMOM|eqrisk|vt10|brake,IS,1.0,4c2b71fce0,"{""brake"": true, ""labels"": [""A"", ""D"", ""E"", ""TSMOM""], ""scheme"": ""eqrisk"", ""vol_target"": 0.1}",-0.2431,-0.04543,-0.6634,139.47,4649,ef6bd10,amendment-1 search
2026-10-03T11:35:33+00:00,FTE,FTE_A+D+E+TSMOM|invvol_shrunk|vt6|nobrake,IS,1.0,1d114ad397,"{""brake"": false, ""labels"": [""A"", ""D"", ""E"", ""TSMOM""], ""scheme"": ""invvol_shrunk"", ""vol_target"": 0.06}",-0.147,-0.03247,-0.6711,127.79,4649,ef6bd10,amendment-1 search
2026-10-03T11:35:33+00:00,FTE,FTE_A+D+E+TSMOM|invvol_shrunk|vt6|brake,IS,1.0,ddf7809419,"{""brake"": true, ""labels"": [""A"", ""D"", ""E"", ""TSMOM""], ""scheme"": ""invvol_shrunk"", ""vol_target"": 0.06}",-0.1947,-0.03683,-0.6597,122.83,4649,ef6bd10,amendment-1 search
2026-10-03T11:35:33+00:00,FTE,FTE_A+D+E+TSMOM|invvol_shrunk|vt8|nobrake,IS,1.0,df2d66a1d1,"{""brake"": false, ""labels"": [""A"", ""D"", ""E"", ""TSMOM""], ""scheme"": ""invvol_shrunk"", ""vol_target"": 0.08}",-0.1356,-0.03305,-0.6767,137.18,4649,ef6bd10,amendment-1 search
2026-10-03T11:35:33+00:00,FTE,FTE_A+D+E+TSMOM|invvol_shrunk|vt8|brake,IS,1.0,235b81dad8,"{""brake"": true, ""labels"": [""A"", ""D"", ""E"", ""TSMOM""], ""scheme"": ""invvol_shrunk"", ""vol_target"": 0.08}",-0.1896,-0.03679,-0.6618,127.53,4649,ef6bd10,amendment-1 search
2026-10-03T11:35:33+00:00,FTE,FTE_A+D+E+TSMOM|invvol_shrunk|vt10|nobrake,IS,1.0,6fc1e0ccd8,"{""brake"": false, ""labels"": [""A"", ""D"", ""E"", ""TSMOM""], ""scheme"": ""invvol_shrunk"", ""vol_target"": 0.1}",-0.1411,-0.03661,-0.6805,151.96,4649,ef6bd10,amendment-1 search
2026-10-03T11:35:33+00:00,FTE,FTE_A+D+E+TSMOM|invvol_shrunk|vt10|brake,IS,1.0,1cd3aaa954,"{""brake"": true, ""labels"": [""A"", ""D"", ""E"", ""TSMOM""], ""scheme"": ""invvol_shrunk"", ""vol_target"": 0.1}",-0.1935,-0.0382,-0.6634,134.92,4649,ef6bd10,amendment-1 search
2026-10-03T11:35:33+00:00,FTE,FTE_A+D+E+TSMOM|minvar_lw|vt6|nobrake,IS,1.0,7149cf9f1e,"{""brake"": false, ""labels"": [""A"", ""D"", ""E"", ""TSMOM""], ""scheme"": ""minvar_lw"", ""vol_target"": 0.06}",-0.1956,-0.00064,-0.3938,14.29,4633,ef6bd10,amendment-1 search
2026-10-03T11:35:33+00:00,FTE,FTE_A+D+E+TSMOM|minvar_lw|vt6|brake,IS,1.0,8924c07b45,"{""brake"": true, ""labels"": [""A"", ""D"", ""E"", ""TSMOM""], ""scheme"": ""minvar_lw"", ""vol_target"": 0.06}",-0.0038,0.01284,-0.2095,9.33,4633,ef6bd10,amendment-1 search
2026-10-03T11:35:33+00:00,FTE,FTE_A+D+E+TSMOM|minvar_lw|vt8|nobrake,IS,1.0,be9b356168,"{""brake"": false, ""labels"": [""A"", ""D"", ""E"", ""TSMOM""], ""scheme"": ""minvar_lw"", ""vol_target"": 0.08}",-0.2815,-0.00987,-0.4937,28.77,4633,ef6bd10,amendment-1 search
2026-10-03T11:35:33+00:00,FTE,FTE_A+D+E+TSMOM|minvar_lw|vt8|brake,IS,1.0,3e6f5614e6,"{""brake"": true, ""labels"": [""A"", ""D"", ""E"", ""TSMOM""], ""scheme"": ""minvar_lw"", ""vol_target"": 0.08}",-0.0937,0.00712,-0.2972,18.39,4633,ef6bd10,amendment-1 search
2026-10-03T11:35:33+00:00,FTE,FTE_A+D+E+TSMOM|minvar_lw|vt10|nobrake,IS,1.0,30f367f83f,"{""brake"": false, ""labels"": [""A"", ""D"", ""E"", ""TSMOM""], ""scheme"": ""minvar_lw"", ""vol_target"": 0.1}",-0.3492,-0.01811,-0.5672,45.39,4633,ef6bd10,amendment-1 search
2026-10-03T11:35:33+00:00,FTE,FTE_A+D+E+TSMOM|minvar_lw|vt10|brake,IS,1.0,1a08c16735,"{""brake"": true, ""labels"": [""A"", ""D"", ""E"", ""TSMOM""], ""scheme"": ""minvar_lw"", ""vol_target"": 0.1}",-0.1274,0.00396,-0.3405,28.55,4633,ef6bd10,amendment-1 search
2026-10-03T11:35:33+00:00,FTE,FTE_B+C+D|eqrisk|vt6|nobrake,IS,1.0,2b74621d67,"{""brake"": false, ""labels"": [""B"", ""C"", ""D""], ""scheme"": ""eqrisk"", ""vol_target"": 0.06}",0.1534,0.02242,-0.2358,13.38,4645,ef6bd10,amendment-1 search
2026-10-03T11:35:33+00:00,FTE,FTE_B+C+D|eqrisk|vt6|brake,IS,1.0,04326a70bd,"{""brake"": true, ""labels"": [""B"", ""C"", ""D""], ""scheme"": ""eqrisk"", ""vol_target"": 0.06}",0.1806,0.02287,-0.1708,11.72,4645,ef6bd10,amendment-1 search
2026-10-03T11:35:33+00:00,FTE,FTE_B+C+D|eqrisk|vt8|nobrake,IS,1.0,9fe65d177d,"{""brake"": false, ""labels"": [""B"", ""C"", ""D""], ""scheme"": ""eqrisk"", ""vol_target"": 0.08}",0.0354,0.01397,-0.3161,26.24,4645,ef6bd10,amendment-1 search
2026-10-03T11:35:33+00:00,FTE,FTE_B+C+D|eqrisk|vt8|brake,IS,1.0,b244034440,"{""brake"": true, ""labels"": [""B"", ""C"", ""D""], ""scheme"": ""eqrisk"", ""vol_target"": 0.08}",0.1274,0.02039,-0.2193,19.17,4645,ef6bd10,amendment-1 search
2026-10-03T11:35:33+00:00,FTE,FTE_B+C+D|eqrisk|vt10|nobrake,IS,1.0,c8214de75f,"{""brake"": false, ""labels"": [""B"", ""C"", ""D""], ""scheme"": ""eqrisk"", ""vol_target"": 0.1}",-0.0511,0.00542,-0.3812,39.89,4645,ef6bd10,amendment-1 search
2026-10-03T11:35:33+00:00,FTE,FTE_B+C+D|eqrisk|vt10|brake,IS,1.0,7dfc252e94,"{""brake"": true, ""labels"": [""B"", ""C"", ""D""], ""scheme"": ""eqrisk"", ""vol_target"": 0.1}",0.0484,0.01536,-0.25,26.75,4645,ef6bd10,amendment-1 search
2026-10-03T11:35:33+00:00,FTE,FTE_B+C+D|invvol_shrunk|vt6|nobrake,IS,1.0,837bab066a,"{""brake"": false, ""labels"": [""B"", ""C"", ""D""], ""scheme"": ""invvol_shrunk"", ""vol_target"": 0.06}",0.2843,0.03124,-0.1965,7.31,4645,ef6bd10,amendment-1 search
2026-10-03T11:35:33+00:00,FTE,FTE_B+C+D|invvol_shrunk|vt6|brake,IS,1.0,1acd0a0930,"{""brake"": true, ""labels"": [""B"", ""C"", ""D""], ""scheme"": ""invvol_shrunk"", ""vol_target"": 0.06}",0.2862,0.02929,-0.1513,6.8,4645,ef6bd10,amendment-1 search
2026-10-03T11:35:33+00:00,FTE,FTE_B+C+D|invvol_shrunk|vt8|nobrake,IS,1.0,8ce30e1489,"{""brake"": false, ""labels"": [""B"", ""C"", ""D""], ""scheme"": ""invvol_shrunk"", ""vol_target"": 0.08}",0.2369,0.03116,-0.2688,15.26,4645,ef6bd10,amendment-1 search
2026-10-03T11:35:33+00:00,FTE,FTE_B+C+D|invvol_shrunk|vt8|brake,IS,1.0,854e236da7,"{""brake"": true, ""labels"": [""B"", ""C"", ""D""], ""scheme"": ""invvol_shrunk"", ""vol_target"": 0.08}",0.2385,0.02844,-0.1975,12.17,4645,ef6bd10,amendment-1 search
2026-10-03T11:35:33+00:00,FTE,FTE_B+C+D|invvol_shrunk|vt10|nobrake,IS,1.0,7f3c81aa1a,"{""brake"": false, ""labels"": [""B"", ""C"", ""D""], ""scheme"": ""invvol_shrunk"", ""vol_target"": 0.1}",0.1678,0.02643,-0.3338,25.83,4645,ef6bd10,amendment-1 search
2026-10-03T11:35:33+00:00,FTE,FTE_B+C+D|invvol_shrunk|vt10|brake,IS,1.0,bf48c6db65,"{""brake"": true, ""labels"": [""B"", ""C"", ""D""], ""scheme"": ""invvol_shrunk"", ""vol_target"": 0.1}",0.1948,0.02647,-0.2321,17.73,4645,ef6bd10,amendment-1 search
2026-10-03T11:35:33+00:00,FTE,FTE_B+C+D|minvar_lw|vt6|nobrake,IS,1.0,899f315dc5,"{""brake"": false, ""labels"": [""B"", ""C"", ""D""], ""scheme"": ""minvar_lw"", ""vol_target"": 0.06}",-0.0705,0.00733,-0.3424,28.41,4633,ef6bd10,amendment-1 search
2026-10-03T11:35:33+00:00,FTE,FTE_B+C+D|minvar_lw|vt6|brake,IS,1.0,a428f37cfa,"{""brake"": true, ""labels"": [""B"", ""C"", ""D""], ""scheme"": ""minvar_lw"", ""vol_target"": 0.06}",0.079,0.017,-0.2245,22.24,4633,ef6bd10,amendment-1 search
2026-10-03T11:35:33+00:00,FTE,FTE_B+C+D|minvar_lw|vt8|nobrake,IS,1.0,bcf7dce8b3,"{""brake"": false, ""labels"": [""B"", ""C"", ""D""], ""scheme"": ""minvar_lw"", ""vol_target"": 0.08}",-0.2026,-0.00413,-0.4404,43.92,4633,ef6bd10,amendment-1 search
2026-10-03T11:35:33+00:00,FTE,FTE_B+C+D|minvar_lw|vt8|brake,IS,1.0,497150be56,"{""brake"": true, ""labels"": [""B"", ""C"", ""D""], ""scheme"": ""minvar_lw"", ""vol_target"": 0.08}",-0.0266,0.01125,-0.2665,32.03,4633,ef6bd10,amendment-1 search
2026-10-03T11:35:33+00:00,FTE,FTE_B+C+D|minvar_lw|vt10|nobrake,IS,1.0,ff8e93dae3,"{""brake"": false, ""labels"": [""B"", ""C"", ""D""], ""scheme"": ""minvar_lw"", ""vol_target"": 0.1}",-0.2934,-0.01361,-0.4979,59.38,4633,ef6bd10,amendment-1 search
2026-10-03T11:35:33+00:00,FTE,FTE_B+C+D|minvar_lw|vt10|brake,IS,1.0,fd11a0f81a,"{""brake"": true, ""labels"": [""B"", ""C"", ""D""], ""scheme"": ""minvar_lw"", ""vol_target"": 0.1}",-0.125,0.005,-0.3044,41.86,4633,ef6bd10,amendment-1 search
2026-10-03T11:35:33+00:00,FTE,FTE_B+C+D+PCT|eqrisk|vt6|nobrake,IS,1.0,4dc324014f,"{""brake"": false, ""labels"": [""B"", ""C"", ""D"", ""PCT""], ""scheme"": ""eqrisk"", ""vol_target"": 0.06}",0.2462,0.02838,-0.1951,15.58,4645,ef6bd10,amendment-1 search
2026-10-03T11:35:33+00:00,FTE,FTE_B+C+D+PCT|eqrisk|vt6|brake,IS,1.0,3865d8d93c,"{""brake"": true, ""labels"": [""B"", ""C"", ""D"", ""PCT""], ""scheme"": ""eqrisk"", ""vol_target"": 0.06}",0.2463,0.02695,-0.1616,13.82,4645,ef6bd10,amendment-1 search
2026-10-03T11:35:33+00:00,FTE,FTE_B+C+D+PCT|eqrisk|vt8|nobrake,IS,1.0,f633f235fc,"{""brake"": false, ""labels"": [""B"", ""C"", ""D"", ""PCT""], ""scheme"": ""eqrisk"", ""vol_target"": 0.08}",0.1332,0.0219,-0.2802,30.31,4645,ef6bd10,amendment-1 search
2026-10-03T11:35:33+00:00,FTE,FTE_B+C+D+PCT|eqrisk|vt8|brake,IS,1.0,d5ccaba62c,"{""brake"": true, ""labels"": [""B"", ""C"", ""D"", ""PCT""], ""scheme"": ""eqrisk"", ""vol_target"": 0.08}",0.1862,0.02434,-0.1878,23.62,4645,ef6bd10,amendment-1 search
2026-10-03T11:35:33+00:00,FTE,FTE_B+C+D+PCT|eqrisk|vt10|nobrake,IS,1.0,d51c580865,"{""brake"": false, ""labels"": [""B"", ""C"", ""D"", ""PCT""], ""scheme"": ""eqrisk"", ""vol_target"": 0.1}",0.05,0.01471,-0.3476,46.24,4645,ef6bd10,amendment-1 search
2026-10-03T11:35:33+00:00,FTE,FTE_B+C+D+PCT|eqrisk|vt10|brake,IS,1.0,93172db54e,"{""brake"": true, ""labels"": [""B"", ""C"", ""D"", ""PCT""], ""scheme"": ""eqrisk"", ""vol_target"": 0.1}",0.1085,0.01965,-0.2226,33.87,4645,ef6bd10,amendment-1 search
2026-10-03T11:35:33+00:00,FTE,FTE_B+C+D+PCT|invvol_shrunk|vt6|nobrake,IS,1.0,ad0b9d389e,"{""brake"": false, ""labels"": [""B"", ""C"", ""D"", ""PCT""], ""scheme"": ""invvol_shrunk"", ""vol_target"": 0.06}",0.3964,0.03835,-0.1758,9.38,4645,ef6bd10,amendment-1 search
2026-10-03T11:35:33+00:00,FTE,FTE_B+C+D+PCT|invvol_shrunk|vt6|brake,IS,1.0,69dafba87b,"{""brake"": true, ""labels"": [""B"", ""C"", ""D"", ""PCT""], ""scheme"": ""invvol_shrunk"", ""vol_target"": 0.06}",0.4171,0.03739,-0.1422,9.14,4645,ef6bd10,amendment-1 search
2026-10-03T11:35:33+00:00,FTE,FTE_B+C+D+PCT|invvol_shrunk|vt8|nobrake,IS,1.0,5f57c315a9,"{""brake"": false, ""labels"": [""B"", ""C"", ""D"", ""PCT""], ""scheme"": ""invvol_shrunk"", ""vol_target"": 0.08}",0.3236,0.03824,-0.2462,19.06,4645,ef6bd10,amendment-1 search
2026-10-03T11:35:33+00:00,FTE,FTE_B+C+D+PCT|invvol_shrunk|vt8|brake,IS,1.0,19ea2e9c5a,"{""brake"": true, ""labels"": [""B"", ""C"", ""D"", ""PCT""], ""scheme"": ""invvol_shrunk"", ""vol_target"": 0.08}",0.3753,0.03941,-0.1683,16.67,4645,ef6bd10,amendment-1 search
2026-10-03T11:35:33+00:00,FTE,FTE_B+C+D+PCT|invvol_shrunk|vt10|nobrake,IS,1.0,864c9865a6,"{""brake"": false, ""labels"": [""B"", ""C"", ""D"", ""PCT""], ""scheme"": ""invvol_shrunk"", ""vol_target"": 0.1}",0.2433,0.03398,-0.3174,32.18,4645,ef6bd10,amendment-1 search
2026-10-03T11:35:33+00:00,FTE,FTE_B+C+D+PCT|invvol_shrunk|vt10|brake,IS,1.0,43e321a9a3,"{""brake"": true, ""labels"": [""B"", ""C"", ""D"", ""PCT""], ""scheme"": ""invvol_shrunk"", ""vol_target"": 0.1}",0.2559,0.03178,-0.2129,25.3,4645,ef6bd10,amendment-1 search
2026-10-03T11:35:33+00:00,FTE,FTE_B+C+D+PCT|minvar_lw|vt6|nobrake,IS,1.0,6af56f51d8,"{""brake"": false, ""labels"": [""B"", ""C"", ""D"", ""PCT""], ""scheme"": ""minvar_lw"", ""vol_target"": 0.06}",-0.0608,0.00813,-0.3215,30.11,4633,ef6bd10,amendment-1 search
2026-10-03T11:35:33+00:00,FTE,FTE_B+C+D+PCT|minvar_lw|vt6|brake,IS,1.0,3c6c27ca29,"{""brake"": true, ""labels"": [""B"", ""C"", ""D"", ""PCT""], ""scheme"": ""minvar_lw"", ""vol_target"": 0.06}",0.0897,0.01754,-0.2031,24.49,4633,ef6bd10,amendment-1 search
2026-10-03T11:35:33+00:00,FTE,FTE_B+C+D+PCT|minvar_lw|vt8|nobrake,IS,1.0,20c3534c75,"{""brake"": false, ""labels"": [""B"", ""C"", ""D"", ""PCT""], ""scheme"": ""minvar_lw"", ""vol_target"": 0.08}",-0.1694,-0.00142,-0.4168,46.23,4633,ef6bd10,amendment-1 search
2026-10-03T11:35:33+00:00,FTE,FTE_B+C+D+PCT|minvar_lw|vt8|brake,IS,1.0,af4059d7f1,"{""brake"": true, ""labels"": [""B"", ""C"", ""D"", ""PCT""], ""scheme"": ""minvar_lw"", ""vol_target"": 0.08}",0.0004,0.01271,-0.2517,34.08,4633,ef6bd10,amendment-1 search
2026-10-03T11:35:33+00:00,FTE,FTE_B+C+D+PCT|minvar_lw|vt10|nobrake,IS,1.0,bdb313e78a,"{""brake"": false, ""labels"": [""B"", ""C"", ""D"", ""PCT""], ""scheme"": ""minvar_lw"", ""vol_target"": 0.1}",-0.257,-0.01049,-0.4738,62.29,4633,ef6bd10,amendment-1 search
2026-10-03T11:35:33+00:00,FTE,FTE_B+C+D+PCT|minvar_lw|vt10|brake,IS,1.0,210b126912,"{""brake"": true, ""labels"": [""B"", ""C"", ""D"", ""PCT""], ""scheme"": ""minvar_lw"", ""vol_target"": 0.1}",-0.0869,0.00701,-0.2886,44.26,4633,ef6bd10,amendment-1 search
2026-10-03T11:35:33+00:00,FTE,FTE_B+C+D+TSMOM|eqrisk|vt6|nobrake,IS,1.0,0aa27bbe0c,"{""brake"": false, ""labels"": [""B"", ""C"", ""D"", ""TSMOM""], ""scheme"": ""eqrisk"", ""vol_target"": 0.06}",0.3391,0.03446,-0.1671,16.96,4645,ef6bd10,amendment-1 search
2026-10-03T11:35:33+00:00,FTE,FTE_B+C+D+TSMOM|eqrisk|vt6|brake,IS,1.0,32a6abd866,"{""brake"": true, ""labels"": [""B"", ""C"", ""D"", ""TSMOM""], ""scheme"": ""eqrisk"", ""vol_target"": 0.06}",0.2738,0.02844,-0.1524,16.82,4645,ef6bd10,amendment-1 search
2026-10-03T11:35:33+00:00,FTE,FTE_B+C+D+TSMOM|eqrisk|vt8|nobrake,IS,1.0,6167822262,"{""brake"": false, ""labels"": [""B"", ""C"", ""D"", ""TSMOM""], ""scheme"": ""eqrisk"", ""vol_target"": 0.08}",0.2403,0.03051,-0.2003,32.14,4645,ef6bd10,amendment-1 search
2026-10-03T11:35:33+00:00,FTE,FTE_B+C+D+TSMOM|eqrisk|vt8|brake,IS,1.0,72bc51d0ab,"{""brake"": true, ""labels"": [""B"", ""C"", ""D"", ""TSMOM""], ""scheme"": ""eqrisk"", ""vol_target"": 0.08}",0.2349,0.02819,-0.1628,28.34,4645,ef6bd10,amendment-1 search
2026-10-03T11:35:33+00:00,FTE,FTE_B+C+D+TSMOM|eqrisk|vt10|nobrake,IS,1.0,7bed46ead4,"{""brake"": false, ""labels"": [""B"", ""C"", ""D"", ""TSMOM""], ""scheme"": ""eqrisk"", ""vol_target"": 0.1}",0.1542,0.02442,-0.2572,48.45,4645,ef6bd10,amendment-1 search
2026-10-03T11:35:33+00:00,FTE,FTE_B+C+D+TSMOM|eqrisk|vt10|brake,IS,1.0,c45cdf91f5,"{""brake"": true, ""labels"": [""B"", ""C"", ""D"", ""TSMOM""], ""scheme"": ""eqrisk"", ""vol_target"": 0.1}",0.118,0.02037,-0.1886,37.35,4645,ef6bd10,amendment-1 search
2026-10-03T11:35:33+00:00,FTE,FTE_B+C+D+TSMOM|invvol_shrunk|vt6|nobrake,IS,1.0,362391f745,"{""brake"": false, ""labels"": [""B"", ""C"", ""D"", ""TSMOM""], ""scheme"": ""invvol_shrunk"", ""vol_target"": 0.06}",0.4984,0.0452,-0.1506,10.64,4645,ef6bd10,amendment-1 search
2026-10-03T11:35:33+00:00,FTE,FTE_B+C+D+TSMOM|invvol_shrunk|vt6|brake,IS,1.0,448cbe6e5d,"{""brake"": true, ""labels"": [""B"", ""C"", ""D"", ""TSMOM""], ""scheme"": ""invvol_shrunk"", ""vol_target"": 0.06}",0.4432,0.03988,-0.1354,12.08,4645,ef6bd10,amendment-1 search
2026-10-03T11:35:33+00:00,FTE,FTE_B+C+D+TSMOM|invvol_shrunk|vt8|nobrake,IS,1.0,64059081fc,"{""brake"": false, ""labels"": [""B"", ""C"", ""D"", ""TSMOM""], ""scheme"": ""invvol_shrunk"", ""vol_target"": 0.08}",0.4373,0.0478,-0.1879,21.47,4645,ef6bd10,amendment-1 search
2026-10-03T11:35:33+00:00,FTE,FTE_B+C+D+TSMOM|invvol_shrunk|vt8|brake,IS,1.0,49d8835802,"{""brake"": true, ""labels"": [""B"", ""C"", ""D"", ""TSMOM""], ""scheme"": ""invvol_shrunk"", ""vol_target"": 0.08}",0.4143,0.04325,-0.1483,20.24,4645,ef6bd10,amendment-1 search
2026-10-03T11:35:33+00:00,FTE,FTE_B+C+D+TSMOM|invvol_shrunk|vt10|nobrake,IS,1.0,f21431d25a,"{""brake"": false, ""labels"": [""B"", ""C"", ""D"", ""TSMOM""], ""scheme"": ""invvol_shrunk"", ""vol_target"": 0.1}",0.3769,0.04743,-0.2151,35.04,4645,ef6bd10,amendment-1 search
2026-10-03T11:35:33+00:00,FTE,FTE_B+C+D+TSMOM|invvol_shrunk|vt10|brake,IS,1.0,3c4c5c9805,"{""brake"": true, ""labels"": [""B"", ""C"", ""D"", ""TSMOM""], ""scheme"": ""invvol_shrunk"", ""vol_target"": 0.1}",0.3499,0.04138,-0.1675,31.47,4645,ef6bd10,amendment-1 search
2026-10-03T11:35:33+00:00,FTE,FTE_B+C+D+TSMOM|minvar_lw|vt6|nobrake,IS,1.0,54f5169f4c,"{""brake"": false, ""labels"": [""B"", ""C"", ""D"", ""TSMOM""], ""scheme"": ""minvar_lw"", ""vol_target"": 0.06}",-0.0282,0.01025,-0.311,30.06,4633,ef6bd10,amendment-1 search
2026-10-03T11:35:33+00:00,FTE,FTE_B+C+D+TSMOM|minvar_lw|vt6|brake,IS,1.0,b0125ee01c,"{""brake"": true, ""labels"": [""B"", ""C"", ""D"", ""TSMOM""], ""scheme"": ""minvar_lw"", ""vol_target"": 0.06}",0.106,0.01832,-0.2162,23.41,4633,ef6bd10,amendment-1 search
2026-10-03T11:35:33+00:00,FTE,FTE_B+C+D+TSMOM|minvar_lw|vt8|nobrake,IS,1.0,b213fe473e,"{""brake"": false, ""labels"": [""B"", ""C"", ""D"", ""TSMOM""], ""scheme"": ""minvar_lw"", ""vol_target"": 0.08}",-0.1418,0.0007,-0.4039,46.08,4633,ef6bd10,amendment-1 search
2026-10-03T11:35:33+00:00,FTE,FTE_B+C+D+TSMOM|minvar_lw|vt8|brake,IS,1.0,d8aaf8b463,"{""brake"": true, ""labels"": [""B"", ""C"", ""D"", ""TSMOM""], ""scheme"": ""minvar_lw"", ""vol_target"": 0.08}",0.0276,0.01426,-0.2445,33.69,4633,ef6bd10,amendment-1 search
2026-10-03T11:35:33+00:00,FTE,FTE_B+C+D+TSMOM|minvar_lw|vt10|nobrake,IS,1.0,8d0583a986,"{""brake"": false, ""labels"": [""B"", ""C"", ""D"", ""TSMOM""], ""scheme"": ""minvar_lw"", ""vol_target"": 0.1}",-0.2302,-0.0082,-0.4577,62.13,4633,ef6bd10,amendment-1 search
2026-10-03T11:35:33+00:00,FTE,FTE_B+C+D+TSMOM|minvar_lw|vt10|brake,IS,1.0,0c53f7311a,"{""brake"": true, ""labels"": [""B"", ""C"", ""D"", ""TSMOM""], ""scheme"": ""minvar_lw"", ""vol_target"": 0.1}",-0.0631,0.00852,-0.2823,43.8,4633,ef6bd10,amendment-1 search
2026-10-03T11:35:33+00:00,FTE,FTE_B+C+E|eqrisk|vt6|nobrake,IS,1.0,2953b0db4e,"{""brake"": false, ""labels"": [""B"", ""C"", ""E""], ""scheme"": ""eqrisk"", ""vol_target"": 0.06}",0.5072,0.04671,-0.2508,7.83,4649,ef6bd10,amendment-1 search
2026-10-03T11:35:33+00:00,FTE,FTE_B+C+E|eqrisk|vt6|brake,IS,1.0,a94129b904,"{""brake"": true, ""labels"": [""B"", ""C"", ""E""], ""scheme"": ""eqrisk"", ""vol_target"": 0.06}",0.5606,0.0463,-0.1842,7.41,4649,ef6bd10,amendment-1 search
2026-10-03T11:35:33+00:00,FTE,FTE_B+C+E|eqrisk|vt8|nobrake,IS,1.0,89fa55e310,"{""brake"": false, ""labels"": [""B"", ""C"", ""E""], ""scheme"": ""eqrisk"", ""vol_target"": 0.08}",0.466,0.05145,-0.3179,15.04,4649,ef6bd10,amendment-1 search
2026-10-03T11:35:33+00:00,FTE,FTE_B+C+E|eqrisk|vt8|brake,IS,1.0,37d3266a70,"{""brake"": true, ""labels"": [""B"", ""C"", ""E""], ""scheme"": ""eqrisk"", ""vol_target"": 0.08}",0.498,0.04826,-0.2182,12.47,4649,ef6bd10,amendment-1 search
2026-10-03T11:35:33+00:00,FTE,FTE_B+C+E|eqrisk|vt10|nobrake,IS,1.0,d775c23169,"{""brake"": false, ""labels"": [""B"", ""C"", ""E""], ""scheme"": ""eqrisk"", ""vol_target"": 0.1}",0.391,0.04977,-0.3857,26.39,4649,ef6bd10,amendment-1 search
2026-10-03T11:35:33+00:00,FTE,FTE_B+C+E|eqrisk|vt10|brake,IS,1.0,031fed200d,"{""brake"": true, ""labels"": [""B"", ""C"", ""E""], ""scheme"": ""eqrisk"", ""vol_target"": 0.1}",0.4725,0.05108,-0.2602,20.36,4649,ef6bd10,amendment-1 search
2026-10-03T11:35:33+00:00,FTE,FTE_B+C+E|invvol_shrunk|vt6|nobrake,IS,1.0,542e02bf4c,"{""brake"": false, ""labels"": [""B"", ""C"", ""E""], ""scheme"": ""invvol_shrunk"", ""vol_target"": 0.06}",0.3948,0.03861,-0.2684,6.82,4649,ef6bd10,amendment-1 search
2026-10-03T11:35:33+00:00,FTE,FTE_B+C+E|invvol_shrunk|vt6|brake,IS,1.0,6e2e194676,"{""brake"": true, ""labels"": [""B"", ""C"", ""E""], ""scheme"": ""invvol_shrunk"", ""vol_target"": 0.06}",0.4163,0.03668,-0.1937,6.41,4649,ef6bd10,amendment-1 search
2026-10-03T11:35:33+00:00,FTE,FTE_B+C+E|invvol_shrunk|vt8|nobrake,IS,1.0,b9d682fae6,"{""brake"": false, ""labels"": [""B"", ""C"", ""E""], ""scheme"": ""invvol_shrunk"", ""vol_target"": 0.08}",0.3826,0.04422,-0.3373,11.01,4649,ef6bd10,amendment-1 search
2026-10-03T11:35:33+00:00,FTE,FTE_B+C+E|invvol_shrunk|vt8|brake,IS,1.0,44c4fd7712,"{""brake"": true, ""labels"": [""B"", ""C"", ""E""], ""scheme"": ""invvol_shrunk"", ""vol_target"": 0.08}",0.4535,0.04456,-0.2279,9.21,4649,ef6bd10,amendment-1 search
2026-10-03T11:35:33+00:00,FTE,FTE_B+C+E|invvol_shrunk|vt10|nobrake,IS,1.0,7ccf0d6543,"{""brake"": false, ""labels"": [""B"", ""C"", ""E""], ""scheme"": ""invvol_shrunk"", ""vol_target"": 0.1}",0.3338,0.04452,-0.4059,19.76,4649,ef6bd10,amendment-1 search
2026-10-03T11:35:33+00:00,FTE,FTE_B+C+E|invvol_shrunk|vt10|brake,IS,1.0,43a8f96df1,"{""brake"": true, ""labels"": [""B"", ""C"", ""E""], ""scheme"": ""invvol_shrunk"", ""vol_target"": 0.1}",0.4101,0.04556,-0.272,16.07,4649,ef6bd10,amendment-1 search
2026-10-03T11:35:33+00:00,FTE,FTE_B+C+E|minvar_lw|vt6|nobrake,IS,1.0,e5045eed5b,"{""brake"": false, ""labels"": [""B"", ""C"", ""E""], ""scheme"": ""minvar_lw"", ""vol_target"": 0.06}",0.7448,0.06439,-0.18,8.9,4633,ef6bd10,amendment-1 search
2026-10-03T11:35:33+00:00,FTE,FTE_B+C+E|minvar_lw|vt6|brake,IS,1.0,8469a17245,"{""brake"": true, ""labels"": [""B"", ""C"", ""E""], ""scheme"": ""minvar_lw"", ""vol_target"": 0.06}",0.7468,0.05957,-0.1552,8.35,4633,ef6bd10,amendment-1 search
2026-10-03T11:35:33+00:00,FTE,FTE_B+C+E|minvar_lw|vt8|nobrake,IS,1.0,737057f239,"{""brake"": false, ""labels"": [""B"", ""C"", ""E""], ""scheme"": ""minvar_lw"", ""vol_target"": 0.08}",0.6921,0.06948,-0.2353,18.64,4633,ef6bd10,amendment-1 search
2026-10-03T11:35:33+00:00,FTE,FTE_B+C+E|minvar_lw|vt8|brake,IS,1.0,aa3a67d0e2,"{""brake"": true, ""labels"": [""B"", ""C"", ""E""], ""scheme"": ""minvar_lw"", ""vol_target"": 0.08}",0.7564,0.06879,-0.1734,16.49,4633,ef6bd10,amendment-1 search
2026-10-03T11:35:33+00:00,FTE,FTE_B+C+E|minvar_lw|vt10|nobrake,IS,1.0,83c6f1092a,"{""brake"": false, ""labels"": [""B"", ""C"", ""E""], ""scheme"": ""minvar_lw"", ""vol_target"": 0.1}",0.6093,0.06898,-0.2893,30.61,4633,ef6bd10,amendment-1 search
2026-10-03T11:35:33+00:00,FTE,FTE_B+C+E|minvar_lw|vt10|brake,IS,1.0,96cb57757c,"{""brake"": true, ""labels"": [""B"", ""C"", ""E""], ""scheme"": ""minvar_lw"", ""vol_target"": 0.1}",0.6759,0.06874,-0.2012,25.07,4633,ef6bd10,amendment-1 search
2026-10-03T11:35:33+00:00,FTE,FTE_B+C+E+PCT|eqrisk|vt6|nobrake,IS,1.0,2d5ca1ee59,"{""brake"": false, ""labels"": [""B"", ""C"", ""E"", ""PCT""], ""scheme"": ""eqrisk"", ""vol_target"": 0.06}",0.5498,0.04914,-0.1686,10.49,4649,ef6bd10,amendment-1 search
2026-10-03T11:35:33+00:00,FTE,FTE_B+C+E+PCT|eqrisk|vt6|brake,IS,1.0,301c4ea84c,"{""brake"": true, ""labels"": [""B"", ""C"", ""E"", ""PCT""], ""scheme"": ""eqrisk"", ""vol_target"": 0.06}",0.5875,0.04763,-0.1431,10.46,4649,ef6bd10,amendment-1 search
2026-10-03T11:35:33+00:00,FTE,FTE_B+C+E+PCT|eqrisk|vt8|nobrake,IS,1.0,d8d0098e80,"{""brake"": false, ""labels"": [""B"", ""C"", ""E"", ""PCT""], ""scheme"": ""eqrisk"", ""vol_target"": 0.08}",0.476,0.05174,-0.2496,19.81,4649,ef6bd10,amendment-1 search
2026-10-03T11:35:33+00:00,FTE,FTE_B+C+E+PCT|eqrisk|vt8|brake,IS,1.0,b2eb6b7606,"{""brake"": true, ""labels"": [""B"", ""C"", ""E"", ""PCT""], ""scheme"": ""eqrisk"", ""vol_target"": 0.08}",0.5265,0.05029,-0.1665,17.22,4649,ef6bd10,amendment-1 search
2026-10-03T11:35:33+00:00,FTE,FTE_B+C+E+PCT|eqrisk|vt10|nobrake,IS,1.0,853cc704b2,"{""brake"": false, ""labels"": [""B"", ""C"", ""E"", ""PCT""], ""scheme"": ""eqrisk"", ""vol_target"": 0.1}",0.3932,0.04943,-0.3408,33.41,4649,ef6bd10,amendment-1 search
2026-10-03T11:35:33+00:00,FTE,FTE_B+C+E+PCT|eqrisk|vt10|brake,IS,1.0,3b550ec2ef,"{""brake"": true, ""labels"": [""B"", ""C"", ""E"", ""PCT""], ""scheme"": ""eqrisk"", ""vol_target"": 0.1}",0.4182,0.04502,-0.2162,27.07,4649,ef6bd10,amendment-1 search
2026-10-03T11:35:33+00:00,FTE,FTE_B+C+E+PCT|invvol_shrunk|vt6|nobrake,IS,1.0,6180d181ee,"{""brake"": false, ""labels"": [""B"", ""C"", ""E"", ""PCT""], ""scheme"": ""invvol_shrunk"", ""vol_target"": 0.06}",0.4498,0.04208,-0.1869,9.03,4649,ef6bd10,amendment-1 search
2026-10-03T11:35:33+00:00,FTE,FTE_B+C+E+PCT|invvol_shrunk|vt6|brake,IS,1.0,cc0750597b,"{""brake"": true, ""labels"": [""B"", ""C"", ""E"", ""PCT""], ""scheme"": ""invvol_shrunk"", ""vol_target"": 0.06}",0.4623,0.03968,-0.1452,9.53,4649,ef6bd10,amendment-1 search
2026-10-03T11:35:33+00:00,FTE,FTE_B+C+E+PCT|invvol_shrunk|vt8|nobrake,IS,1.0,7059ce1f3b,"{""brake"": false, ""labels"": [""B"", ""C"", ""E"", ""PCT""], ""scheme"": ""invvol_shrunk"", ""vol_target"": 0.08}",0.411,0.04632,-0.2623,15.43,4649,ef6bd10,amendment-1 search
2026-10-03T11:35:33+00:00,FTE,FTE_B+C+E+PCT|invvol_shrunk|vt8|brake,IS,1.0,9a89920866,"{""brake"": true, ""labels"": [""B"", ""C"", ""E"", ""PCT""], ""scheme"": ""invvol_shrunk"", ""vol_target"": 0.08}",0.4194,0.04202,-0.1755,13.46,4649,ef6bd10,amendment-1 search
2026-10-03T11:35:33+00:00,FTE,FTE_B+C+E+PCT|invvol_shrunk|vt10|nobrake,IS,1.0,e4fb79590e,"{""brake"": false, ""labels"": [""B"", ""C"", ""E"", ""PCT""], ""scheme"": ""invvol_shrunk"", ""vol_target"": 0.1}",0.3417,0.04476,-0.3483,27.44,4649,ef6bd10,amendment-1 search
2026-10-03T11:35:33+00:00,FTE,FTE_B+C+E+PCT|invvol_shrunk|vt10|brake,IS,1.0,8d71015672,"{""brake"": true, ""labels"": [""B"", ""C"", ""E"", ""PCT""], ""scheme"": ""invvol_shrunk"", ""vol_target"": 0.1}",0.3926,0.04325,-0.2262,22.05,4649,ef6bd10,amendment-1 search
2026-10-03T11:35:33+00:00,FTE,FTE_B+C+E+PCT|minvar_lw|vt6|nobrake,IS,1.0,797517f3b9,"{""brake"": false, ""labels"": [""B"", ""C"", ""E"", ""PCT""], ""scheme"": ""minvar_lw"", ""vol_target"": 0.06}",0.7659,0.06477,-0.1486,10.34,4633,ef6bd10,amendment-1 search
2026-10-03T11:35:33+00:00,FTE,FTE_B+C+E+PCT|minvar_lw|vt6|brake,IS,1.0,8b16562793,"{""brake"": true, ""labels"": [""B"", ""C"", ""E"", ""PCT""], ""scheme"": ""minvar_lw"", ""vol_target"": 0.06}",0.7543,0.06021,-0.1406,11.23,4633,ef6bd10,amendment-1 search
2026-10-03T11:35:33+00:00,FTE,FTE_B+C+E+PCT|minvar_lw|vt8|nobrake,IS,1.0,c38929ef04,"{""brake"": false, ""labels"": [""B"", ""C"", ""E"", ""PCT""], ""scheme"": ""minvar_lw"", ""vol_target"": 0.08}",0.7032,0.06972,-0.203,21.37,4633,ef6bd10,amendment-1 search
2026-10-03T11:35:33+00:00,FTE,FTE_B+C+E+PCT|minvar_lw|vt8|brake,IS,1.0,5a422e5fb9,"{""brake"": true, ""labels"": [""B"", ""C"", ""E"", ""PCT""], ""scheme"": ""minvar_lw"", ""vol_target"": 0.08}",0.7533,0.06802,-0.1595,18.67,4633,ef6bd10,amendment-1 search
2026-10-03T11:35:33+00:00,FTE,FTE_B+C+E+PCT|minvar_lw|vt10|nobrake,IS,1.0,21eea28749,"{""brake"": false, ""labels"": [""B"", ""C"", ""E"", ""PCT""], ""scheme"": ""minvar_lw"", ""vol_target"": 0.1}",0.6107,0.06899,-0.2579,35.06,4633,ef6bd10,amendment-1 search
2026-10-03T11:35:33+00:00,FTE,FTE_B+C+E+PCT|minvar_lw|vt10|brake,IS,1.0,c475283520,"{""brake"": true, ""labels"": [""B"", ""C"", ""E"", ""PCT""], ""scheme"": ""minvar_lw"", ""vol_target"": 0.1}",0.6343,0.06426,-0.1829,28.33,4633,ef6bd10,amendment-1 search
2026-10-03T11:35:33+00:00,FTE,FTE_B+C+E+TSMOM|eqrisk|vt6|nobrake,IS,1.0,cbd5333995,"{""brake"": false, ""labels"": [""B"", ""C"", ""E"", ""TSMOM""], ""scheme"": ""eqrisk"", ""vol_target"": 0.06}",0.6416,0.05548,-0.1646,10.88,4649,ef6bd10,amendment-1 search
2026-10-03T11:35:33+00:00,FTE,FTE_B+C+E+TSMOM|eqrisk|vt6|brake,IS,1.0,72ca79d6ff,"{""brake"": true, ""labels"": [""B"", ""C"", ""E"", ""TSMOM""], ""scheme"": ""eqrisk"", ""vol_target"": 0.06}",0.6276,0.05096,-0.1486,10.4,4649,ef6bd10,amendment-1 search
2026-10-03T11:35:33+00:00,FTE,FTE_B+C+E+TSMOM|eqrisk|vt8|nobrake,IS,1.0,ee30779482,"{""brake"": false, ""labels"": [""B"", ""C"", ""E"", ""TSMOM""], ""scheme"": ""eqrisk"", ""vol_target"": 0.08}",0.5676,0.0597,-0.2197,20.92,4649,ef6bd10,amendment-1 search
2026-10-03T11:35:33+00:00,FTE,FTE_B+C+E+TSMOM|eqrisk|vt8|brake,IS,1.0,c77f80e451,"{""brake"": true, ""labels"": [""B"", ""C"", ""E"", ""TSMOM""], ""scheme"": ""eqrisk"", ""vol_target"": 0.08}",0.5535,0.05305,-0.1679,18.89,4649,ef6bd10,amendment-1 search
2026-10-03T11:35:33+00:00,FTE,FTE_B+C+E+TSMOM|eqrisk|vt10|nobrake,IS,1.0,914eeaa24a,"{""brake"": false, ""labels"": [""B"", ""C"", ""E"", ""TSMOM""], ""scheme"": ""eqrisk"", ""vol_target"": 0.1}",0.4796,0.0582,-0.283,35.38,4649,ef6bd10,amendment-1 search
2026-10-03T11:35:33+00:00,FTE,FTE_B+C+E+TSMOM|eqrisk|vt10|brake,IS,1.0,3a5616a865,"{""brake"": true, ""labels"": [""B"", ""C"", ""E"", ""TSMOM""], ""scheme"": ""eqrisk"", ""vol_target"": 0.1}",0.5235,0.05634,-0.2071,27.58,4649,ef6bd10,amendment-1 search
2026-10-03T11:35:33+00:00,FTE,FTE_B+C+E+TSMOM|invvol_shrunk|vt6|nobrake,IS,1.0,72f4123927,"{""brake"": false, ""labels"": [""B"", ""C"", ""E"", ""TSMOM""], ""scheme"": ""invvol_shrunk"", ""vol_target"": 0.06}",0.5524,0.04906,-0.163,9.5,4649,ef6bd10,amendment-1 search
2026-10-03T11:35:33+00:00,FTE,FTE_B+C+E+TSMOM|invvol_shrunk|vt6|brake,IS,1.0,3a816f72ea,"{""brake"": true, ""labels"": [""B"", ""C"", ""E"", ""TSMOM""], ""scheme"": ""invvol_shrunk"", ""vol_target"": 0.06}",0.4907,0.0418,-0.1494,10.28,4649,ef6bd10,amendment-1 search
2026-10-03T11:35:33+00:00,FTE,FTE_B+C+E+TSMOM|invvol_shrunk|vt8|nobrake,IS,1.0,7466887a82,"{""brake"": false, ""labels"": [""B"", ""C"", ""E"", ""TSMOM""], ""scheme"": ""invvol_shrunk"", ""vol_target"": 0.08}",0.5135,0.05537,-0.212,16.72,4649,ef6bd10,amendment-1 search
2026-10-03T11:35:33+00:00,FTE,FTE_B+C+E+TSMOM|invvol_shrunk|vt8|brake,IS,1.0,b74c889c37,"{""brake"": true, ""labels"": [""B"", ""C"", ""E"", ""TSMOM""], ""scheme"": ""invvol_shrunk"", ""vol_target"": 0.08}",0.5049,0.0497,-0.1618,15.13,4649,ef6bd10,amendment-1 search
2026-10-03T11:35:33+00:00,FTE,FTE_B+C+E+TSMOM|invvol_shrunk|vt10|nobrake,IS,1.0,f89880bed9,"{""brake"": false, ""labels"": [""B"", ""C"", ""E"", ""TSMOM""], ""scheme"": ""invvol_shrunk"", ""vol_target"": 0.1}",0.4382,0.0549,-0.2714,29.67,4649,ef6bd10,amendment-1 search
2026-10-03T11:35:33+00:00,FTE,FTE_B+C+E+TSMOM|invvol_shrunk|vt10|brake,IS,1.0,31b3d91150,"{""brake"": true, ""labels"": [""B"", ""C"", ""E"", ""TSMOM""], ""scheme"": ""invvol_shrunk"", ""vol_target"": 0.1}",0.4087,0.04627,-0.2019,25.16,4649,ef6bd10,amendment-1 search
2026-10-03T11:35:33+00:00,FTE,FTE_B+C+E+TSMOM|minvar_lw|vt6|nobrake,IS,1.0,1ce8e5e269,"{""brake"": false, ""labels"": [""B"", ""C"", ""E"", ""TSMOM""], ""scheme"": ""minvar_lw"", ""vol_target"": 0.06}",0.8037,0.06768,-0.1575,10.46,4633,ef6bd10,amendment-1 search
2026-10-03T11:35:33+00:00,FTE,FTE_B+C+E+TSMOM|minvar_lw|vt6|brake,IS,1.0,5f2cca6c4e,"{""brake"": true, ""labels"": [""B"", ""C"", ""E"", ""TSMOM""], ""scheme"": ""minvar_lw"", ""vol_target"": 0.06}",0.7859,0.06418,-0.1329,10.72,4633,ef6bd10,amendment-1 search
2026-10-03T11:35:33+00:00,FTE,FTE_B+C+E+TSMOM|minvar_lw|vt8|nobrake,IS,1.0,6c0ebc7f95,"{""brake"": false, ""labels"": [""B"", ""C"", ""E"", ""TSMOM""], ""scheme"": ""minvar_lw"", ""vol_target"": 0.08}",0.7425,0.07321,-0.2113,21.37,4633,ef6bd10,amendment-1 search
2026-10-03T11:35:33+00:00,FTE,FTE_B+C+E+TSMOM|minvar_lw|vt8|brake,IS,1.0,eb94a9ed49,"{""brake"": true, ""labels"": [""B"", ""C"", ""E"", ""TSMOM""], ""scheme"": ""minvar_lw"", ""vol_target"": 0.08}",0.7853,0.07059,-0.1706,18.45,4633,ef6bd10,amendment-1 search
2026-10-03T11:35:33+00:00,FTE,FTE_B+C+E+TSMOM|minvar_lw|vt10|nobrake,IS,1.0,4d360dba4f,"{""brake"": false, ""labels"": [""B"", ""C"", ""E"", ""TSMOM""], ""scheme"": ""minvar_lw"", ""vol_target"": 0.1}",0.6514,0.07279,-0.2638,35.01,4633,ef6bd10,amendment-1 search
2026-10-03T11:35:33+00:00,FTE,FTE_B+C+E+TSMOM|minvar_lw|vt10|brake,IS,1.0,7e7d226c84,"{""brake"": true, ""labels"": [""B"", ""C"", ""E"", ""TSMOM""], ""scheme"": ""minvar_lw"", ""vol_target"": 0.1}",0.7105,0.07166,-0.187,29.07,4633,ef6bd10,amendment-1 search
2026-10-03T11:35:33+00:00,FTE,FTE_B+D+E|eqrisk|vt6|nobrake,IS,1.0,32560dbb61,"{""brake"": false, ""labels"": [""B"", ""D"", ""E""], ""scheme"": ""eqrisk"", ""vol_target"": 0.06}",-0.2354,-0.00325,-0.4203,7.87,4649,ef6bd10,amendment-1 search
2026-10-03T11:35:33+00:00,FTE,FTE_B+D+E|eqrisk|vt6|brake,IS,1.0,98e8434260,"{""brake"": true, ""labels"": [""B"", ""D"", ""E""], ""scheme"": ""eqrisk"", ""vol_target"": 0.06}",-0.0379,0.01122,-0.2501,5.54,4649,ef6bd10,amendment-1 search
2026-10-03T11:35:33+00:00,FTE,FTE_B+D+E|eqrisk|vt8|nobrake,IS,1.0,a13e1e4658,"{""brake"": false, ""labels"": [""B"", ""D"", ""E""], ""scheme"": ""eqrisk"", ""vol_target"": 0.08}",-0.2623,-0.01129,-0.5452,14.61,4649,ef6bd10,amendment-1 search
2026-10-03T11:35:33+00:00,FTE,FTE_B+D+E|eqrisk|vt8|brake,IS,1.0,dec319c2fe,"{""brake"": true, ""labels"": [""B"", ""D"", ""E""], ""scheme"": ""eqrisk"", ""vol_target"": 0.08}",-0.0655,0.00812,-0.3298,10.13,4649,ef6bd10,amendment-1 search
2026-10-03T11:35:33+00:00,FTE,FTE_B+D+E|eqrisk|vt10|nobrake,IS,1.0,1e18e52094,"{""brake"": false, ""labels"": [""B"", ""D"", ""E""], ""scheme"": ""eqrisk"", ""vol_target"": 0.1}",-0.3043,-0.02117,-0.6396,25.68,4649,ef6bd10,amendment-1 search
2026-10-03T11:35:33+00:00,FTE,FTE_B+D+E|eqrisk|vt10|brake,IS,1.0,2cfcb40b63,"{""brake"": true, ""labels"": [""B"", ""D"", ""E""], ""scheme"": ""eqrisk"", ""vol_target"": 0.1}",-0.1046,0.00363,-0.3938,16.7,4649,ef6bd10,amendment-1 search
2026-10-03T11:35:33+00:00,FTE,FTE_B+D+E|invvol_shrunk|vt6|nobrake,IS,1.0,03d0c50eab,"{""brake"": false, ""labels"": [""B"", ""D"", ""E""], ""scheme"": ""invvol_shrunk"", ""vol_target"": 0.06}",-0.1099,0.00521,-0.3546,6.29,4649,ef6bd10,amendment-1 search
2026-10-03T11:35:33+00:00,FTE,FTE_B+D+E|invvol_shrunk|vt6|brake,IS,1.0,2a0db1fee3,"{""brake"": true, ""labels"": [""B"", ""D"", ""E""], ""scheme"": ""invvol_shrunk"", ""vol_target"": 0.06}",0.0475,0.01553,-0.2216,4.85,4649,ef6bd10,amendment-1 search
2026-10-03T11:35:33+00:00,FTE,FTE_B+D+E|invvol_shrunk|vt8|nobrake,IS,1.0,e10dda4990,"{""brake"": false, ""labels"": [""B"", ""D"", ""E""], ""scheme"": ""invvol_shrunk"", ""vol_target"": 0.08}",-0.1232,0.00034,-0.4706,10.31,4649,ef6bd10,amendment-1 search
2026-10-03T11:35:33+00:00,FTE,FTE_B+D+E|invvol_shrunk|vt8|brake,IS,1.0,56eca2e29d,"{""brake"": true, ""labels"": [""B"", ""D"", ""E""], ""scheme"": ""invvol_shrunk"", ""vol_target"": 0.08}",0.0411,0.01501,-0.2864,7.03,4649,ef6bd10,amendment-1 search
2026-10-03T11:35:33+00:00,FTE,FTE_B+D+E|invvol_shrunk|vt10|nobrake,IS,1.0,3e0a2441a2,"{""brake"": false, ""labels"": [""B"", ""D"", ""E""], ""scheme"": ""invvol_shrunk"", ""vol_target"": 0.1}",-0.1332,-0.00496,-0.5661,16.9,4649,ef6bd10,amendment-1 search
2026-10-03T11:35:33+00:00,FTE,FTE_B+D+E|invvol_shrunk|vt10|brake,IS,1.0,ca8a597075,"{""brake"": true, ""labels"": [""B"", ""D"", ""E""], ""scheme"": ""invvol_shrunk"", ""vol_target"": 0.1}",0.027,0.01357,-0.3523,11.4,4649,ef6bd10,amendment-1 search
2026-10-03T11:35:33+00:00,FTE,FTE_B+D+E|minvar_lw|vt6|nobrake,IS,1.0,a0ad0a90e0,"{""brake"": false, ""labels"": [""B"", ""D"", ""E""], ""scheme"": ""minvar_lw"", ""vol_target"": 0.06}",-0.4599,-0.01965,-0.5667,9.18,4633,ef6bd10,amendment-1 search
2026-10-03T11:35:33+00:00,FTE,FTE_B+D+E|minvar_lw|vt6|brake,IS,1.0,012ccde18f,"{""brake"": true, ""labels"": [""B"", ""D"", ""E""], ""scheme"": ""minvar_lw"", ""vol_target"": 0.06}",-0.2329,0.00164,-0.3462,5.4,4633,ef6bd10,amendment-1 search
2026-10-03T11:35:33+00:00,FTE,FTE_B+D+E|minvar_lw|vt8|nobrake,IS,1.0,2db71a3d57,"{""brake"": false, ""labels"": [""B"", ""D"", ""E""], ""scheme"": ""minvar_lw"", ""vol_target"": 0.08}",-0.5317,-0.03206,-0.6708,20.03,4633,ef6bd10,amendment-1 search
2026-10-03T11:35:33+00:00,FTE,FTE_B+D+E|minvar_lw|vt8|brake,IS,1.0,7f9cab3a14,"{""brake"": true, ""labels"": [""B"", ""D"", ""E""], ""scheme"": ""minvar_lw"", ""vol_target"": 0.08}",-0.2651,-0.00245,-0.4194,11.6,4633,ef6bd10,amendment-1 search
2026-10-03T11:35:33+00:00,FTE,FTE_B+D+E|minvar_lw|vt10|nobrake,IS,1.0,8d53488eda,"{""brake"": false, ""labels"": [""B"", ""D"", ""E""], ""scheme"": ""minvar_lw"", ""vol_target"": 0.1}",-0.6036,-0.04354,-0.7382,34.03,4633,ef6bd10,amendment-1 search
2026-10-03T11:35:33+00:00,FTE,FTE_B+D+E|minvar_lw|vt10|brake,IS,1.0,01b7f4dfce,"{""brake"": true, ""labels"": [""B"", ""D"", ""E""], ""scheme"": ""minvar_lw"", ""vol_target"": 0.1}",-0.3259,-0.00858,-0.4788,19.96,4633,ef6bd10,amendment-1 search
2026-10-03T11:35:33+00:00,FTE,FTE_B+D+E+PCT|eqrisk|vt6|nobrake,IS,1.0,833c551546,"{""brake"": false, ""labels"": [""B"", ""D"", ""E"", ""PCT""], ""scheme"": ""eqrisk"", ""vol_target"": 0.06}",-0.1075,0.00521,-0.3551,10.44,4649,ef6bd10,amendment-1 search
2026-10-03T11:35:33+00:00,FTE,FTE_B+D+E+PCT|eqrisk|vt6|brake,IS,1.0,4adbbcb44f,"{""brake"": true, ""labels"": [""B"", ""D"", ""E"", ""PCT""], ""scheme"": ""eqrisk"", ""vol_target"": 0.06}",0.0655,0.01643,-0.2136,7.4,4649,ef6bd10,amendment-1 search
2026-10-03T11:35:33+00:00,FTE,FTE_B+D+E+PCT|eqrisk|vt8|nobrake,IS,1.0,5264b5c66b,"{""brake"": false, ""labels"": [""B"", ""D"", ""E"", ""PCT""], ""scheme"": ""eqrisk"", ""vol_target"": 0.08}",-0.1524,-0.00184,-0.482,20.1,4649,ef6bd10,amendment-1 search
2026-10-03T11:35:33+00:00,FTE,FTE_B+D+E+PCT|eqrisk|vt8|brake,IS,1.0,611af21258,"{""brake"": true, ""labels"": [""B"", ""D"", ""E"", ""PCT""], ""scheme"": ""eqrisk"", ""vol_target"": 0.08}",0.0045,0.01266,-0.2853,14.78,4649,ef6bd10,amendment-1 search
2026-10-03T11:35:33+00:00,FTE,FTE_B+D+E+PCT|eqrisk|vt10|nobrake,IS,1.0,df12153bb9,"{""brake"": false, ""labels"": [""B"", ""D"", ""E"", ""PCT""], ""scheme"": ""eqrisk"", ""vol_target"": 0.1}",-0.2018,-0.01074,-0.5867,34.63,4649,ef6bd10,amendment-1 search
2026-10-03T11:35:33+00:00,FTE,FTE_B+D+E+PCT|eqrisk|vt10|brake,IS,1.0,29bb5694e6,"{""brake"": true, ""labels"": [""B"", ""D"", ""E"", ""PCT""], ""scheme"": ""eqrisk"", ""vol_target"": 0.1}",-0.0997,0.00434,-0.3577,23.9,4649,ef6bd10,amendment-1 search
2026-10-03T11:35:33+00:00,FTE,FTE_B+D+E+PCT|invvol_shrunk|vt6|nobrake,IS,1.0,1d516e810a,"{""brake"": false, ""labels"": [""B"", ""D"", ""E"", ""PCT""], ""scheme"": ""invvol_shrunk"", ""vol_target"": 0.06}",0.0383,0.01478,-0.2846,8.53,4649,ef6bd10,amendment-1 search
2026-10-03T11:35:33+00:00,FTE,FTE_B+D+E+PCT|invvol_shrunk|vt6|brake,IS,1.0,b078f0ac55,"{""brake"": true, ""labels"": [""B"", ""D"", ""E"", ""PCT""], ""scheme"": ""invvol_shrunk"", ""vol_target"": 0.06}",0.1844,0.0224,-0.185,6.55,4649,ef6bd10,amendment-1 search
2026-10-03T11:35:33+00:00,FTE,FTE_B+D+E+PCT|invvol_shrunk|vt8|nobrake,IS,1.0,c12db2c497,"{""brake"": false, ""labels"": [""B"", ""D"", ""E"", ""PCT""], ""scheme"": ""invvol_shrunk"", ""vol_target"": 0.08}",0.009,0.01156,-0.4009,14.84,4649,ef6bd10,amendment-1 search
2026-10-03T11:35:33+00:00,FTE,FTE_B+D+E+PCT|invvol_shrunk|vt8|brake,IS,1.0,05abc9e9e4,"{""brake"": true, ""labels"": [""B"", ""D"", ""E"", ""PCT""], ""scheme"": ""invvol_shrunk"", ""vol_target"": 0.08}",0.1249,0.02037,-0.2431,11.44,4649,ef6bd10,amendment-1 search
2026-10-03T11:35:33+00:00,FTE,FTE_B+D+E+PCT|invvol_shrunk|vt10|nobrake,IS,1.0,e622fa1d8a,"{""brake"": false, ""labels"": [""B"", ""D"", ""E"", ""PCT""], ""scheme"": ""invvol_shrunk"", ""vol_target"": 0.1}",-0.0291,0.00604,-0.5077,25.46,4649,ef6bd10,amendment-1 search
2026-10-03T11:35:33+00:00,FTE,FTE_B+D+E+PCT|invvol_shrunk|vt10|brake,IS,1.0,5d3f755d75,"{""brake"": true, ""labels"": [""B"", ""D"", ""E"", ""PCT""], ""scheme"": ""invvol_shrunk"", ""vol_target"": 0.1}",0.0804,0.01764,-0.3132,19.39,4649,ef6bd10,amendment-1 search
2026-10-03T11:35:33+00:00,FTE,FTE_B+D+E+PCT|minvar_lw|vt6|nobrake,IS,1.0,767e46952d,"{""brake"": false, ""labels"": [""B"", ""D"", ""E"", ""PCT""], ""scheme"": ""minvar_lw"", ""vol_target"": 0.06}",-0.4072,-0.01528,-0.5234,11.45,4633,ef6bd10,amendment-1 search
2026-10-03T11:35:33+00:00,FTE,FTE_B+D+E+PCT|minvar_lw|vt6|brake,IS,1.0,5ef44553c3,"{""brake"": true, ""labels"": [""B"", ""D"", ""E"", ""PCT""], ""scheme"": ""minvar_lw"", ""vol_target"": 0.06}",-0.2152,0.00279,-0.3252,7.14,4633,ef6bd10,amendment-1 search
2026-10-03T11:35:33+00:00,FTE,FTE_B+D+E+PCT|minvar_lw|vt8|nobrake,IS,1.0,ed4bdbf5f4,"{""brake"": false, ""labels"": [""B"", ""D"", ""E"", ""PCT""], ""scheme"": ""minvar_lw"", ""vol_target"": 0.08}",-0.4781,-0.02681,-0.6323,23.88,4633,ef6bd10,amendment-1 search
2026-10-03T11:35:33+00:00,FTE,FTE_B+D+E+PCT|minvar_lw|vt8|brake,IS,1.0,55f30570f2,"{""brake"": true, ""labels"": [""B"", ""D"", ""E"", ""PCT""], ""scheme"": ""minvar_lw"", ""vol_target"": 0.08}",-0.2585,-0.00249,-0.4065,14.21,4633,ef6bd10,amendment-1 search
2026-10-03T11:35:33+00:00,FTE,FTE_B+D+E+PCT|minvar_lw|vt10|nobrake,IS,1.0,6b60e83ad8,"{""brake"": false, ""labels"": [""B"", ""D"", ""E"", ""PCT""], ""scheme"": ""minvar_lw"", ""vol_target"": 0.1}",-0.5327,-0.03689,-0.7053,39.83,4633,ef6bd10,amendment-1 search
2026-10-03T11:35:33+00:00,FTE,FTE_B+D+E+PCT|minvar_lw|vt10|brake,IS,1.0,491e041b59,"{""brake"": true, ""labels"": [""B"", ""D"", ""E"", ""PCT""], ""scheme"": ""minvar_lw"", ""vol_target"": 0.1}",-0.2968,-0.00716,-0.4531,26.67,4633,ef6bd10,amendment-1 search
2026-10-03T11:35:33+00:00,FTE,FTE_B+D+E+TSMOM|eqrisk|vt6|nobrake,IS,1.0,ef047d0853,"{""brake"": false, ""labels"": [""B"", ""D"", ""E"", ""TSMOM""], ""scheme"": ""eqrisk"", ""vol_target"": 0.06}",-0.0385,0.00971,-0.3237,11.38,4649,ef6bd10,amendment-1 search
2026-10-03T11:35:33+00:00,FTE,FTE_B+D+E+TSMOM|eqrisk|vt6|brake,IS,1.0,6084b8c8db,"{""brake"": true, ""labels"": [""B"", ""D"", ""E"", ""TSMOM""], ""scheme"": ""eqrisk"", ""vol_target"": 0.06}",0.1098,0.01867,-0.195,7.86,4649,ef6bd10,amendment-1 search
2026-10-03T11:35:33+00:00,FTE,FTE_B+D+E+TSMOM|eqrisk|vt8|nobrake,IS,1.0,deb1b0df79,"{""brake"": false, ""labels"": [""B"", ""D"", ""E"", ""TSMOM""], ""scheme"": ""eqrisk"", ""vol_target"": 0.08}",-0.0784,0.00437,-0.4325,21.89,4649,ef6bd10,amendment-1 search
2026-10-03T11:35:33+00:00,FTE,FTE_B+D+E+TSMOM|eqrisk|vt8|brake,IS,1.0,98fb3d25a9,"{""brake"": true, ""labels"": [""B"", ""D"", ""E"", ""TSMOM""], ""scheme"": ""eqrisk"", ""vol_target"": 0.08}",0.0918,0.01825,-0.2597,14.64,4649,ef6bd10,amendment-1 search
2026-10-03T11:35:33+00:00,FTE,FTE_B+D+E+TSMOM|eqrisk|vt10|nobrake,IS,1.0,2f56fb2a57,"{""brake"": false, ""labels"": [""B"", ""D"", ""E"", ""TSMOM""], ""scheme"": ""eqrisk"", ""vol_target"": 0.1}",-0.1154,-0.00202,-0.5262,37.09,4649,ef6bd10,amendment-1 search
2026-10-03T11:35:33+00:00,FTE,FTE_B+D+E+TSMOM|eqrisk|vt10|brake,IS,1.0,5fbb948ecb,"{""brake"": true, ""labels"": [""B"", ""D"", ""E"", ""TSMOM""], ""scheme"": ""eqrisk"", ""vol_target"": 0.1}",-0.0341,0.0092,-0.3232,26.08,4649,ef6bd10,amendment-1 search
2026-10-03T11:35:33+00:00,FTE,FTE_B+D+E+TSMOM|invvol_shrunk|vt6|nobrake,IS,1.0,1923d97f12,"{""brake"": false, ""labels"": [""B"", ""D"", ""E"", ""TSMOM""], ""scheme"": ""invvol_shrunk"", ""vol_target"": 0.06}",0.1266,0.02056,-0.2313,9.43,4649,ef6bd10,amendment-1 search
2026-10-03T11:35:33+00:00,FTE,FTE_B+D+E+TSMOM|invvol_shrunk|vt6|brake,IS,1.0,8239b3d0f6,"{""brake"": true, ""labels"": [""B"", ""D"", ""E"", ""TSMOM""], ""scheme"": ""invvol_shrunk"", ""vol_target"": 0.06}",0.2181,0.02445,-0.1684,7.61,4649,ef6bd10,amendment-1 search
2026-10-03T11:35:33+00:00,FTE,FTE_B+D+E+TSMOM|invvol_shrunk|vt8|nobrake,IS,1.0,c66116ccc4,"{""brake"": false, ""labels"": [""B"", ""D"", ""E"", ""TSMOM""], ""scheme"": ""invvol_shrunk"", ""vol_target"": 0.08}",0.0953,0.01892,-0.3422,16.73,4649,ef6bd10,amendment-1 search
2026-10-03T11:35:33+00:00,FTE,FTE_B+D+E+TSMOM|invvol_shrunk|vt8|brake,IS,1.0,f7d1de8805,"{""brake"": true, ""labels"": [""B"", ""D"", ""E"", ""TSMOM""], ""scheme"": ""invvol_shrunk"", ""vol_target"": 0.08}",0.1491,0.02195,-0.2076,12.15,4649,ef6bd10,amendment-1 search
2026-10-03T11:35:33+00:00,FTE,FTE_B+D+E+TSMOM|invvol_shrunk|vt10|nobrake,IS,1.0,153f674a3c,"{""brake"": false, ""labels"": [""B"", ""D"", ""E"", ""TSMOM""], ""scheme"": ""invvol_shrunk"", ""vol_target"": 0.1}",0.0666,0.01599,-0.4367,28.38,4649,ef6bd10,amendment-1 search
2026-10-03T11:35:33+00:00,FTE,FTE_B+D+E+TSMOM|invvol_shrunk|vt10|brake,IS,1.0,0a34718dbe,"{""brake"": true, ""labels"": [""B"", ""D"", ""E"", ""TSMOM""], ""scheme"": ""invvol_shrunk"", ""vol_target"": 0.1}",0.1426,0.02239,-0.2701,20.15,4649,ef6bd10,amendment-1 search
2026-10-03T11:35:33+00:00,FTE,FTE_B+D+E+TSMOM|minvar_lw|vt6|nobrake,IS,1.0,c09fe0ce22,"{""brake"": false, ""labels"": [""B"", ""D"", ""E"", ""TSMOM""], ""scheme"": ""minvar_lw"", ""vol_target"": 0.06}",-0.3717,-0.01284,-0.5105,11.82,4633,ef6bd10,amendment-1 search
2026-10-03T11:35:33+00:00,FTE,FTE_B+D+E+TSMOM|minvar_lw|vt6|brake,IS,1.0,6937584231,"{""brake"": true, ""labels"": [""B"", ""D"", ""E"", ""TSMOM""], ""scheme"": ""minvar_lw"", ""vol_target"": 0.06}",-0.1789,0.00449,-0.3176,7.23,4633,ef6bd10,amendment-1 search
2026-10-03T11:35:33+00:00,FTE,FTE_B+D+E+TSMOM|minvar_lw|vt8|nobrake,IS,1.0,e24bbe3cfd,"{""brake"": false, ""labels"": [""B"", ""D"", ""E"", ""TSMOM""], ""scheme"": ""minvar_lw"", ""vol_target"": 0.08}",-0.4355,-0.02335,-0.6167,24.45,4633,ef6bd10,amendment-1 search
2026-10-03T11:35:33+00:00,FTE,FTE_B+D+E+TSMOM|minvar_lw|vt8|brake,IS,1.0,a3a7705736,"{""brake"": true, ""labels"": [""B"", ""D"", ""E"", ""TSMOM""], ""scheme"": ""minvar_lw"", ""vol_target"": 0.08}",-0.1971,0.00146,-0.3865,14.54,4633,ef6bd10,amendment-1 search
2026-10-03T11:35:33+00:00,FTE,FTE_B+D+E+TSMOM|minvar_lw|vt10|nobrake,IS,1.0,7fd579c126,"{""brake"": false, ""labels"": [""B"", ""D"", ""E"", ""TSMOM""], ""scheme"": ""minvar_lw"", ""vol_target"": 0.1}",-0.4876,-0.03278,-0.6893,40.44,4633,ef6bd10,amendment-1 search
2026-10-03T11:35:33+00:00,FTE,FTE_B+D+E+TSMOM|minvar_lw|vt10|brake,IS,1.0,4b877da075,"{""brake"": true, ""labels"": [""B"", ""D"", ""E"", ""TSMOM""], ""scheme"": ""minvar_lw"", ""vol_target"": 0.1}",-0.3084,-0.00699,-0.4461,24.83,4633,ef6bd10,amendment-1 search
2026-10-03T11:35:33+00:00,FTE,FTE_C+D+E|eqrisk|vt6|nobrake,IS,1.0,ed689295c6,"{""brake"": false, ""labels"": [""C"", ""D"", ""E""], ""scheme"": ""eqrisk"", ""vol_target"": 0.06}",-0.2099,-0.04253,-0.6742,133.32,4649,ef6bd10,amendment-1 search
2026-10-03T11:35:33+00:00,FTE,FTE_C+D+E|eqrisk|vt6|brake,IS,1.0,90058a4d85,"{""brake"": true, ""labels"": [""C"", ""D"", ""E""], ""scheme"": ""eqrisk"", ""vol_target"": 0.06}",-0.2283,-0.04183,-0.662,125.6,4649,ef6bd10,amendment-1 search
2026-10-03T11:35:33+00:00,FTE,FTE_C+D+E|eqrisk|vt8|nobrake,IS,1.0,0e671cf586,"{""brake"": false, ""labels"": [""C"", ""D"", ""E""], ""scheme"": ""eqrisk"", ""vol_target"": 0.08}",-0.253,-0.0515,-0.6774,146.95,4649,ef6bd10,amendment-1 search
2026-10-03T11:35:33+00:00,FTE,FTE_C+D+E|eqrisk|vt8|brake,IS,1.0,302812109b,"{""brake"": true, ""labels"": [""C"", ""D"", ""E""], ""scheme"": ""eqrisk"", ""vol_target"": 0.08}",-0.2533,-0.04611,-0.6637,132.41,4649,ef6bd10,amendment-1 search
2026-10-03T11:35:33+00:00,FTE,FTE_C+D+E|eqrisk|vt10|nobrake,IS,1.0,a2a774f3d3,"{""brake"": false, ""labels"": [""C"", ""D"", ""E""], ""scheme"": ""eqrisk"", ""vol_target"": 0.1}",-0.3032,-0.0619,-0.7265,161.1,4649,ef6bd10,amendment-1 search
2026-10-03T11:35:33+00:00,FTE,FTE_C+D+E|eqrisk|vt10|brake,IS,1.0,c7c8a02179,"{""brake"": true, ""labels"": [""C"", ""D"", ""E""], ""scheme"": ""eqrisk"", ""vol_target"": 0.1}",-0.2831,-0.05113,-0.6647,139.49,4649,ef6bd10,amendment-1 search
2026-10-03T11:35:33+00:00,FTE,FTE_C+D+E|invvol_shrunk|vt6|nobrake,IS,1.0,d9d5aa822c,"{""brake"": false, ""labels"": [""C"", ""D"", ""E""], ""scheme"": ""invvol_shrunk"", ""vol_target"": 0.06}",-0.1781,-0.03757,-0.6733,127.1,4649,ef6bd10,amendment-1 search
2026-10-03T11:35:33+00:00,FTE,FTE_C+D+E|invvol_shrunk|vt6|brake,IS,1.0,1bbb65499c,"{""brake"": true, ""labels"": [""C"", ""D"", ""E""], ""scheme"": ""invvol_shrunk"", ""vol_target"": 0.06}",-0.2114,-0.03935,-0.6616,122.49,4649,ef6bd10,amendment-1 search
2026-10-03T11:35:33+00:00,FTE,FTE_C+D+E|invvol_shrunk|vt8|nobrake,IS,1.0,eac9a19306,"{""brake"": false, ""labels"": [""C"", ""D"", ""E""], ""scheme"": ""invvol_shrunk"", ""vol_target"": 0.08}",-0.195,-0.04286,-0.6769,137.22,4649,ef6bd10,amendment-1 search
2026-10-03T11:35:33+00:00,FTE,FTE_C+D+E|invvol_shrunk|vt8|brake,IS,1.0,7643d85566,"{""brake"": true, ""labels"": [""C"", ""D"", ""E""], ""scheme"": ""invvol_shrunk"", ""vol_target"": 0.08}",-0.2222,-0.04169,-0.6634,127.55,4649,ef6bd10,amendment-1 search
2026-10-03T11:35:33+00:00,FTE,FTE_C+D+E|invvol_shrunk|vt10|nobrake,IS,1.0,6dd9339d07,"{""brake"": false, ""labels"": [""C"", ""D"", ""E""], ""scheme"": ""invvol_shrunk"", ""vol_target"": 0.1}",-0.2267,-0.05099,-0.6802,149.23,4649,ef6bd10,amendment-1 search
2026-10-03T11:35:33+00:00,FTE,FTE_C+D+E|invvol_shrunk|vt10|brake,IS,1.0,18d9add1fb,"{""brake"": true, ""labels"": [""C"", ""D"", ""E""], ""scheme"": ""invvol_shrunk"", ""vol_target"": 0.1}",-0.2419,-0.04545,-0.6645,133.55,4649,ef6bd10,amendment-1 search
2026-10-03T11:35:33+00:00,FTE,FTE_C+D+E|minvar_lw|vt6|nobrake,IS,1.0,e05a2e9e29,"{""brake"": false, ""labels"": [""C"", ""D"", ""E""], ""scheme"": ""minvar_lw"", ""vol_target"": 0.06}",-0.2101,-0.00141,-0.4499,19.72,4633,ef6bd10,amendment-1 search
2026-10-03T11:35:33+00:00,FTE,FTE_C+D+E|minvar_lw|vt6|brake,IS,1.0,6cb9728396,"{""brake"": true, ""labels"": [""C"", ""D"", ""E""], ""scheme"": ""minvar_lw"", ""vol_target"": 0.06}",0.026,0.01438,-0.2534,12.54,4633,ef6bd10,amendment-1 search
2026-10-03T11:35:33+00:00,FTE,FTE_C+D+E|minvar_lw|vt8|nobrake,IS,1.0,430f150090,"{""brake"": false, ""labels"": [""C"", ""D"", ""E""], ""scheme"": ""minvar_lw"", ""vol_target"": 0.08}",-0.3686,-0.01488,-0.5544,35.98,4633,ef6bd10,amendment-1 search
2026-10-03T11:35:33+00:00,FTE,FTE_C+D+E|minvar_lw|vt8|brake,IS,1.0,7ada17d100,"{""brake"": true, ""labels"": [""C"", ""D"", ""E""], ""scheme"": ""minvar_lw"", ""vol_target"": 0.08}",-0.1176,0.00682,-0.3278,22.04,4633,ef6bd10,amendment-1 search
2026-10-03T11:35:33+00:00,FTE,FTE_C+D+E|minvar_lw|vt10|nobrake,IS,1.0,1695f63606,"{""brake"": false, ""labels"": [""C"", ""D"", ""E""], ""scheme"": ""minvar_lw"", ""vol_target"": 0.1}",-0.5065,-0.02713,-0.6214,52.53,4633,ef6bd10,amendment-1 search
2026-10-03T11:35:33+00:00,FTE,FTE_C+D+E|minvar_lw|vt10|brake,IS,1.0,93f20be43c,"{""brake"": true, ""labels"": [""C"", ""D"", ""E""], ""scheme"": ""minvar_lw"", ""vol_target"": 0.1}",-0.2484,-0.00084,-0.3796,32.14,4633,ef6bd10,amendment-1 search
2026-10-03T11:35:33+00:00,FTE,FTE_C+D+E+PCT|eqrisk|vt6|nobrake,IS,1.0,5f384756a1,"{""brake"": false, ""labels"": [""C"", ""D"", ""E"", ""PCT""], ""scheme"": ""eqrisk"", ""vol_target"": 0.06}",-0.1707,-0.03621,-0.6742,135.02,4649,ef6bd10,amendment-1 search
2026-10-03T11:35:33+00:00,FTE,FTE_C+D+E+PCT|eqrisk|vt6|brake,IS,1.0,b6c59a1a32,"{""brake"": true, ""labels"": [""C"", ""D"", ""E"", ""PCT""], ""scheme"": ""eqrisk"", ""vol_target"": 0.06}",-0.2073,-0.03869,-0.662,126.45,4649,ef6bd10,amendment-1 search
2026-10-03T11:35:33+00:00,FTE,FTE_C+D+E+PCT|eqrisk|vt8|nobrake,IS,1.0,464989a41e,"{""brake"": false, ""labels"": [""C"", ""D"", ""E"", ""PCT""], ""scheme"": ""eqrisk"", ""vol_target"": 0.08}",-0.2023,-0.0434,-0.6774,150.31,4649,ef6bd10,amendment-1 search
2026-10-03T11:35:33+00:00,FTE,FTE_C+D+E+PCT|eqrisk|vt8|brake,IS,1.0,dce5459f3d,"{""brake"": true, ""labels"": [""C"", ""D"", ""E"", ""PCT""], ""scheme"": ""eqrisk"", ""vol_target"": 0.08}",-0.2257,-0.04203,-0.6637,134.09,4649,ef6bd10,amendment-1 search
2026-10-03T11:35:33+00:00,FTE,FTE_C+D+E+PCT|eqrisk|vt10|nobrake,IS,1.0,e6e5369378,"{""brake"": false, ""labels"": [""C"", ""D"", ""E"", ""PCT""], ""scheme"": ""eqrisk"", ""vol_target"": 0.1}",-0.2464,-0.05295,-0.6829,166.75,4649,ef6bd10,amendment-1 search
2026-10-03T11:35:33+00:00,FTE,FTE_C+D+E+PCT|eqrisk|vt10|brake,IS,1.0,eb72023408,"{""brake"": true, ""labels"": [""C"", ""D"", ""E"", ""PCT""], ""scheme"": ""eqrisk"", ""vol_target"": 0.1}",-0.2519,-0.04658,-0.6647,142.31,4649,ef6bd10,amendment-1 search
2026-10-03T11:35:33+00:00,FTE,FTE_C+D+E+PCT|invvol_shrunk|vt6|nobrake,IS,1.0,36830ea364,"{""brake"": false, ""labels"": [""C"", ""D"", ""E"", ""PCT""], ""scheme"": ""invvol_shrunk"", ""vol_target"": 0.06}",-0.1389,-0.03125,-0.6733,129.21,4649,ef6bd10,amendment-1 search
2026-10-03T11:35:33+00:00,FTE,FTE_C+D+E+PCT|invvol_shrunk|vt6|brake,IS,1.0,962418802a,"{""brake"": true, ""labels"": [""C"", ""D"", ""E"", ""PCT""], ""scheme"": ""invvol_shrunk"", ""vol_target"": 0.06}",-0.1905,-0.03621,-0.6616,123.54,4649,ef6bd10,amendment-1 search
2026-10-03T11:35:33+00:00,FTE,FTE_C+D+E+PCT|invvol_shrunk|vt8|nobrake,IS,1.0,fde76614d3,"{""brake"": false, ""labels"": [""C"", ""D"", ""E"", ""PCT""], ""scheme"": ""invvol_shrunk"", ""vol_target"": 0.08}",-0.1502,-0.03539,-0.6769,140.81,4649,ef6bd10,amendment-1 search
2026-10-03T11:35:33+00:00,FTE,FTE_C+D+E+PCT|invvol_shrunk|vt8|brake,IS,1.0,e0b37c28b5,"{""brake"": true, ""labels"": [""C"", ""D"", ""E"", ""PCT""], ""scheme"": ""invvol_shrunk"", ""vol_target"": 0.08}",-0.1976,-0.03797,-0.6634,129.34,4649,ef6bd10,amendment-1 search
2026-10-03T11:35:33+00:00,FTE,FTE_C+D+E+PCT|invvol_shrunk|vt10|nobrake,IS,1.0,483458effd,"{""brake"": false, ""labels"": [""C"", ""D"", ""E"", ""PCT""], ""scheme"": ""invvol_shrunk"", ""vol_target"": 0.1}",-0.1797,-0.043,-0.6802,155.62,4649,ef6bd10,amendment-1 search
2026-10-03T11:35:33+00:00,FTE,FTE_C+D+E+PCT|invvol_shrunk|vt10|brake,IS,1.0,1b9092870c,"{""brake"": true, ""labels"": [""C"", ""D"", ""E"", ""PCT""], ""scheme"": ""invvol_shrunk"", ""vol_target"": 0.1}",-0.2153,-0.04143,-0.6645,136.74,4649,ef6bd10,amendment-1 search
2026-10-03T11:35:33+00:00,FTE,FTE_C+D+E+PCT|minvar_lw|vt6|nobrake,IS,1.0,683eddce97,"{""brake"": false, ""labels"": [""C"", ""D"", ""E"", ""PCT""], ""scheme"": ""minvar_lw"", ""vol_target"": 0.06}",-0.1749,0.00121,-0.4238,22.0,4633,ef6bd10,amendment-1 search
2026-10-03T11:35:33+00:00,FTE,FTE_C+D+E+PCT|minvar_lw|vt6|brake,IS,1.0,7f8f6f26fa,"{""brake"": true, ""labels"": [""C"", ""D"", ""E"", ""PCT""], ""scheme"": ""minvar_lw"", ""vol_target"": 0.06}",0.0451,0.0153,-0.2408,14.47,4633,ef6bd10,amendment-1 search
2026-10-03T11:35:33+00:00,FTE,FTE_C+D+E+PCT|minvar_lw|vt8|nobrake,IS,1.0,27aca4a547,"{""brake"": false, ""labels"": [""C"", ""D"", ""E"", ""PCT""], ""scheme"": ""minvar_lw"", ""vol_target"": 0.08}",-0.313,-0.01051,-0.5273,39.17,4633,ef6bd10,amendment-1 search
2026-10-03T11:35:33+00:00,FTE,FTE_C+D+E+PCT|minvar_lw|vt8|brake,IS,1.0,3325b6ea09,"{""brake"": true, ""labels"": [""C"", ""D"", ""E"", ""PCT""], ""scheme"": ""minvar_lw"", ""vol_target"": 0.08}",-0.0718,0.0091,-0.3104,24.91,4633,ef6bd10,amendment-1 search
2026-10-03T11:35:33+00:00,FTE,FTE_C+D+E+PCT|minvar_lw|vt10|nobrake,IS,1.0,9000a4981b,"{""brake"": false, ""labels"": [""C"", ""D"", ""E"", ""PCT""], ""scheme"": ""minvar_lw"", ""vol_target"": 0.1}",-0.4415,-0.02197,-0.5934,56.36,4633,ef6bd10,amendment-1 search
2026-10-03T11:35:33+00:00,FTE,FTE_C+D+E+PCT|minvar_lw|vt10|brake,IS,1.0,5c23ae5b62,"{""brake"": true, ""labels"": [""C"", ""D"", ""E"", ""PCT""], ""scheme"": ""minvar_lw"", ""vol_target"": 0.1}",-0.1972,0.00182,-0.3603,34.72,4633,ef6bd10,amendment-1 search
2026-10-03T11:35:33+00:00,FTE,FTE_C+D+E+TSMOM|eqrisk|vt6|nobrake,IS,1.0,351706b13f,"{""brake"": false, ""labels"": [""C"", ""D"", ""E"", ""TSMOM""], ""scheme"": ""eqrisk"", ""vol_target"": 0.06}",-0.1383,-0.0311,-0.6742,135.82,4649,ef6bd10,amendment-1 search
2026-10-03T11:35:33+00:00,FTE,FTE_C+D+E+TSMOM|eqrisk|vt6|brake,IS,1.0,6ebd7826ee,"{""brake"": true, ""labels"": [""C"", ""D"", ""E"", ""TSMOM""], ""scheme"": ""eqrisk"", ""vol_target"": 0.06}",-0.1902,-0.03615,-0.662,126.85,4649,ef6bd10,amendment-1 search
2026-10-03T11:35:33+00:00,FTE,FTE_C+D+E+TSMOM|eqrisk|vt8|nobrake,IS,1.0,b9319c2433,"{""brake"": false, ""labels"": [""C"", ""D"", ""E"", ""TSMOM""], ""scheme"": ""eqrisk"", ""vol_target"": 0.08}",-0.1618,-0.03675,-0.6774,151.43,4649,ef6bd10,amendment-1 search
2026-10-03T11:35:33+00:00,FTE,FTE_C+D+E+TSMOM|eqrisk|vt8|brake,IS,1.0,c7aae68e3f,"{""brake"": true, ""labels"": [""C"", ""D"", ""E"", ""TSMOM""], ""scheme"": ""eqrisk"", ""vol_target"": 0.08}",-0.2036,-0.03872,-0.6637,134.65,4649,ef6bd10,amendment-1 search
2026-10-03T11:35:33+00:00,FTE,FTE_C+D+E+TSMOM|eqrisk|vt10|nobrake,IS,1.0,81858a6111,"{""brake"": false, ""labels"": [""C"", ""D"", ""E"", ""TSMOM""], ""scheme"": ""eqrisk"", ""vol_target"": 0.1}",-0.2029,-0.04552,-0.6794,168.43,4649,ef6bd10,amendment-1 search
2026-10-03T11:35:33+00:00,FTE,FTE_C+D+E+TSMOM|eqrisk|vt10|brake,IS,1.0,f9aa05c2f1,"{""brake"": true, ""labels"": [""C"", ""D"", ""E"", ""TSMOM""], ""scheme"": ""eqrisk"", ""vol_target"": 0.1}",-0.2275,-0.04286,-0.6647,143.15,4649,ef6bd10,amendment-1 search
2026-10-03T11:35:33+00:00,FTE,FTE_C+D+E+TSMOM|invvol_shrunk|vt6|nobrake,IS,1.0,26500dd36f,"{""brake"": false, ""labels"": [""C"", ""D"", ""E"", ""TSMOM""], ""scheme"": ""invvol_shrunk"", ""vol_target"": 0.06}",-0.1005,-0.02515,-0.6733,130.07,4649,ef6bd10,amendment-1 search
2026-10-03T11:35:33+00:00,FTE,FTE_C+D+E+TSMOM|invvol_shrunk|vt6|brake,IS,1.0,4834804cdd,"{""brake"": true, ""labels"": [""C"", ""D"", ""E"", ""TSMOM""], ""scheme"": ""invvol_shrunk"", ""vol_target"": 0.06}",-0.1701,-0.03319,-0.6616,123.97,4649,ef6bd10,amendment-1 search
2026-10-03T11:35:33+00:00,FTE,FTE_C+D+E+TSMOM|invvol_shrunk|vt8|nobrake,IS,1.0,c73a9b17aa,"{""brake"": false, ""labels"": [""C"", ""D"", ""E"", ""TSMOM""], ""scheme"": ""invvol_shrunk"", ""vol_target"": 0.08}",-0.1012,-0.02724,-0.6769,141.71,4649,ef6bd10,amendment-1 search
2026-10-03T11:35:33+00:00,FTE,FTE_C+D+E+TSMOM|invvol_shrunk|vt8|brake,IS,1.0,ad9fda8e4c,"{""brake"": true, ""labels"": [""C"", ""D"", ""E"", ""TSMOM""], ""scheme"": ""invvol_shrunk"", ""vol_target"": 0.08}",-0.1707,-0.03392,-0.6634,129.79,4649,ef6bd10,amendment-1 search
2026-10-03T11:35:33+00:00,FTE,FTE_C+D+E+TSMOM|invvol_shrunk|vt10|nobrake,IS,1.0,55d1c7f649,"{""brake"": false, ""labels"": [""C"", ""D"", ""E"", ""TSMOM""], ""scheme"": ""invvol_shrunk"", ""vol_target"": 0.1}",-0.1258,-0.03359,-0.6802,157.45,4649,ef6bd10,amendment-1 search
2026-10-03T11:35:33+00:00,FTE,FTE_C+D+E+TSMOM|invvol_shrunk|vt10|brake,IS,1.0,56cd2942f7,"{""brake"": true, ""labels"": [""C"", ""D"", ""E"", ""TSMOM""], ""scheme"": ""invvol_shrunk"", ""vol_target"": 0.1}",-0.1848,-0.03675,-0.6645,137.66,4649,ef6bd10,amendment-1 search
2026-10-03T11:35:33+00:00,FTE,FTE_C+D+E+TSMOM|minvar_lw|vt6|nobrake,IS,1.0,ca26e1f669,"{""brake"": false, ""labels"": [""C"", ""D"", ""E"", ""TSMOM""], ""scheme"": ""minvar_lw"", ""vol_target"": 0.06}",-0.1514,0.00267,-0.4166,21.93,4633,ef6bd10,amendment-1 search
2026-10-03T11:35:33+00:00,FTE,FTE_C+D+E+TSMOM|minvar_lw|vt6|brake,IS,1.0,5b2eb5d18f,"{""brake"": true, ""labels"": [""C"", ""D"", ""E"", ""TSMOM""], ""scheme"": ""minvar_lw"", ""vol_target"": 0.06}",0.0669,0.01635,-0.2427,14.31,4633,ef6bd10,amendment-1 search
2026-10-03T11:35:33+00:00,FTE,FTE_C+D+E+TSMOM|minvar_lw|vt8|nobrake,IS,1.0,604a81c914,"{""brake"": false, ""labels"": [""C"", ""D"", ""E"", ""TSMOM""], ""scheme"": ""minvar_lw"", ""vol_target"": 0.08}",-0.2884,-0.00871,-0.5173,39.04,4633,ef6bd10,amendment-1 search
2026-10-03T11:35:33+00:00,FTE,FTE_C+D+E+TSMOM|minvar_lw|vt8|brake,IS,1.0,6c24823498,"{""brake"": true, ""labels"": [""C"", ""D"", ""E"", ""TSMOM""], ""scheme"": ""minvar_lw"", ""vol_target"": 0.08}",-0.056,0.01003,-0.3087,23.98,4633,ef6bd10,amendment-1 search
2026-10-03T11:35:33+00:00,FTE,FTE_C+D+E+TSMOM|minvar_lw|vt10|nobrake,IS,1.0,d718769fe7,"{""brake"": false, ""labels"": [""C"", ""D"", ""E"", ""TSMOM""], ""scheme"": ""minvar_lw"", ""vol_target"": 0.1}",-0.4197,-0.02016,-0.5826,56.06,4633,ef6bd10,amendment-1 search
2026-10-03T11:35:33+00:00,FTE,FTE_C+D+E+TSMOM|minvar_lw|vt10|brake,IS,1.0,8fb9322117,"{""brake"": true, ""labels"": [""C"", ""D"", ""E"", ""TSMOM""], ""scheme"": ""minvar_lw"", ""vol_target"": 0.1}",-0.1701,0.00336,-0.3488,34.16,4633,ef6bd10,amendment-1 search
2026-10-03T11:35:33+00:00,FTE,FTE_A+B+C+D|eqrisk|vt6|nobrake,IS,1.0,17a98777ae,"{""brake"": false, ""labels"": [""A"", ""B"", ""C"", ""D""], ""scheme"": ""eqrisk"", ""vol_target"": 0.06}",0.3032,0.03227,-0.2052,15.88,4645,ef6bd10,amendment-1 search
2026-10-03T11:35:33+00:00,FTE,FTE_A+B+C+D|eqrisk|vt6|brake,IS,1.0,2dde9a8907,"{""brake"": true, ""labels"": [""A"", ""B"", ""C"", ""D""], ""scheme"": ""eqrisk"", ""vol_target"": 0.06}",0.3109,0.0309,-0.1623,13.9,4645,ef6bd10,amendment-1 search
2026-10-03T11:35:33+00:00,FTE,FTE_A+B+C+D|eqrisk|vt8|nobrake,IS,1.0,1871ba0b0f,"{""brake"": false, ""labels"": [""A"", ""B"", ""C"", ""D""], ""scheme"": ""eqrisk"", ""vol_target"": 0.08}",0.2123,0.02827,-0.2773,28.97,4645,ef6bd10,amendment-1 search
2026-10-03T11:35:33+00:00,FTE,FTE_A+B+C+D|eqrisk|vt8|brake,IS,1.0,d4335b2b59,"{""brake"": true, ""labels"": [""A"", ""B"", ""C"", ""D""], ""scheme"": ""eqrisk"", ""vol_target"": 0.08}",0.2433,0.02832,-0.2017,22.07,4645,ef6bd10,amendment-1 search
2026-10-03T11:35:33+00:00,FTE,FTE_A+B+C+D|eqrisk|vt10|nobrake,IS,1.0,c7c27a48fd,"{""brake"": false, ""labels"": [""A"", ""B"", ""C"", ""D""], ""scheme"": ""eqrisk"", ""vol_target"": 0.1}",0.1342,0.02255,-0.3349,42.61,4645,ef6bd10,amendment-1 search
2026-10-03T11:35:33+00:00,FTE,FTE_A+B+C+D|eqrisk|vt10|brake,IS,1.0,a17c101f62,"{""brake"": true, ""labels"": [""A"", ""B"", ""C"", ""D""], ""scheme"": ""eqrisk"", ""vol_target"": 0.1}",0.1103,0.01969,-0.2332,31.18,4645,ef6bd10,amendment-1 search
2026-10-03T11:35:33+00:00,FTE,FTE_A+B+C+D|invvol_shrunk|vt6|nobrake,IS,1.0,ab94eb2af5,"{""brake"": false, ""labels"": [""A"", ""B"", ""C"", ""D""], ""scheme"": ""invvol_shrunk"", ""vol_target"": 0.06}",0.4259,0.0407,-0.165,9.82,4645,ef6bd10,amendment-1 search
2026-10-03T11:35:33+00:00,FTE,FTE_A+B+C+D|invvol_shrunk|vt6|brake,IS,1.0,0dc9e96519,"{""brake"": true, ""labels"": [""A"", ""B"", ""C"", ""D""], ""scheme"": ""invvol_shrunk"", ""vol_target"": 0.06}",0.4247,0.03837,-0.1477,9.19,4645,ef6bd10,amendment-1 search
2026-10-03T11:35:33+00:00,FTE,FTE_A+B+C+D|invvol_shrunk|vt8|nobrake,IS,1.0,26dff1b51b,"{""brake"": false, ""labels"": [""A"", ""B"", ""C"", ""D""], ""scheme"": ""invvol_shrunk"", ""vol_target"": 0.08}",0.3665,0.04203,-0.2344,19.62,4645,ef6bd10,amendment-1 search
2026-10-03T11:35:33+00:00,FTE,FTE_A+B+C+D|invvol_shrunk|vt8|brake,IS,1.0,4be84c55f8,"{""brake"": true, ""labels"": [""A"", ""B"", ""C"", ""D""], ""scheme"": ""invvol_shrunk"", ""vol_target"": 0.08}",0.3939,0.04059,-0.1756,16.48,4645,ef6bd10,amendment-1 search
2026-10-03T11:35:33+00:00,FTE,FTE_A+B+C+D|invvol_shrunk|vt10|nobrake,IS,1.0,2e93a7ab28,"{""brake"": false, ""labels"": [""A"", ""B"", ""C"", ""D""], ""scheme"": ""invvol_shrunk"", ""vol_target"": 0.1}",0.2934,0.03905,-0.2959,30.91,4645,ef6bd10,amendment-1 search
2026-10-03T11:35:33+00:00,FTE,FTE_A+B+C+D|invvol_shrunk|vt10|brake,IS,1.0,63afea719c,"{""brake"": true, ""labels"": [""A"", ""B"", ""C"", ""D""], ""scheme"": ""invvol_shrunk"", ""vol_target"": 0.1}",0.3181,0.03737,-0.2145,23.74,4645,ef6bd10,amendment-1 search
2026-10-03T11:35:33+00:00,FTE,FTE_A+B+C+D|minvar_lw|vt6|nobrake,IS,1.0,f723996da3,"{""brake"": false, ""labels"": [""A"", ""B"", ""C"", ""D""], ""scheme"": ""minvar_lw"", ""vol_target"": 0.06}",0.1276,0.02048,-0.2474,30.95,4633,ef6bd10,amendment-1 search
2026-10-03T11:35:33+00:00,FTE,FTE_A+B+C+D|minvar_lw|vt6|brake,IS,1.0,5b65774546,"{""brake"": true, ""labels"": [""A"", ""B"", ""C"", ""D""], ""scheme"": ""minvar_lw"", ""vol_target"": 0.06}",0.1674,0.02174,-0.1822,26.69,4633,ef6bd10,amendment-1 search
2026-10-03T11:35:33+00:00,FTE,FTE_A+B+C+D|minvar_lw|vt8|nobrake,IS,1.0,8378d7618c,"{""brake"": false, ""labels"": [""A"", ""B"", ""C"", ""D""], ""scheme"": ""minvar_lw"", ""vol_target"": 0.08}",0.0308,0.01377,-0.3123,45.61,4633,ef6bd10,amendment-1 search
2026-10-03T11:35:33+00:00,FTE,FTE_A+B+C+D|minvar_lw|vt8|brake,IS,1.0,5b1b2deb04,"{""brake"": true, ""labels"": [""A"", ""B"", ""C"", ""D""], ""scheme"": ""minvar_lw"", ""vol_target"": 0.08}",0.1311,0.02027,-0.222,35.24,4633,ef6bd10,amendment-1 search
2026-10-03T11:35:33+00:00,FTE,FTE_A+B+C+D|minvar_lw|vt10|nobrake,IS,1.0,6592472ee0,"{""brake"": false, ""labels"": [""A"", ""B"", ""C"", ""D""], ""scheme"": ""minvar_lw"", ""vol_target"": 0.1}",-0.0529,0.00645,-0.357,60.13,4633,ef6bd10,amendment-1 search
2026-10-03T11:35:33+00:00,FTE,FTE_A+B+C+D|minvar_lw|vt10|brake,IS,1.0,dbf332c730,"{""brake"": true, ""labels"": [""A"", ""B"", ""C"", ""D""], ""scheme"": ""minvar_lw"", ""vol_target"": 0.1}",0.0456,0.01518,-0.2425,44.55,4633,ef6bd10,amendment-1 search
2026-10-03T11:35:33+00:00,FTE,FTE_A+B+C+D+PCT|eqrisk|vt6|nobrake,IS,1.0,b9ae158ad7,"{""brake"": false, ""labels"": [""A"", ""B"", ""C"", ""D"", ""PCT""], ""scheme"": ""eqrisk"", ""vol_target"": 0.06}",0.4241,0.03986,-0.1872,17.46,4645,ef6bd10,amendment-1 search
2026-10-03T11:35:33+00:00,FTE,FTE_A+B+C+D+PCT|eqrisk|vt6|brake,IS,1.0,8bbb5a5c06,"{""brake"": true, ""labels"": [""A"", ""B"", ""C"", ""D"", ""PCT""], ""scheme"": ""eqrisk"", ""vol_target"": 0.06}",0.4232,0.03763,-0.1503,16.39,4645,ef6bd10,amendment-1 search
2026-10-03T11:35:33+00:00,FTE,FTE_A+B+C+D+PCT|eqrisk|vt8|nobrake,IS,1.0,8c28eb1d5d,"{""brake"": false, ""labels"": [""A"", ""B"", ""C"", ""D"", ""PCT""], ""scheme"": ""eqrisk"", ""vol_target"": 0.08}",0.3013,0.03526,-0.244,32.45,4645,ef6bd10,amendment-1 search
2026-10-03T11:35:33+00:00,FTE,FTE_A+B+C+D+PCT|eqrisk|vt8|brake,IS,1.0,8f1e66862e,"{""brake"": true, ""labels"": [""A"", ""B"", ""C"", ""D"", ""PCT""], ""scheme"": ""eqrisk"", ""vol_target"": 0.08}",0.2912,0.03222,-0.1724,28.13,4645,ef6bd10,amendment-1 search
2026-10-03T11:35:33+00:00,FTE,FTE_A+B+C+D+PCT|eqrisk|vt10|nobrake,IS,1.0,7c4e0bdd82,"{""brake"": false, ""labels"": [""A"", ""B"", ""C"", ""D"", ""PCT""], ""scheme"": ""eqrisk"", ""vol_target"": 0.1}",0.2059,0.02918,-0.2925,48.11,4645,ef6bd10,amendment-1 search
2026-10-03T11:35:33+00:00,FTE,FTE_A+B+C+D+PCT|eqrisk|vt10|brake,IS,1.0,aa85467ba6,"{""brake"": true, ""labels"": [""A"", ""B"", ""C"", ""D"", ""PCT""], ""scheme"": ""eqrisk"", ""vol_target"": 0.1}",0.2122,0.02767,-0.1951,38.44,4645,ef6bd10,amendment-1 search
2026-10-03T11:35:33+00:00,FTE,FTE_A+B+C+D+PCT|invvol_shrunk|vt6|nobrake,IS,1.0,d6741a0568,"{""brake"": false, ""labels"": [""A"", ""B"", ""C"", ""D"", ""PCT""], ""scheme"": ""invvol_shrunk"", ""vol_target"": 0.06}",0.5271,0.04693,-0.1762,11.04,4645,ef6bd10,amendment-1 search
2026-10-03T11:35:33+00:00,FTE,FTE_A+B+C+D+PCT|invvol_shrunk|vt6|brake,IS,1.0,9a316ed128,"{""brake"": true, ""labels"": [""A"", ""B"", ""C"", ""D"", ""PCT""], ""scheme"": ""invvol_shrunk"", ""vol_target"": 0.06}",0.5286,0.04419,-0.1401,11.06,4645,ef6bd10,amendment-1 search
2026-10-03T11:35:33+00:00,FTE,FTE_A+B+C+D+PCT|invvol_shrunk|vt8|nobrake,IS,1.0,b0c7409e32,"{""brake"": false, ""labels"": [""A"", ""B"", ""C"", ""D"", ""PCT""], ""scheme"": ""invvol_shrunk"", ""vol_target"": 0.08}",0.444,0.04825,-0.2269,22.36,4645,ef6bd10,amendment-1 search
2026-10-03T11:35:33+00:00,FTE,FTE_A+B+C+D+PCT|invvol_shrunk|vt8|brake,IS,1.0,ba3a53f5c3,"{""brake"": true, ""labels"": [""A"", ""B"", ""C"", ""D"", ""PCT""], ""scheme"": ""invvol_shrunk"", ""vol_target"": 0.08}",0.4926,0.04855,-0.1719,19.21,4645,ef6bd10,amendment-1 search
2026-10-03T11:35:33+00:00,FTE,FTE_A+B+C+D+PCT|invvol_shrunk|vt10|nobrake,IS,1.0,3f9c5665a9,"{""brake"": false, ""labels"": [""A"", ""B"", ""C"", ""D"", ""PCT""], ""scheme"": ""invvol_shrunk"", ""vol_target"": 0.1}",0.3416,0.04369,-0.2907,35.91,4645,ef6bd10,amendment-1 search
2026-10-03T11:35:33+00:00,FTE,FTE_A+B+C+D+PCT|invvol_shrunk|vt10|brake,IS,1.0,defbc5a3f9,"{""brake"": true, ""labels"": [""A"", ""B"", ""C"", ""D"", ""PCT""], ""scheme"": ""invvol_shrunk"", ""vol_target"": 0.1}",0.3467,0.03979,-0.1934,30.12,4645,ef6bd10,amendment-1 search
2026-10-03T11:35:33+00:00,FTE,FTE_A+B+C+D+PCT|minvar_lw|vt6|nobrake,IS,1.0,3d31cc21ea,"{""brake"": false, ""labels"": [""A"", ""B"", ""C"", ""D"", ""PCT""], ""scheme"": ""minvar_lw"", ""vol_target"": 0.06}",0.1749,0.02347,-0.2227,32.55,4633,ef6bd10,amendment-1 search
2026-10-03T11:35:33+00:00,FTE,FTE_A+B+C+D+PCT|minvar_lw|vt6|brake,IS,1.0,d1cf823ff6,"{""brake"": true, ""labels"": [""A"", ""B"", ""C"", ""D"", ""PCT""], ""scheme"": ""minvar_lw"", ""vol_target"": 0.06}",0.2041,0.02354,-0.1848,28.07,4633,ef6bd10,amendment-1 search
2026-10-03T11:35:33+00:00,FTE,FTE_A+B+C+D+PCT|minvar_lw|vt8|nobrake,IS,1.0,b6686bcbc6,"{""brake"": false, ""labels"": [""A"", ""B"", ""C"", ""D"", ""PCT""], ""scheme"": ""minvar_lw"", ""vol_target"": 0.08}",0.0728,0.01696,-0.281,48.2,4633,ef6bd10,amendment-1 search
2026-10-03T11:35:33+00:00,FTE,FTE_A+B+C+D+PCT|minvar_lw|vt8|brake,IS,1.0,a7b1de749c,"{""brake"": true, ""labels"": [""A"", ""B"", ""C"", ""D"", ""PCT""], ""scheme"": ""minvar_lw"", ""vol_target"": 0.08}",0.139,0.02067,-0.2071,38.3,4633,ef6bd10,amendment-1 search
2026-10-03T11:35:33+00:00,FTE,FTE_A+B+C+D+PCT|minvar_lw|vt10|nobrake,IS,1.0,7a8ef54467,"{""brake"": false, ""labels"": [""A"", ""B"", ""C"", ""D"", ""PCT""], ""scheme"": ""minvar_lw"", ""vol_target"": 0.1}",-0.0126,0.00993,-0.3234,63.69,4633,ef6bd10,amendment-1 search
2026-10-03T11:35:33+00:00,FTE,FTE_A+B+C+D+PCT|minvar_lw|vt10|brake,IS,1.0,374cac1a1d,"{""brake"": true, ""labels"": [""A"", ""B"", ""C"", ""D"", ""PCT""], ""scheme"": ""minvar_lw"", ""vol_target"": 0.1}",0.0653,0.01642,-0.2294,47.27,4633,ef6bd10,amendment-1 search
2026-10-03T11:35:33+00:00,FTE,FTE_A+B+C+D+TSMOM|eqrisk|vt6|nobrake,IS,1.0,08587d1c67,"{""brake"": false, ""labels"": [""A"", ""B"", ""C"", ""D"", ""TSMOM""], ""scheme"": ""eqrisk"", ""vol_target"": 0.06}",0.4941,0.04426,-0.1644,18.69,4645,ef6bd10,amendment-1 search
2026-10-03T11:35:33+00:00,FTE,FTE_A+B+C+D+TSMOM|eqrisk|vt6|brake,IS,1.0,d0c37981d6,"{""brake"": true, ""labels"": [""A"", ""B"", ""C"", ""D"", ""TSMOM""], ""scheme"": ""eqrisk"", ""vol_target"": 0.06}",0.4795,0.04188,-0.1393,18.13,4645,ef6bd10,amendment-1 search
2026-10-03T11:35:33+00:00,FTE,FTE_A+B+C+D+TSMOM|eqrisk|vt8|nobrake,IS,1.0,8fbc052301,"{""brake"": false, ""labels"": [""A"", ""B"", ""C"", ""D"", ""TSMOM""], ""scheme"": ""eqrisk"", ""vol_target"": 0.08}",0.3806,0.04142,-0.1972,33.96,4645,ef6bd10,amendment-1 search
2026-10-03T11:35:33+00:00,FTE,FTE_A+B+C+D+TSMOM|eqrisk|vt8|brake,IS,1.0,635476e39b,"{""brake"": true, ""labels"": [""A"", ""B"", ""C"", ""D"", ""TSMOM""], ""scheme"": ""eqrisk"", ""vol_target"": 0.08}",0.352,0.03708,-0.1565,30.03,4645,ef6bd10,amendment-1 search
2026-10-03T11:35:33+00:00,FTE,FTE_A+B+C+D+TSMOM|eqrisk|vt10|nobrake,IS,1.0,12950103d0,"{""brake"": false, ""labels"": [""A"", ""B"", ""C"", ""D"", ""TSMOM""], ""scheme"": ""eqrisk"", ""vol_target"": 0.1}",0.2962,0.03735,-0.2385,49.95,4645,ef6bd10,amendment-1 search
2026-10-03T11:35:33+00:00,FTE,FTE_A+B+C+D+TSMOM|eqrisk|vt10|brake,IS,1.0,49a0ff69ae,"{""brake"": true, ""labels"": [""A"", ""B"", ""C"", ""D"", ""TSMOM""], ""scheme"": ""eqrisk"", ""vol_target"": 0.1}",0.2762,0.03347,-0.1694,41.68,4645,ef6bd10,amendment-1 search
2026-10-03T11:35:33+00:00,FTE,FTE_A+B+C+D+TSMOM|invvol_shrunk|vt6|nobrake,IS,1.0,58a940d739,"{""brake"": false, ""labels"": [""A"", ""B"", ""C"", ""D"", ""TSMOM""], ""scheme"": ""invvol_shrunk"", ""vol_target"": 0.06}",0.6259,0.05335,-0.1512,12.27,4645,ef6bd10,amendment-1 search
2026-10-03T11:35:33+00:00,FTE,FTE_A+B+C+D+TSMOM|invvol_shrunk|vt6|brake,IS,1.0,76f151ae9f,"{""brake"": true, ""labels"": [""A"", ""B"", ""C"", ""D"", ""TSMOM""], ""scheme"": ""invvol_shrunk"", ""vol_target"": 0.06}",0.5683,0.04759,-0.1435,13.06,4645,ef6bd10,amendment-1 search
2026-10-03T11:35:33+00:00,FTE,FTE_A+B+C+D+TSMOM|invvol_shrunk|vt8|nobrake,IS,1.0,bf65d931bc,"{""brake"": false, ""labels"": [""A"", ""B"", ""C"", ""D"", ""TSMOM""], ""scheme"": ""invvol_shrunk"", ""vol_target"": 0.08}",0.5511,0.05698,-0.1889,24.52,4645,ef6bd10,amendment-1 search
2026-10-03T11:35:33+00:00,FTE,FTE_A+B+C+D+TSMOM|invvol_shrunk|vt8|brake,IS,1.0,27ae71c6b0,"{""brake"": true, ""labels"": [""A"", ""B"", ""C"", ""D"", ""TSMOM""], ""scheme"": ""invvol_shrunk"", ""vol_target"": 0.08}",0.5617,0.05469,-0.1518,21.84,4645,ef6bd10,amendment-1 search
2026-10-03T11:35:33+00:00,FTE,FTE_A+B+C+D+TSMOM|invvol_shrunk|vt10|nobrake,IS,1.0,9fd7807bd7,"{""brake"": false, ""labels"": [""A"", ""B"", ""C"", ""D"", ""TSMOM""], ""scheme"": ""invvol_shrunk"", ""vol_target"": 0.1}",0.4659,0.05588,-0.2206,38.43,4645,ef6bd10,amendment-1 search
2026-10-03T11:35:33+00:00,FTE,FTE_A+B+C+D+TSMOM|invvol_shrunk|vt10|brake,IS,1.0,6ae3f06423,"{""brake"": true, ""labels"": [""A"", ""B"", ""C"", ""D"", ""TSMOM""], ""scheme"": ""invvol_shrunk"", ""vol_target"": 0.1}",0.4488,0.05014,-0.1683,34.11,4645,ef6bd10,amendment-1 search
2026-10-03T11:35:33+00:00,FTE,FTE_A+B+C+D+TSMOM|minvar_lw|vt6|nobrake,IS,1.0,737587012f,"{""brake"": false, ""labels"": [""A"", ""B"", ""C"", ""D"", ""TSMOM""], ""scheme"": ""minvar_lw"", ""vol_target"": 0.06}",0.1911,0.02452,-0.2214,32.64,4633,ef6bd10,amendment-1 search
2026-10-03T11:35:33+00:00,FTE,FTE_A+B+C+D+TSMOM|minvar_lw|vt6|brake,IS,1.0,88bc8213f0,"{""brake"": true, ""labels"": [""A"", ""B"", ""C"", ""D"", ""TSMOM""], ""scheme"": ""minvar_lw"", ""vol_target"": 0.06}",0.2003,0.02381,-0.1667,29.57,4633,ef6bd10,amendment-1 search
2026-10-03T11:35:33+00:00,FTE,FTE_A+B+C+D+TSMOM|minvar_lw|vt8|nobrake,IS,1.0,844ef6cbf4,"{""brake"": false, ""labels"": [""A"", ""B"", ""C"", ""D"", ""TSMOM""], ""scheme"": ""minvar_lw"", ""vol_target"": 0.08}",0.0959,0.01869,-0.2779,48.22,4633,ef6bd10,amendment-1 search
2026-10-03T11:35:33+00:00,FTE,FTE_A+B+C+D+TSMOM|minvar_lw|vt8|brake,IS,1.0,afbab42e07,"{""brake"": true, ""labels"": [""A"", ""B"", ""C"", ""D"", ""TSMOM""], ""scheme"": ""minvar_lw"", ""vol_target"": 0.08}",0.1483,0.02124,-0.2055,37.35,4633,ef6bd10,amendment-1 search
2026-10-03T11:35:33+00:00,FTE,FTE_A+B+C+D+TSMOM|minvar_lw|vt10|nobrake,IS,1.0,9e859484e2,"{""brake"": false, ""labels"": [""A"", ""B"", ""C"", ""D"", ""TSMOM""], ""scheme"": ""minvar_lw"", ""vol_target"": 0.1}",0.0091,0.0117,-0.3188,63.68,4633,ef6bd10,amendment-1 search
2026-10-03T11:35:33+00:00,FTE,FTE_A+B+C+D+TSMOM|minvar_lw|vt10|brake,IS,1.0,f6259a289e,"{""brake"": true, ""labels"": [""A"", ""B"", ""C"", ""D"", ""TSMOM""], ""scheme"": ""minvar_lw"", ""vol_target"": 0.1}",0.0922,0.01812,-0.2253,47.15,4633,ef6bd10,amendment-1 search
2026-10-03T11:35:33+00:00,FTE,FTE_A+B+C+E|eqrisk|vt6|nobrake,IS,1.0,e354954008,"{""brake"": false, ""labels"": [""A"", ""B"", ""C"", ""E""], ""scheme"": ""eqrisk"", ""vol_target"": 0.06}",0.5891,0.05185,-0.2318,10.17,4649,ef6bd10,amendment-1 search
2026-10-03T11:35:33+00:00,FTE,FTE_A+B+C+E|eqrisk|vt6|brake,IS,1.0,d42cb488ae,"{""brake"": true, ""labels"": [""A"", ""B"", ""C"", ""E""], ""scheme"": ""eqrisk"", ""vol_target"": 0.06}",0.6481,0.05142,-0.174,9.05,4649,ef6bd10,amendment-1 search
2026-10-03T11:35:33+00:00,FTE,FTE_A+B+C+E|eqrisk|vt8|nobrake,IS,1.0,589434b80f,"{""brake"": false, ""labels"": [""A"", ""B"", ""C"", ""E""], ""scheme"": ""eqrisk"", ""vol_target"": 0.08}",0.55,0.05738,-0.3,19.84,4649,ef6bd10,amendment-1 search
2026-10-03T11:35:33+00:00,FTE,FTE_A+B+C+E|eqrisk|vt8|brake,IS,1.0,01b774cbf1,"{""brake"": true, ""labels"": [""A"", ""B"", ""C"", ""E""], ""scheme"": ""eqrisk"", ""vol_target"": 0.08}",0.595,0.05446,-0.2077,16.96,4649,ef6bd10,amendment-1 search
2026-10-03T11:35:33+00:00,FTE,FTE_A+B+C+E|eqrisk|vt10|nobrake,IS,1.0,4ef13aae30,"{""brake"": false, ""labels"": [""A"", ""B"", ""C"", ""E""], ""scheme"": ""eqrisk"", ""vol_target"": 0.1}",0.4766,0.05721,-0.3671,32.16,4649,ef6bd10,amendment-1 search
2026-10-03T11:35:33+00:00,FTE,FTE_A+B+C+E|eqrisk|vt10|brake,IS,1.0,33a7789806,"{""brake"": true, ""labels"": [""A"", ""B"", ""C"", ""E""], ""scheme"": ""eqrisk"", ""vol_target"": 0.1}",0.5253,0.05458,-0.2458,25.04,4649,ef6bd10,amendment-1 search
2026-10-03T11:35:33+00:00,FTE,FTE_A+B+C+E|invvol_shrunk|vt6|nobrake,IS,1.0,84ed5505a3,"{""brake"": false, ""labels"": [""A"", ""B"", ""C"", ""E""], ""scheme"": ""invvol_shrunk"", ""vol_target"": 0.06}",0.4761,0.04404,-0.2565,8.16,4649,ef6bd10,amendment-1 search
2026-10-03T11:35:33+00:00,FTE,FTE_A+B+C+E|invvol_shrunk|vt6|brake,IS,1.0,eaa15a18f3,"{""brake"": true, ""labels"": [""A"", ""B"", ""C"", ""E""], ""scheme"": ""invvol_shrunk"", ""vol_target"": 0.06}",0.489,0.04103,-0.1872,8.0,4649,ef6bd10,amendment-1 search
2026-10-03T11:35:33+00:00,FTE,FTE_A+B+C+E|invvol_shrunk|vt8|nobrake,IS,1.0,d1024c4eed,"{""brake"": false, ""labels"": [""A"", ""B"", ""C"", ""E""], ""scheme"": ""invvol_shrunk"", ""vol_target"": 0.08}",0.4615,0.05048,-0.3261,14.72,4649,ef6bd10,amendment-1 search
2026-10-03T11:35:33+00:00,FTE,FTE_A+B+C+E|invvol_shrunk|vt8|brake,IS,1.0,0362d59345,"{""brake"": true, ""labels"": [""A"", ""B"", ""C"", ""E""], ""scheme"": ""invvol_shrunk"", ""vol_target"": 0.08}",0.5322,0.04985,-0.2215,12.1,4649,ef6bd10,amendment-1 search
2026-10-03T11:35:33+00:00,FTE,FTE_A+B+C+E|invvol_shrunk|vt10|nobrake,IS,1.0,e8099c8459,"{""brake"": false, ""labels"": [""A"", ""B"", ""C"", ""E""], ""scheme"": ""invvol_shrunk"", ""vol_target"": 0.1}",0.401,0.0507,-0.3962,25.7,4649,ef6bd10,amendment-1 search
2026-10-03T11:35:33+00:00,FTE,FTE_A+B+C+E|invvol_shrunk|vt10|brake,IS,1.0,d0244f1761,"{""brake"": true, ""labels"": [""A"", ""B"", ""C"", ""E""], ""scheme"": ""invvol_shrunk"", ""vol_target"": 0.1}",0.4531,0.04899,-0.2692,20.36,4649,ef6bd10,amendment-1 search
2026-10-03T11:35:33+00:00,FTE,FTE_A+B+C+E|minvar_lw|vt6|nobrake,IS,1.0,be31a4f110,"{""brake"": false, ""labels"": [""A"", ""B"", ""C"", ""E""], ""scheme"": ""minvar_lw"", ""vol_target"": 0.06}",0.817,0.06787,-0.1305,11.79,4633,ef6bd10,amendment-1 search
2026-10-03T11:35:33+00:00,FTE,FTE_A+B+C+E|minvar_lw|vt6|brake,IS,1.0,612997301c,"{""brake"": true, ""labels"": [""A"", ""B"", ""C"", ""E""], ""scheme"": ""minvar_lw"", ""vol_target"": 0.06}",0.8061,0.06546,-0.1204,11.43,4633,ef6bd10,amendment-1 search
2026-10-03T11:35:33+00:00,FTE,FTE_A+B+C+E|minvar_lw|vt8|nobrake,IS,1.0,85a2e75bec,"{""brake"": false, ""labels"": [""A"", ""B"", ""C"", ""E""], ""scheme"": ""minvar_lw"", ""vol_target"": 0.08}",0.7619,0.07379,-0.1761,22.64,4633,ef6bd10,amendment-1 search
2026-10-03T11:35:33+00:00,FTE,FTE_A+B+C+E|minvar_lw|vt8|brake,IS,1.0,643430fb28,"{""brake"": true, ""labels"": [""A"", ""B"", ""C"", ""E""], ""scheme"": ""minvar_lw"", ""vol_target"": 0.08}",0.7833,0.07054,-0.1511,20.67,4633,ef6bd10,amendment-1 search
2026-10-03T11:35:33+00:00,FTE,FTE_A+B+C+E|minvar_lw|vt10|nobrake,IS,1.0,707ea8694e,"{""brake"": false, ""labels"": [""A"", ""B"", ""C"", ""E""], ""scheme"": ""minvar_lw"", ""vol_target"": 0.1}",0.6729,0.07327,-0.2329,35.66,4633,ef6bd10,amendment-1 search
2026-10-03T11:35:33+00:00,FTE,FTE_A+B+C+E|minvar_lw|vt10|brake,IS,1.0,e4d4def533,"{""brake"": true, ""labels"": [""A"", ""B"", ""C"", ""E""], ""scheme"": ""minvar_lw"", ""vol_target"": 0.1}",0.7241,0.07214,-0.1726,29.19,4633,ef6bd10,amendment-1 search
2026-10-03T11:35:33+00:00,FTE,FTE_A+B+C+E+PCT|eqrisk|vt6|nobrake,IS,1.0,38dff0cb92,"{""brake"": false, ""labels"": [""A"", ""B"", ""C"", ""E"", ""PCT""], ""scheme"": ""eqrisk"", ""vol_target"": 0.06}",0.672,0.05692,-0.1607,12.25,4649,ef6bd10,amendment-1 search
2026-10-03T11:35:33+00:00,FTE,FTE_A+B+C+E+PCT|eqrisk|vt6|brake,IS,1.0,ec22ab50a5,"{""brake"": true, ""labels"": [""A"", ""B"", ""C"", ""E"", ""PCT""], ""scheme"": ""eqrisk"", ""vol_target"": 0.06}",0.6659,0.05333,-0.1389,12.42,4649,ef6bd10,amendment-1 search
2026-10-03T11:35:33+00:00,FTE,FTE_A+B+C+E+PCT|eqrisk|vt8|nobrake,IS,1.0,197e73b273,"{""brake"": false, ""labels"": [""A"", ""B"", ""C"", ""E"", ""PCT""], ""scheme"": ""eqrisk"", ""vol_target"": 0.08}",0.6068,0.06168,-0.2153,23.76,4649,ef6bd10,amendment-1 search
2026-10-03T11:35:33+00:00,FTE,FTE_A+B+C+E+PCT|eqrisk|vt8|brake,IS,1.0,56059bfbc6,"{""brake"": true, ""labels"": [""A"", ""B"", ""C"", ""E"", ""PCT""], ""scheme"": ""eqrisk"", ""vol_target"": 0.08}",0.6838,0.06141,-0.166,20.42,4649,ef6bd10,amendment-1 search
2026-10-03T11:35:33+00:00,FTE,FTE_A+B+C+E+PCT|eqrisk|vt10|nobrake,IS,1.0,0e5869a866,"{""brake"": false, ""labels"": [""A"", ""B"", ""C"", ""E"", ""PCT""], ""scheme"": ""eqrisk"", ""vol_target"": 0.1}",0.5113,0.06004,-0.3053,37.75,4649,ef6bd10,amendment-1 search
2026-10-03T11:35:33+00:00,FTE,FTE_A+B+C+E+PCT|eqrisk|vt10|brake,IS,1.0,58ae9be3d3,"{""brake"": true, ""labels"": [""A"", ""B"", ""C"", ""E"", ""PCT""], ""scheme"": ""eqrisk"", ""vol_target"": 0.1}",0.5593,0.05714,-0.197,30.05,4649,ef6bd10,amendment-1 search
2026-10-03T11:35:33+00:00,FTE,FTE_A+B+C+E+PCT|invvol_shrunk|vt6|nobrake,IS,1.0,20f6be0009,"{""brake"": false, ""labels"": [""A"", ""B"", ""C"", ""E"", ""PCT""], ""scheme"": ""invvol_shrunk"", ""vol_target"": 0.06}",0.5567,0.0492,-0.1649,10.07,4649,ef6bd10,amendment-1 search
2026-10-03T11:35:33+00:00,FTE,FTE_A+B+C+E+PCT|invvol_shrunk|vt6|brake,IS,1.0,5dcc5cc28b,"{""brake"": true, ""labels"": [""A"", ""B"", ""C"", ""E"", ""PCT""], ""scheme"": ""invvol_shrunk"", ""vol_target"": 0.06}",0.5645,0.04585,-0.1409,10.12,4649,ef6bd10,amendment-1 search
2026-10-03T11:35:33+00:00,FTE,FTE_A+B+C+E+PCT|invvol_shrunk|vt8|nobrake,IS,1.0,d9dd6932fd,"{""brake"": false, ""labels"": [""A"", ""B"", ""C"", ""E"", ""PCT""], ""scheme"": ""invvol_shrunk"", ""vol_target"": 0.08}",0.513,0.05461,-0.24,18.81,4649,ef6bd10,amendment-1 search
2026-10-03T11:35:33+00:00,FTE,FTE_A+B+C+E+PCT|invvol_shrunk|vt8|brake,IS,1.0,37d105cd91,"{""brake"": true, ""labels"": [""A"", ""B"", ""C"", ""E"", ""PCT""], ""scheme"": ""invvol_shrunk"", ""vol_target"": 0.08}",0.5502,0.05145,-0.1771,16.62,4649,ef6bd10,amendment-1 search
2026-10-03T11:35:33+00:00,FTE,FTE_A+B+C+E+PCT|invvol_shrunk|vt10|nobrake,IS,1.0,15842b4783,"{""brake"": false, ""labels"": [""A"", ""B"", ""C"", ""E"", ""PCT""], ""scheme"": ""invvol_shrunk"", ""vol_target"": 0.1}",0.4365,0.05382,-0.3268,32.25,4649,ef6bd10,amendment-1 search
2026-10-03T11:35:33+00:00,FTE,FTE_A+B+C+E+PCT|invvol_shrunk|vt10|brake,IS,1.0,ac97c46b75,"{""brake"": true, ""labels"": [""A"", ""B"", ""C"", ""E"", ""PCT""], ""scheme"": ""invvol_shrunk"", ""vol_target"": 0.1}",0.4669,0.04983,-0.2154,25.3,4649,ef6bd10,amendment-1 search
2026-10-03T11:35:33+00:00,FTE,FTE_A+B+C+E+PCT|minvar_lw|vt6|nobrake,IS,1.0,a99cdd24be,"{""brake"": false, ""labels"": [""A"", ""B"", ""C"", ""E"", ""PCT""], ""scheme"": ""minvar_lw"", ""vol_target"": 0.06}",0.8805,0.07113,-0.1101,13.41,4633,ef6bd10,amendment-1 search
2026-10-03T11:35:33+00:00,FTE,FTE_A+B+C+E+PCT|minvar_lw|vt6|brake,IS,1.0,4baea47f5c,"{""brake"": true, ""labels"": [""A"", ""B"", ""C"", ""E"", ""PCT""], ""scheme"": ""minvar_lw"", ""vol_target"": 0.06}",0.8243,0.0652,-0.1415,13.92,4633,ef6bd10,amendment-1 search
2026-10-03T11:35:33+00:00,FTE,FTE_A+B+C+E+PCT|minvar_lw|vt8|nobrake,IS,1.0,d16d7c34d0,"{""brake"": false, ""labels"": [""A"", ""B"", ""C"", ""E"", ""PCT""], ""scheme"": ""minvar_lw"", ""vol_target"": 0.08}",0.8027,0.07575,-0.1505,25.68,4633,ef6bd10,amendment-1 search
2026-10-03T11:35:33+00:00,FTE,FTE_A+B+C+E+PCT|minvar_lw|vt8|brake,IS,1.0,eb0ba060c1,"{""brake"": true, ""labels"": [""A"", ""B"", ""C"", ""E"", ""PCT""], ""scheme"": ""minvar_lw"", ""vol_target"": 0.08}",0.805,0.0724,-0.1366,23.43,4633,ef6bd10,amendment-1 search
2026-10-03T11:35:33+00:00,FTE,FTE_A+B+C+E+PCT|minvar_lw|vt10|nobrake,IS,1.0,768033ec67,"{""brake"": false, ""labels"": [""A"", ""B"", ""C"", ""E"", ""PCT""], ""scheme"": ""minvar_lw"", ""vol_target"": 0.1}",0.7038,0.07497,-0.2109,39.87,4633,ef6bd10,amendment-1 search
2026-10-03T11:35:33+00:00,FTE,FTE_A+B+C+E+PCT|minvar_lw|vt10|brake,IS,1.0,56dff8784f,"{""brake"": true, ""labels"": [""A"", ""B"", ""C"", ""E"", ""PCT""], ""scheme"": ""minvar_lw"", ""vol_target"": 0.1}",0.7328,0.07087,-0.1687,33.37,4633,ef6bd10,amendment-1 search
2026-10-03T11:35:33+00:00,FTE,FTE_A+B+C+E+TSMOM|eqrisk|vt6|nobrake,IS,1.0,bf3008ea89,"{""brake"": false, ""labels"": [""A"", ""B"", ""C"", ""E"", ""TSMOM""], ""scheme"": ""eqrisk"", ""vol_target"": 0.06}",0.7383,0.06137,-0.1532,12.69,4649,ef6bd10,amendment-1 search
2026-10-03T11:35:33+00:00,FTE,FTE_A+B+C+E+TSMOM|eqrisk|vt6|brake,IS,1.0,68bba639c3,"{""brake"": true, ""labels"": [""A"", ""B"", ""C"", ""E"", ""TSMOM""], ""scheme"": ""eqrisk"", ""vol_target"": 0.06}",0.7272,0.05698,-0.1426,13.09,4649,ef6bd10,amendment-1 search
2026-10-03T11:35:33+00:00,FTE,FTE_A+B+C+E+TSMOM|eqrisk|vt8|nobrake,IS,1.0,23c93a3935,"{""brake"": false, ""labels"": [""A"", ""B"", ""C"", ""E"", ""TSMOM""], ""scheme"": ""eqrisk"", ""vol_target"": 0.08}",0.6719,0.06703,-0.2049,24.64,4649,ef6bd10,amendment-1 search
2026-10-03T11:35:33+00:00,FTE,FTE_A+B+C+E+TSMOM|eqrisk|vt8|brake,IS,1.0,2aacee3c12,"{""brake"": true, ""labels"": [""A"", ""B"", ""C"", ""E"", ""TSMOM""], ""scheme"": ""eqrisk"", ""vol_target"": 0.08}",0.706,0.06396,-0.1641,21.83,4649,ef6bd10,amendment-1 search
2026-10-03T11:35:33+00:00,FTE,FTE_A+B+C+E+TSMOM|eqrisk|vt10|nobrake,IS,1.0,153348f294,"{""brake"": false, ""labels"": [""A"", ""B"", ""C"", ""E"", ""TSMOM""], ""scheme"": ""eqrisk"", ""vol_target"": 0.1}",0.5845,0.06715,-0.2654,38.84,4649,ef6bd10,amendment-1 search
2026-10-03T11:35:33+00:00,FTE,FTE_A+B+C+E+TSMOM|eqrisk|vt10|brake,IS,1.0,e0761638d1,"{""brake"": true, ""labels"": [""A"", ""B"", ""C"", ""E"", ""TSMOM""], ""scheme"": ""eqrisk"", ""vol_target"": 0.1}",0.6301,0.06448,-0.1918,32.6,4649,ef6bd10,amendment-1 search
2026-10-03T11:35:33+00:00,FTE,FTE_A+B+C+E+TSMOM|invvol_shrunk|vt6|nobrake,IS,1.0,6d33acc77f,"{""brake"": false, ""labels"": [""A"", ""B"", ""C"", ""E"", ""TSMOM""], ""scheme"": ""invvol_shrunk"", ""vol_target"": 0.06}",0.6382,0.05467,-0.1571,10.76,4649,ef6bd10,amendment-1 search
2026-10-03T11:35:33+00:00,FTE,FTE_A+B+C+E+TSMOM|invvol_shrunk|vt6|brake,IS,1.0,639eb53ddc,"{""brake"": true, ""labels"": [""A"", ""B"", ""C"", ""E"", ""TSMOM""], ""scheme"": ""invvol_shrunk"", ""vol_target"": 0.06}",0.632,0.05079,-0.1445,10.32,4649,ef6bd10,amendment-1 search
2026-10-03T11:35:33+00:00,FTE,FTE_A+B+C+E+TSMOM|invvol_shrunk|vt8|nobrake,IS,1.0,c61a3c284c,"{""brake"": false, ""labels"": [""A"", ""B"", ""C"", ""E"", ""TSMOM""], ""scheme"": ""invvol_shrunk"", ""vol_target"": 0.08}",0.6003,0.06206,-0.2076,19.86,4649,ef6bd10,amendment-1 search
2026-10-03T11:35:33+00:00,FTE,FTE_A+B+C+E+TSMOM|invvol_shrunk|vt8|brake,IS,1.0,1d7147b474,"{""brake"": true, ""labels"": [""A"", ""B"", ""C"", ""E"", ""TSMOM""], ""scheme"": ""invvol_shrunk"", ""vol_target"": 0.08}",0.6035,0.05658,-0.1585,18.15,4649,ef6bd10,amendment-1 search
2026-10-03T11:35:33+00:00,FTE,FTE_A+B+C+E+TSMOM|invvol_shrunk|vt10|nobrake,IS,1.0,879114ca0e,"{""brake"": false, ""labels"": [""A"", ""B"", ""C"", ""E"", ""TSMOM""], ""scheme"": ""invvol_shrunk"", ""vol_target"": 0.1}",0.526,0.06294,-0.2633,34.04,4649,ef6bd10,amendment-1 search
2026-10-03T11:35:33+00:00,FTE,FTE_A+B+C+E+TSMOM|invvol_shrunk|vt10|brake,IS,1.0,2f5ec0c270,"{""brake"": true, ""labels"": [""A"", ""B"", ""C"", ""E"", ""TSMOM""], ""scheme"": ""invvol_shrunk"", ""vol_target"": 0.1}",0.5414,0.05705,-0.1939,28.4,4649,ef6bd10,amendment-1 search
2026-10-03T11:35:33+00:00,FTE,FTE_A+B+C+E+TSMOM|minvar_lw|vt6|nobrake,IS,1.0,eee4d1f304,"{""brake"": false, ""labels"": [""A"", ""B"", ""C"", ""E"", ""TSMOM""], ""scheme"": ""minvar_lw"", ""vol_target"": 0.06}",0.8952,0.07234,-0.1081,13.51,4633,ef6bd10,amendment-1 search
2026-10-03T11:35:33+00:00,FTE,FTE_A+B+C+E+TSMOM|minvar_lw|vt6|brake,IS,1.0,4827acf3ac,"{""brake"": true, ""labels"": [""A"", ""B"", ""C"", ""E"", ""TSMOM""], ""scheme"": ""minvar_lw"", ""vol_target"": 0.06}",0.843,0.06741,-0.1286,13.68,4633,ef6bd10,amendment-1 search
2026-10-03T11:35:33+00:00,FTE,FTE_A+B+C+E+TSMOM|minvar_lw|vt8|nobrake,IS,1.0,11f01cc323,"{""brake"": false, ""labels"": [""A"", ""B"", ""C"", ""E"", ""TSMOM""], ""scheme"": ""minvar_lw"", ""vol_target"": 0.08}",0.826,0.07768,-0.1493,25.74,4633,ef6bd10,amendment-1 search
2026-10-03T11:35:33+00:00,FTE,FTE_A+B+C+E+TSMOM|minvar_lw|vt8|brake,IS,1.0,77bb697f5a,"{""brake"": true, ""labels"": [""A"", ""B"", ""C"", ""E"", ""TSMOM""], ""scheme"": ""minvar_lw"", ""vol_target"": 0.08}",0.8127,0.07347,-0.1372,24.6,4633,ef6bd10,amendment-1 search
2026-10-03T11:35:33+00:00,FTE,FTE_A+B+C+E+TSMOM|minvar_lw|vt10|nobrake,IS,1.0,d362339248,"{""brake"": false, ""labels"": [""A"", ""B"", ""C"", ""E"", ""TSMOM""], ""scheme"": ""minvar_lw"", ""vol_target"": 0.1}",0.7278,0.07702,-0.2004,40.02,4633,ef6bd10,amendment-1 search
2026-10-03T11:35:33+00:00,FTE,FTE_A+B+C+E+TSMOM|minvar_lw|vt10|brake,IS,1.0,d200c4fd1f,"{""brake"": true, ""labels"": [""A"", ""B"", ""C"", ""E"", ""TSMOM""], ""scheme"": ""minvar_lw"", ""vol_target"": 0.1}",0.717,0.06982,-0.1631,35.75,4633,ef6bd10,amendment-1 search
2026-10-03T11:35:33+00:00,FTE,FTE_A+B+D+E|eqrisk|vt6|nobrake,IS,1.0,946248eb91,"{""brake"": false, ""labels"": [""A"", ""B"", ""D"", ""E""], ""scheme"": ""eqrisk"", ""vol_target"": 0.06}",-0.0606,0.00832,-0.3192,10.37,4649,ef6bd10,amendment-1 search
2026-10-03T11:35:33+00:00,FTE,FTE_A+B+D+E|eqrisk|vt6|brake,IS,1.0,bba67d83b0,"{""brake"": true, ""labels"": [""A"", ""B"", ""D"", ""E""], ""scheme"": ""eqrisk"", ""vol_target"": 0.06}",0.0864,0.01747,-0.2169,7.36,4649,ef6bd10,amendment-1 search
2026-10-03T11:35:33+00:00,FTE,FTE_A+B+D+E|eqrisk|vt8|nobrake,IS,1.0,9d5b7a4745,"{""brake"": false, ""labels"": [""A"", ""B"", ""D"", ""E""], ""scheme"": ""eqrisk"", ""vol_target"": 0.08}",-0.0961,0.00305,-0.4286,20.21,4649,ef6bd10,amendment-1 search
2026-10-03T11:35:33+00:00,FTE,FTE_A+B+D+E|eqrisk|vt8|brake,IS,1.0,ba4b68fb14,"{""brake"": true, ""labels"": [""A"", ""B"", ""D"", ""E""], ""scheme"": ""eqrisk"", ""vol_target"": 0.08}",0.0845,0.01777,-0.2576,13.51,4649,ef6bd10,amendment-1 search
2026-10-03T11:35:33+00:00,FTE,FTE_A+B+D+E|eqrisk|vt10|nobrake,IS,1.0,4f31453da0,"{""brake"": false, ""labels"": [""A"", ""B"", ""D"", ""E""], ""scheme"": ""eqrisk"", ""vol_target"": 0.1}",-0.1496,-0.00501,-0.5243,33.57,4649,ef6bd10,amendment-1 search
2026-10-03T11:35:33+00:00,FTE,FTE_A+B+D+E|eqrisk|vt10|brake,IS,1.0,9fc569efaa,"{""brake"": true, ""labels"": [""A"", ""B"", ""D"", ""E""], ""scheme"": ""eqrisk"", ""vol_target"": 0.1}",0.0054,0.01204,-0.3172,22.69,4649,ef6bd10,amendment-1 search
2026-10-03T11:35:33+00:00,FTE,FTE_A+B+D+E|invvol_shrunk|vt6|nobrake,IS,1.0,3e276a6337,"{""brake"": false, ""labels"": [""A"", ""B"", ""D"", ""E""], ""scheme"": ""invvol_shrunk"", ""vol_target"": 0.06}",0.0254,0.01396,-0.3038,7.7,4649,ef6bd10,amendment-1 search
2026-10-03T11:35:33+00:00,FTE,FTE_A+B+D+E|invvol_shrunk|vt6|brake,IS,1.0,1f3902b189,"{""brake"": true, ""labels"": [""A"", ""B"", ""D"", ""E""], ""scheme"": ""invvol_shrunk"", ""vol_target"": 0.06}",0.1646,0.02134,-0.2074,5.93,4649,ef6bd10,amendment-1 search
2026-10-03T11:35:33+00:00,FTE,FTE_A+B+D+E|invvol_shrunk|vt8|nobrake,IS,1.0,92dff13c2f,"{""brake"": false, ""labels"": [""A"", ""B"", ""D"", ""E""], ""scheme"": ""invvol_shrunk"", ""vol_target"": 0.08}",0.0124,0.01192,-0.3963,13.99,4649,ef6bd10,amendment-1 search
2026-10-03T11:35:33+00:00,FTE,FTE_A+B+D+E|invvol_shrunk|vt8|brake,IS,1.0,682671874d,"{""brake"": true, ""labels"": [""A"", ""B"", ""D"", ""E""], ""scheme"": ""invvol_shrunk"", ""vol_target"": 0.08}",0.1524,0.02204,-0.2515,9.92,4649,ef6bd10,amendment-1 search
2026-10-03T11:35:33+00:00,FTE,FTE_A+B+D+E|invvol_shrunk|vt10|nobrake,IS,1.0,c056e8e173,"{""brake"": false, ""labels"": [""A"", ""B"", ""D"", ""E""], ""scheme"": ""invvol_shrunk"", ""vol_target"": 0.1}",-0.0136,0.00776,-0.4911,23.35,4649,ef6bd10,amendment-1 search
2026-10-03T11:35:33+00:00,FTE,FTE_A+B+D+E|invvol_shrunk|vt10|brake,IS,1.0,865e268fd6,"{""brake"": true, ""labels"": [""A"", ""B"", ""D"", ""E""], ""scheme"": ""invvol_shrunk"", ""vol_target"": 0.1}",0.1448,0.02263,-0.3067,15.63,4649,ef6bd10,amendment-1 search
2026-10-03T11:35:33+00:00,FTE,FTE_A+B+D+E|minvar_lw|vt6|nobrake,IS,1.0,4861a10cc4,"{""brake"": false, ""labels"": [""A"", ""B"", ""D"", ""E""], ""scheme"": ""minvar_lw"", ""vol_target"": 0.06}",-0.2609,-0.00526,-0.4337,12.0,4633,ef6bd10,amendment-1 search
2026-10-03T11:35:33+00:00,FTE,FTE_A+B+D+E|minvar_lw|vt6|brake,IS,1.0,def242b328,"{""brake"": true, ""labels"": [""A"", ""B"", ""D"", ""E""], ""scheme"": ""minvar_lw"", ""vol_target"": 0.06}",-0.0668,0.00971,-0.253,7.52,4633,ef6bd10,amendment-1 search
2026-10-03T11:35:33+00:00,FTE,FTE_A+B+D+E|minvar_lw|vt8|nobrake,IS,1.0,6844ea4b47,"{""brake"": false, ""labels"": [""A"", ""B"", ""D"", ""E""], ""scheme"": ""minvar_lw"", ""vol_target"": 0.08}",-0.3393,-0.0153,-0.537,25.0,4633,ef6bd10,amendment-1 search
2026-10-03T11:35:33+00:00,FTE,FTE_A+B+D+E|minvar_lw|vt8|brake,IS,1.0,9e84f5d723,"{""brake"": true, ""labels"": [""A"", ""B"", ""D"", ""E""], ""scheme"": ""minvar_lw"", ""vol_target"": 0.08}",-0.14,0.00447,-0.3313,15.18,4633,ef6bd10,amendment-1 search
2026-10-03T11:35:33+00:00,FTE,FTE_A+B+D+E|minvar_lw|vt10|nobrake,IS,1.0,139d6596c6,"{""brake"": false, ""labels"": [""A"", ""B"", ""D"", ""E""], ""scheme"": ""minvar_lw"", ""vol_target"": 0.1}",-0.3902,-0.02338,-0.6058,40.52,4633,ef6bd10,amendment-1 search
2026-10-03T11:35:33+00:00,FTE,FTE_A+B+D+E|minvar_lw|vt10|brake,IS,1.0,2c889cc4fe,"{""brake"": true, ""labels"": [""A"", ""B"", ""D"", ""E""], ""scheme"": ""minvar_lw"", ""vol_target"": 0.1}",-0.1759,0.00065,-0.383,24.29,4633,ef6bd10,amendment-1 search
2026-10-03T11:35:33+00:00,FTE,FTE_A+B+D+E+PCT|eqrisk|vt6|nobrake,IS,1.0,f2a1c4e424,"{""brake"": false, ""labels"": [""A"", ""B"", ""D"", ""E"", ""PCT""], ""scheme"": ""eqrisk"", ""vol_target"": 0.06}",0.0797,0.01748,-0.2644,12.82,4649,ef6bd10,amendment-1 search
2026-10-03T11:35:33+00:00,FTE,FTE_A+B+D+E+PCT|eqrisk|vt6|brake,IS,1.0,68b0ff45b8,"{""brake"": true, ""labels"": [""A"", ""B"", ""D"", ""E"", ""PCT""], ""scheme"": ""eqrisk"", ""vol_target"": 0.06}",0.2138,0.02396,-0.1912,9.66,4649,ef6bd10,amendment-1 search
2026-10-03T11:35:33+00:00,FTE,FTE_A+B+D+E+PCT|eqrisk|vt8|nobrake,IS,1.0,b3d67ace1e,"{""brake"": false, ""labels"": [""A"", ""B"", ""D"", ""E"", ""PCT""], ""scheme"": ""eqrisk"", ""vol_target"": 0.08}",0.0216,0.01279,-0.379,25.29,4649,ef6bd10,amendment-1 search
2026-10-03T11:35:33+00:00,FTE,FTE_A+B+D+E+PCT|eqrisk|vt8|brake,IS,1.0,ec91d263c3,"{""brake"": true, ""labels"": [""A"", ""B"", ""D"", ""E"", ""PCT""], ""scheme"": ""eqrisk"", ""vol_target"": 0.08}",0.1903,0.02451,-0.2288,17.42,4649,ef6bd10,amendment-1 search
2026-10-03T11:35:33+00:00,FTE,FTE_A+B+D+E+PCT|eqrisk|vt10|nobrake,IS,1.0,03c747c464,"{""brake"": false, ""labels"": [""A"", ""B"", ""D"", ""E"", ""PCT""], ""scheme"": ""eqrisk"", ""vol_target"": 0.1}",-0.0395,0.00583,-0.4778,41.29,4649,ef6bd10,amendment-1 search
2026-10-03T11:35:33+00:00,FTE,FTE_A+B+D+E+PCT|eqrisk|vt10|brake,IS,1.0,63c69ec52f,"{""brake"": true, ""labels"": [""A"", ""B"", ""D"", ""E"", ""PCT""], ""scheme"": ""eqrisk"", ""vol_target"": 0.1}",0.0406,0.01472,-0.2973,29.27,4649,ef6bd10,amendment-1 search
2026-10-03T11:35:33+00:00,FTE,FTE_A+B+D+E+PCT|invvol_shrunk|vt6|nobrake,IS,1.0,ae3c27fe8d,"{""brake"": false, ""labels"": [""A"", ""B"", ""D"", ""E"", ""PCT""], ""scheme"": ""invvol_shrunk"", ""vol_target"": 0.06}",0.1794,0.02398,-0.2307,9.77,4649,ef6bd10,amendment-1 search
2026-10-03T11:35:33+00:00,FTE,FTE_A+B+D+E+PCT|invvol_shrunk|vt6|brake,IS,1.0,bdb014bd49,"{""brake"": true, ""labels"": [""A"", ""B"", ""D"", ""E"", ""PCT""], ""scheme"": ""invvol_shrunk"", ""vol_target"": 0.06}",0.242,0.02537,-0.1829,8.84,4649,ef6bd10,amendment-1 search
2026-10-03T11:35:33+00:00,FTE,FTE_A+B+D+E+PCT|invvol_shrunk|vt8|nobrake,IS,1.0,77e65a6466,"{""brake"": false, ""labels"": [""A"", ""B"", ""D"", ""E"", ""PCT""], ""scheme"": ""invvol_shrunk"", ""vol_target"": 0.08}",0.1419,0.02288,-0.3376,18.25,4649,ef6bd10,amendment-1 search
2026-10-03T11:35:33+00:00,FTE,FTE_A+B+D+E+PCT|invvol_shrunk|vt8|brake,IS,1.0,a0bafc2665,"{""brake"": true, ""labels"": [""A"", ""B"", ""D"", ""E"", ""PCT""], ""scheme"": ""invvol_shrunk"", ""vol_target"": 0.08}",0.2891,0.03118,-0.2123,13.06,4649,ef6bd10,amendment-1 search
2026-10-03T11:35:33+00:00,FTE,FTE_A+B+D+E+PCT|invvol_shrunk|vt10|nobrake,IS,1.0,650172637c,"{""brake"": false, ""labels"": [""A"", ""B"", ""D"", ""E"", ""PCT""], ""scheme"": ""invvol_shrunk"", ""vol_target"": 0.1}",0.0923,0.01868,-0.4464,31.72,4649,ef6bd10,amendment-1 search
2026-10-03T11:35:33+00:00,FTE,FTE_A+B+D+E+PCT|invvol_shrunk|vt10|brake,IS,1.0,c84bf112f5,"{""brake"": true, ""labels"": [""A"", ""B"", ""D"", ""E"", ""PCT""], ""scheme"": ""invvol_shrunk"", ""vol_target"": 0.1}",0.2244,0.02876,-0.2743,22.71,4649,ef6bd10,amendment-1 search
2026-10-03T11:35:33+00:00,FTE,FTE_A+B+D+E+PCT|minvar_lw|vt6|nobrake,IS,1.0,91c3ed13db,"{""brake"": false, ""labels"": [""A"", ""B"", ""D"", ""E"", ""PCT""], ""scheme"": ""minvar_lw"", ""vol_target"": 0.06}",-0.1631,0.00154,-0.3794,14.39,4633,ef6bd10,amendment-1 search
2026-10-03T11:35:33+00:00,FTE,FTE_A+B+D+E+PCT|minvar_lw|vt6|brake,IS,1.0,78fb40b199,"{""brake"": true, ""labels"": [""A"", ""B"", ""D"", ""E"", ""PCT""], ""scheme"": ""minvar_lw"", ""vol_target"": 0.06}",0.031,0.01459,-0.2078,9.69,4633,ef6bd10,amendment-1 search
2026-10-03T11:35:33+00:00,FTE,FTE_A+B+D+E+PCT|minvar_lw|vt8|nobrake,IS,1.0,5ddf62afc5,"{""brake"": false, ""labels"": [""A"", ""B"", ""D"", ""E"", ""PCT""], ""scheme"": ""minvar_lw"", ""vol_target"": 0.08}",-0.2371,-0.00688,-0.4804,29.49,4633,ef6bd10,amendment-1 search
2026-10-03T11:35:33+00:00,FTE,FTE_A+B+D+E+PCT|minvar_lw|vt8|brake,IS,1.0,944cab9f0b,"{""brake"": true, ""labels"": [""A"", ""B"", ""D"", ""E"", ""PCT""], ""scheme"": ""minvar_lw"", ""vol_target"": 0.08}",-0.0395,0.01018,-0.268,19.44,4633,ef6bd10,amendment-1 search
2026-10-03T11:35:33+00:00,FTE,FTE_A+B+D+E+PCT|minvar_lw|vt10|nobrake,IS,1.0,c4cfe0a29b,"{""brake"": false, ""labels"": [""A"", ""B"", ""D"", ""E"", ""PCT""], ""scheme"": ""minvar_lw"", ""vol_target"": 0.1}",-0.2923,-0.0145,-0.5554,46.46,4633,ef6bd10,amendment-1 search
2026-10-03T11:35:33+00:00,FTE,FTE_A+B+D+E+PCT|minvar_lw|vt10|brake,IS,1.0,587be2cd97,"{""brake"": true, ""labels"": [""A"", ""B"", ""D"", ""E"", ""PCT""], ""scheme"": ""minvar_lw"", ""vol_target"": 0.1}",-0.0825,0.00651,-0.3243,30.57,4633,ef6bd10,amendment-1 search
2026-10-03T11:35:33+00:00,FTE,FTE_A+B+D+E+TSMOM|eqrisk|vt6|nobrake,IS,1.0,6c5752d29f,"{""brake"": false, ""labels"": [""A"", ""B"", ""D"", ""E"", ""TSMOM""], ""scheme"": ""eqrisk"", ""vol_target"": 0.06}",0.1391,0.02134,-0.2434,13.75,4649,ef6bd10,amendment-1 search
2026-10-03T11:35:33+00:00,FTE,FTE_A+B+D+E+TSMOM|eqrisk|vt6|brake,IS,1.0,4a15cc8bb4,"{""brake"": true, ""labels"": [""A"", ""B"", ""D"", ""E"", ""TSMOM""], ""scheme"": ""eqrisk"", ""vol_target"": 0.06}",0.2217,0.02443,-0.1811,10.78,4649,ef6bd10,amendment-1 search
2026-10-03T11:35:33+00:00,FTE,FTE_A+B+D+E+TSMOM|eqrisk|vt8|nobrake,IS,1.0,0dab813576,"{""brake"": false, ""labels"": [""A"", ""B"", ""D"", ""E"", ""TSMOM""], ""scheme"": ""eqrisk"", ""vol_target"": 0.08}",0.0906,0.01851,-0.3282,26.71,4649,ef6bd10,amendment-1 search
2026-10-03T11:35:33+00:00,FTE,FTE_A+B+D+E+TSMOM|eqrisk|vt8|brake,IS,1.0,e141dcd6cd,"{""brake"": true, ""labels"": [""A"", ""B"", ""D"", ""E"", ""TSMOM""], ""scheme"": ""eqrisk"", ""vol_target"": 0.08}",0.2271,0.02696,-0.2102,18.35,4649,ef6bd10,amendment-1 search
2026-10-03T11:35:33+00:00,FTE,FTE_A+B+D+E+TSMOM|eqrisk|vt10|nobrake,IS,1.0,a3347fac48,"{""brake"": false, ""labels"": [""A"", ""B"", ""D"", ""E"", ""TSMOM""], ""scheme"": ""eqrisk"", ""vol_target"": 0.1}",0.0372,0.01334,-0.415,43.23,4649,ef6bd10,amendment-1 search
2026-10-03T11:35:33+00:00,FTE,FTE_A+B+D+E+TSMOM|eqrisk|vt10|brake,IS,1.0,b5fad90ac5,"{""brake"": true, ""labels"": [""A"", ""B"", ""D"", ""E"", ""TSMOM""], ""scheme"": ""eqrisk"", ""vol_target"": 0.1}",0.1208,0.0206,-0.2555,30.2,4649,ef6bd10,amendment-1 search
2026-10-03T11:35:33+00:00,FTE,FTE_A+B+D+E+TSMOM|invvol_shrunk|vt6|nobrake,IS,1.0,1d0338801a,"{""brake"": false, ""labels"": [""A"", ""B"", ""D"", ""E"", ""TSMOM""], ""scheme"": ""invvol_shrunk"", ""vol_target"": 0.06}",0.259,0.02916,-0.2033,10.71,4649,ef6bd10,amendment-1 search
2026-10-03T11:35:33+00:00,FTE,FTE_A+B+D+E+TSMOM|invvol_shrunk|vt6|brake,IS,1.0,bc7af9ea2c,"{""brake"": true, ""labels"": [""A"", ""B"", ""D"", ""E"", ""TSMOM""], ""scheme"": ""invvol_shrunk"", ""vol_target"": 0.06}",0.268,0.02752,-0.1661,9.99,4649,ef6bd10,amendment-1 search
2026-10-03T11:35:33+00:00,FTE,FTE_A+B+D+E+TSMOM|invvol_shrunk|vt8|nobrake,IS,1.0,f5b3447c92,"{""brake"": false, ""labels"": [""A"", ""B"", ""D"", ""E"", ""TSMOM""], ""scheme"": ""invvol_shrunk"", ""vol_target"": 0.08}",0.2285,0.0302,-0.271,20.0,4649,ef6bd10,amendment-1 search
2026-10-03T11:35:33+00:00,FTE,FTE_A+B+D+E+TSMOM|invvol_shrunk|vt8|brake,IS,1.0,f09404a530,"{""brake"": true, ""labels"": [""A"", ""B"", ""D"", ""E"", ""TSMOM""], ""scheme"": ""invvol_shrunk"", ""vol_target"": 0.08}",0.3189,0.03334,-0.1923,15.0,4649,ef6bd10,amendment-1 search
2026-10-03T11:35:33+00:00,FTE,FTE_A+B+D+E+TSMOM|invvol_shrunk|vt10|nobrake,IS,1.0,b5428e8564,"{""brake"": false, ""labels"": [""A"", ""B"", ""D"", ""E"", ""TSMOM""], ""scheme"": ""invvol_shrunk"", ""vol_target"": 0.1}",0.1867,0.02834,-0.3629,33.89,4649,ef6bd10,amendment-1 search
2026-10-03T11:35:33+00:00,FTE,FTE_A+B+D+E+TSMOM|invvol_shrunk|vt10|brake,IS,1.0,5d71a24bf5,"{""brake"": true, ""labels"": [""A"", ""B"", ""D"", ""E"", ""TSMOM""], ""scheme"": ""invvol_shrunk"", ""vol_target"": 0.1}",0.2185,0.02829,-0.2326,24.32,4649,ef6bd10,amendment-1 search
2026-10-03T11:35:33+00:00,FTE,FTE_A+B+D+E+TSMOM|minvar_lw|vt6|nobrake,IS,1.0,3a398fa686,"{""brake"": false, ""labels"": [""A"", ""B"", ""D"", ""E"", ""TSMOM""], ""scheme"": ""minvar_lw"", ""vol_target"": 0.06}",-0.1351,0.00339,-0.3598,14.82,4633,ef6bd10,amendment-1 search
2026-10-03T11:35:33+00:00,FTE,FTE_A+B+D+E+TSMOM|minvar_lw|vt6|brake,IS,1.0,bc57723fc3,"{""brake"": true, ""labels"": [""A"", ""B"", ""D"", ""E"", ""TSMOM""], ""scheme"": ""minvar_lw"", ""vol_target"": 0.06}",0.053,0.01568,-0.2045,9.79,4633,ef6bd10,amendment-1 search
2026-10-03T11:35:33+00:00,FTE,FTE_A+B+D+E+TSMOM|minvar_lw|vt8|nobrake,IS,1.0,3d9cc0955c,"{""brake"": false, ""labels"": [""A"", ""B"", ""D"", ""E"", ""TSMOM""], ""scheme"": ""minvar_lw"", ""vol_target"": 0.08}",-0.2067,-0.00454,-0.4579,29.9,4633,ef6bd10,amendment-1 search
2026-10-03T11:35:33+00:00,FTE,FTE_A+B+D+E+TSMOM|minvar_lw|vt8|brake,IS,1.0,1ac10e01b9,"{""brake"": true, ""labels"": [""A"", ""B"", ""D"", ""E"", ""TSMOM""], ""scheme"": ""minvar_lw"", ""vol_target"": 0.08}",-0.0232,0.01113,-0.2598,19.56,4633,ef6bd10,amendment-1 search
2026-10-03T11:35:33+00:00,FTE,FTE_A+B+D+E+TSMOM|minvar_lw|vt10|nobrake,IS,1.0,def2b33e6d,"{""brake"": false, ""labels"": [""A"", ""B"", ""D"", ""E"", ""TSMOM""], ""scheme"": ""minvar_lw"", ""vol_target"": 0.1}",-0.2553,-0.01132,-0.5268,46.97,4633,ef6bd10,amendment-1 search
2026-10-03T11:35:33+00:00,FTE,FTE_A+B+D+E+TSMOM|minvar_lw|vt10|brake,IS,1.0,2242d1deae,"{""brake"": true, ""labels"": [""A"", ""B"", ""D"", ""E"", ""TSMOM""], ""scheme"": ""minvar_lw"", ""vol_target"": 0.1}",-0.0647,0.00774,-0.3139,30.43,4633,ef6bd10,amendment-1 search
2026-10-03T11:35:33+00:00,FTE,FTE_A+C+D+E|eqrisk|vt6|nobrake,IS,1.0,25c043d306,"{""brake"": false, ""labels"": [""A"", ""C"", ""D"", ""E""], ""scheme"": ""eqrisk"", ""vol_target"": 0.06}",-0.1608,-0.03476,-0.6742,135.0,4649,ef6bd10,amendment-1 search
2026-10-03T11:35:33+00:00,FTE,FTE_A+C+D+E|eqrisk|vt6|brake,IS,1.0,70b65d864b,"{""brake"": true, ""labels"": [""A"", ""C"", ""D"", ""E""], ""scheme"": ""eqrisk"", ""vol_target"": 0.06}",-0.2021,-0.03796,-0.662,126.44,4649,ef6bd10,amendment-1 search
2026-10-03T11:35:33+00:00,FTE,FTE_A+C+D+E|eqrisk|vt8|nobrake,IS,1.0,1bb911f94b,"{""brake"": false, ""labels"": [""A"", ""C"", ""D"", ""E""], ""scheme"": ""eqrisk"", ""vol_target"": 0.08}",-0.1863,-0.04053,-0.6774,148.09,4649,ef6bd10,amendment-1 search
2026-10-03T11:35:33+00:00,FTE,FTE_A+C+D+E|eqrisk|vt8|brake,IS,1.0,cc5b82e242,"{""brake"": true, ""labels"": [""A"", ""C"", ""D"", ""E""], ""scheme"": ""eqrisk"", ""vol_target"": 0.08}",-0.2169,-0.04063,-0.6637,132.98,4649,ef6bd10,amendment-1 search
2026-10-03T11:35:33+00:00,FTE,FTE_A+C+D+E|eqrisk|vt10|nobrake,IS,1.0,9c5e036739,"{""brake"": false, ""labels"": [""A"", ""C"", ""D"", ""E""], ""scheme"": ""eqrisk"", ""vol_target"": 0.1}",-0.2245,-0.04861,-0.6794,162.51,4649,ef6bd10,amendment-1 search
2026-10-03T11:35:33+00:00,FTE,FTE_A+C+D+E|eqrisk|vt10|brake,IS,1.0,462cf3489c,"{""brake"": true, ""labels"": [""A"", ""C"", ""D"", ""E""], ""scheme"": ""eqrisk"", ""vol_target"": 0.1}",-0.2391,-0.04447,-0.6647,140.19,4649,ef6bd10,amendment-1 search
2026-10-03T11:35:33+00:00,FTE,FTE_A+C+D+E|invvol_shrunk|vt6|nobrake,IS,1.0,c14e2e804c,"{""brake"": false, ""labels"": [""A"", ""C"", ""D"", ""E""], ""scheme"": ""invvol_shrunk"", ""vol_target"": 0.06}",-0.1415,-0.03176,-0.6733,129.26,4649,ef6bd10,amendment-1 search
2026-10-03T11:35:33+00:00,FTE,FTE_A+C+D+E|invvol_shrunk|vt6|brake,IS,1.0,2a5a8480e2,"{""brake"": true, ""labels"": [""A"", ""C"", ""D"", ""E""], ""scheme"": ""invvol_shrunk"", ""vol_target"": 0.06}",-0.1919,-0.03646,-0.6616,123.56,4649,ef6bd10,amendment-1 search
2026-10-03T11:35:33+00:00,FTE,FTE_A+C+D+E|invvol_shrunk|vt8|nobrake,IS,1.0,005be17795,"{""brake"": false, ""labels"": [""A"", ""C"", ""D"", ""E""], ""scheme"": ""invvol_shrunk"", ""vol_target"": 0.08}",-0.154,-0.0359,-0.6769,140.0,4649,ef6bd10,amendment-1 search
2026-10-03T11:35:33+00:00,FTE,FTE_A+C+D+E|invvol_shrunk|vt8|brake,IS,1.0,5e6ed06faf,"{""brake"": true, ""labels"": [""A"", ""C"", ""D"", ""E""], ""scheme"": ""invvol_shrunk"", ""vol_target"": 0.08}",-0.1996,-0.03824,-0.6634,128.94,4649,ef6bd10,amendment-1 search
2026-10-03T11:35:33+00:00,FTE,FTE_A+C+D+E|invvol_shrunk|vt10|nobrake,IS,1.0,ede7e0545d,"{""brake"": false, ""labels"": [""A"", ""C"", ""D"", ""E""], ""scheme"": ""invvol_shrunk"", ""vol_target"": 0.1}",-0.1791,-0.04244,-0.6802,152.39,4649,ef6bd10,amendment-1 search
2026-10-03T11:35:33+00:00,FTE,FTE_A+C+D+E|invvol_shrunk|vt10|brake,IS,1.0,f9f1b8902d,"{""brake"": true, ""labels"": [""A"", ""C"", ""D"", ""E""], ""scheme"": ""invvol_shrunk"", ""vol_target"": 0.1}",-0.2147,-0.04121,-0.6645,135.13,4649,ef6bd10,amendment-1 search
2026-10-03T11:35:33+00:00,FTE,FTE_A+C+D+E|minvar_lw|vt6|nobrake,IS,1.0,730e705c27,"{""brake"": false, ""labels"": [""A"", ""C"", ""D"", ""E""], ""scheme"": ""minvar_lw"", ""vol_target"": 0.06}",0.037,0.01462,-0.276,20.72,4633,ef6bd10,amendment-1 search
2026-10-03T11:35:33+00:00,FTE,FTE_A+C+D+E|minvar_lw|vt6|brake,IS,1.0,73268cb66c,"{""brake"": true, ""labels"": [""A"", ""C"", ""D"", ""E""], ""scheme"": ""minvar_lw"", ""vol_target"": 0.06}",0.1842,0.02215,-0.1955,14.16,4633,ef6bd10,amendment-1 search
2026-10-03T11:35:33+00:00,FTE,FTE_A+C+D+E|minvar_lw|vt8|nobrake,IS,1.0,7de616f126,"{""brake"": false, ""labels"": [""A"", ""C"", ""D"", ""E""], ""scheme"": ""minvar_lw"", ""vol_target"": 0.08}",-0.0832,0.00559,-0.3576,35.91,4633,ef6bd10,amendment-1 search
2026-10-03T11:35:33+00:00,FTE,FTE_A+C+D+E|minvar_lw|vt8|brake,IS,1.0,bd80b325b7,"{""brake"": true, ""labels"": [""A"", ""C"", ""D"", ""E""], ""scheme"": ""minvar_lw"", ""vol_target"": 0.08}",0.06,0.01608,-0.2362,24.24,4633,ef6bd10,amendment-1 search
2026-10-03T11:35:33+00:00,FTE,FTE_A+C+D+E|minvar_lw|vt10|nobrake,IS,1.0,f0d3007c6f,"{""brake"": false, ""labels"": [""A"", ""C"", ""D"", ""E""], ""scheme"": ""minvar_lw"", ""vol_target"": 0.1}",-0.171,-0.00224,-0.4198,50.95,4633,ef6bd10,amendment-1 search
2026-10-03T11:35:33+00:00,FTE,FTE_A+C+D+E|minvar_lw|vt10|brake,IS,1.0,ffdd9dd558,"{""brake"": true, ""labels"": [""A"", ""C"", ""D"", ""E""], ""scheme"": ""minvar_lw"", ""vol_target"": 0.1}",-0.0055,0.01221,-0.2467,34.83,4633,ef6bd10,amendment-1 search
2026-10-03T11:35:33+00:00,FTE,FTE_A+C+D+E+PCT|eqrisk|vt6|nobrake,IS,1.0,1233a6ac68,"{""brake"": false, ""labels"": [""A"", ""C"", ""D"", ""E"", ""PCT""], ""scheme"": ""eqrisk"", ""vol_target"": 0.06}",-0.1103,-0.02663,-0.6742,136.29,4649,ef6bd10,amendment-1 search
2026-10-03T11:35:33+00:00,FTE,FTE_A+C+D+E+PCT|eqrisk|vt6|brake,IS,1.0,8d9dc29d6c,"{""brake"": true, ""labels"": [""A"", ""C"", ""D"", ""E"", ""PCT""], ""scheme"": ""eqrisk"", ""vol_target"": 0.06}",-0.1753,-0.03393,-0.662,127.08,4649,ef6bd10,amendment-1 search
2026-10-03T11:35:33+00:00,FTE,FTE_A+C+D+E+PCT|eqrisk|vt8|nobrake,IS,1.0,794781d4ea,"{""brake"": false, ""labels"": [""A"", ""C"", ""D"", ""E"", ""PCT""], ""scheme"": ""eqrisk"", ""vol_target"": 0.08}",-0.1272,-0.03095,-0.6774,151.38,4649,ef6bd10,amendment-1 search
2026-10-03T11:35:33+00:00,FTE,FTE_A+C+D+E+PCT|eqrisk|vt8|brake,IS,1.0,bef449e9cf,"{""brake"": true, ""labels"": [""A"", ""C"", ""D"", ""E"", ""PCT""], ""scheme"": ""eqrisk"", ""vol_target"": 0.08}",-0.1848,-0.03585,-0.6637,134.63,4649,ef6bd10,amendment-1 search
2026-10-03T11:35:33+00:00,FTE,FTE_A+C+D+E+PCT|eqrisk|vt10|nobrake,IS,1.0,bbc7fd7731,"{""brake"": false, ""labels"": [""A"", ""C"", ""D"", ""E"", ""PCT""], ""scheme"": ""eqrisk"", ""vol_target"": 0.1}",-0.1635,-0.03864,-0.6794,167.68,4649,ef6bd10,amendment-1 search
2026-10-03T11:35:33+00:00,FTE,FTE_A+C+D+E+PCT|eqrisk|vt10|brake,IS,1.0,bf85c17ca7,"{""brake"": true, ""labels"": [""A"", ""C"", ""D"", ""E"", ""PCT""], ""scheme"": ""eqrisk"", ""vol_target"": 0.1}",-0.2054,-0.03946,-0.6647,142.78,4649,ef6bd10,amendment-1 search
2026-10-03T11:35:33+00:00,FTE,FTE_A+C+D+E+PCT|invvol_shrunk|vt6|nobrake,IS,1.0,0c36b9ddc7,"{""brake"": false, ""labels"": [""A"", ""C"", ""D"", ""E"", ""PCT""], ""scheme"": ""invvol_shrunk"", ""vol_target"": 0.06}",-0.091,-0.02361,-0.6733,130.43,4649,ef6bd10,amendment-1 search
2026-10-03T11:35:33+00:00,FTE,FTE_A+C+D+E+PCT|invvol_shrunk|vt6|brake,IS,1.0,e4409a059f,"{""brake"": true, ""labels"": [""A"", ""C"", ""D"", ""E"", ""PCT""], ""scheme"": ""invvol_shrunk"", ""vol_target"": 0.06}",-0.165,-0.03243,-0.6616,124.15,4649,ef6bd10,amendment-1 search
2026-10-03T11:35:33+00:00,FTE,FTE_A+C+D+E+PCT|invvol_shrunk|vt8|nobrake,IS,1.0,512ac10922,"{""brake"": false, ""labels"": [""A"", ""C"", ""D"", ""E"", ""PCT""], ""scheme"": ""invvol_shrunk"", ""vol_target"": 0.08}",-0.0937,-0.0259,-0.6769,143.28,4649,ef6bd10,amendment-1 search
2026-10-03T11:35:33+00:00,FTE,FTE_A+C+D+E+PCT|invvol_shrunk|vt8|brake,IS,1.0,38944b1640,"{""brake"": true, ""labels"": [""A"", ""C"", ""D"", ""E"", ""PCT""], ""scheme"": ""invvol_shrunk"", ""vol_target"": 0.08}",-0.1666,-0.03327,-0.6634,130.58,4649,ef6bd10,amendment-1 search
2026-10-03T11:35:33+00:00,FTE,FTE_A+C+D+E+PCT|invvol_shrunk|vt10|nobrake,IS,1.0,570a830eb2,"{""brake"": false, ""labels"": [""A"", ""C"", ""D"", ""E"", ""PCT""], ""scheme"": ""invvol_shrunk"", ""vol_target"": 0.1}",-0.12,-0.03243,-0.6802,158.0,4649,ef6bd10,amendment-1 search
2026-10-03T11:35:33+00:00,FTE,FTE_A+C+D+E+PCT|invvol_shrunk|vt10|brake,IS,1.0,ed8e50f0ff,"{""brake"": true, ""labels"": [""A"", ""C"", ""D"", ""E"", ""PCT""], ""scheme"": ""invvol_shrunk"", ""vol_target"": 0.1}",-0.1815,-0.03619,-0.6645,137.94,4649,ef6bd10,amendment-1 search
2026-10-03T11:35:33+00:00,FTE,FTE_A+C+D+E+PCT|minvar_lw|vt6|nobrake,IS,1.0,c3fef6b0d5,"{""brake"": false, ""labels"": [""A"", ""C"", ""D"", ""E"", ""PCT""], ""scheme"": ""minvar_lw"", ""vol_target"": 0.06}",0.1273,0.02031,-0.2511,22.22,4633,ef6bd10,amendment-1 search
2026-10-03T11:35:33+00:00,FTE,FTE_A+C+D+E+PCT|minvar_lw|vt6|brake,IS,1.0,0745fc95a1,"{""brake"": true, ""labels"": [""A"", ""C"", ""D"", ""E"", ""PCT""], ""scheme"": ""minvar_lw"", ""vol_target"": 0.06}",0.2541,0.02559,-0.2018,16.8,4633,ef6bd10,amendment-1 search
2026-10-03T11:35:33+00:00,FTE,FTE_A+C+D+E+PCT|minvar_lw|vt8|nobrake,IS,1.0,9719eb7903,"{""brake"": false, ""labels"": [""A"", ""C"", ""D"", ""E"", ""PCT""], ""scheme"": ""minvar_lw"", ""vol_target"": 0.08}",0.0134,0.01273,-0.317,38.47,4633,ef6bd10,amendment-1 search
2026-10-03T11:35:33+00:00,FTE,FTE_A+C+D+E+PCT|minvar_lw|vt8|brake,IS,1.0,0bbd26c82c,"{""brake"": true, ""labels"": [""A"", ""C"", ""D"", ""E"", ""PCT""], ""scheme"": ""minvar_lw"", ""vol_target"": 0.08}",0.1651,0.02181,-0.2132,26.93,4633,ef6bd10,amendment-1 search
2026-10-03T11:35:33+00:00,FTE,FTE_A+C+D+E+PCT|minvar_lw|vt10|nobrake,IS,1.0,fb1cc2d9e0,"{""brake"": false, ""labels"": [""A"", ""C"", ""D"", ""E"", ""PCT""], ""scheme"": ""minvar_lw"", ""vol_target"": 0.1}",-0.0799,0.00514,-0.3795,54.2,4633,ef6bd10,amendment-1 search
2026-10-03T11:35:33+00:00,FTE,FTE_A+C+D+E+PCT|minvar_lw|vt10|brake,IS,1.0,e837ad31ec,"{""brake"": true, ""labels"": [""A"", ""C"", ""D"", ""E"", ""PCT""], ""scheme"": ""minvar_lw"", ""vol_target"": 0.1}",0.0489,0.01544,-0.2266,37.47,4633,ef6bd10,amendment-1 search
2026-10-03T11:35:33+00:00,FTE,FTE_A+C+D+E+TSMOM|eqrisk|vt6|nobrake,IS,1.0,1c031c3127,"{""brake"": false, ""labels"": [""A"", ""C"", ""D"", ""E"", ""TSMOM""], ""scheme"": ""eqrisk"", ""vol_target"": 0.06}",-0.0917,-0.02367,-0.6742,136.92,4649,ef6bd10,amendment-1 search
2026-10-03T11:35:33+00:00,FTE,FTE_A+C+D+E+TSMOM|eqrisk|vt6|brake,IS,1.0,87f26f6963,"{""brake"": true, ""labels"": [""A"", ""C"", ""D"", ""E"", ""TSMOM""], ""scheme"": ""eqrisk"", ""vol_target"": 0.06}",-0.1654,-0.03247,-0.662,127.4,4649,ef6bd10,amendment-1 search
2026-10-03T11:35:33+00:00,FTE,FTE_A+C+D+E+TSMOM|eqrisk|vt8|nobrake,IS,1.0,dd3b78e6fc,"{""brake"": false, ""labels"": [""A"", ""C"", ""D"", ""E"", ""TSMOM""], ""scheme"": ""eqrisk"", ""vol_target"": 0.08}",-0.1032,-0.02696,-0.6774,152.28,4649,ef6bd10,amendment-1 search
2026-10-03T11:35:33+00:00,FTE,FTE_A+C+D+E+TSMOM|eqrisk|vt8|brake,IS,1.0,0b7d337e17,"{""brake"": true, ""labels"": [""A"", ""C"", ""D"", ""E"", ""TSMOM""], ""scheme"": ""eqrisk"", ""vol_target"": 0.08}",-0.1717,-0.03387,-0.6637,135.08,4649,ef6bd10,amendment-1 search
2026-10-03T11:35:33+00:00,FTE,FTE_A+C+D+E+TSMOM|eqrisk|vt10|nobrake,IS,1.0,a899e8169a,"{""brake"": false, ""labels"": [""A"", ""C"", ""D"", ""E"", ""TSMOM""], ""scheme"": ""eqrisk"", ""vol_target"": 0.1}",-0.1346,-0.0337,-0.6794,169.12,4649,ef6bd10,amendment-1 search
2026-10-03T11:35:33+00:00,FTE,FTE_A+C+D+E+TSMOM|eqrisk|vt10|brake,IS,1.0,694ff10a36,"{""brake"": true, ""labels"": [""A"", ""C"", ""D"", ""E"", ""TSMOM""], ""scheme"": ""eqrisk"", ""vol_target"": 0.1}",-0.1893,-0.037,-0.6647,143.5,4649,ef6bd10,amendment-1 search
2026-10-03T11:35:33+00:00,FTE,FTE_A+C+D+E+TSMOM|invvol_shrunk|vt6|nobrake,IS,1.0,5edb52dfb9,"{""brake"": false, ""labels"": [""A"", ""C"", ""D"", ""E"", ""TSMOM""], ""scheme"": ""invvol_shrunk"", ""vol_target"": 0.06}",-0.0642,-0.01932,-0.6733,131.22,4649,ef6bd10,amendment-1 search
2026-10-03T11:35:33+00:00,FTE,FTE_A+C+D+E+TSMOM|invvol_shrunk|vt6|brake,IS,1.0,b8a6fc955c,"{""brake"": true, ""labels"": [""A"", ""C"", ""D"", ""E"", ""TSMOM""], ""scheme"": ""invvol_shrunk"", ""vol_target"": 0.06}",-0.1508,-0.0303,-0.6616,124.55,4649,ef6bd10,amendment-1 search
2026-10-03T11:35:33+00:00,FTE,FTE_A+C+D+E+TSMOM|invvol_shrunk|vt8|nobrake,IS,1.0,2e712e8a02,"{""brake"": false, ""labels"": [""A"", ""C"", ""D"", ""E"", ""TSMOM""], ""scheme"": ""invvol_shrunk"", ""vol_target"": 0.08}",-0.0568,-0.0197,-0.6769,143.97,4649,ef6bd10,amendment-1 search
2026-10-03T11:35:33+00:00,FTE,FTE_A+C+D+E+TSMOM|invvol_shrunk|vt8|brake,IS,1.0,f92bd7efd8,"{""brake"": true, ""labels"": [""A"", ""C"", ""D"", ""E"", ""TSMOM""], ""scheme"": ""invvol_shrunk"", ""vol_target"": 0.08}",-0.1464,-0.03021,-0.6634,130.92,4649,ef6bd10,amendment-1 search
2026-10-03T11:35:33+00:00,FTE,FTE_A+C+D+E+TSMOM|invvol_shrunk|vt10|nobrake,IS,1.0,7e5f053eb1,"{""brake"": false, ""labels"": [""A"", ""C"", ""D"", ""E"", ""TSMOM""], ""scheme"": ""invvol_shrunk"", ""vol_target"": 0.1}",-0.0765,-0.02481,-0.6802,159.62,4649,ef6bd10,amendment-1 search
2026-10-03T11:35:33+00:00,FTE,FTE_A+C+D+E+TSMOM|invvol_shrunk|vt10|brake,IS,1.0,5ddbc9ca17,"{""brake"": true, ""labels"": [""A"", ""C"", ""D"", ""E"", ""TSMOM""], ""scheme"": ""invvol_shrunk"", ""vol_target"": 0.1}",-0.157,-0.03242,-0.6645,138.74,4649,ef6bd10,amendment-1 search
2026-10-03T11:35:33+00:00,FTE,FTE_A+C+D+E+TSMOM|minvar_lw|vt6|nobrake,IS,1.0,853bdaa1c1,"{""brake"": false, ""labels"": [""A"", ""C"", ""D"", ""E"", ""TSMOM""], ""scheme"": ""minvar_lw"", ""vol_target"": 0.06}",0.1338,0.02072,-0.2537,22.37,4633,ef6bd10,amendment-1 search
2026-10-03T11:35:33+00:00,FTE,FTE_A+C+D+E+TSMOM|minvar_lw|vt6|brake,IS,1.0,9f7d6d57ab,"{""brake"": true, ""labels"": [""A"", ""C"", ""D"", ""E"", ""TSMOM""], ""scheme"": ""minvar_lw"", ""vol_target"": 0.06}",0.2463,0.02512,-0.1932,17.41,4633,ef6bd10,amendment-1 search
2026-10-03T11:35:33+00:00,FTE,FTE_A+C+D+E+TSMOM|minvar_lw|vt8|nobrake,IS,1.0,fc965e9b87,"{""brake"": false, ""labels"": [""A"", ""C"", ""D"", ""E"", ""TSMOM""], ""scheme"": ""minvar_lw"", ""vol_target"": 0.08}",0.0257,0.0136,-0.3052,38.42,4633,ef6bd10,amendment-1 search
2026-10-03T11:35:33+00:00,FTE,FTE_A+C+D+E+TSMOM|minvar_lw|vt8|brake,IS,1.0,57c79afe1f,"{""brake"": true, ""labels"": [""A"", ""C"", ""D"", ""E"", ""TSMOM""], ""scheme"": ""minvar_lw"", ""vol_target"": 0.08}",0.1633,0.02171,-0.2119,26.18,4633,ef6bd10,amendment-1 search
2026-10-03T11:35:33+00:00,FTE,FTE_A+C+D+E+TSMOM|minvar_lw|vt10|nobrake,IS,1.0,c51c03cfed,"{""brake"": false, ""labels"": [""A"", ""C"", ""D"", ""E"", ""TSMOM""], ""scheme"": ""minvar_lw"", ""vol_target"": 0.1}",-0.0721,0.00574,-0.3657,54.14,4633,ef6bd10,amendment-1 search
2026-10-03T11:35:33+00:00,FTE,FTE_A+C+D+E+TSMOM|minvar_lw|vt10|brake,IS,1.0,f9f09d2eee,"{""brake"": true, ""labels"": [""A"", ""C"", ""D"", ""E"", ""TSMOM""], ""scheme"": ""minvar_lw"", ""vol_target"": 0.1}",0.086,0.01762,-0.2265,37.1,4633,ef6bd10,amendment-1 search
2026-10-03T11:35:33+00:00,FTE,FTE_B+C+D+E|eqrisk|vt6|nobrake,IS,1.0,d2c9d8204d,"{""brake"": false, ""labels"": [""B"", ""C"", ""D"", ""E""], ""scheme"": ""eqrisk"", ""vol_target"": 0.06}",0.1198,0.02009,-0.3089,14.73,4649,ef6bd10,amendment-1 search
2026-10-03T11:35:33+00:00,FTE,FTE_B+C+D+E|eqrisk|vt6|brake,IS,1.0,ff64b3bbee,"{""brake"": true, ""labels"": [""B"", ""C"", ""D"", ""E""], ""scheme"": ""eqrisk"", ""vol_target"": 0.06}",0.2822,0.02749,-0.2118,10.22,4649,ef6bd10,amendment-1 search
2026-10-03T11:35:33+00:00,FTE,FTE_B+C+D+E|eqrisk|vt8|nobrake,IS,1.0,755400c909,"{""brake"": false, ""labels"": [""B"", ""C"", ""D"", ""E""], ""scheme"": ""eqrisk"", ""vol_target"": 0.08}",0.0168,0.01254,-0.4019,27.95,4649,ef6bd10,amendment-1 search
2026-10-03T11:35:33+00:00,FTE,FTE_B+C+D+E|eqrisk|vt8|brake,IS,1.0,acd12c2c3d,"{""brake"": true, ""labels"": [""B"", ""C"", ""D"", ""E""], ""scheme"": ""eqrisk"", ""vol_target"": 0.08}",0.2023,0.02502,-0.2582,19.12,4649,ef6bd10,amendment-1 search
2026-10-03T11:35:33+00:00,FTE,FTE_B+C+D+E|eqrisk|vt10|nobrake,IS,1.0,b7e11f4393,"{""brake"": false, ""labels"": [""B"", ""C"", ""D"", ""E""], ""scheme"": ""eqrisk"", ""vol_target"": 0.1}",-0.0814,0.00252,-0.4955,43.0,4649,ef6bd10,amendment-1 search
2026-10-03T11:35:33+00:00,FTE,FTE_B+C+D+E|eqrisk|vt10|brake,IS,1.0,d2a0dece56,"{""brake"": true, ""labels"": [""B"", ""C"", ""D"", ""E""], ""scheme"": ""eqrisk"", ""vol_target"": 0.1}",0.1165,0.02021,-0.302,29.73,4649,ef6bd10,amendment-1 search
2026-10-03T11:35:33+00:00,FTE,FTE_B+C+D+E|invvol_shrunk|vt6|nobrake,IS,1.0,e18d1f7eec,"{""brake"": false, ""labels"": [""B"", ""C"", ""D"", ""E""], ""scheme"": ""invvol_shrunk"", ""vol_target"": 0.06}",0.1685,0.02329,-0.3017,9.46,4649,ef6bd10,amendment-1 search
2026-10-03T11:35:33+00:00,FTE,FTE_B+C+D+E|invvol_shrunk|vt6|brake,IS,1.0,c1b3646e83,"{""brake"": true, ""labels"": [""B"", ""C"", ""D"", ""E""], ""scheme"": ""invvol_shrunk"", ""vol_target"": 0.06}",0.2968,0.02809,-0.2029,7.38,4649,ef6bd10,amendment-1 search
2026-10-03T11:35:33+00:00,FTE,FTE_B+C+D+E|invvol_shrunk|vt8|nobrake,IS,1.0,b4d5c0a879,"{""brake"": false, ""labels"": [""B"", ""C"", ""D"", ""E""], ""scheme"": ""invvol_shrunk"", ""vol_target"": 0.08}",0.1211,0.02109,-0.3915,18.34,4649,ef6bd10,amendment-1 search
2026-10-03T11:35:33+00:00,FTE,FTE_B+C+D+E|invvol_shrunk|vt8|brake,IS,1.0,313129aaf5,"{""brake"": true, ""labels"": [""B"", ""C"", ""D"", ""E""], ""scheme"": ""invvol_shrunk"", ""vol_target"": 0.08}",0.2858,0.0306,-0.252,12.29,4649,ef6bd10,amendment-1 search
2026-10-03T11:35:33+00:00,FTE,FTE_B+C+D+E|invvol_shrunk|vt10|nobrake,IS,1.0,7f6ae9825c,"{""brake"": false, ""labels"": [""B"", ""C"", ""D"", ""E""], ""scheme"": ""invvol_shrunk"", ""vol_target"": 0.1}",0.0457,0.01396,-0.4772,30.51,4649,ef6bd10,amendment-1 search
2026-10-03T11:35:33+00:00,FTE,FTE_B+C+D+E|invvol_shrunk|vt10|brake,IS,1.0,f891210e9f,"{""brake"": true, ""labels"": [""B"", ""C"", ""D"", ""E""], ""scheme"": ""invvol_shrunk"", ""vol_target"": 0.1}",0.2052,0.02718,-0.3035,21.16,4649,ef6bd10,amendment-1 search
2026-10-03T11:35:33+00:00,FTE,FTE_B+C+D+E|minvar_lw|vt6|nobrake,IS,1.0,1feaa4ef77,"{""brake"": false, ""labels"": [""B"", ""C"", ""D"", ""E""], ""scheme"": ""minvar_lw"", ""vol_target"": 0.06}",-0.0318,0.01011,-0.3574,18.04,4633,ef6bd10,amendment-1 search
2026-10-03T11:35:33+00:00,FTE,FTE_B+C+D+E|minvar_lw|vt6|brake,IS,1.0,b7c0af94ad,"{""brake"": true, ""labels"": [""B"", ""C"", ""D"", ""E""], ""scheme"": ""minvar_lw"", ""vol_target"": 0.06}",0.1544,0.02061,-0.2267,11.8,4633,ef6bd10,amendment-1 search
2026-10-03T11:35:33+00:00,FTE,FTE_B+C+D+E|minvar_lw|vt8|nobrake,IS,1.0,a83d6c9823,"{""brake"": false, ""labels"": [""B"", ""C"", ""D"", ""E""], ""scheme"": ""minvar_lw"", ""vol_target"": 0.08}",-0.1541,-0.00012,-0.4587,34.29,4633,ef6bd10,amendment-1 search
2026-10-03T11:35:33+00:00,FTE,FTE_B+C+D+E|minvar_lw|vt8|brake,IS,1.0,f7209a0734,"{""brake"": true, ""labels"": [""B"", ""C"", ""D"", ""E""], ""scheme"": ""minvar_lw"", ""vol_target"": 0.08}",0.053,0.01569,-0.2862,21.69,4633,ef6bd10,amendment-1 search
2026-10-03T11:35:33+00:00,FTE,FTE_B+C+D+E|minvar_lw|vt10|nobrake,IS,1.0,18d9de3bc4,"{""brake"": false, ""labels"": [""B"", ""C"", ""D"", ""E""], ""scheme"": ""minvar_lw"", ""vol_target"": 0.1}",-0.2488,-0.00964,-0.5246,50.4,4633,ef6bd10,amendment-1 search
2026-10-03T11:35:33+00:00,FTE,FTE_B+C+D+E|minvar_lw|vt10|brake,IS,1.0,6d261b66df,"{""brake"": true, ""labels"": [""B"", ""C"", ""D"", ""E""], ""scheme"": ""minvar_lw"", ""vol_target"": 0.1}",-0.0281,0.01078,-0.3212,32.47,4633,ef6bd10,amendment-1 search
2026-10-03T11:35:33+00:00,FTE,FTE_B+C+D+E+PCT|eqrisk|vt6|nobrake,IS,1.0,a91dfaa369,"{""brake"": false, ""labels"": [""B"", ""C"", ""D"", ""E"", ""PCT""], ""scheme"": ""eqrisk"", ""vol_target"": 0.06}",0.1863,0.02435,-0.2583,17.16,4649,ef6bd10,amendment-1 search
2026-10-03T11:35:33+00:00,FTE,FTE_B+C+D+E+PCT|eqrisk|vt6|brake,IS,1.0,71c3331762,"{""brake"": true, ""labels"": [""B"", ""C"", ""D"", ""E"", ""PCT""], ""scheme"": ""eqrisk"", ""vol_target"": 0.06}",0.3317,0.03018,-0.1796,13.12,4649,ef6bd10,amendment-1 search
2026-10-03T11:35:33+00:00,FTE,FTE_B+C+D+E+PCT|eqrisk|vt8|nobrake,IS,1.0,d81bf652c4,"{""brake"": false, ""labels"": [""B"", ""C"", ""D"", ""E"", ""PCT""], ""scheme"": ""eqrisk"", ""vol_target"": 0.08}",0.0769,0.01738,-0.3714,32.45,4649,ef6bd10,amendment-1 search
2026-10-03T11:35:33+00:00,FTE,FTE_B+C+D+E+PCT|eqrisk|vt8|brake,IS,1.0,8186a0263f,"{""brake"": true, ""labels"": [""B"", ""C"", ""D"", ""E"", ""PCT""], ""scheme"": ""eqrisk"", ""vol_target"": 0.08}",0.2397,0.02739,-0.2246,22.63,4649,ef6bd10,amendment-1 search
2026-10-03T11:35:33+00:00,FTE,FTE_B+C+D+E+PCT|eqrisk|vt10|nobrake,IS,1.0,ddf2c0fad6,"{""brake"": false, ""labels"": [""B"", ""C"", ""D"", ""E"", ""PCT""], ""scheme"": ""eqrisk"", ""vol_target"": 0.1}",-0.0204,0.00813,-0.4626,49.23,4649,ef6bd10,amendment-1 search
2026-10-03T11:35:33+00:00,FTE,FTE_B+C+D+E+PCT|eqrisk|vt10|brake,IS,1.0,960e4b74f7,"{""brake"": true, ""labels"": [""B"", ""C"", ""D"", ""E"", ""PCT""], ""scheme"": ""eqrisk"", ""vol_target"": 0.1}",0.1319,0.02131,-0.284,34.8,4649,ef6bd10,amendment-1 search
2026-10-03T11:35:33+00:00,FTE,FTE_B+C+D+E+PCT|invvol_shrunk|vt6|nobrake,IS,1.0,40f1b5082d,"{""brake"": false, ""labels"": [""B"", ""C"", ""D"", ""E"", ""PCT""], ""scheme"": ""invvol_shrunk"", ""vol_target"": 0.06}",0.2446,0.02824,-0.2345,12.0,4649,ef6bd10,amendment-1 search
2026-10-03T11:35:33+00:00,FTE,FTE_B+C+D+E+PCT|invvol_shrunk|vt6|brake,IS,1.0,b1b15b2475,"{""brake"": true, ""labels"": [""B"", ""C"", ""D"", ""E"", ""PCT""], ""scheme"": ""invvol_shrunk"", ""vol_target"": 0.06}",0.3343,0.03045,-0.171,9.63,4649,ef6bd10,amendment-1 search
2026-10-03T11:35:33+00:00,FTE,FTE_B+C+D+E+PCT|invvol_shrunk|vt8|nobrake,IS,1.0,9aeca9ac4f,"{""brake"": false, ""labels"": [""B"", ""C"", ""D"", ""E"", ""PCT""], ""scheme"": ""invvol_shrunk"", ""vol_target"": 0.08}",0.1758,0.02565,-0.3376,22.9,4649,ef6bd10,amendment-1 search
2026-10-03T11:35:33+00:00,FTE,FTE_B+C+D+E+PCT|invvol_shrunk|vt8|brake,IS,1.0,51e0bf2a05,"{""brake"": true, ""labels"": [""B"", ""C"", ""D"", ""E"", ""PCT""], ""scheme"": ""invvol_shrunk"", ""vol_target"": 0.08}",0.3206,0.03302,-0.2141,16.24,4649,ef6bd10,amendment-1 search
2026-10-03T11:35:33+00:00,FTE,FTE_B+C+D+E+PCT|invvol_shrunk|vt10|nobrake,IS,1.0,1dbd582204,"{""brake"": false, ""labels"": [""B"", ""C"", ""D"", ""E"", ""PCT""], ""scheme"": ""invvol_shrunk"", ""vol_target"": 0.1}",0.095,0.01895,-0.4426,37.42,4649,ef6bd10,amendment-1 search
2026-10-03T11:35:33+00:00,FTE,FTE_B+C+D+E+PCT|invvol_shrunk|vt10|brake,IS,1.0,c036bd1e94,"{""brake"": true, ""labels"": [""B"", ""C"", ""D"", ""E"", ""PCT""], ""scheme"": ""invvol_shrunk"", ""vol_target"": 0.1}",0.2339,0.02922,-0.2693,26.62,4649,ef6bd10,amendment-1 search
2026-10-03T11:35:33+00:00,FTE,FTE_B+C+D+E+PCT|minvar_lw|vt6|nobrake,IS,1.0,5fff500ecf,"{""brake"": false, ""labels"": [""B"", ""C"", ""D"", ""E"", ""PCT""], ""scheme"": ""minvar_lw"", ""vol_target"": 0.06}",-0.0114,0.01151,-0.3304,19.64,4633,ef6bd10,amendment-1 search
2026-10-03T11:35:33+00:00,FTE,FTE_B+C+D+E+PCT|minvar_lw|vt6|brake,IS,1.0,a67b2539d0,"{""brake"": true, ""labels"": [""B"", ""C"", ""D"", ""E"", ""PCT""], ""scheme"": ""minvar_lw"", ""vol_target"": 0.06}",0.1717,0.02146,-0.2023,13.8,4633,ef6bd10,amendment-1 search
2026-10-03T11:35:33+00:00,FTE,FTE_B+C+D+E+PCT|minvar_lw|vt8|nobrake,IS,1.0,42711726d2,"{""brake"": false, ""labels"": [""B"", ""C"", ""D"", ""E"", ""PCT""], ""scheme"": ""minvar_lw"", ""vol_target"": 0.08}",-0.1186,0.00268,-0.4306,36.61,4633,ef6bd10,amendment-1 search
2026-10-03T11:35:33+00:00,FTE,FTE_B+C+D+E+PCT|minvar_lw|vt8|brake,IS,1.0,e40cd3fca8,"{""brake"": true, ""labels"": [""B"", ""C"", ""D"", ""E"", ""PCT""], ""scheme"": ""minvar_lw"", ""vol_target"": 0.08}",0.0755,0.01694,-0.2683,23.83,4633,ef6bd10,amendment-1 search
2026-10-03T11:35:33+00:00,FTE,FTE_B+C+D+E+PCT|minvar_lw|vt10|nobrake,IS,1.0,ea0ee7e0f8,"{""brake"": false, ""labels"": [""B"", ""C"", ""D"", ""E"", ""PCT""], ""scheme"": ""minvar_lw"", ""vol_target"": 0.1}",-0.2063,-0.00612,-0.497,53.49,4633,ef6bd10,amendment-1 search
2026-10-03T11:35:33+00:00,FTE,FTE_B+C+D+E+PCT|minvar_lw|vt10|brake,IS,1.0,f78967de93,"{""brake"": true, ""labels"": [""B"", ""C"", ""D"", ""E"", ""PCT""], ""scheme"": ""minvar_lw"", ""vol_target"": 0.1}",-0.0159,0.01139,-0.3061,35.79,4633,ef6bd10,amendment-1 search
2026-10-03T11:35:33+00:00,FTE,FTE_B+C+D+E+TSMOM|eqrisk|vt6|nobrake,IS,1.0,50511cf4ef,"{""brake"": false, ""labels"": [""B"", ""C"", ""D"", ""E"", ""TSMOM""], ""scheme"": ""eqrisk"", ""vol_target"": 0.06}",0.2704,0.02976,-0.2334,18.15,4649,ef6bd10,amendment-1 search
2026-10-03T11:35:33+00:00,FTE,FTE_B+C+D+E+TSMOM|eqrisk|vt6|brake,IS,1.0,2a7f47d032,"{""brake"": true, ""labels"": [""B"", ""C"", ""D"", ""E"", ""TSMOM""], ""scheme"": ""eqrisk"", ""vol_target"": 0.06}",0.3636,0.03251,-0.1685,14.51,4649,ef6bd10,amendment-1 search
2026-10-03T11:35:33+00:00,FTE,FTE_B+C+D+E+TSMOM|eqrisk|vt8|nobrake,IS,1.0,2e7ef20411,"{""brake"": false, ""labels"": [""B"", ""C"", ""D"", ""E"", ""TSMOM""], ""scheme"": ""eqrisk"", ""vol_target"": 0.08}",0.1683,0.0247,-0.3171,33.87,4649,ef6bd10,amendment-1 search
2026-10-03T11:35:33+00:00,FTE,FTE_B+C+D+E+TSMOM|eqrisk|vt8|brake,IS,1.0,4573db92a8,"{""brake"": true, ""labels"": [""B"", ""C"", ""D"", ""E"", ""TSMOM""], ""scheme"": ""eqrisk"", ""vol_target"": 0.08}",0.3244,0.03292,-0.1986,24.07,4649,ef6bd10,amendment-1 search
2026-10-03T11:35:33+00:00,FTE,FTE_B+C+D+E+TSMOM|eqrisk|vt10|nobrake,IS,1.0,5104f2ae7b,"{""brake"": false, ""labels"": [""B"", ""C"", ""D"", ""E"", ""TSMOM""], ""scheme"": ""eqrisk"", ""vol_target"": 0.1}",0.0711,0.01673,-0.401,50.98,4649,ef6bd10,amendment-1 search
2026-10-03T11:35:33+00:00,FTE,FTE_B+C+D+E+TSMOM|eqrisk|vt10|brake,IS,1.0,76c50c6aac,"{""brake"": true, ""labels"": [""B"", ""C"", ""D"", ""E"", ""TSMOM""], ""scheme"": ""eqrisk"", ""vol_target"": 0.1}",0.1892,0.02546,-0.2503,35.76,4649,ef6bd10,amendment-1 search
2026-10-03T11:35:33+00:00,FTE,FTE_B+C+D+E+TSMOM|invvol_shrunk|vt6|nobrake,IS,1.0,7782c56bb6,"{""brake"": false, ""labels"": [""B"", ""C"", ""D"", ""E"", ""TSMOM""], ""scheme"": ""invvol_shrunk"", ""vol_target"": 0.06}",0.3383,0.03445,-0.197,12.94,4649,ef6bd10,amendment-1 search
2026-10-03T11:35:33+00:00,FTE,FTE_B+C+D+E+TSMOM|invvol_shrunk|vt6|brake,IS,1.0,2954799bd7,"{""brake"": true, ""labels"": [""B"", ""C"", ""D"", ""E"", ""TSMOM""], ""scheme"": ""invvol_shrunk"", ""vol_target"": 0.06}",0.3367,0.03148,-0.1577,11.89,4649,ef6bd10,amendment-1 search
2026-10-03T11:35:33+00:00,FTE,FTE_B+C+D+E+TSMOM|invvol_shrunk|vt8|nobrake,IS,1.0,44db6d3d31,"{""brake"": false, ""labels"": [""B"", ""C"", ""D"", ""E"", ""TSMOM""], ""scheme"": ""invvol_shrunk"", ""vol_target"": 0.08}",0.2777,0.03418,-0.268,24.57,4649,ef6bd10,amendment-1 search
2026-10-03T11:35:33+00:00,FTE,FTE_B+C+D+E+TSMOM|invvol_shrunk|vt8|brake,IS,1.0,6a2b61faf7,"{""brake"": true, ""labels"": [""B"", ""C"", ""D"", ""E"", ""TSMOM""], ""scheme"": ""invvol_shrunk"", ""vol_target"": 0.08}",0.3789,0.03745,-0.1832,17.71,4649,ef6bd10,amendment-1 search
2026-10-03T11:35:33+00:00,FTE,FTE_B+C+D+E+TSMOM|invvol_shrunk|vt10|nobrake,IS,1.0,f266fe0868,"{""brake"": false, ""labels"": [""B"", ""C"", ""D"", ""E"", ""TSMOM""], ""scheme"": ""invvol_shrunk"", ""vol_target"": 0.1}",0.2,0.02947,-0.3596,39.69,4649,ef6bd10,amendment-1 search
2026-10-03T11:35:33+00:00,FTE,FTE_B+C+D+E+TSMOM|invvol_shrunk|vt10|brake,IS,1.0,385c99bc5a,"{""brake"": true, ""labels"": [""B"", ""C"", ""D"", ""E"", ""TSMOM""], ""scheme"": ""invvol_shrunk"", ""vol_target"": 0.1}",0.2998,0.03452,-0.2312,28.7,4649,ef6bd10,amendment-1 search
2026-10-03T11:35:33+00:00,FTE,FTE_B+C+D+E+TSMOM|minvar_lw|vt6|nobrake,IS,1.0,9ed8877396,"{""brake"": false, ""labels"": [""B"", ""C"", ""D"", ""E"", ""TSMOM""], ""scheme"": ""minvar_lw"", ""vol_target"": 0.06}",0.0219,0.01364,-0.3195,19.62,4633,ef6bd10,amendment-1 search
2026-10-03T11:35:33+00:00,FTE,FTE_B+C+D+E+TSMOM|minvar_lw|vt6|brake,IS,1.0,978d5fa1f1,"{""brake"": true, ""labels"": [""B"", ""C"", ""D"", ""E"", ""TSMOM""], ""scheme"": ""minvar_lw"", ""vol_target"": 0.06}",0.2053,0.02314,-0.2015,13.71,4633,ef6bd10,amendment-1 search
2026-10-03T11:35:33+00:00,FTE,FTE_B+C+D+E+TSMOM|minvar_lw|vt8|nobrake,IS,1.0,0f0ad8e2f3,"{""brake"": false, ""labels"": [""B"", ""C"", ""D"", ""E"", ""TSMOM""], ""scheme"": ""minvar_lw"", ""vol_target"": 0.08}",-0.086,0.0051,-0.4182,36.47,4633,ef6bd10,amendment-1 search
2026-10-03T11:35:33+00:00,FTE,FTE_B+C+D+E+TSMOM|minvar_lw|vt8|brake,IS,1.0,128decb2e0,"{""brake"": true, ""labels"": [""B"", ""C"", ""D"", ""E"", ""TSMOM""], ""scheme"": ""minvar_lw"", ""vol_target"": 0.08}",0.1088,0.0188,-0.261,23.63,4633,ef6bd10,amendment-1 search
2026-10-03T11:35:33+00:00,FTE,FTE_B+C+D+E+TSMOM|minvar_lw|vt10|nobrake,IS,1.0,b02013c6d9,"{""brake"": false, ""labels"": [""B"", ""C"", ""D"", ""E"", ""TSMOM""], ""scheme"": ""minvar_lw"", ""vol_target"": 0.1}",-0.1787,-0.0038,-0.4831,53.23,4633,ef6bd10,amendment-1 search
2026-10-03T11:35:33+00:00,FTE,FTE_B+C+D+E+TSMOM|minvar_lw|vt10|brake,IS,1.0,6aa427b81b,"{""brake"": true, ""labels"": [""B"", ""C"", ""D"", ""E"", ""TSMOM""], ""scheme"": ""minvar_lw"", ""vol_target"": 0.1}",0.0351,0.01455,-0.2898,35.15,4633,ef6bd10,amendment-1 search
2026-10-03T11:35:33+00:00,FTE,FTE_A+B+C+D+E|eqrisk|vt6|nobrake,IS,1.0,ad78899244,"{""brake"": false, ""labels"": [""A"", ""B"", ""C"", ""D"", ""E""], ""scheme"": ""eqrisk"", ""vol_target"": 0.06}",0.2527,0.02857,-0.2793,16.94,4649,ef6bd10,amendment-1 search
2026-10-03T11:35:33+00:00,FTE,FTE_A+B+C+D+E|eqrisk|vt6|brake,IS,1.0,bfe5341d6c,"{""brake"": true, ""labels"": [""A"", ""B"", ""C"", ""D"", ""E""], ""scheme"": ""eqrisk"", ""vol_target"": 0.06}",0.3501,0.03163,-0.1931,12.85,4649,ef6bd10,amendment-1 search
2026-10-03T11:35:33+00:00,FTE,FTE_A+B+C+D+E|eqrisk|vt8|nobrake,IS,1.0,02a2dc8352,"{""brake"": false, ""labels"": [""A"", ""B"", ""C"", ""D"", ""E""], ""scheme"": ""eqrisk"", ""vol_target"": 0.08}",0.1521,0.02331,-0.3568,30.74,4649,ef6bd10,amendment-1 search
2026-10-03T11:35:33+00:00,FTE,FTE_A+B+C+D+E|eqrisk|vt8|brake,IS,1.0,911f26dffe,"{""brake"": true, ""labels"": [""A"", ""B"", ""C"", ""D"", ""E""], ""scheme"": ""eqrisk"", ""vol_target"": 0.08}",0.2991,0.03088,-0.2318,21.75,4649,ef6bd10,amendment-1 search
2026-10-03T11:35:33+00:00,FTE,FTE_A+B+C+D+E|eqrisk|vt10|nobrake,IS,1.0,cfaaca8f94,"{""brake"": false, ""labels"": [""A"", ""B"", ""C"", ""D"", ""E""], ""scheme"": ""eqrisk"", ""vol_target"": 0.1}",0.0471,0.01458,-0.427,45.73,4649,ef6bd10,amendment-1 search
2026-10-03T11:35:33+00:00,FTE,FTE_A+B+C+D+E|eqrisk|vt10|brake,IS,1.0,d759676b15,"{""brake"": true, ""labels"": [""A"", ""B"", ""C"", ""D"", ""E""], ""scheme"": ""eqrisk"", ""vol_target"": 0.1}",0.2091,0.02664,-0.2765,31.96,4649,ef6bd10,amendment-1 search
2026-10-03T11:35:33+00:00,FTE,FTE_A+B+C+D+E|invvol_shrunk|vt6|nobrake,IS,1.0,e7d5a72195,"{""brake"": false, ""labels"": [""A"", ""B"", ""C"", ""D"", ""E""], ""scheme"": ""invvol_shrunk"", ""vol_target"": 0.06}",0.2866,0.0309,-0.2798,11.43,4649,ef6bd10,amendment-1 search
2026-10-03T11:35:33+00:00,FTE,FTE_A+B+C+D+E|invvol_shrunk|vt6|brake,IS,1.0,646dfeb2bb,"{""brake"": true, ""labels"": [""A"", ""B"", ""C"", ""D"", ""E""], ""scheme"": ""invvol_shrunk"", ""vol_target"": 0.06}",0.3597,0.03209,-0.1934,9.18,4649,ef6bd10,amendment-1 search
2026-10-03T11:35:33+00:00,FTE,FTE_A+B+C+D+E|invvol_shrunk|vt8|nobrake,IS,1.0,3c3407a5d0,"{""brake"": false, ""labels"": [""A"", ""B"", ""C"", ""D"", ""E""], ""scheme"": ""invvol_shrunk"", ""vol_target"": 0.08}",0.2239,0.02955,-0.3711,21.83,4649,ef6bd10,amendment-1 search
2026-10-03T11:35:33+00:00,FTE,FTE_A+B+C+D+E|invvol_shrunk|vt8|brake,IS,1.0,af14c703fb,"{""brake"": true, ""labels"": [""A"", ""B"", ""C"", ""D"", ""E""], ""scheme"": ""invvol_shrunk"", ""vol_target"": 0.08}",0.3708,0.03607,-0.2407,15.32,4649,ef6bd10,amendment-1 search
2026-10-03T11:35:33+00:00,FTE,FTE_A+B+C+D+E|invvol_shrunk|vt10|nobrake,IS,1.0,e126df05f8,"{""brake"": false, ""labels"": [""A"", ""B"", ""C"", ""D"", ""E""], ""scheme"": ""invvol_shrunk"", ""vol_target"": 0.1}",0.1365,0.02308,-0.4458,34.7,4649,ef6bd10,amendment-1 search
2026-10-03T11:35:33+00:00,FTE,FTE_A+B+C+D+E|invvol_shrunk|vt10|brake,IS,1.0,2e275b7352,"{""brake"": true, ""labels"": [""A"", ""B"", ""C"", ""D"", ""E""], ""scheme"": ""invvol_shrunk"", ""vol_target"": 0.1}",0.3012,0.03423,-0.2883,24.03,4649,ef6bd10,amendment-1 search
2026-10-03T11:35:33+00:00,FTE,FTE_A+B+C+D+E|minvar_lw|vt6|nobrake,IS,1.0,02e869fd9d,"{""brake"": false, ""labels"": [""A"", ""B"", ""C"", ""D"", ""E""], ""scheme"": ""minvar_lw"", ""vol_target"": 0.06}",0.1528,0.02196,-0.2685,20.54,4633,ef6bd10,amendment-1 search
2026-10-03T11:35:33+00:00,FTE,FTE_A+B+C+D+E|minvar_lw|vt6|brake,IS,1.0,0acbb5e5d9,"{""brake"": true, ""labels"": [""A"", ""B"", ""C"", ""D"", ""E""], ""scheme"": ""minvar_lw"", ""vol_target"": 0.06}",0.2572,0.02582,-0.1957,15.53,4633,ef6bd10,amendment-1 search
2026-10-03T11:35:33+00:00,FTE,FTE_A+B+C+D+E|minvar_lw|vt8|nobrake,IS,1.0,748fd078c6,"{""brake"": false, ""labels"": [""A"", ""B"", ""C"", ""D"", ""E""], ""scheme"": ""minvar_lw"", ""vol_target"": 0.08}",0.0488,0.01519,-0.335,35.85,4633,ef6bd10,amendment-1 search
2026-10-03T11:35:33+00:00,FTE,FTE_A+B+C+D+E|minvar_lw|vt8|brake,IS,1.0,3858a71011,"{""brake"": true, ""labels"": [""A"", ""B"", ""C"", ""D"", ""E""], ""scheme"": ""minvar_lw"", ""vol_target"": 0.08}",0.205,0.02423,-0.2206,24.4,4633,ef6bd10,amendment-1 search
2026-10-03T11:35:33+00:00,FTE,FTE_A+B+C+D+E|minvar_lw|vt10|nobrake,IS,1.0,0217bd9953,"{""brake"": false, ""labels"": [""A"", ""B"", ""C"", ""D"", ""E""], ""scheme"": ""minvar_lw"", ""vol_target"": 0.1}",-0.0389,0.00779,-0.3839,51.44,4633,ef6bd10,amendment-1 search
2026-10-03T11:35:33+00:00,FTE,FTE_A+B+C+D+E|minvar_lw|vt10|brake,IS,1.0,97db45e20e,"{""brake"": true, ""labels"": [""A"", ""B"", ""C"", ""D"", ""E""], ""scheme"": ""minvar_lw"", ""vol_target"": 0.1}",0.1249,0.02014,-0.2489,35.45,4633,ef6bd10,amendment-1 search
2026-10-03T11:35:33+00:00,FTE,FTE_A+B+C+D+E+PCT|eqrisk|vt6|nobrake,IS,1.0,c2968a936b,"{""brake"": false, ""labels"": [""A"", ""B"", ""C"", ""D"", ""E"", ""PCT""], ""scheme"": ""eqrisk"", ""vol_target"": 0.06}",0.3488,0.03467,-0.2286,19.03,4649,ef6bd10,amendment-1 search
2026-10-03T11:35:33+00:00,FTE,FTE_A+B+C+D+E+PCT|eqrisk|vt6|brake,IS,1.0,0f66748196,"{""brake"": true, ""labels"": [""A"", ""B"", ""C"", ""D"", ""E"", ""PCT""], ""scheme"": ""eqrisk"", ""vol_target"": 0.06}",0.4003,0.03441,-0.1764,15.28,4649,ef6bd10,amendment-1 search
2026-10-03T11:35:33+00:00,FTE,FTE_A+B+C+D+E+PCT|eqrisk|vt8|nobrake,IS,1.0,7fc3e72559,"{""brake"": false, ""labels"": [""A"", ""B"", ""C"", ""D"", ""E"", ""PCT""], ""scheme"": ""eqrisk"", ""vol_target"": 0.08}",0.232,0.02963,-0.3045,34.65,4649,ef6bd10,amendment-1 search
2026-10-03T11:35:33+00:00,FTE,FTE_A+B+C+D+E+PCT|eqrisk|vt8|brake,IS,1.0,07f38f7eea,"{""brake"": true, ""labels"": [""A"", ""B"", ""C"", ""D"", ""E"", ""PCT""], ""scheme"": ""eqrisk"", ""vol_target"": 0.08}",0.3355,0.03324,-0.2011,25.49,4649,ef6bd10,amendment-1 search
2026-10-03T11:35:33+00:00,FTE,FTE_A+B+C+D+E+PCT|eqrisk|vt10|nobrake,IS,1.0,aa270baf1c,"{""brake"": false, ""labels"": [""A"", ""B"", ""C"", ""D"", ""E"", ""PCT""], ""scheme"": ""eqrisk"", ""vol_target"": 0.1}",0.1207,0.02132,-0.3823,51.33,4649,ef6bd10,amendment-1 search
2026-10-03T11:35:33+00:00,FTE,FTE_A+B+C+D+E+PCT|eqrisk|vt10|brake,IS,1.0,408027236b,"{""brake"": true, ""labels"": [""A"", ""B"", ""C"", ""D"", ""E"", ""PCT""], ""scheme"": ""eqrisk"", ""vol_target"": 0.1}",0.2703,0.031,-0.2472,35.97,4649,ef6bd10,amendment-1 search
2026-10-03T11:35:33+00:00,FTE,FTE_A+B+C+D+E+PCT|invvol_shrunk|vt6|nobrake,IS,1.0,6bccae4b3a,"{""brake"": false, ""labels"": [""A"", ""B"", ""C"", ""D"", ""E"", ""PCT""], ""scheme"": ""invvol_shrunk"", ""vol_target"": 0.06}",0.3762,0.03673,-0.213,13.44,4649,ef6bd10,amendment-1 search
2026-10-03T11:35:33+00:00,FTE,FTE_A+B+C+D+E+PCT|invvol_shrunk|vt6|brake,IS,1.0,fa88711348,"{""brake"": true, ""labels"": [""A"", ""B"", ""C"", ""D"", ""E"", ""PCT""], ""scheme"": ""invvol_shrunk"", ""vol_target"": 0.06}",0.3959,0.03421,-0.1731,11.71,4649,ef6bd10,amendment-1 search
2026-10-03T11:35:33+00:00,FTE,FTE_A+B+C+D+E+PCT|invvol_shrunk|vt8|nobrake,IS,1.0,0ec9557a2c,"{""brake"": false, ""labels"": [""A"", ""B"", ""C"", ""D"", ""E"", ""PCT""], ""scheme"": ""invvol_shrunk"", ""vol_target"": 0.08}",0.296,0.03552,-0.3057,25.8,4649,ef6bd10,amendment-1 search
2026-10-03T11:35:33+00:00,FTE,FTE_A+B+C+D+E+PCT|invvol_shrunk|vt8|brake,IS,1.0,a3171c4489,"{""brake"": true, ""labels"": [""A"", ""B"", ""C"", ""D"", ""E"", ""PCT""], ""scheme"": ""invvol_shrunk"", ""vol_target"": 0.08}",0.4227,0.03974,-0.1977,19.55,4649,ef6bd10,amendment-1 search
2026-10-03T11:35:33+00:00,FTE,FTE_A+B+C+D+E+PCT|invvol_shrunk|vt10|nobrake,IS,1.0,c393877d9e,"{""brake"": false, ""labels"": [""A"", ""B"", ""C"", ""D"", ""E"", ""PCT""], ""scheme"": ""invvol_shrunk"", ""vol_target"": 0.1}",0.1956,0.0289,-0.3934,40.99,4649,ef6bd10,amendment-1 search
2026-10-03T11:35:33+00:00,FTE,FTE_A+B+C+D+E+PCT|invvol_shrunk|vt10|brake,IS,1.0,adb23a84bf,"{""brake"": true, ""labels"": [""A"", ""B"", ""C"", ""D"", ""E"", ""PCT""], ""scheme"": ""invvol_shrunk"", ""vol_target"": 0.1}",0.328,0.03632,-0.2523,28.64,4649,ef6bd10,amendment-1 search
2026-10-03T11:35:33+00:00,FTE,FTE_A+B+C+D+E+PCT|minvar_lw|vt6|nobrake,IS,1.0,af7590af1b,"{""brake"": false, ""labels"": [""A"", ""B"", ""C"", ""D"", ""E"", ""PCT""], ""scheme"": ""minvar_lw"", ""vol_target"": 0.06}",0.2148,0.02578,-0.2417,22.1,4633,ef6bd10,amendment-1 search
2026-10-03T11:35:33+00:00,FTE,FTE_A+B+C+D+E+PCT|minvar_lw|vt6|brake,IS,1.0,3ed0a7ec69,"{""brake"": true, ""labels"": [""A"", ""B"", ""C"", ""D"", ""E"", ""PCT""], ""scheme"": ""minvar_lw"", ""vol_target"": 0.06}",0.3198,0.02895,-0.1815,17.76,4633,ef6bd10,amendment-1 search
2026-10-03T11:35:33+00:00,FTE,FTE_A+B+C+D+E+PCT|minvar_lw|vt8|nobrake,IS,1.0,152b2d8a3d,"{""brake"": false, ""labels"": [""A"", ""B"", ""C"", ""D"", ""E"", ""PCT""], ""scheme"": ""minvar_lw"", ""vol_target"": 0.08}",0.1063,0.0194,-0.3026,38.4,4633,ef6bd10,amendment-1 search
2026-10-03T11:35:33+00:00,FTE,FTE_A+B+C+D+E+PCT|minvar_lw|vt8|brake,IS,1.0,c087419515,"{""brake"": true, ""labels"": [""A"", ""B"", ""C"", ""D"", ""E"", ""PCT""], ""scheme"": ""minvar_lw"", ""vol_target"": 0.08}",0.2067,0.0243,-0.2195,27.21,4633,ef6bd10,amendment-1 search
2026-10-03T11:35:33+00:00,FTE,FTE_A+B+C+D+E+PCT|minvar_lw|vt10|nobrake,IS,1.0,4e490270e5,"{""brake"": false, ""labels"": [""A"", ""B"", ""C"", ""D"", ""E"", ""PCT""], ""scheme"": ""minvar_lw"", ""vol_target"": 0.1}",0.0181,0.01251,-0.3502,54.79,4633,ef6bd10,amendment-1 search
2026-10-03T11:35:33+00:00,FTE,FTE_A+B+C+D+E+PCT|minvar_lw|vt10|brake,IS,1.0,2cd322df1c,"{""brake"": true, ""labels"": [""A"", ""B"", ""C"", ""D"", ""E"", ""PCT""], ""scheme"": ""minvar_lw"", ""vol_target"": 0.1}",0.1733,0.02314,-0.2368,38.18,4633,ef6bd10,amendment-1 search
2026-10-03T11:35:33+00:00,FTE,FTE_A+B+C+D+E+TSMOM|eqrisk|vt6|nobrake,IS,1.0,cdfef11e80,"{""brake"": false, ""labels"": [""A"", ""B"", ""C"", ""D"", ""E"", ""TSMOM""], ""scheme"": ""eqrisk"", ""vol_target"": 0.06}",0.4041,0.03814,-0.205,19.78,4649,ef6bd10,amendment-1 search
2026-10-03T11:35:33+00:00,FTE,FTE_A+B+C+D+E+TSMOM|eqrisk|vt6|brake,IS,1.0,166ed438b0,"{""brake"": true, ""labels"": [""A"", ""B"", ""C"", ""D"", ""E"", ""TSMOM""], ""scheme"": ""eqrisk"", ""vol_target"": 0.06}",0.4595,0.03873,-0.1676,16.95,4649,ef6bd10,amendment-1 search
2026-10-03T11:35:33+00:00,FTE,FTE_A+B+C+D+E+TSMOM|eqrisk|vt8|nobrake,IS,1.0,b5bebe9bed,"{""brake"": false, ""labels"": [""A"", ""B"", ""C"", ""D"", ""E"", ""TSMOM""], ""scheme"": ""eqrisk"", ""vol_target"": 0.08}",0.294,0.03443,-0.265,35.67,4649,ef6bd10,amendment-1 search
2026-10-03T11:35:33+00:00,FTE,FTE_A+B+C+D+E+TSMOM|eqrisk|vt8|brake,IS,1.0,c86594a022,"{""brake"": true, ""labels"": [""A"", ""B"", ""C"", ""D"", ""E"", ""TSMOM""], ""scheme"": ""eqrisk"", ""vol_target"": 0.08}",0.3637,0.03541,-0.1909,26.88,4649,ef6bd10,amendment-1 search
2026-10-03T11:35:33+00:00,FTE,FTE_A+B+C+D+E+TSMOM|eqrisk|vt10|nobrake,IS,1.0,b2fa30195d,"{""brake"": false, ""labels"": [""A"", ""B"", ""C"", ""D"", ""E"", ""TSMOM""], ""scheme"": ""eqrisk"", ""vol_target"": 0.1}",0.1884,0.02748,-0.3295,52.83,4649,ef6bd10,amendment-1 search
2026-10-03T11:35:33+00:00,FTE,FTE_A+B+C+D+E+TSMOM|eqrisk|vt10|brake,IS,1.0,acfb606bbb,"{""brake"": true, ""labels"": [""A"", ""B"", ""C"", ""D"", ""E"", ""TSMOM""], ""scheme"": ""eqrisk"", ""vol_target"": 0.1}",0.3019,0.03352,-0.2219,38.08,4649,ef6bd10,amendment-1 search
2026-10-03T11:35:33+00:00,FTE,FTE_A+B+C+D+E+TSMOM|invvol_shrunk|vt6|nobrake,IS,1.0,5106c060e3,"{""brake"": false, ""labels"": [""A"", ""B"", ""C"", ""D"", ""E"", ""TSMOM""], ""scheme"": ""invvol_shrunk"", ""vol_target"": 0.06}",0.454,0.04176,-0.1794,14.38,4649,ef6bd10,amendment-1 search
2026-10-03T11:35:33+00:00,FTE,FTE_A+B+C+D+E+TSMOM|invvol_shrunk|vt6|brake,IS,1.0,5cda5af0f6,"{""brake"": true, ""labels"": [""A"", ""B"", ""C"", ""D"", ""E"", ""TSMOM""], ""scheme"": ""invvol_shrunk"", ""vol_target"": 0.06}",0.4744,0.04018,-0.1452,12.75,4649,ef6bd10,amendment-1 search
2026-10-03T11:35:33+00:00,FTE,FTE_A+B+C+D+E+TSMOM|invvol_shrunk|vt8|nobrake,IS,1.0,77c399a5f1,"{""brake"": false, ""labels"": [""A"", ""B"", ""C"", ""D"", ""E"", ""TSMOM""], ""scheme"": ""invvol_shrunk"", ""vol_target"": 0.08}",0.382,0.04256,-0.2416,27.14,4649,ef6bd10,amendment-1 search
2026-10-03T11:35:33+00:00,FTE,FTE_A+B+C+D+E+TSMOM|invvol_shrunk|vt8|brake,IS,1.0,5ff090509d,"{""brake"": true, ""labels"": [""A"", ""B"", ""C"", ""D"", ""E"", ""TSMOM""], ""scheme"": ""invvol_shrunk"", ""vol_target"": 0.08}",0.3967,0.03927,-0.177,22.32,4649,ef6bd10,amendment-1 search
2026-10-03T11:35:33+00:00,FTE,FTE_A+B+C+D+E+TSMOM|invvol_shrunk|vt10|nobrake,IS,1.0,482274af39,"{""brake"": false, ""labels"": [""A"", ""B"", ""C"", ""D"", ""E"", ""TSMOM""], ""scheme"": ""invvol_shrunk"", ""vol_target"": 0.1}",0.2873,0.03789,-0.3243,42.86,4649,ef6bd10,amendment-1 search
2026-10-03T11:35:33+00:00,FTE,FTE_A+B+C+D+E+TSMOM|invvol_shrunk|vt10|brake,IS,1.0,21e60c4b94,"{""brake"": true, ""labels"": [""A"", ""B"", ""C"", ""D"", ""E"", ""TSMOM""], ""scheme"": ""invvol_shrunk"", ""vol_target"": 0.1}",0.3736,0.04028,-0.2167,31.96,4649,ef6bd10,amendment-1 search
2026-10-03T11:35:33+00:00,FTE,FTE_A+B+C+D+E+TSMOM|minvar_lw|vt6|nobrake,IS,1.0,7aa9427451,"{""brake"": false, ""labels"": [""A"", ""B"", ""C"", ""D"", ""E"", ""TSMOM""], ""scheme"": ""minvar_lw"", ""vol_target"": 0.06}",0.2261,0.0265,-0.2412,22.15,4633,ef6bd10,amendment-1 search
2026-10-03T11:35:33+00:00,FTE,FTE_A+B+C+D+E+TSMOM|minvar_lw|vt6|brake,IS,1.0,fe02f934f5,"{""brake"": true, ""labels"": [""A"", ""B"", ""C"", ""D"", ""E"", ""TSMOM""], ""scheme"": ""minvar_lw"", ""vol_target"": 0.06}",0.3165,0.02888,-0.1847,17.75,4633,ef6bd10,amendment-1 search
2026-10-03T11:35:33+00:00,FTE,FTE_A+B+C+D+E+TSMOM|minvar_lw|vt8|nobrake,IS,1.0,d7ae39eb40,"{""brake"": false, ""labels"": [""A"", ""B"", ""C"", ""D"", ""E"", ""TSMOM""], ""scheme"": ""minvar_lw"", ""vol_target"": 0.08}",0.1232,0.02064,-0.3005,38.33,4633,ef6bd10,amendment-1 search
2026-10-03T11:35:33+00:00,FTE,FTE_A+B+C+D+E+TSMOM|minvar_lw|vt8|brake,IS,1.0,7a6f3a8b21,"{""brake"": true, ""labels"": [""A"", ""B"", ""C"", ""D"", ""E"", ""TSMOM""], ""scheme"": ""minvar_lw"", ""vol_target"": 0.08}",0.2222,0.02528,-0.2145,26.75,4633,ef6bd10,amendment-1 search
2026-10-03T11:35:33+00:00,FTE,FTE_A+B+C+D+E+TSMOM|minvar_lw|vt10|nobrake,IS,1.0,ebfd72c88b,"{""brake"": false, ""labels"": [""A"", ""B"", ""C"", ""D"", ""E"", ""TSMOM""], ""scheme"": ""minvar_lw"", ""vol_target"": 0.1}",0.0351,0.01389,-0.3469,54.71,4633,ef6bd10,amendment-1 search
2026-10-03T11:35:33+00:00,FTE,FTE_A+B+C+D+E+TSMOM|minvar_lw|vt10|brake,IS,1.0,4a5bfd4999,"{""brake"": true, ""labels"": [""A"", ""B"", ""C"", ""D"", ""E"", ""TSMOM""], ""scheme"": ""minvar_lw"", ""vol_target"": 0.1}",0.1843,0.02383,-0.2281,37.53,4633,ef6bd10,amendment-1 search
2026-10-03T11:35:47+00:00,FTE,FTE_A+B+C+TSMOM|eqrisk|vt6|brake,IS,2.0,e9ca12bfc7,"{""brake"": true, ""labels"": [""A"", ""B"", ""C"", ""TSMOM""], ""scheme"": ""eqrisk"", ""vol_target"": 0.06}",0.4353,0.04007,-0.1404,12.51,4645,ef6bd10,amendment-1 G1 check
2026-10-03T11:35:47+00:00,FTE,FTE_A+B+C+TSMOM|eqrisk|vt6|nobrake,IS,2.0,dfbe783828,"{""brake"": false, ""labels"": [""A"", ""B"", ""C"", ""TSMOM""], ""scheme"": ""eqrisk"", ""vol_target"": 0.06}",0.5124,0.04662,-0.1364,10.8,4645,ef6bd10,amendment-1 G1 check
2026-10-03T11:35:47+00:00,FTE,FTE_A+B+C+E+TSMOM|minvar_lw|vt6|nobrake,IS,2.0,eee4d1f304,"{""brake"": false, ""labels"": [""A"", ""B"", ""C"", ""E"", ""TSMOM""], ""scheme"": ""minvar_lw"", ""vol_target"": 0.06}",0.3499,0.03531,-0.2383,13.45,4633,ef6bd10,amendment-1 G1 check
2026-10-03T11:35:47+00:00,FTE,FTE_A+B+C+E+PCT|minvar_lw|vt6|nobrake,IS,2.0,a99cdd24be,"{""brake"": false, ""labels"": [""A"", ""B"", ""C"", ""E"", ""PCT""], ""scheme"": ""minvar_lw"", ""vol_target"": 0.06}",0.327,0.03372,-0.2437,13.33,4633,ef6bd10,amendment-1 G1 check
2026-10-03T11:35:47+00:00,FTE,FTE_A+C+E+TSMOM|minvar_lw|vt6|brake,IS,2.0,d1e962ff93,"{""brake"": true, ""labels"": [""A"", ""C"", ""E"", ""TSMOM""], ""scheme"": ""minvar_lw"", ""vol_target"": 0.06}",0.3838,0.03651,-0.1366,13.55,4633,ef6bd10,amendment-1 G1 check
2026-10-03T11:35:47+00:00,FTE,FTE_A+C+E+TSMOM|minvar_lw|vt6|nobrake,IS,2.0,af84996638,"{""brake"": false, ""labels"": [""A"", ""C"", ""E"", ""TSMOM""], ""scheme"": ""minvar_lw"", ""vol_target"": 0.06}",0.3863,0.03804,-0.1555,14.31,4633,ef6bd10,amendment-1 G1 check
2026-10-03T11:35:47+00:00,FTE,FTE_A+B+C+TSMOM|minvar_lw|vt6|nobrake,IS,2.0,2e55a5345f,"{""brake"": false, ""labels"": [""A"", ""B"", ""C"", ""TSMOM""], ""scheme"": ""minvar_lw"", ""vol_target"": 0.06}",0.3626,0.03794,-0.1698,23.89,4633,ef6bd10,amendment-1 G1 check
2026-10-03T11:35:47+00:00,FTE,FTE_A+B+C+TSMOM|minvar_lw|vt6|brake,IS,2.0,6fbaffdc87,"{""brake"": true, ""labels"": [""A"", ""B"", ""C"", ""TSMOM""], ""scheme"": ""minvar_lw"", ""vol_target"": 0.06}",0.3384,0.03444,-0.1538,23.78,4633,ef6bd10,amendment-1 G1 check
2026-10-03T11:35:47+00:00,FTE,FTE_A+C+E+PCT|minvar_lw|vt6|nobrake,IS,2.0,a8715f83ab,"{""brake"": false, ""labels"": [""A"", ""C"", ""E"", ""PCT""], ""scheme"": ""minvar_lw"", ""vol_target"": 0.06}",0.3598,0.03618,-0.1632,14.03,4633,ef6bd10,amendment-1 G1 check
2026-10-03T11:35:47+00:00,FTE,FTE_A+C+E+PCT|minvar_lw|vt6|brake,IS,2.0,3976d8ba4e,"{""brake"": true, ""labels"": [""A"", ""C"", ""E"", ""PCT""], ""scheme"": ""minvar_lw"", ""vol_target"": 0.06}",0.3706,0.03538,-0.1448,12.62,4633,ef6bd10,amendment-1 G1 check
2026-10-03T11:35:47+00:00,FTE,FTE_A+B+C+PCT|minvar_lw|vt6|brake,IS,2.0,eab3cbf4fc,"{""brake"": true, ""labels"": [""A"", ""B"", ""C"", ""PCT""], ""scheme"": ""minvar_lw"", ""vol_target"": 0.06}",0.2978,0.03121,-0.1715,22.65,4633,ef6bd10,amendment-1 G1 check
2026-10-03T11:35:47+00:00,FTE,FTE_A+B+C+TSMOM|eqrisk|vt8|nobrake,IS,2.0,7da69a8762,"{""brake"": false, ""labels"": [""A"", ""B"", ""C"", ""TSMOM""], ""scheme"": ""eqrisk"", ""vol_target"": 0.08}",0.4189,0.04598,-0.1873,20.5,4645,ef6bd10,amendment-1 G1 check
2026-10-03T11:35:47+00:00,FTE,FTE_A+B+C+PCT|minvar_lw|vt6|nobrake,IS,2.0,f78299d07e,"{""brake"": false, ""labels"": [""A"", ""B"", ""C"", ""PCT""], ""scheme"": ""minvar_lw"", ""vol_target"": 0.06}",0.3363,0.03596,-0.1773,23.74,4633,ef6bd10,amendment-1 G1 check
2026-10-03T11:35:47+00:00,FTE,FTE_A+C+E+TSMOM|minvar_lw|vt8|brake,IS,2.0,ee851a2524,"{""brake"": true, ""labels"": [""A"", ""C"", ""E"", ""TSMOM""], ""scheme"": ""minvar_lw"", ""vol_target"": 0.08}",0.3071,0.03305,-0.1633,20.8,4633,ef6bd10,amendment-1 G1 check
2026-10-03T11:35:47+00:00,FTE,FTE_A+C+E+TSMOM|minvar_lw|vt8|nobrake,IS,2.0,78ee8f2518,"{""brake"": false, ""labels"": [""A"", ""C"", ""E"", ""TSMOM""], ""scheme"": ""minvar_lw"", ""vol_target"": 0.08}",0.2817,0.03332,-0.2184,25.89,4633,ef6bd10,amendment-1 G1 check
2026-10-03T11:35:47+00:00,FTE,FTE_A+B+C+E+TSMOM|minvar_lw|vt6|brake,IS,2.0,4827acf3ac,"{""brake"": true, ""labels"": [""A"", ""B"", ""C"", ""E"", ""TSMOM""], ""scheme"": ""minvar_lw"", ""vol_target"": 0.06}",0.3858,0.03476,-0.1747,10.97,4633,ef6bd10,amendment-1 G1 check
2026-10-03T11:35:47+00:00,FTE,FTE_A+B+C+TSMOM|invvol_shrunk|vt6|nobrake,IS,2.0,a8e2cc4319,"{""brake"": false, ""labels"": [""A"", ""B"", ""C"", ""TSMOM""], ""scheme"": ""invvol_shrunk"", ""vol_target"": 0.06}",0.4984,0.04549,-0.1318,8.49,4645,ef6bd10,amendment-1 G1 check
2026-10-03T11:35:47+00:00,FTE,FTE_A+B+C+TSMOM|invvol_shrunk|vt6|brake,IS,2.0,6553eed50e,"{""brake"": true, ""labels"": [""A"", ""B"", ""C"", ""TSMOM""], ""scheme"": ""invvol_shrunk"", ""vol_target"": 0.06}",0.4374,0.03974,-0.14,9.58,4645,ef6bd10,amendment-1 G1 check
2026-10-03T11:35:47+00:00,FTE,FTE_A+B+C+E+TSMOM|minvar_lw|vt8|nobrake,IS,2.0,11f01cc323,"{""brake"": false, ""labels"": [""A"", ""B"", ""C"", ""E"", ""TSMOM""], ""scheme"": ""minvar_lw"", ""vol_target"": 0.08}",0.2132,0.02806,-0.333,25.73,4633,ef6bd10,amendment-1 G1 check
2026-10-03T11:35:47+00:00,FTE,FTE_A+B+C+PCT|eqrisk|vt6|nobrake,IS,2.0,cbd9b0065c,"{""brake"": false, ""labels"": [""A"", ""B"", ""C"", ""PCT""], ""scheme"": ""eqrisk"", ""vol_target"": 0.06}",0.4135,0.03996,-0.1797,10.17,4645,ef6bd10,amendment-1 G1 check
2026-10-03T11:35:47+00:00,FTE,FTE_A+B+C+E+PCT|minvar_lw|vt6|brake,IS,2.0,4baea47f5c,"{""brake"": true, ""labels"": [""A"", ""B"", ""C"", ""E"", ""PCT""], ""scheme"": ""minvar_lw"", ""vol_target"": 0.06}",0.3771,0.03419,-0.1822,10.98,4633,ef6bd10,amendment-1 G1 check
2026-10-03T11:35:47+00:00,FTE,FTE_B+C+TSMOM|eqrisk|vt6|nobrake,IS,2.0,a30c7b47e4,"{""brake"": false, ""labels"": [""B"", ""C"", ""TSMOM""], ""scheme"": ""eqrisk"", ""vol_target"": 0.06}",0.4624,0.04369,-0.1458,8.96,4645,ef6bd10,amendment-1 G1 check
2026-10-03T11:35:47+00:00,FTE,FTE_A+B+C+TSMOM|invvol_shrunk|vt8|nobrake,IS,2.0,1add4df2cf,"{""brake"": false, ""labels"": [""A"", ""B"", ""C"", ""TSMOM""], ""scheme"": ""invvol_shrunk"", ""vol_target"": 0.08}",0.4638,0.05056,-0.1849,15.01,4645,ef6bd10,amendment-1 G1 check
2026-10-03T11:35:47+00:00,FTE,FTE_A+C+E+PCT|minvar_lw|vt8|brake,IS,2.0,1e4ce86b57,"{""brake"": true, ""labels"": [""A"", ""C"", ""E"", ""PCT""], ""scheme"": ""minvar_lw"", ""vol_target"": 0.08}",0.2202,0.02642,-0.1883,21.18,4633,ef6bd10,amendment-1 G1 check
2026-10-03T11:35:47+00:00,FTE,FTE_A+B+C+TSMOM|minvar_lw|vt8|nobrake,IS,2.0,fc689be11e,"{""brake"": false, ""labels"": [""A"", ""B"", ""C"", ""TSMOM""], ""scheme"": ""minvar_lw"", ""vol_target"": 0.08}",0.2737,0.0339,-0.2516,35.03,4633,ef6bd10,amendment-1 G1 check
2026-10-03T11:35:47+00:00,FTE,FTE_A+C+E+PCT|minvar_lw|vt8|nobrake,IS,2.0,baadd9c853,"{""brake"": false, ""labels"": [""A"", ""C"", ""E"", ""PCT""], ""scheme"": ""minvar_lw"", ""vol_target"": 0.08}",0.2435,0.03035,-0.2339,25.57,4633,ef6bd10,amendment-1 G1 check
2026-10-03T11:35:47+00:00,FTE,FTE_A+B+C+E|minvar_lw|vt6|nobrake,IS,2.0,be31a4f110,"{""brake"": false, ""labels"": [""A"", ""B"", ""C"", ""E""], ""scheme"": ""minvar_lw"", ""vol_target"": 0.06}",0.2823,0.03105,-0.2741,11.73,4633,ef6bd10,amendment-1 G1 check
2026-10-03T11:35:47+00:00,FTE,FTE_B+C+TSMOM|eqrisk|vt6|brake,IS,2.0,5c4a8c530e,"{""brake"": true, ""labels"": [""B"", ""C"", ""TSMOM""], ""scheme"": ""eqrisk"", ""vol_target"": 0.06}",0.4289,0.04049,-0.1419,9.19,4645,ef6bd10,amendment-1 G1 check
2026-10-03T11:35:47+00:00,FTE,FTE_B+C+E+TSMOM|minvar_lw|vt6|nobrake,IS,2.0,1ce8e5e269,"{""brake"": false, ""labels"": [""B"", ""C"", ""E"", ""TSMOM""], ""scheme"": ""minvar_lw"", ""vol_target"": 0.06}",0.2886,0.03169,-0.2598,10.49,4633,ef6bd10,amendment-1 G1 check
2026-10-03T11:35:47+00:00,FTE,FTE_A+B+C+E+TSMOM|minvar_lw|vt8|brake,IS,2.0,77bb697f5a,"{""brake"": true, ""labels"": [""A"", ""B"", ""C"", ""E"", ""TSMOM""], ""scheme"": ""minvar_lw"", ""vol_target"": 0.08}",0.2806,0.03034,-0.2176,19.46,4633,ef6bd10,amendment-1 G1 check
2026-10-03T11:35:47+00:00,FTE,FTE_C+E+TSMOM|minvar_lw|vt6|nobrake,IS,2.0,59e2e4ad60,"{""brake"": false, ""labels"": [""C"", ""E"", ""TSMOM""], ""scheme"": ""minvar_lw"", ""vol_target"": 0.06}",0.3103,0.03313,-0.1373,13.23,4633,ef6bd10,amendment-1 G1 check
2026-10-03T11:35:47+00:00,FTE,FTE_A+B+C+E|minvar_lw|vt6|brake,IS,2.0,612997301c,"{""brake"": true, ""labels"": [""A"", ""B"", ""C"", ""E""], ""scheme"": ""minvar_lw"", ""vol_target"": 0.06}",0.3324,0.03183,-0.1858,9.37,4633,ef6bd10,amendment-1 G1 check
2026-10-03T11:35:47+00:00,FTE,FTE_B+C+TSMOM|minvar_lw|vt6|nobrake,IS,2.0,7197b63eda,"{""brake"": false, ""labels"": [""B"", ""C"", ""TSMOM""], ""scheme"": ""minvar_lw"", ""vol_target"": 0.06}",0.3343,0.0363,-0.1818,21.05,4633,ef6bd10,amendment-1 G1 check
2026-10-03T11:35:47+00:00,FTE,FTE_C+E+TSMOM|minvar_lw|vt6|brake,IS,2.0,75520258c8,"{""brake"": true, ""labels"": [""C"", ""E"", ""TSMOM""], ""scheme"": ""minvar_lw"", ""vol_target"": 0.06}",0.2824,0.02976,-0.1369,11.38,4633,ef6bd10,amendment-1 G1 check
2026-10-03T11:35:47+00:00,FTE,FTE_A+B+C+E+PCT|minvar_lw|vt8|brake,IS,2.0,eb0ba060c1,"{""brake"": true, ""labels"": [""A"", ""B"", ""C"", ""E"", ""PCT""], ""scheme"": ""minvar_lw"", ""vol_target"": 0.08}",0.2493,0.02806,-0.2248,19.1,4633,ef6bd10,amendment-1 G1 check
2026-10-03T11:35:47+00:00,FTE,FTE_A+B+C+E+PCT|minvar_lw|vt8|nobrake,IS,2.0,d16d7c34d0,"{""brake"": false, ""labels"": [""A"", ""B"", ""C"", ""E"", ""PCT""], ""scheme"": ""minvar_lw"", ""vol_target"": 0.08}",0.1815,0.02554,-0.3423,25.65,4633,ef6bd10,amendment-1 G1 check
2026-10-03T11:35:47+00:00,FTE,FTE_B+C+TSMOM|minvar_lw|vt6|brake,IS,2.0,14c718966d,"{""brake"": true, ""labels"": [""B"", ""C"", ""TSMOM""], ""scheme"": ""minvar_lw"", ""vol_target"": 0.06}",0.3094,0.03268,-0.1582,20.52,4633,ef6bd10,amendment-1 G1 check
2026-10-03T11:35:47+00:00,FTE,FTE_A+B+C+TSMOM|eqrisk|vt8|brake,IS,2.0,094a484d02,"{""brake"": true, ""labels"": [""A"", ""B"", ""C"", ""TSMOM""], ""scheme"": ""eqrisk"", ""vol_target"": 0.08}",0.4048,0.04204,-0.1676,19.01,4645,ef6bd10,amendment-1 G1 check
2026-10-03T11:35:47+00:00,FTE,FTE_B+C+E+TSMOM|minvar_lw|vt6|brake,IS,2.0,5f2cca6c4e,"{""brake"": true, ""labels"": [""B"", ""C"", ""E"", ""TSMOM""], ""scheme"": ""minvar_lw"", ""vol_target"": 0.06}",0.3202,0.0312,-0.1867,9.01,4633,ef6bd10,amendment-1 G1 check
2026-10-03T11:35:47+00:00,FTE,FTE_A+B+C+TSMOM|minvar_lw|vt8|brake,IS,2.0,f40ba09531,"{""brake"": true, ""labels"": [""A"", ""B"", ""C"", ""TSMOM""], ""scheme"": ""minvar_lw"", ""vol_target"": 0.08}",0.2629,0.03074,-0.186,29.51,4633,ef6bd10,amendment-1 G1 check
2026-10-03T11:40:57+00:00,FTE,FTE_A+B|eqrisk|vt6|nobrake,IS,1.0,62933f0719,"{""brake"": false, ""labels"": [""A"", ""B""], ""scheme"": ""eqrisk"", ""vol_target"": 0.06}",0.3154,0.03456,-0.1647,4.19,4645,ef6bd10,amendment-1 search (overlay-cost fix)
2026-10-03T11:40:57+00:00,FTE,FTE_A+B|eqrisk|vt6|brake,IS,1.0,0caa265ffc,"{""brake"": true, ""labels"": [""A"", ""B""], ""scheme"": ""eqrisk"", ""vol_target"": 0.06}",0.2463,0.02878,-0.1377,5.07,4645,ef6bd10,amendment-1 search (overlay-cost fix)
2026-10-03T11:40:57+00:00,FTE,FTE_A+B|eqrisk|vt8|nobrake,IS,1.0,c5e3a0f9f5,"{""brake"": false, ""labels"": [""A"", ""B""], ""scheme"": ""eqrisk"", ""vol_target"": 0.08}",0.3285,0.04111,-0.2105,5.17,4645,ef6bd10,amendment-1 search (overlay-cost fix)
2026-10-03T11:40:57+00:00,FTE,FTE_A+B|eqrisk|vt8|brake,IS,1.0,24ef19ee73,"{""brake"": true, ""labels"": [""A"", ""B""], ""scheme"": ""eqrisk"", ""vol_target"": 0.08}",0.2648,0.03333,-0.1655,5.56,4645,ef6bd10,amendment-1 search (overlay-cost fix)
2026-10-03T11:40:57+00:00,FTE,FTE_A+B|eqrisk|vt10|nobrake,IS,1.0,15bd930aa9,"{""brake"": false, ""labels"": [""A"", ""B""], ""scheme"": ""eqrisk"", ""vol_target"": 0.1}",0.3283,0.04587,-0.2585,6.09,4645,ef6bd10,amendment-1 search (overlay-cost fix)
2026-10-03T11:40:57+00:00,FTE,FTE_A+B|eqrisk|vt10|brake,IS,1.0,c6024c3fc6,"{""brake"": true, ""labels"": [""A"", ""B""], ""scheme"": ""eqrisk"", ""vol_target"": 0.1}",0.2656,0.035,-0.2084,6.33,4645,ef6bd10,amendment-1 search (overlay-cost fix)
2026-10-03T11:40:57+00:00,FTE,FTE_A+B|invvol_shrunk|vt6|nobrake,IS,1.0,5a6d4952fe,"{""brake"": false, ""labels"": [""A"", ""B""], ""scheme"": ""invvol_shrunk"", ""vol_target"": 0.06}",0.2823,0.03174,-0.1708,3.75,4645,ef6bd10,amendment-1 search (overlay-cost fix)
2026-10-03T11:40:57+00:00,FTE,FTE_A+B|invvol_shrunk|vt6|brake,IS,1.0,fa7d8b7f05,"{""brake"": true, ""labels"": [""A"", ""B""], ""scheme"": ""invvol_shrunk"", ""vol_target"": 0.06}",0.2139,0.02594,-0.1513,4.16,4645,ef6bd10,amendment-1 search (overlay-cost fix)
2026-10-03T11:40:57+00:00,FTE,FTE_A+B|invvol_shrunk|vt8|nobrake,IS,1.0,5033c18112,"{""brake"": false, ""labels"": [""A"", ""B""], ""scheme"": ""invvol_shrunk"", ""vol_target"": 0.08}",0.2919,0.03729,-0.2207,4.77,4645,ef6bd10,amendment-1 search (overlay-cost fix)
2026-10-03T11:40:57+00:00,FTE,FTE_A+B|invvol_shrunk|vt8|brake,IS,1.0,07db442ef4,"{""brake"": true, ""labels"": [""A"", ""B""], ""scheme"": ""invvol_shrunk"", ""vol_target"": 0.08}",0.2509,0.03174,-0.169,5.2,4645,ef6bd10,amendment-1 search (overlay-cost fix)
2026-10-03T11:40:57+00:00,FTE,FTE_A+B|invvol_shrunk|vt10|nobrake,IS,1.0,881d43506b,"{""brake"": false, ""labels"": [""A"", ""B""], ""scheme"": ""invvol_shrunk"", ""vol_target"": 0.1}",0.2952,0.04193,-0.2684,5.67,4645,ef6bd10,amendment-1 search (overlay-cost fix)
2026-10-03T11:40:57+00:00,FTE,FTE_A+B|invvol_shrunk|vt10|brake,IS,1.0,09f1eeb513,"{""brake"": true, ""labels"": [""A"", ""B""], ""scheme"": ""invvol_shrunk"", ""vol_target"": 0.1}",0.2612,0.03438,-0.2111,5.56,4645,ef6bd10,amendment-1 search (overlay-cost fix)
2026-10-03T11:40:57+00:00,FTE,FTE_A+B|minvar_lw|vt6|nobrake,IS,1.0,5f63ab1f56,"{""brake"": false, ""labels"": [""A"", ""B""], ""scheme"": ""minvar_lw"", ""vol_target"": 0.06}",0.3857,0.04049,-0.152,4.71,4633,ef6bd10,amendment-1 search (overlay-cost fix)
2026-10-03T11:40:57+00:00,FTE,FTE_A+B|minvar_lw|vt6|brake,IS,1.0,f2951f175e,"{""brake"": true, ""labels"": [""A"", ""B""], ""scheme"": ""minvar_lw"", ""vol_target"": 0.06}",0.288,0.0325,-0.1389,5.14,4633,ef6bd10,amendment-1 search (overlay-cost fix)
2026-10-03T11:40:57+00:00,FTE,FTE_A+B|minvar_lw|vt8|nobrake,IS,1.0,9867586471,"{""brake"": false, ""labels"": [""A"", ""B""], ""scheme"": ""minvar_lw"", ""vol_target"": 0.08}",0.4085,0.04891,-0.1974,5.39,4633,ef6bd10,amendment-1 search (overlay-cost fix)
2026-10-03T11:40:57+00:00,FTE,FTE_A+B|minvar_lw|vt8|brake,IS,1.0,033dd31a1f,"{""brake"": true, ""labels"": [""A"", ""B""], ""scheme"": ""minvar_lw"", ""vol_target"": 0.08}",0.2766,0.03462,-0.1701,6.82,4633,ef6bd10,amendment-1 search (overlay-cost fix)
2026-10-03T11:40:57+00:00,FTE,FTE_A+B|minvar_lw|vt10|nobrake,IS,1.0,ec31c4399d,"{""brake"": false, ""labels"": [""A"", ""B""], ""scheme"": ""minvar_lw"", ""vol_target"": 0.1}",0.3926,0.05245,-0.2451,5.97,4633,ef6bd10,amendment-1 search (overlay-cost fix)
2026-10-03T11:40:57+00:00,FTE,FTE_A+B|minvar_lw|vt10|brake,IS,1.0,30d27d22d6,"{""brake"": true, ""labels"": [""A"", ""B""], ""scheme"": ""minvar_lw"", ""vol_target"": 0.1}",0.2849,0.0374,-0.1883,7.92,4633,ef6bd10,amendment-1 search (overlay-cost fix)
2026-10-03T11:40:57+00:00,FTE,FTE_A+B+PCT|eqrisk|vt6|nobrake,IS,1.0,4671638efd,"{""brake"": false, ""labels"": [""A"", ""B"", ""PCT""], ""scheme"": ""eqrisk"", ""vol_target"": 0.06}",0.4556,0.04348,-0.1497,6.27,4645,ef6bd10,amendment-1 search (overlay-cost fix)
2026-10-03T11:40:57+00:00,FTE,FTE_A+B+PCT|eqrisk|vt6|brake,IS,1.0,29fc026ea3,"{""brake"": true, ""labels"": [""A"", ""B"", ""PCT""], ""scheme"": ""eqrisk"", ""vol_target"": 0.06}",0.4147,0.039,-0.1377,6.89,4645,ef6bd10,amendment-1 search (overlay-cost fix)
2026-10-03T11:40:57+00:00,FTE,FTE_A+B+PCT|eqrisk|vt8|nobrake,IS,1.0,26a8d97d2d,"{""brake"": false, ""labels"": [""A"", ""B"", ""PCT""], ""scheme"": ""eqrisk"", ""vol_target"": 0.08}",0.461,0.05217,-0.1947,8.32,4645,ef6bd10,amendment-1 search (overlay-cost fix)
2026-10-03T11:40:57+00:00,FTE,FTE_A+B+PCT|eqrisk|vt8|brake,IS,1.0,9661ef92de,"{""brake"": true, ""labels"": [""A"", ""B"", ""PCT""], ""scheme"": ""eqrisk"", ""vol_target"": 0.08}",0.4676,0.04957,-0.1521,8.02,4645,ef6bd10,amendment-1 search (overlay-cost fix)
2026-10-03T11:40:57+00:00,FTE,FTE_A+B+PCT|eqrisk|vt10|nobrake,IS,1.0,3a8c6102df,"{""brake"": false, ""labels"": [""A"", ""B"", ""PCT""], ""scheme"": ""eqrisk"", ""vol_target"": 0.1}",0.4423,0.05707,-0.2418,11.25,4645,ef6bd10,amendment-1 search (overlay-cost fix)
2026-10-03T11:40:57+00:00,FTE,FTE_A+B+PCT|eqrisk|vt10|brake,IS,1.0,d6e05488e9,"{""brake"": true, ""labels"": [""A"", ""B"", ""PCT""], ""scheme"": ""eqrisk"", ""vol_target"": 0.1}",0.3924,0.047,-0.1769,11.66,4645,ef6bd10,amendment-1 search (overlay-cost fix)
2026-10-03T11:40:57+00:00,FTE,FTE_A+B+PCT|invvol_shrunk|vt6|nobrake,IS,1.0,a363cda609,"{""brake"": false, ""labels"": [""A"", ""B"", ""PCT""], ""scheme"": ""invvol_shrunk"", ""vol_target"": 0.06}",0.4384,0.04166,-0.1548,5.9,4645,ef6bd10,amendment-1 search (overlay-cost fix)
2026-10-03T11:40:57+00:00,FTE,FTE_A+B+PCT|invvol_shrunk|vt6|brake,IS,1.0,6bfffea777,"{""brake"": true, ""labels"": [""A"", ""B"", ""PCT""], ""scheme"": ""invvol_shrunk"", ""vol_target"": 0.06}",0.3989,0.03701,-0.1373,6.43,4645,ef6bd10,amendment-1 search (overlay-cost fix)
2026-10-03T11:40:57+00:00,FTE,FTE_A+B+PCT|invvol_shrunk|vt8|nobrake,IS,1.0,b5b3da0138,"{""brake"": false, ""labels"": [""A"", ""B"", ""PCT""], ""scheme"": ""invvol_shrunk"", ""vol_target"": 0.08}",0.4414,0.04994,-0.2055,7.76,4645,ef6bd10,amendment-1 search (overlay-cost fix)
2026-10-03T11:40:57+00:00,FTE,FTE_A+B+PCT|invvol_shrunk|vt8|brake,IS,1.0,c97bc44425,"{""brake"": true, ""labels"": [""A"", ""B"", ""PCT""], ""scheme"": ""invvol_shrunk"", ""vol_target"": 0.08}",0.4524,0.04742,-0.1647,7.74,4645,ef6bd10,amendment-1 search (overlay-cost fix)
2026-10-03T11:40:57+00:00,FTE,FTE_A+B+PCT|invvol_shrunk|vt10|nobrake,IS,1.0,0d891ac458,"{""brake"": false, ""labels"": [""A"", ""B"", ""PCT""], ""scheme"": ""invvol_shrunk"", ""vol_target"": 0.1}",0.4271,0.05537,-0.2586,10.34,4645,ef6bd10,amendment-1 search (overlay-cost fix)
2026-10-03T11:40:57+00:00,FTE,FTE_A+B+PCT|invvol_shrunk|vt10|brake,IS,1.0,b8faeb97e6,"{""brake"": true, ""labels"": [""A"", ""B"", ""PCT""], ""scheme"": ""invvol_shrunk"", ""vol_target"": 0.1}",0.3837,0.04607,-0.1843,11.67,4645,ef6bd10,amendment-1 search (overlay-cost fix)
2026-10-03T11:40:57+00:00,FTE,FTE_A+B+PCT|minvar_lw|vt6|nobrake,IS,1.0,32e22050bb,"{""brake"": false, ""labels"": [""A"", ""B"", ""PCT""], ""scheme"": ""minvar_lw"", ""vol_target"": 0.06}",0.5581,0.05195,-0.1328,6.42,4633,ef6bd10,amendment-1 search (overlay-cost fix)
2026-10-03T11:40:57+00:00,FTE,FTE_A+B+PCT|minvar_lw|vt6|brake,IS,1.0,ed736d78f3,"{""brake"": true, ""labels"": [""A"", ""B"", ""PCT""], ""scheme"": ""minvar_lw"", ""vol_target"": 0.06}",0.512,0.04718,-0.1269,7.25,4633,ef6bd10,amendment-1 search (overlay-cost fix)
2026-10-03T11:40:57+00:00,FTE,FTE_A+B+PCT|minvar_lw|vt8|nobrake,IS,1.0,96d6266372,"{""brake"": false, ""labels"": [""A"", ""B"", ""PCT""], ""scheme"": ""minvar_lw"", ""vol_target"": 0.08}",0.5553,0.06032,-0.1657,8.26,4633,ef6bd10,amendment-1 search (overlay-cost fix)
2026-10-03T11:40:57+00:00,FTE,FTE_A+B+PCT|minvar_lw|vt8|brake,IS,1.0,25ac55e27d,"{""brake"": true, ""labels"": [""A"", ""B"", ""PCT""], ""scheme"": ""minvar_lw"", ""vol_target"": 0.08}",0.5234,0.05437,-0.1548,8.35,4633,ef6bd10,amendment-1 search (overlay-cost fix)
2026-10-03T11:40:57+00:00,FTE,FTE_A+B+PCT|minvar_lw|vt10|nobrake,IS,1.0,fb259804eb,"{""brake"": false, ""labels"": [""A"", ""B"", ""PCT""], ""scheme"": ""minvar_lw"", ""vol_target"": 0.1}",0.5288,0.0645,-0.2024,10.8,4633,ef6bd10,amendment-1 search (overlay-cost fix)
2026-10-03T11:40:57+00:00,FTE,FTE_A+B+PCT|minvar_lw|vt10|brake,IS,1.0,a5d7112104,"{""brake"": true, ""labels"": [""A"", ""B"", ""PCT""], ""scheme"": ""minvar_lw"", ""vol_target"": 0.1}",0.5199,0.05889,-0.169,11.73,4633,ef6bd10,amendment-1 search (overlay-cost fix)
2026-10-03T11:40:57+00:00,FTE,FTE_A+B+TSMOM|eqrisk|vt6|nobrake,IS,1.0,aaa14f89dd,"{""brake"": false, ""labels"": [""A"", ""B"", ""TSMOM""], ""scheme"": ""eqrisk"", ""vol_target"": 0.06}",0.5538,0.05047,-0.1274,6.61,4645,ef6bd10,amendment-1 search (overlay-cost fix)
2026-10-03T11:40:57+00:00,FTE,FTE_A+B+TSMOM|eqrisk|vt6|brake,IS,1.0,26106e7acf,"{""brake"": true, ""labels"": [""A"", ""B"", ""TSMOM""], ""scheme"": ""eqrisk"", ""vol_target"": 0.06}",0.5405,0.04935,-0.1104,7.3,4645,ef6bd10,amendment-1 search (overlay-cost fix)
2026-10-03T11:40:57+00:00,FTE,FTE_A+B+TSMOM|eqrisk|vt8|nobrake,IS,1.0,e0bb484e4d,"{""brake"": false, ""labels"": [""A"", ""B"", ""TSMOM""], ""scheme"": ""eqrisk"", ""vol_target"": 0.08}",0.5647,0.06185,-0.1596,8.8,4645,ef6bd10,amendment-1 search (overlay-cost fix)
2026-10-03T11:40:57+00:00,FTE,FTE_A+B+TSMOM|eqrisk|vt8|brake,IS,1.0,2732597cd7,"{""brake"": true, ""labels"": [""A"", ""B"", ""TSMOM""], ""scheme"": ""eqrisk"", ""vol_target"": 0.08}",0.4887,0.05259,-0.1484,10.97,4645,ef6bd10,amendment-1 search (overlay-cost fix)
2026-10-03T11:40:57+00:00,FTE,FTE_A+B+TSMOM|eqrisk|vt10|nobrake,IS,1.0,e702eda82b,"{""brake"": false, ""labels"": [""A"", ""B"", ""TSMOM""], ""scheme"": ""eqrisk"", ""vol_target"": 0.1}",0.5526,0.06928,-0.1875,11.83,4645,ef6bd10,amendment-1 search (overlay-cost fix)
2026-10-03T11:40:57+00:00,FTE,FTE_A+B+TSMOM|eqrisk|vt10|brake,IS,1.0,b8cf6a2c80,"{""brake"": true, ""labels"": [""A"", ""B"", ""TSMOM""], ""scheme"": ""eqrisk"", ""vol_target"": 0.1}",0.4873,0.05799,-0.1574,14.54,4645,ef6bd10,amendment-1 search (overlay-cost fix)
2026-10-03T11:40:57+00:00,FTE,FTE_A+B+TSMOM|invvol_shrunk|vt6|nobrake,IS,1.0,c24417797c,"{""brake"": false, ""labels"": [""A"", ""B"", ""TSMOM""], ""scheme"": ""invvol_shrunk"", ""vol_target"": 0.06}",0.5497,0.04941,-0.1194,6.36,4645,ef6bd10,amendment-1 search (overlay-cost fix)
2026-10-03T11:40:57+00:00,FTE,FTE_A+B+TSMOM|invvol_shrunk|vt6|brake,IS,1.0,d3ffb9524a,"{""brake"": true, ""labels"": [""A"", ""B"", ""TSMOM""], ""scheme"": ""invvol_shrunk"", ""vol_target"": 0.06}",0.4648,0.04256,-0.1219,8.97,4645,ef6bd10,amendment-1 search (overlay-cost fix)
2026-10-03T11:40:57+00:00,FTE,FTE_A+B+TSMOM|invvol_shrunk|vt8|nobrake,IS,1.0,e3c31ad228,"{""brake"": false, ""labels"": [""A"", ""B"", ""TSMOM""], ""scheme"": ""invvol_shrunk"", ""vol_target"": 0.08}",0.5529,0.06021,-0.1548,8.4,4645,ef6bd10,amendment-1 search (overlay-cost fix)
2026-10-03T11:40:57+00:00,FTE,FTE_A+B+TSMOM|invvol_shrunk|vt8|brake,IS,1.0,2d55d564dd,"{""brake"": true, ""labels"": [""A"", ""B"", ""TSMOM""], ""scheme"": ""invvol_shrunk"", ""vol_target"": 0.08}",0.5007,0.05256,-0.1494,10.09,4645,ef6bd10,amendment-1 search (overlay-cost fix)
2026-10-03T11:40:57+00:00,FTE,FTE_A+B+TSMOM|invvol_shrunk|vt10|nobrake,IS,1.0,37dce9b74c,"{""brake"": false, ""labels"": [""A"", ""B"", ""TSMOM""], ""scheme"": ""invvol_shrunk"", ""vol_target"": 0.1}",0.5498,0.06898,-0.1832,11.18,4645,ef6bd10,amendment-1 search (overlay-cost fix)
2026-10-03T11:40:57+00:00,FTE,FTE_A+B+TSMOM|invvol_shrunk|vt10|brake,IS,1.0,2f8be82b5e,"{""brake"": true, ""labels"": [""A"", ""B"", ""TSMOM""], ""scheme"": ""invvol_shrunk"", ""vol_target"": 0.1}",0.5157,0.0608,-0.1595,11.88,4645,ef6bd10,amendment-1 search (overlay-cost fix)
2026-10-03T11:40:57+00:00,FTE,FTE_A+B+TSMOM|minvar_lw|vt6|nobrake,IS,1.0,9f29b4831a,"{""brake"": false, ""labels"": [""A"", ""B"", ""TSMOM""], ""scheme"": ""minvar_lw"", ""vol_target"": 0.06}",0.607,0.05585,-0.1193,6.73,4633,ef6bd10,amendment-1 search (overlay-cost fix)
2026-10-03T11:40:57+00:00,FTE,FTE_A+B+TSMOM|minvar_lw|vt6|brake,IS,1.0,c7db516aa6,"{""brake"": true, ""labels"": [""A"", ""B"", ""TSMOM""], ""scheme"": ""minvar_lw"", ""vol_target"": 0.06}",0.6032,0.05536,-0.11,7.03,4633,ef6bd10,amendment-1 search (overlay-cost fix)
2026-10-03T11:40:57+00:00,FTE,FTE_A+B+TSMOM|minvar_lw|vt8|nobrake,IS,1.0,ab1d0b6fa4,"{""brake"": false, ""labels"": [""A"", ""B"", ""TSMOM""], ""scheme"": ""minvar_lw"", ""vol_target"": 0.08}",0.6127,0.06559,-0.1408,8.73,4633,ef6bd10,amendment-1 search (overlay-cost fix)
2026-10-03T11:40:57+00:00,FTE,FTE_A+B+TSMOM|minvar_lw|vt8|brake,IS,1.0,a48d6a62d7,"{""brake"": true, ""labels"": [""A"", ""B"", ""TSMOM""], ""scheme"": ""minvar_lw"", ""vol_target"": 0.08}",0.5172,0.05563,-0.1241,11.73,4633,ef6bd10,amendment-1 search (overlay-cost fix)
2026-10-03T11:40:57+00:00,FTE,FTE_A+B+TSMOM|minvar_lw|vt10|nobrake,IS,1.0,e965e5b3e8,"{""brake"": false, ""labels"": [""A"", ""B"", ""TSMOM""], ""scheme"": ""minvar_lw"", ""vol_target"": 0.1}",0.5897,0.07075,-0.1669,11.44,4633,ef6bd10,amendment-1 search (overlay-cost fix)
2026-10-03T11:40:57+00:00,FTE,FTE_A+B+TSMOM|minvar_lw|vt10|brake,IS,1.0,0f0d2a9fcd,"{""brake"": true, ""labels"": [""A"", ""B"", ""TSMOM""], ""scheme"": ""minvar_lw"", ""vol_target"": 0.1}",0.503,0.05894,-0.1416,13.21,4633,ef6bd10,amendment-1 search (overlay-cost fix)
2026-10-03T11:40:57+00:00,FTE,FTE_A+C|eqrisk|vt6|nobrake,IS,1.0,76ea4c2138,"{""brake"": false, ""labels"": [""A"", ""C""], ""scheme"": ""eqrisk"", ""vol_target"": 0.06}",0.8063,0.06989,-0.0878,5.26,4639,ef6bd10,amendment-1 search (overlay-cost fix)
2026-10-03T11:40:57+00:00,FTE,FTE_A+C|eqrisk|vt6|brake,IS,1.0,ac3cc273d6,"{""brake"": true, ""labels"": [""A"", ""C""], ""scheme"": ""eqrisk"", ""vol_target"": 0.06}",0.8063,0.06989,-0.0878,5.26,4639,ef6bd10,amendment-1 search (overlay-cost fix)
2026-10-03T11:40:57+00:00,FTE,FTE_A+C|eqrisk|vt8|nobrake,IS,1.0,2621b8b14c,"{""brake"": false, ""labels"": [""A"", ""C""], ""scheme"": ""eqrisk"", ""vol_target"": 0.08}",0.8426,0.08151,-0.1159,6.72,4639,ef6bd10,amendment-1 search (overlay-cost fix)
2026-10-03T11:40:57+00:00,FTE,FTE_A+C|eqrisk|vt8|brake,IS,1.0,29e84d3991,"{""brake"": true, ""labels"": [""A"", ""C""], ""scheme"": ""eqrisk"", ""vol_target"": 0.08}",0.8359,0.08085,-0.1159,6.91,4639,ef6bd10,amendment-1 search (overlay-cost fix)
2026-10-03T11:40:57+00:00,FTE,FTE_A+C|eqrisk|vt10|nobrake,IS,1.0,05f6256bb6,"{""brake"": false, ""labels"": [""A"", ""C""], ""scheme"": ""eqrisk"", ""vol_target"": 0.1}",0.851,0.08917,-0.1413,8.75,4639,ef6bd10,amendment-1 search (overlay-cost fix)
2026-10-03T11:40:57+00:00,FTE,FTE_A+C|eqrisk|vt10|brake,IS,1.0,14196ba03d,"{""brake"": true, ""labels"": [""A"", ""C""], ""scheme"": ""eqrisk"", ""vol_target"": 0.1}",0.8462,0.08804,-0.1225,8.72,4639,ef6bd10,amendment-1 search (overlay-cost fix)
2026-10-03T11:40:57+00:00,FTE,FTE_A+C|invvol_shrunk|vt6|nobrake,IS,1.0,b8a68fb0ad,"{""brake"": false, ""labels"": [""A"", ""C""], ""scheme"": ""invvol_shrunk"", ""vol_target"": 0.06}",0.7918,0.06888,-0.0845,5.32,4639,ef6bd10,amendment-1 search (overlay-cost fix)
2026-10-03T11:40:57+00:00,FTE,FTE_A+C|invvol_shrunk|vt6|brake,IS,1.0,396618a992,"{""brake"": true, ""labels"": [""A"", ""C""], ""scheme"": ""invvol_shrunk"", ""vol_target"": 0.06}",0.7918,0.06888,-0.0845,5.32,4639,ef6bd10,amendment-1 search (overlay-cost fix)
2026-10-03T11:40:57+00:00,FTE,FTE_A+C|invvol_shrunk|vt8|nobrake,IS,1.0,280c45df60,"{""brake"": false, ""labels"": [""A"", ""C""], ""scheme"": ""invvol_shrunk"", ""vol_target"": 0.08}",0.8325,0.08099,-0.1117,6.85,4639,ef6bd10,amendment-1 search (overlay-cost fix)
2026-10-03T11:40:57+00:00,FTE,FTE_A+C|invvol_shrunk|vt8|brake,IS,1.0,8684f6228a,"{""brake"": true, ""labels"": [""A"", ""C""], ""scheme"": ""invvol_shrunk"", ""vol_target"": 0.08}",0.8271,0.08046,-0.1117,6.9,4639,ef6bd10,amendment-1 search (overlay-cost fix)
2026-10-03T11:40:57+00:00,FTE,FTE_A+C|invvol_shrunk|vt10|nobrake,IS,1.0,e6de65d15a,"{""brake"": false, ""labels"": [""A"", ""C""], ""scheme"": ""invvol_shrunk"", ""vol_target"": 0.1}",0.8389,0.08868,-0.1373,8.91,4639,ef6bd10,amendment-1 search (overlay-cost fix)
2026-10-03T11:40:57+00:00,FTE,FTE_A+C|invvol_shrunk|vt10|brake,IS,1.0,c1a1a428aa,"{""brake"": true, ""labels"": [""A"", ""C""], ""scheme"": ""invvol_shrunk"", ""vol_target"": 0.1}",0.8309,0.08728,-0.1231,8.9,4639,ef6bd10,amendment-1 search (overlay-cost fix)
2026-10-03T11:40:57+00:00,FTE,FTE_A+C|minvar_lw|vt6|nobrake,IS,1.0,88a488bba7,"{""brake"": false, ""labels"": [""A"", ""C""], ""scheme"": ""minvar_lw"", ""vol_target"": 0.06}",0.7942,0.06914,-0.0836,5.21,4633,ef6bd10,amendment-1 search (overlay-cost fix)
2026-10-03T11:40:57+00:00,FTE,FTE_A+C|minvar_lw|vt6|brake,IS,1.0,664ddba805,"{""brake"": true, ""labels"": [""A"", ""C""], ""scheme"": ""minvar_lw"", ""vol_target"": 0.06}",0.7942,0.06914,-0.0836,5.21,4633,ef6bd10,amendment-1 search (overlay-cost fix)
2026-10-03T11:40:57+00:00,FTE,FTE_A+C|minvar_lw|vt8|nobrake,IS,1.0,669ba7e6d1,"{""brake"": false, ""labels"": [""A"", ""C""], ""scheme"": ""minvar_lw"", ""vol_target"": 0.08}",0.8278,0.08092,-0.1105,6.76,4633,ef6bd10,amendment-1 search (overlay-cost fix)
2026-10-03T11:40:57+00:00,FTE,FTE_A+C|minvar_lw|vt8|brake,IS,1.0,b622665719,"{""brake"": true, ""labels"": [""A"", ""C""], ""scheme"": ""minvar_lw"", ""vol_target"": 0.08}",0.8224,0.08038,-0.1105,6.81,4633,ef6bd10,amendment-1 search (overlay-cost fix)
2026-10-03T11:40:57+00:00,FTE,FTE_A+C|minvar_lw|vt10|nobrake,IS,1.0,329ac54e2e,"{""brake"": false, ""labels"": [""A"", ""C""], ""scheme"": ""minvar_lw"", ""vol_target"": 0.1}",0.8324,0.08848,-0.1363,8.83,4633,ef6bd10,amendment-1 search (overlay-cost fix)
2026-10-03T11:40:57+00:00,FTE,FTE_A+C|minvar_lw|vt10|brake,IS,1.0,f2c9943869,"{""brake"": true, ""labels"": [""A"", ""C""], ""scheme"": ""minvar_lw"", ""vol_target"": 0.1}",0.8243,0.08709,-0.1222,8.81,4633,ef6bd10,amendment-1 search (overlay-cost fix)
2026-10-03T11:40:57+00:00,FTE,FTE_A+C+PCT|eqrisk|vt6|nobrake,IS,1.0,375938e15a,"{""brake"": false, ""labels"": [""A"", ""C"", ""PCT""], ""scheme"": ""eqrisk"", ""vol_target"": 0.06}",0.8958,0.07235,-0.1048,6.86,4639,ef6bd10,amendment-1 search (overlay-cost fix)
2026-10-03T11:40:57+00:00,FTE,FTE_A+C+PCT|eqrisk|vt6|brake,IS,1.0,8b7d17212f,"{""brake"": true, ""labels"": [""A"", ""C"", ""PCT""], ""scheme"": ""eqrisk"", ""vol_target"": 0.06}",0.8604,0.0695,-0.1119,7.53,4639,ef6bd10,amendment-1 search (overlay-cost fix)
2026-10-03T11:40:57+00:00,FTE,FTE_A+C+PCT|eqrisk|vt8|nobrake,IS,1.0,df50fc965a,"{""brake"": false, ""labels"": [""A"", ""C"", ""PCT""], ""scheme"": ""eqrisk"", ""vol_target"": 0.08}",0.881,0.083,-0.1384,11.07,4639,ef6bd10,amendment-1 search (overlay-cost fix)
2026-10-03T11:40:57+00:00,FTE,FTE_A+C+PCT|eqrisk|vt8|brake,IS,1.0,715c14191b,"{""brake"": true, ""labels"": [""A"", ""C"", ""PCT""], ""scheme"": ""eqrisk"", ""vol_target"": 0.08}",0.8467,0.07695,-0.134,11.61,4639,ef6bd10,amendment-1 search (overlay-cost fix)
2026-10-03T11:40:57+00:00,FTE,FTE_A+C+PCT|eqrisk|vt10|nobrake,IS,1.0,33bf90a53b,"{""brake"": false, ""labels"": [""A"", ""C"", ""PCT""], ""scheme"": ""eqrisk"", ""vol_target"": 0.1}",0.8219,0.08727,-0.1679,16.84,4639,ef6bd10,amendment-1 search (overlay-cost fix)
2026-10-03T11:40:57+00:00,FTE,FTE_A+C+PCT|eqrisk|vt10|brake,IS,1.0,31a6529242,"{""brake"": true, ""labels"": [""A"", ""C"", ""PCT""], ""scheme"": ""eqrisk"", ""vol_target"": 0.1}",0.8072,0.0813,-0.1556,16.33,4639,ef6bd10,amendment-1 search (overlay-cost fix)
2026-10-03T11:40:57+00:00,FTE,FTE_A+C+PCT|invvol_shrunk|vt6|nobrake,IS,1.0,567744e535,"{""brake"": false, ""labels"": [""A"", ""C"", ""PCT""], ""scheme"": ""invvol_shrunk"", ""vol_target"": 0.06}",0.8177,0.06563,-0.1265,6.19,4639,ef6bd10,amendment-1 search (overlay-cost fix)
2026-10-03T11:40:57+00:00,FTE,FTE_A+C+PCT|invvol_shrunk|vt6|brake,IS,1.0,916a02f221,"{""brake"": true, ""labels"": [""A"", ""C"", ""PCT""], ""scheme"": ""invvol_shrunk"", ""vol_target"": 0.06}",0.7956,0.06218,-0.1206,7.46,4639,ef6bd10,amendment-1 search (overlay-cost fix)
2026-10-03T11:40:57+00:00,FTE,FTE_A+C+PCT|invvol_shrunk|vt8|nobrake,IS,1.0,8e4180be53,"{""brake"": false, ""labels"": [""A"", ""C"", ""PCT""], ""scheme"": ""invvol_shrunk"", ""vol_target"": 0.08}",0.7885,0.07673,-0.17,10.12,4639,ef6bd10,amendment-1 search (overlay-cost fix)
2026-10-03T11:40:57+00:00,FTE,FTE_A+C+PCT|invvol_shrunk|vt8|brake,IS,1.0,3ece300b69,"{""brake"": true, ""labels"": [""A"", ""C"", ""PCT""], ""scheme"": ""invvol_shrunk"", ""vol_target"": 0.08}",0.7892,0.07264,-0.1449,10.34,4639,ef6bd10,amendment-1 search (overlay-cost fix)
2026-10-03T11:40:57+00:00,FTE,FTE_A+C+PCT|invvol_shrunk|vt10|nobrake,IS,1.0,cc144762e6,"{""brake"": false, ""labels"": [""A"", ""C"", ""PCT""], ""scheme"": ""invvol_shrunk"", ""vol_target"": 0.1}",0.7246,0.08114,-0.209,16.4,4639,ef6bd10,amendment-1 search (overlay-cost fix)
2026-10-03T11:40:57+00:00,FTE,FTE_A+C+PCT|invvol_shrunk|vt10|brake,IS,1.0,ee80d089f3,"{""brake"": true, ""labels"": [""A"", ""C"", ""PCT""], ""scheme"": ""invvol_shrunk"", ""vol_target"": 0.1}",0.7229,0.07482,-0.1645,15.47,4639,ef6bd10,amendment-1 search (overlay-cost fix)
2026-10-03T11:40:57+00:00,FTE,FTE_A+C+PCT|minvar_lw|vt6|nobrake,IS,1.0,312f458bb4,"{""brake"": false, ""labels"": [""A"", ""C"", ""PCT""], ""scheme"": ""minvar_lw"", ""vol_target"": 0.06}",0.9338,0.07565,-0.0863,6.34,4633,ef6bd10,amendment-1 search (overlay-cost fix)
2026-10-03T11:40:57+00:00,FTE,FTE_A+C+PCT|minvar_lw|vt6|brake,IS,1.0,1cecd8d314,"{""brake"": true, ""labels"": [""A"", ""C"", ""PCT""], ""scheme"": ""minvar_lw"", ""vol_target"": 0.06}",0.9338,0.07565,-0.0863,6.34,4633,ef6bd10,amendment-1 search (overlay-cost fix)
2026-10-03T11:40:57+00:00,FTE,FTE_A+C+PCT|minvar_lw|vt8|nobrake,IS,1.0,e79ceb599c,"{""brake"": false, ""labels"": [""A"", ""C"", ""PCT""], ""scheme"": ""minvar_lw"", ""vol_target"": 0.08}",0.9438,0.08677,-0.1144,9.41,4633,ef6bd10,amendment-1 search (overlay-cost fix)
2026-10-03T11:40:57+00:00,FTE,FTE_A+C+PCT|minvar_lw|vt8|brake,IS,1.0,dfde2cc1f7,"{""brake"": true, ""labels"": [""A"", ""C"", ""PCT""], ""scheme"": ""minvar_lw"", ""vol_target"": 0.08}",0.9375,0.08616,-0.1144,9.61,4633,ef6bd10,amendment-1 search (overlay-cost fix)
2026-10-03T11:40:57+00:00,FTE,FTE_A+C+PCT|minvar_lw|vt10|nobrake,IS,1.0,638e5e59c1,"{""brake"": false, ""labels"": [""A"", ""C"", ""PCT""], ""scheme"": ""minvar_lw"", ""vol_target"": 0.1}",0.9218,0.09263,-0.1413,13.34,4633,ef6bd10,amendment-1 search (overlay-cost fix)
2026-10-03T11:40:57+00:00,FTE,FTE_A+C+PCT|minvar_lw|vt10|brake,IS,1.0,690159f96f,"{""brake"": true, ""labels"": [""A"", ""C"", ""PCT""], ""scheme"": ""minvar_lw"", ""vol_target"": 0.1}",0.9026,0.08997,-0.1214,13.8,4633,ef6bd10,amendment-1 search (overlay-cost fix)
2026-10-03T11:40:57+00:00,FTE,FTE_A+C+TSMOM|eqrisk|vt6|nobrake,IS,1.0,62177d28f2,"{""brake"": false, ""labels"": [""A"", ""C"", ""TSMOM""], ""scheme"": ""eqrisk"", ""vol_target"": 0.06}",0.9799,0.07793,-0.0881,7.18,4639,ef6bd10,amendment-1 search (overlay-cost fix)
2026-10-03T11:40:57+00:00,FTE,FTE_A+C+TSMOM|eqrisk|vt6|brake,IS,1.0,b86dfd6155,"{""brake"": true, ""labels"": [""A"", ""C"", ""TSMOM""], ""scheme"": ""eqrisk"", ""vol_target"": 0.06}",0.9799,0.07793,-0.0881,7.18,4639,ef6bd10,amendment-1 search (overlay-cost fix)
2026-10-03T11:40:57+00:00,FTE,FTE_A+C+TSMOM|eqrisk|vt8|nobrake,IS,1.0,cbb9ff60d4,"{""brake"": false, ""labels"": [""A"", ""C"", ""TSMOM""], ""scheme"": ""eqrisk"", ""vol_target"": 0.08}",0.9623,0.08943,-0.1163,11.85,4639,ef6bd10,amendment-1 search (overlay-cost fix)
2026-10-03T11:40:57+00:00,FTE,FTE_A+C+TSMOM|eqrisk|vt8|brake,IS,1.0,b6fdeaa759,"{""brake"": true, ""labels"": [""A"", ""C"", ""TSMOM""], ""scheme"": ""eqrisk"", ""vol_target"": 0.08}",0.9498,0.08797,-0.1163,11.91,4639,ef6bd10,amendment-1 search (overlay-cost fix)
2026-10-03T11:40:57+00:00,FTE,FTE_A+C+TSMOM|eqrisk|vt10|nobrake,IS,1.0,83aaa20442,"{""brake"": false, ""labels"": [""A"", ""C"", ""TSMOM""], ""scheme"": ""eqrisk"", ""vol_target"": 0.1}",0.9183,0.09555,-0.1464,17.96,4639,ef6bd10,amendment-1 search (overlay-cost fix)
2026-10-03T11:40:57+00:00,FTE,FTE_A+C+TSMOM|eqrisk|vt10|brake,IS,1.0,28babbfad0,"{""brake"": true, ""labels"": [""A"", ""C"", ""TSMOM""], ""scheme"": ""eqrisk"", ""vol_target"": 0.1}",0.9005,0.09295,-0.126,18.23,4639,ef6bd10,amendment-1 search (overlay-cost fix)
2026-10-03T11:40:57+00:00,FTE,FTE_A+C+TSMOM|invvol_shrunk|vt6|nobrake,IS,1.0,b3a8fb7130,"{""brake"": false, ""labels"": [""A"", ""C"", ""TSMOM""], ""scheme"": ""invvol_shrunk"", ""vol_target"": 0.06}",0.9266,0.07298,-0.0878,6.67,4639,ef6bd10,amendment-1 search (overlay-cost fix)
2026-10-03T11:40:57+00:00,FTE,FTE_A+C+TSMOM|invvol_shrunk|vt6|brake,IS,1.0,8b027390bc,"{""brake"": true, ""labels"": [""A"", ""C"", ""TSMOM""], ""scheme"": ""invvol_shrunk"", ""vol_target"": 0.06}",0.9266,0.07298,-0.0878,6.67,4639,ef6bd10,amendment-1 search (overlay-cost fix)
2026-10-03T11:40:57+00:00,FTE,FTE_A+C+TSMOM|invvol_shrunk|vt8|nobrake,IS,1.0,3c592ba144,"{""brake"": false, ""labels"": [""A"", ""C"", ""TSMOM""], ""scheme"": ""invvol_shrunk"", ""vol_target"": 0.08}",0.8948,0.08535,-0.1179,11.11,4639,ef6bd10,amendment-1 search (overlay-cost fix)
2026-10-03T11:40:57+00:00,FTE,FTE_A+C+TSMOM|invvol_shrunk|vt8|brake,IS,1.0,4cb7b91b55,"{""brake"": true, ""labels"": [""A"", ""C"", ""TSMOM""], ""scheme"": ""invvol_shrunk"", ""vol_target"": 0.08}",0.8802,0.0838,-0.1137,11.44,4639,ef6bd10,amendment-1 search (overlay-cost fix)
2026-10-03T11:40:57+00:00,FTE,FTE_A+C+TSMOM|invvol_shrunk|vt10|nobrake,IS,1.0,9341440991,"{""brake"": false, ""labels"": [""A"", ""C"", ""TSMOM""], ""scheme"": ""invvol_shrunk"", ""vol_target"": 0.1}",0.8365,0.09194,-0.1452,18.06,4639,ef6bd10,amendment-1 search (overlay-cost fix)
2026-10-03T11:40:57+00:00,FTE,FTE_A+C+TSMOM|invvol_shrunk|vt10|brake,IS,1.0,867319ffbb,"{""brake"": true, ""labels"": [""A"", ""C"", ""TSMOM""], ""scheme"": ""invvol_shrunk"", ""vol_target"": 0.1}",0.7901,0.08329,-0.1456,19.47,4639,ef6bd10,amendment-1 search (overlay-cost fix)
2026-10-03T11:40:57+00:00,FTE,FTE_A+C+TSMOM|minvar_lw|vt6|nobrake,IS,1.0,8ca065d939,"{""brake"": false, ""labels"": [""A"", ""C"", ""TSMOM""], ""scheme"": ""minvar_lw"", ""vol_target"": 0.06}",0.9586,0.07749,-0.0884,6.38,4633,ef6bd10,amendment-1 search (overlay-cost fix)
2026-10-03T11:40:57+00:00,FTE,FTE_A+C+TSMOM|minvar_lw|vt6|brake,IS,1.0,8425a08b42,"{""brake"": true, ""labels"": [""A"", ""C"", ""TSMOM""], ""scheme"": ""minvar_lw"", ""vol_target"": 0.06}",0.9586,0.07749,-0.0884,6.38,4633,ef6bd10,amendment-1 search (overlay-cost fix)
2026-10-03T11:40:57+00:00,FTE,FTE_A+C+TSMOM|minvar_lw|vt8|nobrake,IS,1.0,43bbf4e1b4,"{""brake"": false, ""labels"": [""A"", ""C"", ""TSMOM""], ""scheme"": ""minvar_lw"", ""vol_target"": 0.08}",0.9845,0.08975,-0.1167,9.4,4633,ef6bd10,amendment-1 search (overlay-cost fix)
2026-10-03T11:40:57+00:00,FTE,FTE_A+C+TSMOM|minvar_lw|vt8|brake,IS,1.0,894c8b1eba,"{""brake"": true, ""labels"": [""A"", ""C"", ""TSMOM""], ""scheme"": ""minvar_lw"", ""vol_target"": 0.08}",0.966,0.08779,-0.1167,9.53,4633,ef6bd10,amendment-1 search (overlay-cost fix)
2026-10-03T11:40:57+00:00,FTE,FTE_A+C+TSMOM|minvar_lw|vt10|nobrake,IS,1.0,75cb04882b,"{""brake"": false, ""labels"": [""A"", ""C"", ""TSMOM""], ""scheme"": ""minvar_lw"", ""vol_target"": 0.1}",0.96,0.09558,-0.145,13.32,4633,ef6bd10,amendment-1 search (overlay-cost fix)
2026-10-03T11:40:57+00:00,FTE,FTE_A+C+TSMOM|minvar_lw|vt10|brake,IS,1.0,efde1a5900,"{""brake"": true, ""labels"": [""A"", ""C"", ""TSMOM""], ""scheme"": ""minvar_lw"", ""vol_target"": 0.1}",0.9557,0.0944,-0.1251,13.39,4633,ef6bd10,amendment-1 search (overlay-cost fix)
2026-10-03T11:40:57+00:00,FTE,FTE_A+D|eqrisk|vt6|nobrake,IS,1.0,a2762cc551,"{""brake"": false, ""labels"": [""A"", ""D""], ""scheme"": ""eqrisk"", ""vol_target"": 0.06}",-0.1261,0.00098,-0.288,3.58,4432,ef6bd10,amendment-1 search (overlay-cost fix)
2026-10-03T11:40:57+00:00,FTE,FTE_A+D|eqrisk|vt6|brake,IS,1.0,cec0c60b74,"{""brake"": true, ""labels"": [""A"", ""D""], ""scheme"": ""eqrisk"", ""vol_target"": 0.06}",-0.0216,0.00992,-0.2026,2.68,4432,ef6bd10,amendment-1 search (overlay-cost fix)
2026-10-03T11:40:57+00:00,FTE,FTE_A+D|eqrisk|vt8|nobrake,IS,1.0,67fece6201,"{""brake"": false, ""labels"": [""A"", ""D""], ""scheme"": ""eqrisk"", ""vol_target"": 0.08}",-0.133,-0.00164,-0.336,6.0,4432,ef6bd10,amendment-1 search (overlay-cost fix)
2026-10-03T11:40:57+00:00,FTE,FTE_A+D|eqrisk|vt8|brake,IS,1.0,9638f9190f,"{""brake"": true, ""labels"": [""A"", ""D""], ""scheme"": ""eqrisk"", ""vol_target"": 0.08}",-0.0531,0.00743,-0.2241,4.0,4432,ef6bd10,amendment-1 search (overlay-cost fix)
2026-10-03T11:40:57+00:00,FTE,FTE_A+D|eqrisk|vt10|nobrake,IS,1.0,28730f1460,"{""brake"": false, ""labels"": [""A"", ""D""], ""scheme"": ""eqrisk"", ""vol_target"": 0.1}",-0.1032,-0.00048,-0.3394,8.71,4432,ef6bd10,amendment-1 search (overlay-cost fix)
2026-10-03T11:40:57+00:00,FTE,FTE_A+D|eqrisk|vt10|brake,IS,1.0,fafe7868ab,"{""brake"": true, ""labels"": [""A"", ""D""], ""scheme"": ""eqrisk"", ""vol_target"": 0.1}",-0.1544,0.0005,-0.2391,6.79,4432,ef6bd10,amendment-1 search (overlay-cost fix)
2026-10-03T11:40:57+00:00,FTE,FTE_A+D|invvol_shrunk|vt6|nobrake,IS,1.0,52a6ab9b6d,"{""brake"": false, ""labels"": [""A"", ""D""], ""scheme"": ""invvol_shrunk"", ""vol_target"": 0.06}",-0.0236,0.0083,-0.233,4.36,4432,ef6bd10,amendment-1 search (overlay-cost fix)
2026-10-03T11:40:57+00:00,FTE,FTE_A+D|invvol_shrunk|vt6|brake,IS,1.0,f1d61d9962,"{""brake"": true, ""labels"": [""A"", ""D""], ""scheme"": ""invvol_shrunk"", ""vol_target"": 0.06}",0.043,0.01352,-0.1888,3.48,4432,ef6bd10,amendment-1 search (overlay-cost fix)
2026-10-03T11:40:57+00:00,FTE,FTE_A+D|invvol_shrunk|vt8|nobrake,IS,1.0,a4adea40d0,"{""brake"": false, ""labels"": [""A"", ""D""], ""scheme"": ""invvol_shrunk"", ""vol_target"": 0.08}",-0.0226,0.0074,-0.2761,6.96,4432,ef6bd10,amendment-1 search (overlay-cost fix)
2026-10-03T11:40:57+00:00,FTE,FTE_A+D|invvol_shrunk|vt8|brake,IS,1.0,316f9abd3a,"{""brake"": true, ""labels"": [""A"", ""D""], ""scheme"": ""invvol_shrunk"", ""vol_target"": 0.08}",0.0792,0.01572,-0.2156,4.76,4432,ef6bd10,amendment-1 search (overlay-cost fix)
2026-10-03T11:40:57+00:00,FTE,FTE_A+D|invvol_shrunk|vt10|nobrake,IS,1.0,b09d6a99a3,"{""brake"": false, ""labels"": [""A"", ""D""], ""scheme"": ""invvol_shrunk"", ""vol_target"": 0.1}",0.0196,0.01037,-0.292,9.75,4432,ef6bd10,amendment-1 search (overlay-cost fix)
2026-10-03T11:40:57+00:00,FTE,FTE_A+D|invvol_shrunk|vt10|brake,IS,1.0,cd9f1f5a1b,"{""brake"": true, ""labels"": [""A"", ""D""], ""scheme"": ""invvol_shrunk"", ""vol_target"": 0.1}",0.1224,0.01887,-0.2212,6.61,4432,ef6bd10,amendment-1 search (overlay-cost fix)
2026-10-03T11:40:57+00:00,FTE,FTE_A+D|minvar_lw|vt6|nobrake,IS,1.0,3bcbb522da,"{""brake"": false, ""labels"": [""A"", ""D""], ""scheme"": ""minvar_lw"", ""vol_target"": 0.06}",-0.2678,-0.0083,-0.3793,2.71,4423,ef6bd10,amendment-1 search (overlay-cost fix)
2026-10-03T11:40:57+00:00,FTE,FTE_A+D|minvar_lw|vt6|brake,IS,1.0,3654eaaa8a,"{""brake"": true, ""labels"": [""A"", ""D""], ""scheme"": ""minvar_lw"", ""vol_target"": 0.06}",-0.135,0.00458,-0.2352,1.88,4423,ef6bd10,amendment-1 search (overlay-cost fix)
2026-10-03T11:40:57+00:00,FTE,FTE_A+D|minvar_lw|vt8|nobrake,IS,1.0,7ff0290fb8,"{""brake"": false, ""labels"": [""A"", ""D""], ""scheme"": ""minvar_lw"", ""vol_target"": 0.08}",-0.2547,-0.01054,-0.4055,4.64,4423,ef6bd10,amendment-1 search (overlay-cost fix)
2026-10-03T11:40:57+00:00,FTE,FTE_A+D|minvar_lw|vt8|brake,IS,1.0,30101bc544,"{""brake"": true, ""labels"": [""A"", ""D""], ""scheme"": ""minvar_lw"", ""vol_target"": 0.08}",-0.1411,0.00308,-0.2578,2.86,4423,ef6bd10,amendment-1 search (overlay-cost fix)
2026-10-03T11:40:57+00:00,FTE,FTE_A+D|minvar_lw|vt10|nobrake,IS,1.0,972f53307e,"{""brake"": false, ""labels"": [""A"", ""D""], ""scheme"": ""minvar_lw"", ""vol_target"": 0.1}",-0.221,-0.00988,-0.4008,6.92,4423,ef6bd10,amendment-1 search (overlay-cost fix)
2026-10-03T11:40:57+00:00,FTE,FTE_A+D|minvar_lw|vt10|brake,IS,1.0,5f0886f4c7,"{""brake"": true, ""labels"": [""A"", ""D""], ""scheme"": ""minvar_lw"", ""vol_target"": 0.1}",-0.1106,0.00389,-0.2593,4.08,4423,ef6bd10,amendment-1 search (overlay-cost fix)
2026-10-03T11:40:57+00:00,FTE,FTE_A+D+PCT|eqrisk|vt6|nobrake,IS,1.0,cfd1844f59,"{""brake"": false, ""labels"": [""A"", ""D"", ""PCT""], ""scheme"": ""eqrisk"", ""vol_target"": 0.06}",0.1067,0.01763,-0.2308,7.04,4432,ef6bd10,amendment-1 search (overlay-cost fix)
2026-10-03T11:40:57+00:00,FTE,FTE_A+D+PCT|eqrisk|vt6|brake,IS,1.0,2c262954e7,"{""brake"": true, ""labels"": [""A"", ""D"", ""PCT""], ""scheme"": ""eqrisk"", ""vol_target"": 0.06}",0.1966,0.02244,-0.1687,6.34,4432,ef6bd10,amendment-1 search (overlay-cost fix)
2026-10-03T11:40:57+00:00,FTE,FTE_A+D+PCT|eqrisk|vt8|nobrake,IS,1.0,69d88df966,"{""brake"": false, ""labels"": [""A"", ""D"", ""PCT""], ""scheme"": ""eqrisk"", ""vol_target"": 0.08}",0.1049,0.01796,-0.2893,12.5,4432,ef6bd10,amendment-1 search (overlay-cost fix)
2026-10-03T11:40:57+00:00,FTE,FTE_A+D+PCT|eqrisk|vt8|brake,IS,1.0,4bb47294e5,"{""brake"": true, ""labels"": [""A"", ""D"", ""PCT""], ""scheme"": ""eqrisk"", ""vol_target"": 0.08}",0.219,0.02514,-0.1991,9.56,4432,ef6bd10,amendment-1 search (overlay-cost fix)
2026-10-03T11:40:57+00:00,FTE,FTE_A+D+PCT|eqrisk|vt10|nobrake,IS,1.0,a13ca427f3,"{""brake"": false, ""labels"": [""A"", ""D"", ""PCT""], ""scheme"": ""eqrisk"", ""vol_target"": 0.1}",0.1243,0.01998,-0.3135,19.25,4432,ef6bd10,amendment-1 search (overlay-cost fix)
2026-10-03T11:40:57+00:00,FTE,FTE_A+D+PCT|eqrisk|vt10|brake,IS,1.0,674a912eeb,"{""brake"": true, ""labels"": [""A"", ""D"", ""PCT""], ""scheme"": ""eqrisk"", ""vol_target"": 0.1}",0.1637,0.02206,-0.214,14.81,4432,ef6bd10,amendment-1 search (overlay-cost fix)
2026-10-03T11:40:57+00:00,FTE,FTE_A+D+PCT|invvol_shrunk|vt6|nobrake,IS,1.0,5252870b13,"{""brake"": false, ""labels"": [""A"", ""D"", ""PCT""], ""scheme"": ""invvol_shrunk"", ""vol_target"": 0.06}",0.2836,0.02931,-0.2089,6.45,4432,ef6bd10,amendment-1 search (overlay-cost fix)
2026-10-03T11:40:57+00:00,FTE,FTE_A+D+PCT|invvol_shrunk|vt6|brake,IS,1.0,f949a15795,"{""brake"": true, ""labels"": [""A"", ""D"", ""PCT""], ""scheme"": ""invvol_shrunk"", ""vol_target"": 0.06}",0.3593,0.03188,-0.1558,6.14,4432,ef6bd10,amendment-1 search (overlay-cost fix)
2026-10-03T11:40:57+00:00,FTE,FTE_A+D+PCT|invvol_shrunk|vt8|nobrake,IS,1.0,8720b121ce,"{""brake"": false, ""labels"": [""A"", ""D"", ""PCT""], ""scheme"": ""invvol_shrunk"", ""vol_target"": 0.08}",0.2647,0.03155,-0.2668,11.87,4432,ef6bd10,amendment-1 search (overlay-cost fix)
2026-10-03T11:40:57+00:00,FTE,FTE_A+D+PCT|invvol_shrunk|vt8|brake,IS,1.0,fa6a0f446e,"{""brake"": true, ""labels"": [""A"", ""D"", ""PCT""], ""scheme"": ""invvol_shrunk"", ""vol_target"": 0.08}",0.3799,0.03678,-0.1886,9.92,4432,ef6bd10,amendment-1 search (overlay-cost fix)
2026-10-03T11:40:57+00:00,FTE,FTE_A+D+PCT|invvol_shrunk|vt10|nobrake,IS,1.0,96a0863ea7,"{""brake"": false, ""labels"": [""A"", ""D"", ""PCT""], ""scheme"": ""invvol_shrunk"", ""vol_target"": 0.1}",0.2448,0.0324,-0.3139,19.22,4432,ef6bd10,amendment-1 search (overlay-cost fix)
2026-10-03T11:40:57+00:00,FTE,FTE_A+D+PCT|invvol_shrunk|vt10|brake,IS,1.0,bc7763bbc6,"{""brake"": true, ""labels"": [""A"", ""D"", ""PCT""], ""scheme"": ""invvol_shrunk"", ""vol_target"": 0.1}",0.3141,0.03416,-0.2149,14.85,4432,ef6bd10,amendment-1 search (overlay-cost fix)
2026-10-03T11:40:57+00:00,FTE,FTE_A+D+PCT|minvar_lw|vt6|nobrake,IS,1.0,d16d7cdd9f,"{""brake"": false, ""labels"": [""A"", ""D"", ""PCT""], ""scheme"": ""minvar_lw"", ""vol_target"": 0.06}",-0.199,-0.00284,-0.3394,4.88,4423,ef6bd10,amendment-1 search (overlay-cost fix)
2026-10-03T11:40:57+00:00,FTE,FTE_A+D+PCT|minvar_lw|vt6|brake,IS,1.0,14e72c8f91,"{""brake"": true, ""labels"": [""A"", ""D"", ""PCT""], ""scheme"": ""minvar_lw"", ""vol_target"": 0.06}",-0.0684,0.0078,-0.214,3.66,4423,ef6bd10,amendment-1 search (overlay-cost fix)
2026-10-03T11:40:57+00:00,FTE,FTE_A+D+PCT|minvar_lw|vt8|nobrake,IS,1.0,d9b86e1024,"{""brake"": false, ""labels"": [""A"", ""D"", ""PCT""], ""scheme"": ""minvar_lw"", ""vol_target"": 0.08}",-0.1655,-0.00288,-0.3556,8.49,4423,ef6bd10,amendment-1 search (overlay-cost fix)
2026-10-03T11:40:57+00:00,FTE,FTE_A+D+PCT|minvar_lw|vt8|brake,IS,1.0,956b3d96df,"{""brake"": true, ""labels"": [""A"", ""D"", ""PCT""], ""scheme"": ""minvar_lw"", ""vol_target"": 0.08}",-0.0633,0.00743,-0.2375,5.88,4423,ef6bd10,amendment-1 search (overlay-cost fix)
2026-10-03T11:40:57+00:00,FTE,FTE_A+D+PCT|minvar_lw|vt10|nobrake,IS,1.0,659b9f5d02,"{""brake"": false, ""labels"": [""A"", ""D"", ""PCT""], ""scheme"": ""minvar_lw"", ""vol_target"": 0.1}",-0.1321,-0.00173,-0.3615,12.71,4423,ef6bd10,amendment-1 search (overlay-cost fix)
2026-10-03T11:40:57+00:00,FTE,FTE_A+D+PCT|minvar_lw|vt10|brake,IS,1.0,9fa1868c38,"{""brake"": true, ""labels"": [""A"", ""D"", ""PCT""], ""scheme"": ""minvar_lw"", ""vol_target"": 0.1}",-0.0567,0.00714,-0.2484,8.54,4423,ef6bd10,amendment-1 search (overlay-cost fix)
2026-10-03T11:40:57+00:00,FTE,FTE_A+D+TSMOM|eqrisk|vt6|nobrake,IS,1.0,c8736c7d94,"{""brake"": false, ""labels"": [""A"", ""D"", ""TSMOM""], ""scheme"": ""eqrisk"", ""vol_target"": 0.06}",0.1997,0.02384,-0.206,7.7,4432,ef6bd10,amendment-1 search (overlay-cost fix)
2026-10-03T11:40:57+00:00,FTE,FTE_A+D+TSMOM|eqrisk|vt6|brake,IS,1.0,314fa0a2e2,"{""brake"": true, ""labels"": [""A"", ""D"", ""TSMOM""], ""scheme"": ""eqrisk"", ""vol_target"": 0.06}",0.2204,0.02412,-0.1654,7.8,4432,ef6bd10,amendment-1 search (overlay-cost fix)
2026-10-03T11:40:57+00:00,FTE,FTE_A+D+TSMOM|eqrisk|vt8|nobrake,IS,1.0,d57455c8fa,"{""brake"": false, ""labels"": [""A"", ""D"", ""TSMOM""], ""scheme"": ""eqrisk"", ""vol_target"": 0.08}",0.2158,0.02692,-0.2476,13.77,4432,ef6bd10,amendment-1 search (overlay-cost fix)
2026-10-03T11:40:57+00:00,FTE,FTE_A+D+TSMOM|eqrisk|vt8|brake,IS,1.0,e940586f1d,"{""brake"": true, ""labels"": [""A"", ""D"", ""TSMOM""], ""scheme"": ""eqrisk"", ""vol_target"": 0.08}",0.2122,0.02513,-0.186,12.51,4432,ef6bd10,amendment-1 search (overlay-cost fix)
2026-10-03T11:40:57+00:00,FTE,FTE_A+D+TSMOM|eqrisk|vt10|nobrake,IS,1.0,92bd173882,"{""brake"": false, ""labels"": [""A"", ""D"", ""TSMOM""], ""scheme"": ""eqrisk"", ""vol_target"": 0.1}",0.2405,0.03065,-0.2705,20.96,4432,ef6bd10,amendment-1 search (overlay-cost fix)
2026-10-03T11:40:57+00:00,FTE,FTE_A+D+TSMOM|eqrisk|vt10|brake,IS,1.0,2120565c05,"{""brake"": true, ""labels"": [""A"", ""D"", ""TSMOM""], ""scheme"": ""eqrisk"", ""vol_target"": 0.1}",0.1512,0.02133,-0.1948,18.74,4432,ef6bd10,amendment-1 search (overlay-cost fix)
2026-10-03T11:40:57+00:00,FTE,FTE_A+D+TSMOM|invvol_shrunk|vt6|nobrake,IS,1.0,1547490cbc,"{""brake"": false, ""labels"": [""A"", ""D"", ""TSMOM""], ""scheme"": ""invvol_shrunk"", ""vol_target"": 0.06}",0.3982,0.03694,-0.1793,7.29,4432,ef6bd10,amendment-1 search (overlay-cost fix)
2026-10-03T11:40:57+00:00,FTE,FTE_A+D+TSMOM|invvol_shrunk|vt6|brake,IS,1.0,0eadf46507,"{""brake"": true, ""labels"": [""A"", ""D"", ""TSMOM""], ""scheme"": ""invvol_shrunk"", ""vol_target"": 0.06}",0.3801,0.03509,-0.1436,8.28,4432,ef6bd10,amendment-1 search (overlay-cost fix)
2026-10-03T11:40:57+00:00,FTE,FTE_A+D+TSMOM|invvol_shrunk|vt8|nobrake,IS,1.0,fc1684e280,"{""brake"": false, ""labels"": [""A"", ""D"", ""TSMOM""], ""scheme"": ""invvol_shrunk"", ""vol_target"": 0.08}",0.3932,0.04236,-0.2246,13.44,4432,ef6bd10,amendment-1 search (overlay-cost fix)
2026-10-03T11:40:57+00:00,FTE,FTE_A+D+TSMOM|invvol_shrunk|vt8|brake,IS,1.0,c6297220e8,"{""brake"": true, ""labels"": [""A"", ""D"", ""TSMOM""], ""scheme"": ""invvol_shrunk"", ""vol_target"": 0.08}",0.3557,0.03596,-0.1693,13.45,4432,ef6bd10,amendment-1 search (overlay-cost fix)
2026-10-03T11:40:57+00:00,FTE,FTE_A+D+TSMOM|invvol_shrunk|vt10|nobrake,IS,1.0,94932c210b,"{""brake"": false, ""labels"": [""A"", ""D"", ""TSMOM""], ""scheme"": ""invvol_shrunk"", ""vol_target"": 0.1}",0.3805,0.046,-0.2603,21.78,4432,ef6bd10,amendment-1 search (overlay-cost fix)
2026-10-03T11:40:57+00:00,FTE,FTE_A+D+TSMOM|invvol_shrunk|vt10|brake,IS,1.0,1c4dbd87b8,"{""brake"": true, ""labels"": [""A"", ""D"", ""TSMOM""], ""scheme"": ""invvol_shrunk"", ""vol_target"": 0.1}",0.3231,0.03615,-0.1852,20.21,4432,ef6bd10,amendment-1 search (overlay-cost fix)
2026-10-03T11:40:57+00:00,FTE,FTE_A+D+TSMOM|minvar_lw|vt6|nobrake,IS,1.0,732becd933,"{""brake"": false, ""labels"": [""A"", ""D"", ""TSMOM""], ""scheme"": ""minvar_lw"", ""vol_target"": 0.06}",-0.1592,-0.00027,-0.3164,4.96,4423,ef6bd10,amendment-1 search (overlay-cost fix)
2026-10-03T11:40:57+00:00,FTE,FTE_A+D+TSMOM|minvar_lw|vt6|brake,IS,1.0,288ab65439,"{""brake"": true, ""labels"": [""A"", ""D"", ""TSMOM""], ""scheme"": ""minvar_lw"", ""vol_target"": 0.06}",-0.0431,0.00921,-0.215,3.31,4423,ef6bd10,amendment-1 search (overlay-cost fix)
2026-10-03T11:40:57+00:00,FTE,FTE_A+D+TSMOM|minvar_lw|vt8|nobrake,IS,1.0,7d70b627bd,"{""brake"": false, ""labels"": [""A"", ""D"", ""TSMOM""], ""scheme"": ""minvar_lw"", ""vol_target"": 0.08}",-0.1303,-0.00019,-0.3234,8.63,4423,ef6bd10,amendment-1 search (overlay-cost fix)
2026-10-03T11:40:57+00:00,FTE,FTE_A+D+TSMOM|minvar_lw|vt8|brake,IS,1.0,ddfcd4614d,"{""brake"": true, ""labels"": [""A"", ""D"", ""TSMOM""], ""scheme"": ""minvar_lw"", ""vol_target"": 0.08}",-0.033,0.0092,-0.2299,5.66,4423,ef6bd10,amendment-1 search (overlay-cost fix)
2026-10-03T11:40:57+00:00,FTE,FTE_A+D+TSMOM|minvar_lw|vt10|nobrake,IS,1.0,445ac0d8ba,"{""brake"": false, ""labels"": [""A"", ""D"", ""TSMOM""], ""scheme"": ""minvar_lw"", ""vol_target"": 0.1}",-0.0866,0.00205,-0.3126,12.98,4423,ef6bd10,amendment-1 search (overlay-cost fix)
2026-10-03T11:40:57+00:00,FTE,FTE_A+D+TSMOM|minvar_lw|vt10|brake,IS,1.0,369afec542,"{""brake"": true, ""labels"": [""A"", ""D"", ""TSMOM""], ""scheme"": ""minvar_lw"", ""vol_target"": 0.1}",-0.0124,0.00996,-0.2404,8.13,4423,ef6bd10,amendment-1 search (overlay-cost fix)
2026-10-03T11:40:57+00:00,FTE,FTE_A+E|eqrisk|vt6|nobrake,IS,1.0,3671611871,"{""brake"": false, ""labels"": [""A"", ""E""], ""scheme"": ""eqrisk"", ""vol_target"": 0.06}",0.2534,0.02925,-0.225,4.36,4649,ef6bd10,amendment-1 search (overlay-cost fix)
2026-10-03T11:40:57+00:00,FTE,FTE_A+E|eqrisk|vt6|brake,IS,1.0,b14a270ab3,"{""brake"": true, ""labels"": [""A"", ""E""], ""scheme"": ""eqrisk"", ""vol_target"": 0.06}",0.3077,0.03109,-0.1666,3.83,4649,ef6bd10,amendment-1 search (overlay-cost fix)
2026-10-03T11:40:57+00:00,FTE,FTE_A+E|eqrisk|vt8|nobrake,IS,1.0,d4fba0478f,"{""brake"": false, ""labels"": [""A"", ""E""], ""scheme"": ""eqrisk"", ""vol_target"": 0.08}",0.2613,0.03346,-0.2885,5.56,4649,ef6bd10,amendment-1 search (overlay-cost fix)
2026-10-03T11:40:57+00:00,FTE,FTE_A+E|eqrisk|vt8|brake,IS,1.0,e5d568ddc0,"{""brake"": true, ""labels"": [""A"", ""E""], ""scheme"": ""eqrisk"", ""vol_target"": 0.08}",0.3062,0.03408,-0.204,5.16,4649,ef6bd10,amendment-1 search (overlay-cost fix)
2026-10-03T11:40:57+00:00,FTE,FTE_A+E|eqrisk|vt10|nobrake,IS,1.0,898de26552,"{""brake"": false, ""labels"": [""A"", ""E""], ""scheme"": ""eqrisk"", ""vol_target"": 0.1}",0.2658,0.03687,-0.3433,7.13,4649,ef6bd10,amendment-1 search (overlay-cost fix)
2026-10-03T11:40:57+00:00,FTE,FTE_A+E|eqrisk|vt10|brake,IS,1.0,7f4d4e5b63,"{""brake"": true, ""labels"": [""A"", ""E""], ""scheme"": ""eqrisk"", ""vol_target"": 0.1}",0.3024,0.03645,-0.2449,7.04,4649,ef6bd10,amendment-1 search (overlay-cost fix)
2026-10-03T11:40:57+00:00,FTE,FTE_A+E|invvol_shrunk|vt6|nobrake,IS,1.0,69a4af790c,"{""brake"": false, ""labels"": [""A"", ""E""], ""scheme"": ""invvol_shrunk"", ""vol_target"": 0.06}",0.191,0.02483,-0.2339,4.04,4649,ef6bd10,amendment-1 search (overlay-cost fix)
2026-10-03T11:40:57+00:00,FTE,FTE_A+E|invvol_shrunk|vt6|brake,IS,1.0,54b303c790,"{""brake"": true, ""labels"": [""A"", ""E""], ""scheme"": ""invvol_shrunk"", ""vol_target"": 0.06}",0.1856,0.02317,-0.1719,4.02,4649,ef6bd10,amendment-1 search (overlay-cost fix)
2026-10-03T11:40:57+00:00,FTE,FTE_A+E|invvol_shrunk|vt8|nobrake,IS,1.0,0309caeb5f,"{""brake"": false, ""labels"": [""A"", ""E""], ""scheme"": ""invvol_shrunk"", ""vol_target"": 0.08}",0.198,0.02781,-0.3012,5.17,4649,ef6bd10,amendment-1 search (overlay-cost fix)
2026-10-03T11:40:57+00:00,FTE,FTE_A+E|invvol_shrunk|vt8|brake,IS,1.0,3ed8bf7049,"{""brake"": true, ""labels"": [""A"", ""E""], ""scheme"": ""invvol_shrunk"", ""vol_target"": 0.08}",0.2339,0.02831,-0.2129,5.1,4649,ef6bd10,amendment-1 search (overlay-cost fix)
2026-10-03T11:40:57+00:00,FTE,FTE_A+E|invvol_shrunk|vt10|nobrake,IS,1.0,326467341e,"{""brake"": false, ""labels"": [""A"", ""E""], ""scheme"": ""invvol_shrunk"", ""vol_target"": 0.1}",0.2054,0.03062,-0.3603,6.78,4649,ef6bd10,amendment-1 search (overlay-cost fix)
2026-10-03T11:40:57+00:00,FTE,FTE_A+E|invvol_shrunk|vt10|brake,IS,1.0,5ead8901b3,"{""brake"": true, ""labels"": [""A"", ""E""], ""scheme"": ""invvol_shrunk"", ""vol_target"": 0.1}",0.2501,0.0315,-0.2516,6.11,4649,ef6bd10,amendment-1 search (overlay-cost fix)
2026-10-03T11:40:57+00:00,FTE,FTE_A+E|minvar_lw|vt6|nobrake,IS,1.0,c80c561095,"{""brake"": false, ""labels"": [""A"", ""E""], ""scheme"": ""minvar_lw"", ""vol_target"": 0.06}",0.4,0.04011,-0.1989,4.77,4633,ef6bd10,amendment-1 search (overlay-cost fix)
2026-10-03T11:40:57+00:00,FTE,FTE_A+E|minvar_lw|vt6|brake,IS,1.0,63773b99e3,"{""brake"": true, ""labels"": [""A"", ""E""], ""scheme"": ""minvar_lw"", ""vol_target"": 0.06}",0.3953,0.03741,-0.1527,4.88,4633,ef6bd10,amendment-1 search (overlay-cost fix)
2026-10-03T11:40:57+00:00,FTE,FTE_A+E|minvar_lw|vt8|nobrake,IS,1.0,2de9d5b13a,"{""brake"": false, ""labels"": [""A"", ""E""], ""scheme"": ""minvar_lw"", ""vol_target"": 0.08}",0.407,0.04586,-0.2505,5.45,4633,ef6bd10,amendment-1 search (overlay-cost fix)
2026-10-03T11:40:57+00:00,FTE,FTE_A+E|minvar_lw|vt8|brake,IS,1.0,e60d00c9ea,"{""brake"": true, ""labels"": [""A"", ""E""], ""scheme"": ""minvar_lw"", ""vol_target"": 0.08}",0.4203,0.04291,-0.1882,5.09,4633,ef6bd10,amendment-1 search (overlay-cost fix)
2026-10-03T11:40:57+00:00,FTE,FTE_A+E|minvar_lw|vt10|nobrake,IS,1.0,866fbd993b,"{""brake"": false, ""labels"": [""A"", ""E""], ""scheme"": ""minvar_lw"", ""vol_target"": 0.1}",0.415,0.05116,-0.289,6.75,4633,ef6bd10,amendment-1 search (overlay-cost fix)
2026-10-03T11:40:57+00:00,FTE,FTE_A+E|minvar_lw|vt10|brake,IS,1.0,d1941f7b91,"{""brake"": true, ""labels"": [""A"", ""E""], ""scheme"": ""minvar_lw"", ""vol_target"": 0.1}",0.4167,0.04609,-0.207,6.83,4633,ef6bd10,amendment-1 search (overlay-cost fix)
2026-10-03T11:40:57+00:00,FTE,FTE_A+E+PCT|eqrisk|vt6|nobrake,IS,1.0,eeb8681e09,"{""brake"": false, ""labels"": [""A"", ""E"", ""PCT""], ""scheme"": ""eqrisk"", ""vol_target"": 0.06}",0.3965,0.03836,-0.1509,6.79,4649,ef6bd10,amendment-1 search (overlay-cost fix)
2026-10-03T11:40:57+00:00,FTE,FTE_A+E+PCT|eqrisk|vt6|brake,IS,1.0,8d27c83214,"{""brake"": true, ""labels"": [""A"", ""E"", ""PCT""], ""scheme"": ""eqrisk"", ""vol_target"": 0.06}",0.4026,0.03628,-0.139,6.81,4649,ef6bd10,amendment-1 search (overlay-cost fix)
2026-10-03T11:40:57+00:00,FTE,FTE_A+E+PCT|eqrisk|vt8|nobrake,IS,1.0,1a8b94ccd4,"{""brake"": false, ""labels"": [""A"", ""E"", ""PCT""], ""scheme"": ""eqrisk"", ""vol_target"": 0.08}",0.4062,0.04567,-0.1935,9.65,4649,ef6bd10,amendment-1 search (overlay-cost fix)
2026-10-03T11:40:57+00:00,FTE,FTE_A+E+PCT|eqrisk|vt8|brake,IS,1.0,1d52043457,"{""brake"": true, ""labels"": [""A"", ""E"", ""PCT""], ""scheme"": ""eqrisk"", ""vol_target"": 0.08}",0.3873,0.04039,-0.1501,10.53,4649,ef6bd10,amendment-1 search (overlay-cost fix)
2026-10-03T11:40:57+00:00,FTE,FTE_A+E+PCT|eqrisk|vt10|nobrake,IS,1.0,3af675e32d,"{""brake"": false, ""labels"": [""A"", ""E"", ""PCT""], ""scheme"": ""eqrisk"", ""vol_target"": 0.1}",0.403,0.0507,-0.2198,13.86,4649,ef6bd10,amendment-1 search (overlay-cost fix)
2026-10-03T11:40:57+00:00,FTE,FTE_A+E+PCT|eqrisk|vt10|brake,IS,1.0,8648dcf153,"{""brake"": true, ""labels"": [""A"", ""E"", ""PCT""], ""scheme"": ""eqrisk"", ""vol_target"": 0.1}",0.4034,0.04539,-0.1676,13.59,4649,ef6bd10,amendment-1 search (overlay-cost fix)
2026-10-03T11:40:57+00:00,FTE,FTE_A+E+PCT|invvol_shrunk|vt6|nobrake,IS,1.0,e873201b2d,"{""brake"": false, ""labels"": [""A"", ""E"", ""PCT""], ""scheme"": ""invvol_shrunk"", ""vol_target"": 0.06}",0.3293,0.03368,-0.1509,6.46,4649,ef6bd10,amendment-1 search (overlay-cost fix)
2026-10-03T11:40:57+00:00,FTE,FTE_A+E+PCT|invvol_shrunk|vt6|brake,IS,1.0,c297bca68d,"{""brake"": true, ""labels"": [""A"", ""E"", ""PCT""], ""scheme"": ""invvol_shrunk"", ""vol_target"": 0.06}",0.3382,0.0322,-0.1427,6.25,4649,ef6bd10,amendment-1 search (overlay-cost fix)
2026-10-03T11:40:57+00:00,FTE,FTE_A+E+PCT|invvol_shrunk|vt8|nobrake,IS,1.0,7569a42935,"{""brake"": false, ""labels"": [""A"", ""E"", ""PCT""], ""scheme"": ""invvol_shrunk"", ""vol_target"": 0.08}",0.3345,0.03934,-0.2081,9.11,4649,ef6bd10,amendment-1 search (overlay-cost fix)
2026-10-03T11:40:57+00:00,FTE,FTE_A+E+PCT|invvol_shrunk|vt8|brake,IS,1.0,f53d4fc47b,"{""brake"": true, ""labels"": [""A"", ""E"", ""PCT""], ""scheme"": ""invvol_shrunk"", ""vol_target"": 0.08}",0.3322,0.03603,-0.16,9.88,4649,ef6bd10,amendment-1 search (overlay-cost fix)
2026-10-03T11:40:57+00:00,FTE,FTE_A+E+PCT|invvol_shrunk|vt10|nobrake,IS,1.0,1898bc36ce,"{""brake"": false, ""labels"": [""A"", ""E"", ""PCT""], ""scheme"": ""invvol_shrunk"", ""vol_target"": 0.1}",0.3395,0.04428,-0.239,12.95,4649,ef6bd10,amendment-1 search (overlay-cost fix)
2026-10-03T11:40:57+00:00,FTE,FTE_A+E+PCT|invvol_shrunk|vt10|brake,IS,1.0,e805637a2a,"{""brake"": true, ""labels"": [""A"", ""E"", ""PCT""], ""scheme"": ""invvol_shrunk"", ""vol_target"": 0.1}",0.3138,0.03745,-0.1726,12.63,4649,ef6bd10,amendment-1 search (overlay-cost fix)
2026-10-03T11:40:57+00:00,FTE,FTE_A+E+PCT|minvar_lw|vt6|nobrake,IS,1.0,39f6682085,"{""brake"": false, ""labels"": [""A"", ""E"", ""PCT""], ""scheme"": ""minvar_lw"", ""vol_target"": 0.06}",0.5537,0.04931,-0.1291,6.65,4633,ef6bd10,amendment-1 search (overlay-cost fix)
2026-10-03T11:40:57+00:00,FTE,FTE_A+E+PCT|minvar_lw|vt6|brake,IS,1.0,e41240dde1,"{""brake"": true, ""labels"": [""A"", ""E"", ""PCT""], ""scheme"": ""minvar_lw"", ""vol_target"": 0.06}",0.5498,0.04873,-0.116,6.62,4633,ef6bd10,amendment-1 search (overlay-cost fix)
2026-10-03T11:40:57+00:00,FTE,FTE_A+E+PCT|minvar_lw|vt8|nobrake,IS,1.0,954886035d,"{""brake"": false, ""labels"": [""A"", ""E"", ""PCT""], ""scheme"": ""minvar_lw"", ""vol_target"": 0.08}",0.5635,0.0584,-0.1627,9.09,4633,ef6bd10,amendment-1 search (overlay-cost fix)
2026-10-03T11:40:57+00:00,FTE,FTE_A+E+PCT|minvar_lw|vt8|brake,IS,1.0,b9f1243104,"{""brake"": true, ""labels"": [""A"", ""E"", ""PCT""], ""scheme"": ""minvar_lw"", ""vol_target"": 0.08}",0.529,0.05278,-0.1354,10.03,4633,ef6bd10,amendment-1 search (overlay-cost fix)
2026-10-03T11:40:57+00:00,FTE,FTE_A+E+PCT|minvar_lw|vt10|nobrake,IS,1.0,3c9bfc96a6,"{""brake"": false, ""labels"": [""A"", ""E"", ""PCT""], ""scheme"": ""minvar_lw"", ""vol_target"": 0.1}",0.5613,0.065,-0.1881,12.81,4633,ef6bd10,amendment-1 search (overlay-cost fix)
2026-10-03T11:40:57+00:00,FTE,FTE_A+E+PCT|minvar_lw|vt10|brake,IS,1.0,5ce889e6c9,"{""brake"": true, ""labels"": [""A"", ""E"", ""PCT""], ""scheme"": ""minvar_lw"", ""vol_target"": 0.1}",0.475,0.05144,-0.1479,13.74,4633,ef6bd10,amendment-1 search (overlay-cost fix)
2026-10-03T11:40:57+00:00,FTE,FTE_A+E+TSMOM|eqrisk|vt6|nobrake,IS,1.0,270a12edc1,"{""brake"": false, ""labels"": [""A"", ""E"", ""TSMOM""], ""scheme"": ""eqrisk"", ""vol_target"": 0.06}",0.4769,0.04382,-0.1602,6.98,4649,ef6bd10,amendment-1 search (overlay-cost fix)
2026-10-03T11:40:57+00:00,FTE,FTE_A+E+TSMOM|eqrisk|vt6|brake,IS,1.0,0d157e1464,"{""brake"": true, ""labels"": [""A"", ""E"", ""TSMOM""], ""scheme"": ""eqrisk"", ""vol_target"": 0.06}",0.4541,0.03975,-0.1331,8.75,4649,ef6bd10,amendment-1 search (overlay-cost fix)
2026-10-03T11:40:57+00:00,FTE,FTE_A+E+TSMOM|eqrisk|vt8|nobrake,IS,1.0,5b2039abb4,"{""brake"": false, ""labels"": [""A"", ""E"", ""TSMOM""], ""scheme"": ""eqrisk"", ""vol_target"": 0.08}",0.4978,0.05365,-0.2039,9.98,4649,ef6bd10,amendment-1 search (overlay-cost fix)
2026-10-03T11:40:57+00:00,FTE,FTE_A+E+TSMOM|eqrisk|vt8|brake,IS,1.0,7431202711,"{""brake"": true, ""labels"": [""A"", ""E"", ""TSMOM""], ""scheme"": ""eqrisk"", ""vol_target"": 0.08}",0.4915,0.04973,-0.1554,11.73,4649,ef6bd10,amendment-1 search (overlay-cost fix)
2026-10-03T11:40:57+00:00,FTE,FTE_A+E+TSMOM|eqrisk|vt10|nobrake,IS,1.0,a57b045f1a,"{""brake"": false, ""labels"": [""A"", ""E"", ""TSMOM""], ""scheme"": ""eqrisk"", ""vol_target"": 0.1}",0.4879,0.05945,-0.2328,14.26,4649,ef6bd10,amendment-1 search (overlay-cost fix)
2026-10-03T11:40:57+00:00,FTE,FTE_A+E+TSMOM|eqrisk|vt10|brake,IS,1.0,048c4df477,"{""brake"": true, ""labels"": [""A"", ""E"", ""TSMOM""], ""scheme"": ""eqrisk"", ""vol_target"": 0.1}",0.4028,0.04584,-0.1723,16.62,4649,ef6bd10,amendment-1 search (overlay-cost fix)
2026-10-03T11:40:57+00:00,FTE,FTE_A+E+TSMOM|invvol_shrunk|vt6|nobrake,IS,1.0,4fb6ada2b7,"{""brake"": false, ""labels"": [""A"", ""E"", ""TSMOM""], ""scheme"": ""invvol_shrunk"", ""vol_target"": 0.06}",0.4172,0.03949,-0.1589,6.82,4649,ef6bd10,amendment-1 search (overlay-cost fix)
2026-10-03T11:40:57+00:00,FTE,FTE_A+E+TSMOM|invvol_shrunk|vt6|brake,IS,1.0,f6e5d5c040,"{""brake"": true, ""labels"": [""A"", ""E"", ""TSMOM""], ""scheme"": ""invvol_shrunk"", ""vol_target"": 0.06}",0.3826,0.03504,-0.1323,9.9,4649,ef6bd10,amendment-1 search (overlay-cost fix)
2026-10-03T11:40:57+00:00,FTE,FTE_A+E+TSMOM|invvol_shrunk|vt8|nobrake,IS,1.0,993feb8300,"{""brake"": false, ""labels"": [""A"", ""E"", ""TSMOM""], ""scheme"": ""invvol_shrunk"", ""vol_target"": 0.08}",0.4369,0.04813,-0.2051,9.47,4649,ef6bd10,amendment-1 search (overlay-cost fix)
2026-10-03T11:40:57+00:00,FTE,FTE_A+E+TSMOM|invvol_shrunk|vt8|brake,IS,1.0,4c846b4b40,"{""brake"": true, ""labels"": [""A"", ""E"", ""TSMOM""], ""scheme"": ""invvol_shrunk"", ""vol_target"": 0.08}",0.4058,0.04199,-0.1601,10.66,4649,ef6bd10,amendment-1 search (overlay-cost fix)
2026-10-03T11:40:57+00:00,FTE,FTE_A+E+TSMOM|invvol_shrunk|vt10|nobrake,IS,1.0,dc581ade62,"{""brake"": false, ""labels"": [""A"", ""E"", ""TSMOM""], ""scheme"": ""invvol_shrunk"", ""vol_target"": 0.1}",0.4372,0.05444,-0.2331,13.5,4649,ef6bd10,amendment-1 search (overlay-cost fix)
2026-10-03T11:40:57+00:00,FTE,FTE_A+E+TSMOM|invvol_shrunk|vt10|brake,IS,1.0,f8d7ed8132,"{""brake"": true, ""labels"": [""A"", ""E"", ""TSMOM""], ""scheme"": ""invvol_shrunk"", ""vol_target"": 0.1}",0.3907,0.04525,-0.1727,14.88,4649,ef6bd10,amendment-1 search (overlay-cost fix)
2026-10-03T11:40:57+00:00,FTE,FTE_A+E+TSMOM|minvar_lw|vt6|nobrake,IS,1.0,4b48d14cf7,"{""brake"": false, ""labels"": [""A"", ""E"", ""TSMOM""], ""scheme"": ""minvar_lw"", ""vol_target"": 0.06}",0.6127,0.0536,-0.1369,6.9,4633,ef6bd10,amendment-1 search (overlay-cost fix)
2026-10-03T11:40:57+00:00,FTE,FTE_A+E+TSMOM|minvar_lw|vt6|brake,IS,1.0,0f9787c9dc,"{""brake"": true, ""labels"": [""A"", ""E"", ""TSMOM""], ""scheme"": ""minvar_lw"", ""vol_target"": 0.06}",0.6027,0.05248,-0.1224,7.22,4633,ef6bd10,amendment-1 search (overlay-cost fix)
2026-10-03T11:40:57+00:00,FTE,FTE_A+E+TSMOM|minvar_lw|vt8|nobrake,IS,1.0,ded7a2df2b,"{""brake"": false, ""labels"": [""A"", ""E"", ""TSMOM""], ""scheme"": ""minvar_lw"", ""vol_target"": 0.08}",0.6254,0.06363,-0.1715,9.34,4633,ef6bd10,amendment-1 search (overlay-cost fix)
2026-10-03T11:40:57+00:00,FTE,FTE_A+E+TSMOM|minvar_lw|vt8|brake,IS,1.0,0c0550dce0,"{""brake"": true, ""labels"": [""A"", ""E"", ""TSMOM""], ""scheme"": ""minvar_lw"", ""vol_target"": 0.08}",0.5442,0.05262,-0.1385,11.5,4633,ef6bd10,amendment-1 search (overlay-cost fix)
2026-10-03T11:40:57+00:00,FTE,FTE_A+E+TSMOM|minvar_lw|vt10|nobrake,IS,1.0,e2494dd85e,"{""brake"": false, ""labels"": [""A"", ""E"", ""TSMOM""], ""scheme"": ""minvar_lw"", ""vol_target"": 0.1}",0.6294,0.07145,-0.1984,12.98,4633,ef6bd10,amendment-1 search (overlay-cost fix)
2026-10-03T11:40:57+00:00,FTE,FTE_A+E+TSMOM|minvar_lw|vt10|brake,IS,1.0,3a85ed10d9,"{""brake"": true, ""labels"": [""A"", ""E"", ""TSMOM""], ""scheme"": ""minvar_lw"", ""vol_target"": 0.1}",0.5945,0.06293,-0.1528,15.02,4633,ef6bd10,amendment-1 search (overlay-cost fix)
2026-10-03T11:40:57+00:00,FTE,FTE_B+C|eqrisk|vt6|nobrake,IS,1.0,97cfb2f529,"{""brake"": false, ""labels"": [""B"", ""C""], ""scheme"": ""eqrisk"", ""vol_target"": 0.06}",0.6932,0.06088,-0.153,4.15,4645,ef6bd10,amendment-1 search (overlay-cost fix)
2026-10-03T11:40:57+00:00,FTE,FTE_B+C|eqrisk|vt6|brake,IS,1.0,a5f4417050,"{""brake"": true, ""labels"": [""B"", ""C""], ""scheme"": ""eqrisk"", ""vol_target"": 0.06}",0.6664,0.05668,-0.14,4.7,4645,ef6bd10,amendment-1 search (overlay-cost fix)
2026-10-03T11:40:57+00:00,FTE,FTE_B+C|eqrisk|vt8|nobrake,IS,1.0,67d52b7290,"{""brake"": false, ""labels"": [""B"", ""C""], ""scheme"": ""eqrisk"", ""vol_target"": 0.08}",0.6831,0.07111,-0.1897,4.83,4645,ef6bd10,amendment-1 search (overlay-cost fix)
2026-10-03T11:40:57+00:00,FTE,FTE_B+C|eqrisk|vt8|brake,IS,1.0,5e28a2530d,"{""brake"": true, ""labels"": [""B"", ""C""], ""scheme"": ""eqrisk"", ""vol_target"": 0.08}",0.6857,0.06601,-0.1612,5.08,4645,ef6bd10,amendment-1 search (overlay-cost fix)
2026-10-03T11:40:57+00:00,FTE,FTE_B+C|eqrisk|vt10|nobrake,IS,1.0,31fe17cfc7,"{""brake"": false, ""labels"": [""B"", ""C""], ""scheme"": ""eqrisk"", ""vol_target"": 0.1}",0.6419,0.07592,-0.222,6.89,4645,ef6bd10,amendment-1 search (overlay-cost fix)
2026-10-03T11:40:57+00:00,FTE,FTE_B+C|eqrisk|vt10|brake,IS,1.0,324a8191eb,"{""brake"": true, ""labels"": [""B"", ""C""], ""scheme"": ""eqrisk"", ""vol_target"": 0.1}",0.6575,0.07081,-0.1901,7.21,4645,ef6bd10,amendment-1 search (overlay-cost fix)
2026-10-03T11:40:57+00:00,FTE,FTE_B+C|invvol_shrunk|vt6|nobrake,IS,1.0,778fad6b50,"{""brake"": false, ""labels"": [""B"", ""C""], ""scheme"": ""invvol_shrunk"", ""vol_target"": 0.06}",0.576,0.05184,-0.1694,3.81,4645,ef6bd10,amendment-1 search (overlay-cost fix)
2026-10-03T11:40:57+00:00,FTE,FTE_B+C|invvol_shrunk|vt6|brake,IS,1.0,d4813784d5,"{""brake"": true, ""labels"": [""B"", ""C""], ""scheme"": ""invvol_shrunk"", ""vol_target"": 0.06}",0.5349,0.04626,-0.1445,3.98,4645,ef6bd10,amendment-1 search (overlay-cost fix)
2026-10-03T11:40:57+00:00,FTE,FTE_B+C|invvol_shrunk|vt8|nobrake,IS,1.0,3c8b8e6738,"{""brake"": false, ""labels"": [""B"", ""C""], ""scheme"": ""invvol_shrunk"", ""vol_target"": 0.08}",0.578,0.06294,-0.2092,4.66,4645,ef6bd10,amendment-1 search (overlay-cost fix)
2026-10-03T11:40:57+00:00,FTE,FTE_B+C|invvol_shrunk|vt8|brake,IS,1.0,7d16790531,"{""brake"": true, ""labels"": [""B"", ""C""], ""scheme"": ""invvol_shrunk"", ""vol_target"": 0.08}",0.5771,0.05847,-0.1643,5.03,4645,ef6bd10,amendment-1 search (overlay-cost fix)
2026-10-03T11:40:57+00:00,FTE,FTE_B+C|invvol_shrunk|vt10|nobrake,IS,1.0,86ba3587df,"{""brake"": false, ""labels"": [""B"", ""C""], ""scheme"": ""invvol_shrunk"", ""vol_target"": 0.1}",0.5645,0.07065,-0.2485,6.17,4645,ef6bd10,amendment-1 search (overlay-cost fix)
2026-10-03T11:40:57+00:00,FTE,FTE_B+C|invvol_shrunk|vt10|brake,IS,1.0,405e8b39b0,"{""brake"": true, ""labels"": [""B"", ""C""], ""scheme"": ""invvol_shrunk"", ""vol_target"": 0.1}",0.5963,0.06704,-0.2055,6.07,4645,ef6bd10,amendment-1 search (overlay-cost fix)
2026-10-03T11:40:57+00:00,FTE,FTE_B+C|minvar_lw|vt6|nobrake,IS,1.0,89c967ee32,"{""brake"": false, ""labels"": [""B"", ""C""], ""scheme"": ""minvar_lw"", ""vol_target"": 0.06}",0.8012,0.06929,-0.1263,3.66,4633,ef6bd10,amendment-1 search (overlay-cost fix)
2026-10-03T11:40:57+00:00,FTE,FTE_B+C|minvar_lw|vt6|brake,IS,1.0,4f7a92f66a,"{""brake"": true, ""labels"": [""B"", ""C""], ""scheme"": ""minvar_lw"", ""vol_target"": 0.06}",0.7913,0.06746,-0.1179,3.78,4633,ef6bd10,amendment-1 search (overlay-cost fix)
2026-10-03T11:40:57+00:00,FTE,FTE_B+C|minvar_lw|vt8|nobrake,IS,1.0,8e63531be6,"{""brake"": false, ""labels"": [""B"", ""C""], ""scheme"": ""minvar_lw"", ""vol_target"": 0.08}",0.7791,0.07708,-0.157,4.27,4633,ef6bd10,amendment-1 search (overlay-cost fix)
2026-10-03T11:40:57+00:00,FTE,FTE_B+C|minvar_lw|vt8|brake,IS,1.0,fe00e4f465,"{""brake"": true, ""labels"": [""B"", ""C""], ""scheme"": ""minvar_lw"", ""vol_target"": 0.08}",0.7265,0.06892,-0.1516,4.99,4633,ef6bd10,amendment-1 search (overlay-cost fix)
2026-10-03T11:40:57+00:00,FTE,FTE_B+C|minvar_lw|vt10|nobrake,IS,1.0,508eb2564b,"{""brake"": false, ""labels"": [""B"", ""C""], ""scheme"": ""minvar_lw"", ""vol_target"": 0.1}",0.7322,0.08075,-0.1856,5.98,4633,ef6bd10,amendment-1 search (overlay-cost fix)
2026-10-03T11:40:57+00:00,FTE,FTE_B+C|minvar_lw|vt10|brake,IS,1.0,a9d7af1120,"{""brake"": true, ""labels"": [""B"", ""C""], ""scheme"": ""minvar_lw"", ""vol_target"": 0.1}",0.7281,0.07661,-0.1548,6.05,4633,ef6bd10,amendment-1 search (overlay-cost fix)
2026-10-03T11:40:57+00:00,FTE,FTE_B+C+PCT|eqrisk|vt6|nobrake,IS,1.0,640f2708d0,"{""brake"": false, ""labels"": [""B"", ""C"", ""PCT""], ""scheme"": ""eqrisk"", ""vol_target"": 0.06}",0.7232,0.06144,-0.1354,6.7,4645,ef6bd10,amendment-1 search (overlay-cost fix)
2026-10-03T11:40:57+00:00,FTE,FTE_B+C+PCT|eqrisk|vt6|brake,IS,1.0,ff70c1edcc,"{""brake"": true, ""labels"": [""B"", ""C"", ""PCT""], ""scheme"": ""eqrisk"", ""vol_target"": 0.06}",0.6971,0.05775,-0.1267,7.53,4645,ef6bd10,amendment-1 search (overlay-cost fix)
2026-10-03T11:40:57+00:00,FTE,FTE_B+C+PCT|eqrisk|vt8|nobrake,IS,1.0,ba433285c9,"{""brake"": false, ""labels"": [""B"", ""C"", ""PCT""], ""scheme"": ""eqrisk"", ""vol_target"": 0.08}",0.6851,0.06952,-0.1705,9.88,4645,ef6bd10,amendment-1 search (overlay-cost fix)
2026-10-03T11:40:57+00:00,FTE,FTE_B+C+PCT|eqrisk|vt8|brake,IS,1.0,70277a32e8,"{""brake"": true, ""labels"": [""B"", ""C"", ""PCT""], ""scheme"": ""eqrisk"", ""vol_target"": 0.08}",0.6596,0.0638,-0.1549,10.79,4645,ef6bd10,amendment-1 search (overlay-cost fix)
2026-10-03T11:40:57+00:00,FTE,FTE_B+C+PCT|eqrisk|vt10|nobrake,IS,1.0,19dd45d299,"{""brake"": false, ""labels"": [""B"", ""C"", ""PCT""], ""scheme"": ""eqrisk"", ""vol_target"": 0.1}",0.6262,0.07278,-0.2142,15.77,4645,ef6bd10,amendment-1 search (overlay-cost fix)
2026-10-03T11:40:57+00:00,FTE,FTE_B+C+PCT|eqrisk|vt10|brake,IS,1.0,46f539a76a,"{""brake"": true, ""labels"": [""B"", ""C"", ""PCT""], ""scheme"": ""eqrisk"", ""vol_target"": 0.1}",0.5944,0.06441,-0.1694,16.22,4645,ef6bd10,amendment-1 search (overlay-cost fix)
2026-10-03T11:40:57+00:00,FTE,FTE_B+C+PCT|invvol_shrunk|vt6|nobrake,IS,1.0,ec927cda39,"{""brake"": false, ""labels"": [""B"", ""C"", ""PCT""], ""scheme"": ""invvol_shrunk"", ""vol_target"": 0.06}",0.6156,0.05343,-0.136,6.22,4645,ef6bd10,amendment-1 search (overlay-cost fix)
2026-10-03T11:40:57+00:00,FTE,FTE_B+C+PCT|invvol_shrunk|vt6|brake,IS,1.0,98d18c8dc5,"{""brake"": true, ""labels"": [""B"", ""C"", ""PCT""], ""scheme"": ""invvol_shrunk"", ""vol_target"": 0.06}",0.5497,0.04686,-0.144,7.18,4645,ef6bd10,amendment-1 search (overlay-cost fix)
2026-10-03T11:40:57+00:00,FTE,FTE_B+C+PCT|invvol_shrunk|vt8|nobrake,IS,1.0,bf1ad1f5f0,"{""brake"": false, ""labels"": [""B"", ""C"", ""PCT""], ""scheme"": ""invvol_shrunk"", ""vol_target"": 0.08}",0.5941,0.0626,-0.1886,8.97,4645,ef6bd10,amendment-1 search (overlay-cost fix)
2026-10-03T11:40:57+00:00,FTE,FTE_B+C+PCT|invvol_shrunk|vt8|brake,IS,1.0,cc358ca579,"{""brake"": true, ""labels"": [""B"", ""C"", ""PCT""], ""scheme"": ""invvol_shrunk"", ""vol_target"": 0.08}",0.5834,0.05758,-0.1526,9.37,4645,ef6bd10,amendment-1 search (overlay-cost fix)
2026-10-03T11:40:57+00:00,FTE,FTE_B+C+PCT|invvol_shrunk|vt10|nobrake,IS,1.0,95b31fefb3,"{""brake"": false, ""labels"": [""B"", ""C"", ""PCT""], ""scheme"": ""invvol_shrunk"", ""vol_target"": 0.1}",0.5553,0.06735,-0.2496,14.06,4645,ef6bd10,amendment-1 search (overlay-cost fix)
2026-10-03T11:40:57+00:00,FTE,FTE_B+C+PCT|invvol_shrunk|vt10|brake,IS,1.0,b9f75048a1,"{""brake"": true, ""labels"": [""B"", ""C"", ""PCT""], ""scheme"": ""invvol_shrunk"", ""vol_target"": 0.1}",0.5724,0.06337,-0.185,13.43,4645,ef6bd10,amendment-1 search (overlay-cost fix)
2026-10-03T11:40:57+00:00,FTE,FTE_B+C+PCT|minvar_lw|vt6|nobrake,IS,1.0,d671cfbb1d,"{""brake"": false, ""labels"": [""B"", ""C"", ""PCT""], ""scheme"": ""minvar_lw"", ""vol_target"": 0.06}",0.8302,0.06986,-0.1262,5.02,4633,ef6bd10,amendment-1 search (overlay-cost fix)
2026-10-03T11:40:57+00:00,FTE,FTE_B+C+PCT|minvar_lw|vt6|brake,IS,1.0,1130efd954,"{""brake"": true, ""labels"": [""B"", ""C"", ""PCT""], ""scheme"": ""minvar_lw"", ""vol_target"": 0.06}",0.8277,0.06897,-0.1152,5.23,4633,ef6bd10,amendment-1 search (overlay-cost fix)
2026-10-03T11:40:57+00:00,FTE,FTE_B+C+PCT|minvar_lw|vt8|nobrake,IS,1.0,8acebc0c06,"{""brake"": false, ""labels"": [""B"", ""C"", ""PCT""], ""scheme"": ""minvar_lw"", ""vol_target"": 0.08}",0.7965,0.07766,-0.1446,7.11,4633,ef6bd10,amendment-1 search (overlay-cost fix)
2026-10-03T11:40:57+00:00,FTE,FTE_B+C+PCT|minvar_lw|vt8|brake,IS,1.0,7a458c3d26,"{""brake"": true, ""labels"": [""B"", ""C"", ""PCT""], ""scheme"": ""minvar_lw"", ""vol_target"": 0.08}",0.7723,0.07419,-0.1327,7.17,4633,ef6bd10,amendment-1 search (overlay-cost fix)
2026-10-03T11:40:57+00:00,FTE,FTE_B+C+PCT|minvar_lw|vt10|nobrake,IS,1.0,db430c29fb,"{""brake"": false, ""labels"": [""B"", ""C"", ""PCT""], ""scheme"": ""minvar_lw"", ""vol_target"": 0.1}",0.7402,0.08087,-0.1684,10.59,4633,ef6bd10,amendment-1 search (overlay-cost fix)
2026-10-03T11:40:57+00:00,FTE,FTE_B+C+PCT|minvar_lw|vt10|brake,IS,1.0,710b8b5e87,"{""brake"": true, ""labels"": [""B"", ""C"", ""PCT""], ""scheme"": ""minvar_lw"", ""vol_target"": 0.1}",0.7094,0.07411,-0.1576,10.63,4633,ef6bd10,amendment-1 search (overlay-cost fix)
2026-10-03T11:40:57+00:00,FTE,FTE_B+C+TSMOM|eqrisk|vt6|nobrake,IS,1.0,a30c7b47e4,"{""brake"": false, ""labels"": [""B"", ""C"", ""TSMOM""], ""scheme"": ""eqrisk"", ""vol_target"": 0.06}",0.8377,0.06963,-0.1169,7.08,4645,ef6bd10,amendment-1 search (overlay-cost fix)
2026-10-03T11:40:57+00:00,FTE,FTE_B+C+TSMOM|eqrisk|vt6|brake,IS,1.0,5c4a8c530e,"{""brake"": true, ""labels"": [""B"", ""C"", ""TSMOM""], ""scheme"": ""eqrisk"", ""vol_target"": 0.06}",0.8215,0.06783,-0.1172,7.22,4645,ef6bd10,amendment-1 search (overlay-cost fix)
2026-10-03T11:40:57+00:00,FTE,FTE_B+C+TSMOM|eqrisk|vt8|nobrake,IS,1.0,a8efdd2995,"{""brake"": false, ""labels"": [""B"", ""C"", ""TSMOM""], ""scheme"": ""eqrisk"", ""vol_target"": 0.08}",0.8092,0.08034,-0.1409,10.53,4645,ef6bd10,amendment-1 search (overlay-cost fix)
2026-10-03T11:40:57+00:00,FTE,FTE_B+C+TSMOM|eqrisk|vt8|brake,IS,1.0,d87a930736,"{""brake"": true, ""labels"": [""B"", ""C"", ""TSMOM""], ""scheme"": ""eqrisk"", ""vol_target"": 0.08}",0.8052,0.07899,-0.1278,10.61,4645,ef6bd10,amendment-1 search (overlay-cost fix)
2026-10-03T11:40:57+00:00,FTE,FTE_B+C+TSMOM|eqrisk|vt10|nobrake,IS,1.0,4007c85452,"{""brake"": false, ""labels"": [""B"", ""C"", ""TSMOM""], ""scheme"": ""eqrisk"", ""vol_target"": 0.1}",0.7454,0.08465,-0.1631,16.84,4645,ef6bd10,amendment-1 search (overlay-cost fix)
2026-10-03T11:40:57+00:00,FTE,FTE_B+C+TSMOM|eqrisk|vt10|brake,IS,1.0,da35f795f9,"{""brake"": true, ""labels"": [""B"", ""C"", ""TSMOM""], ""scheme"": ""eqrisk"", ""vol_target"": 0.1}",0.7239,0.08004,-0.159,15.82,4645,ef6bd10,amendment-1 search (overlay-cost fix)
2026-10-03T11:40:57+00:00,FTE,FTE_B+C+TSMOM|invvol_shrunk|vt6|nobrake,IS,1.0,60a760340c,"{""brake"": false, ""labels"": [""B"", ""C"", ""TSMOM""], ""scheme"": ""invvol_shrunk"", ""vol_target"": 0.06}",0.7352,0.06185,-0.1109,6.75,4645,ef6bd10,amendment-1 search (overlay-cost fix)
2026-10-03T11:40:57+00:00,FTE,FTE_B+C+TSMOM|invvol_shrunk|vt6|brake,IS,1.0,9adc8debeb,"{""brake"": true, ""labels"": [""B"", ""C"", ""TSMOM""], ""scheme"": ""invvol_shrunk"", ""vol_target"": 0.06}",0.7274,0.06122,-0.1059,6.87,4645,ef6bd10,amendment-1 search (overlay-cost fix)
2026-10-03T11:40:57+00:00,FTE,FTE_B+C+TSMOM|invvol_shrunk|vt8|nobrake,IS,1.0,c435d2c122,"{""brake"": false, ""labels"": [""B"", ""C"", ""TSMOM""], ""scheme"": ""invvol_shrunk"", ""vol_target"": 0.08}",0.7193,0.07386,-0.1494,9.89,4645,ef6bd10,amendment-1 search (overlay-cost fix)
2026-10-03T11:40:57+00:00,FTE,FTE_B+C+TSMOM|invvol_shrunk|vt8|brake,IS,1.0,6d55967e04,"{""brake"": true, ""labels"": [""B"", ""C"", ""TSMOM""], ""scheme"": ""invvol_shrunk"", ""vol_target"": 0.08}",0.699,0.06921,-0.1401,11.55,4645,ef6bd10,amendment-1 search (overlay-cost fix)
2026-10-03T11:40:57+00:00,FTE,FTE_B+C+TSMOM|invvol_shrunk|vt10|nobrake,IS,1.0,97c12b6268,"{""brake"": false, ""labels"": [""B"", ""C"", ""TSMOM""], ""scheme"": ""invvol_shrunk"", ""vol_target"": 0.1}",0.6897,0.08153,-0.1702,15.44,4645,ef6bd10,amendment-1 search (overlay-cost fix)
2026-10-03T11:40:57+00:00,FTE,FTE_B+C+TSMOM|invvol_shrunk|vt10|brake,IS,1.0,28e233f2d8,"{""brake"": true, ""labels"": [""B"", ""C"", ""TSMOM""], ""scheme"": ""invvol_shrunk"", ""vol_target"": 0.1}",0.7111,0.07926,-0.1433,14.34,4645,ef6bd10,amendment-1 search (overlay-cost fix)
2026-10-03T11:40:57+00:00,FTE,FTE_B+C+TSMOM|minvar_lw|vt6|nobrake,IS,1.0,7197b63eda,"{""brake"": false, ""labels"": [""B"", ""C"", ""TSMOM""], ""scheme"": ""minvar_lw"", ""vol_target"": 0.06}",0.871,0.0731,-0.1204,4.97,4633,ef6bd10,amendment-1 search (overlay-cost fix)
2026-10-03T11:40:57+00:00,FTE,FTE_B+C+TSMOM|minvar_lw|vt6|brake,IS,1.0,14c718966d,"{""brake"": true, ""labels"": [""B"", ""C"", ""TSMOM""], ""scheme"": ""minvar_lw"", ""vol_target"": 0.06}",0.8651,0.07196,-0.1169,5.09,4633,ef6bd10,amendment-1 search (overlay-cost fix)
2026-10-03T11:40:57+00:00,FTE,FTE_B+C+TSMOM|minvar_lw|vt8|nobrake,IS,1.0,e131e8da9a,"{""brake"": false, ""labels"": [""B"", ""C"", ""TSMOM""], ""scheme"": ""minvar_lw"", ""vol_target"": 0.08}",0.8376,0.08125,-0.1367,6.9,4633,ef6bd10,amendment-1 search (overlay-cost fix)
2026-10-03T11:40:57+00:00,FTE,FTE_B+C+TSMOM|minvar_lw|vt8|brake,IS,1.0,6f53b88686,"{""brake"": true, ""labels"": [""B"", ""C"", ""TSMOM""], ""scheme"": ""minvar_lw"", ""vol_target"": 0.08}",0.815,0.07796,-0.1238,7.09,4633,ef6bd10,amendment-1 search (overlay-cost fix)
2026-10-03T11:40:57+00:00,FTE,FTE_B+C+TSMOM|minvar_lw|vt10|nobrake,IS,1.0,e0d7f307cb,"{""brake"": false, ""labels"": [""B"", ""C"", ""TSMOM""], ""scheme"": ""minvar_lw"", ""vol_target"": 0.1}",0.7887,0.08538,-0.1577,10.2,4633,ef6bd10,amendment-1 search (overlay-cost fix)
2026-10-03T11:40:57+00:00,FTE,FTE_B+C+TSMOM|minvar_lw|vt10|brake,IS,1.0,451e6033fe,"{""brake"": true, ""labels"": [""B"", ""C"", ""TSMOM""], ""scheme"": ""minvar_lw"", ""vol_target"": 0.1}",0.7315,0.07673,-0.1535,10.12,4633,ef6bd10,amendment-1 search (overlay-cost fix)
2026-10-03T11:40:57+00:00,FTE,FTE_B+D|eqrisk|vt6|nobrake,IS,1.0,7871bdd82d,"{""brake"": false, ""labels"": [""B"", ""D""], ""scheme"": ""eqrisk"", ""vol_target"": 0.06}",-0.299,-0.00912,-0.4114,2.4,4645,ef6bd10,amendment-1 search (overlay-cost fix)
2026-10-03T11:40:57+00:00,FTE,FTE_B+D|eqrisk|vt6|brake,IS,1.0,1acd908f19,"{""brake"": true, ""labels"": [""B"", ""D""], ""scheme"": ""eqrisk"", ""vol_target"": 0.06}",-0.2092,0.00248,-0.2658,1.67,4645,ef6bd10,amendment-1 search (overlay-cost fix)
2026-10-03T11:40:57+00:00,FTE,FTE_B+D|eqrisk|vt8|nobrake,IS,1.0,c70e59c346,"{""brake"": false, ""labels"": [""B"", ""D""], ""scheme"": ""eqrisk"", ""vol_target"": 0.08}",-0.3181,-0.01787,-0.5129,3.32,4645,ef6bd10,amendment-1 search (overlay-cost fix)
2026-10-03T11:40:57+00:00,FTE,FTE_B+D|eqrisk|vt8|brake,IS,1.0,2b42b1af23,"{""brake"": true, ""labels"": [""B"", ""D""], ""scheme"": ""eqrisk"", ""vol_target"": 0.08}",-0.2005,-0.00026,-0.3196,2.53,4645,ef6bd10,amendment-1 search (overlay-cost fix)
2026-10-03T11:40:57+00:00,FTE,FTE_B+D|eqrisk|vt10|nobrake,IS,1.0,b3bbc09f49,"{""brake"": false, ""labels"": [""B"", ""D""], ""scheme"": ""eqrisk"", ""vol_target"": 0.1}",-0.3113,-0.02335,-0.5674,5.11,4645,ef6bd10,amendment-1 search (overlay-cost fix)
2026-10-03T11:40:57+00:00,FTE,FTE_B+D|eqrisk|vt10|brake,IS,1.0,ba411d7f72,"{""brake"": true, ""labels"": [""B"", ""D""], ""scheme"": ""eqrisk"", ""vol_target"": 0.1}",-0.2321,-0.00506,-0.3575,3.42,4645,ef6bd10,amendment-1 search (overlay-cost fix)
2026-10-03T11:40:57+00:00,FTE,FTE_B+D|invvol_shrunk|vt6|nobrake,IS,1.0,dc69c1e296,"{""brake"": false, ""labels"": [""B"", ""D""], ""scheme"": ""invvol_shrunk"", ""vol_target"": 0.06}",-0.1547,0.00154,-0.3255,2.69,4645,ef6bd10,amendment-1 search (overlay-cost fix)
2026-10-03T11:40:57+00:00,FTE,FTE_B+D|invvol_shrunk|vt6|brake,IS,1.0,44dfa35437,"{""brake"": true, ""labels"": [""B"", ""D""], ""scheme"": ""invvol_shrunk"", ""vol_target"": 0.06}",-0.068,0.00929,-0.2004,2.03,4645,ef6bd10,amendment-1 search (overlay-cost fix)
2026-10-03T11:40:57+00:00,FTE,FTE_B+D|invvol_shrunk|vt8|nobrake,IS,1.0,41d6e3bc5a,"{""brake"": false, ""labels"": [""B"", ""D""], ""scheme"": ""invvol_shrunk"", ""vol_target"": 0.08}",-0.1551,-0.00352,-0.4206,3.58,4645,ef6bd10,amendment-1 search (overlay-cost fix)
2026-10-03T11:40:57+00:00,FTE,FTE_B+D|invvol_shrunk|vt8|brake,IS,1.0,df42731cf8,"{""brake"": true, ""labels"": [""B"", ""D""], ""scheme"": ""invvol_shrunk"", ""vol_target"": 0.08}",-0.1045,0.00517,-0.2761,2.79,4645,ef6bd10,amendment-1 search (overlay-cost fix)
2026-10-03T11:40:57+00:00,FTE,FTE_B+D|invvol_shrunk|vt10|nobrake,IS,1.0,3a6690a9f5,"{""brake"": false, ""labels"": [""B"", ""D""], ""scheme"": ""invvol_shrunk"", ""vol_target"": 0.1}",-0.1486,-0.00785,-0.4939,4.83,4645,ef6bd10,amendment-1 search (overlay-cost fix)
2026-10-03T11:40:57+00:00,FTE,FTE_B+D|invvol_shrunk|vt10|brake,IS,1.0,9d8de3732f,"{""brake"": true, ""labels"": [""B"", ""D""], ""scheme"": ""invvol_shrunk"", ""vol_target"": 0.1}",-0.1114,0.00232,-0.3182,3.68,4645,ef6bd10,amendment-1 search (overlay-cost fix)
2026-10-03T11:40:57+00:00,FTE,FTE_B+D|minvar_lw|vt6|nobrake,IS,1.0,c2f7c613ba,"{""brake"": false, ""labels"": [""B"", ""D""], ""scheme"": ""minvar_lw"", ""vol_target"": 0.06}",-0.494,-0.02397,-0.5469,1.54,4633,ef6bd10,amendment-1 search (overlay-cost fix)
2026-10-03T11:40:57+00:00,FTE,FTE_B+D|minvar_lw|vt6|brake,IS,1.0,41aab4c395,"{""brake"": true, ""labels"": [""B"", ""D""], ""scheme"": ""minvar_lw"", ""vol_target"": 0.06}",-0.3136,-0.00293,-0.3211,1.11,4633,ef6bd10,amendment-1 search (overlay-cost fix)
2026-10-03T11:40:57+00:00,FTE,FTE_B+D|minvar_lw|vt8|nobrake,IS,1.0,94e1ed73b4,"{""brake"": false, ""labels"": [""B"", ""D""], ""scheme"": ""minvar_lw"", ""vol_target"": 0.08}",-0.5074,-0.03186,-0.6042,2.15,4633,ef6bd10,amendment-1 search (overlay-cost fix)
2026-10-03T11:40:57+00:00,FTE,FTE_B+D|minvar_lw|vt8|brake,IS,1.0,d17ff80906,"{""brake"": true, ""labels"": [""B"", ""D""], ""scheme"": ""minvar_lw"", ""vol_target"": 0.08}",-0.3246,-0.00709,-0.3641,1.42,4633,ef6bd10,amendment-1 search (overlay-cost fix)
2026-10-03T11:40:57+00:00,FTE,FTE_B+D|minvar_lw|vt10|nobrake,IS,1.0,9b9b32dbef,"{""brake"": false, ""labels"": [""B"", ""D""], ""scheme"": ""minvar_lw"", ""vol_target"": 0.1}",-0.5072,-0.03649,-0.6296,3.18,4633,ef6bd10,amendment-1 search (overlay-cost fix)
2026-10-03T11:40:57+00:00,FTE,FTE_B+D|minvar_lw|vt10|brake,IS,1.0,1d6ff34be4,"{""brake"": true, ""labels"": [""B"", ""D""], ""scheme"": ""minvar_lw"", ""vol_target"": 0.1}",-0.4525,-0.01672,-0.3852,2.07,4633,ef6bd10,amendment-1 search (overlay-cost fix)
2026-10-03T11:40:57+00:00,FTE,FTE_B+D+PCT|eqrisk|vt6|nobrake,IS,1.0,f236bf7531,"{""brake"": false, ""labels"": [""B"", ""D"", ""PCT""], ""scheme"": ""eqrisk"", ""vol_target"": 0.06}",-0.0987,0.00533,-0.2918,5.37,4645,ef6bd10,amendment-1 search (overlay-cost fix)
2026-10-03T11:40:57+00:00,FTE,FTE_B+D+PCT|eqrisk|vt6|brake,IS,1.0,8fe2dec5b6,"{""brake"": true, ""labels"": [""B"", ""D"", ""PCT""], ""scheme"": ""eqrisk"", ""vol_target"": 0.06}",-0.0397,0.01056,-0.2077,4.41,4645,ef6bd10,amendment-1 search (overlay-cost fix)
2026-10-03T11:40:57+00:00,FTE,FTE_B+D+PCT|eqrisk|vt8|nobrake,IS,1.0,2a7953ff97,"{""brake"": false, ""labels"": [""B"", ""D"", ""PCT""], ""scheme"": ""eqrisk"", ""vol_target"": 0.08}",-0.1285,-0.00041,-0.3856,8.58,4645,ef6bd10,amendment-1 search (overlay-cost fix)
2026-10-03T11:40:57+00:00,FTE,FTE_B+D+PCT|eqrisk|vt8|brake,IS,1.0,d2395c8006,"{""brake"": true, ""labels"": [""B"", ""D"", ""PCT""], ""scheme"": ""eqrisk"", ""vol_target"": 0.08}",-0.2019,0.00022,-0.2655,7.54,4645,ef6bd10,amendment-1 search (overlay-cost fix)
2026-10-03T11:40:57+00:00,FTE,FTE_B+D+PCT|eqrisk|vt10|nobrake,IS,1.0,31a75aa474,"{""brake"": false, ""labels"": [""B"", ""D"", ""PCT""], ""scheme"": ""eqrisk"", ""vol_target"": 0.1}",-0.1405,-0.005,-0.4483,14.15,4645,ef6bd10,amendment-1 search (overlay-cost fix)
2026-10-03T11:40:57+00:00,FTE,FTE_B+D+PCT|eqrisk|vt10|brake,IS,1.0,0bcd2d0eb2,"{""brake"": true, ""labels"": [""B"", ""D"", ""PCT""], ""scheme"": ""eqrisk"", ""vol_target"": 0.1}",-0.1374,0.00211,-0.2872,10.67,4645,ef6bd10,amendment-1 search (overlay-cost fix)
2026-10-03T11:40:57+00:00,FTE,FTE_B+D+PCT|invvol_shrunk|vt6|nobrake,IS,1.0,537fe9e697,"{""brake"": false, ""labels"": [""B"", ""D"", ""PCT""], ""scheme"": ""invvol_shrunk"", ""vol_target"": 0.06}",0.0963,0.01857,-0.2344,5.5,4645,ef6bd10,amendment-1 search (overlay-cost fix)
2026-10-03T11:40:57+00:00,FTE,FTE_B+D+PCT|invvol_shrunk|vt6|brake,IS,1.0,171eee8cf5,"{""brake"": true, ""labels"": [""B"", ""D"", ""PCT""], ""scheme"": ""invvol_shrunk"", ""vol_target"": 0.06}",0.1103,0.01899,-0.1745,5.43,4645,ef6bd10,amendment-1 search (overlay-cost fix)
2026-10-03T11:40:57+00:00,FTE,FTE_B+D+PCT|invvol_shrunk|vt8|nobrake,IS,1.0,c42fef4bf7,"{""brake"": false, ""labels"": [""B"", ""D"", ""PCT""], ""scheme"": ""invvol_shrunk"", ""vol_target"": 0.08}",0.0863,0.01812,-0.3199,8.25,4645,ef6bd10,amendment-1 search (overlay-cost fix)
2026-10-03T11:40:57+00:00,FTE,FTE_B+D+PCT|invvol_shrunk|vt8|brake,IS,1.0,b571442f7d,"{""brake"": true, ""labels"": [""B"", ""D"", ""PCT""], ""scheme"": ""invvol_shrunk"", ""vol_target"": 0.08}",0.1818,0.02489,-0.1965,7.03,4645,ef6bd10,amendment-1 search (overlay-cost fix)
2026-10-03T11:40:57+00:00,FTE,FTE_B+D+PCT|invvol_shrunk|vt10|nobrake,IS,1.0,d4afb1297c,"{""brake"": false, ""labels"": [""B"", ""D"", ""PCT""], ""scheme"": ""invvol_shrunk"", ""vol_target"": 0.1}",0.064,0.01559,-0.4029,13.16,4645,ef6bd10,amendment-1 search (overlay-cost fix)
2026-10-03T11:40:57+00:00,FTE,FTE_B+D+PCT|invvol_shrunk|vt10|brake,IS,1.0,e397c013e8,"{""brake"": true, ""labels"": [""B"", ""D"", ""PCT""], ""scheme"": ""invvol_shrunk"", ""vol_target"": 0.1}",0.0557,0.01564,-0.2414,12.48,4645,ef6bd10,amendment-1 search (overlay-cost fix)
2026-10-03T11:40:57+00:00,FTE,FTE_B+D+PCT|minvar_lw|vt6|nobrake,IS,1.0,8381f5fa1c,"{""brake"": false, ""labels"": [""B"", ""D"", ""PCT""], ""scheme"": ""minvar_lw"", ""vol_target"": 0.06}",-0.4214,-0.01768,-0.5005,3.4,4633,ef6bd10,amendment-1 search (overlay-cost fix)
2026-10-03T11:40:57+00:00,FTE,FTE_B+D+PCT|minvar_lw|vt6|brake,IS,1.0,b2a312d9d6,"{""brake"": true, ""labels"": [""B"", ""D"", ""PCT""], ""scheme"": ""minvar_lw"", ""vol_target"": 0.06}",-0.2581,0.00036,-0.2941,2.48,4633,ef6bd10,amendment-1 search (overlay-cost fix)
2026-10-03T11:40:57+00:00,FTE,FTE_B+D+PCT|minvar_lw|vt8|nobrake,IS,1.0,b94b9490c6,"{""brake"": false, ""labels"": [""B"", ""D"", ""PCT""], ""scheme"": ""minvar_lw"", ""vol_target"": 0.08}",-0.4167,-0.02308,-0.5524,5.34,4633,ef6bd10,amendment-1 search (overlay-cost fix)
2026-10-03T11:40:57+00:00,FTE,FTE_B+D+PCT|minvar_lw|vt8|brake,IS,1.0,ef41688baf,"{""brake"": true, ""labels"": [""B"", ""D"", ""PCT""], ""scheme"": ""minvar_lw"", ""vol_target"": 0.08}",-0.2409,-0.0016,-0.3253,3.37,4633,ef6bd10,amendment-1 search (overlay-cost fix)
2026-10-03T11:40:57+00:00,FTE,FTE_B+D+PCT|minvar_lw|vt10|nobrake,IS,1.0,421200573b,"{""brake"": false, ""labels"": [""B"", ""D"", ""PCT""], ""scheme"": ""minvar_lw"", ""vol_target"": 0.1}",-0.3972,-0.02585,-0.5771,8.15,4633,ef6bd10,amendment-1 search (overlay-cost fix)
2026-10-03T11:40:57+00:00,FTE,FTE_B+D+PCT|minvar_lw|vt10|brake,IS,1.0,30241eca01,"{""brake"": true, ""labels"": [""B"", ""D"", ""PCT""], ""scheme"": ""minvar_lw"", ""vol_target"": 0.1}",-0.2809,-0.0062,-0.3452,5.89,4633,ef6bd10,amendment-1 search (overlay-cost fix)
2026-10-03T11:40:57+00:00,FTE,FTE_B+D+TSMOM|eqrisk|vt6|nobrake,IS,1.0,206a35dc14,"{""brake"": false, ""labels"": [""B"", ""D"", ""TSMOM""], ""scheme"": ""eqrisk"", ""vol_target"": 0.06}",-0.0379,0.00944,-0.2583,5.79,4645,ef6bd10,amendment-1 search (overlay-cost fix)
2026-10-03T11:40:57+00:00,FTE,FTE_B+D+TSMOM|eqrisk|vt6|brake,IS,1.0,6b4cade95c,"{""brake"": true, ""labels"": [""B"", ""D"", ""TSMOM""], ""scheme"": ""eqrisk"", ""vol_target"": 0.06}",-0.0346,0.01087,-0.2059,4.71,4645,ef6bd10,amendment-1 search (overlay-cost fix)
2026-10-03T11:40:57+00:00,FTE,FTE_B+D+TSMOM|eqrisk|vt8|nobrake,IS,1.0,a48d1cda02,"{""brake"": false, ""labels"": [""B"", ""D"", ""TSMOM""], ""scheme"": ""eqrisk"", ""vol_target"": 0.08}",-0.0359,0.00763,-0.3154,9.43,4645,ef6bd10,amendment-1 search (overlay-cost fix)
2026-10-03T11:40:57+00:00,FTE,FTE_B+D+TSMOM|eqrisk|vt8|brake,IS,1.0,ea024af2cb,"{""brake"": true, ""labels"": [""B"", ""D"", ""TSMOM""], ""scheme"": ""eqrisk"", ""vol_target"": 0.08}",0.0161,0.01318,-0.2108,7.81,4645,ef6bd10,amendment-1 search (overlay-cost fix)
2026-10-03T11:40:57+00:00,FTE,FTE_B+D+TSMOM|eqrisk|vt10|nobrake,IS,1.0,e5e138e55b,"{""brake"": false, ""labels"": [""B"", ""D"", ""TSMOM""], ""scheme"": ""eqrisk"", ""vol_target"": 0.1}",-0.0437,0.00494,-0.3657,15.49,4645,ef6bd10,amendment-1 search (overlay-cost fix)
2026-10-03T11:40:57+00:00,FTE,FTE_B+D+TSMOM|eqrisk|vt10|brake,IS,1.0,1aab1660e2,"{""brake"": true, ""labels"": [""B"", ""D"", ""TSMOM""], ""scheme"": ""eqrisk"", ""vol_target"": 0.1}",0.0241,0.01316,-0.2301,11.72,4645,ef6bd10,amendment-1 search (overlay-cost fix)
2026-10-03T11:40:57+00:00,FTE,FTE_B+D+TSMOM|invvol_shrunk|vt6|nobrake,IS,1.0,a9fdd277ab,"{""brake"": false, ""labels"": [""B"", ""D"", ""TSMOM""], ""scheme"": ""invvol_shrunk"", ""vol_target"": 0.06}",0.183,0.02443,-0.173,6.02,4645,ef6bd10,amendment-1 search (overlay-cost fix)
2026-10-03T11:40:57+00:00,FTE,FTE_B+D+TSMOM|invvol_shrunk|vt6|brake,IS,1.0,0436753dba,"{""brake"": true, ""labels"": [""B"", ""D"", ""TSMOM""], ""scheme"": ""invvol_shrunk"", ""vol_target"": 0.06}",0.1458,0.02123,-0.1616,6.23,4645,ef6bd10,amendment-1 search (overlay-cost fix)
2026-10-03T11:40:57+00:00,FTE,FTE_B+D+TSMOM|invvol_shrunk|vt8|nobrake,IS,1.0,9c42ac8fa8,"{""brake"": false, ""labels"": [""B"", ""D"", ""TSMOM""], ""scheme"": ""invvol_shrunk"", ""vol_target"": 0.08}",0.1728,0.02571,-0.2462,9.27,4645,ef6bd10,amendment-1 search (overlay-cost fix)
2026-10-03T11:40:57+00:00,FTE,FTE_B+D+TSMOM|invvol_shrunk|vt8|brake,IS,1.0,8f66885ba7,"{""brake"": true, ""labels"": [""B"", ""D"", ""TSMOM""], ""scheme"": ""invvol_shrunk"", ""vol_target"": 0.08}",0.1015,0.01913,-0.1811,10.4,4645,ef6bd10,amendment-1 search (overlay-cost fix)
2026-10-03T11:40:57+00:00,FTE,FTE_B+D+TSMOM|invvol_shrunk|vt10|nobrake,IS,1.0,e087ab6194,"{""brake"": false, ""labels"": [""B"", ""D"", ""TSMOM""], ""scheme"": ""invvol_shrunk"", ""vol_target"": 0.1}",0.1704,0.02686,-0.3139,14.81,4645,ef6bd10,amendment-1 search (overlay-cost fix)
2026-10-03T11:40:57+00:00,FTE,FTE_B+D+TSMOM|invvol_shrunk|vt10|brake,IS,1.0,568e06d178,"{""brake"": true, ""labels"": [""B"", ""D"", ""TSMOM""], ""scheme"": ""invvol_shrunk"", ""vol_target"": 0.1}",0.1059,0.01977,-0.2083,15.02,4645,ef6bd10,amendment-1 search (overlay-cost fix)
2026-10-03T11:40:57+00:00,FTE,FTE_B+D+TSMOM|minvar_lw|vt6|nobrake,IS,1.0,90932b01c7,"{""brake"": false, ""labels"": [""B"", ""D"", ""TSMOM""], ""scheme"": ""minvar_lw"", ""vol_target"": 0.06}",-0.3925,-0.01555,-0.4835,3.56,4633,ef6bd10,amendment-1 search (overlay-cost fix)
2026-10-03T11:40:57+00:00,FTE,FTE_B+D+TSMOM|minvar_lw|vt6|brake,IS,1.0,a4e7ffc792,"{""brake"": true, ""labels"": [""B"", ""D"", ""TSMOM""], ""scheme"": ""minvar_lw"", ""vol_target"": 0.06}",-0.232,0.00164,-0.2828,2.56,4633,ef6bd10,amendment-1 search (overlay-cost fix)
2026-10-03T11:40:57+00:00,FTE,FTE_B+D+TSMOM|minvar_lw|vt8|nobrake,IS,1.0,f98233786e,"{""brake"": false, ""labels"": [""B"", ""D"", ""TSMOM""], ""scheme"": ""minvar_lw"", ""vol_target"": 0.08}",-0.3777,-0.0198,-0.5281,5.6,4633,ef6bd10,amendment-1 search (overlay-cost fix)
2026-10-03T11:40:57+00:00,FTE,FTE_B+D+TSMOM|minvar_lw|vt8|brake,IS,1.0,3d9009f4c5,"{""brake"": true, ""labels"": [""B"", ""D"", ""TSMOM""], ""scheme"": ""minvar_lw"", ""vol_target"": 0.08}",-0.2071,0.00037,-0.3081,3.39,4633,ef6bd10,amendment-1 search (overlay-cost fix)
2026-10-03T11:40:57+00:00,FTE,FTE_B+D+TSMOM|minvar_lw|vt10|nobrake,IS,1.0,e428d77a6f,"{""brake"": false, ""labels"": [""B"", ""D"", ""TSMOM""], ""scheme"": ""minvar_lw"", ""vol_target"": 0.1}",-0.3578,-0.02204,-0.5488,8.56,4633,ef6bd10,amendment-1 search (overlay-cost fix)
2026-10-03T11:40:57+00:00,FTE,FTE_B+D+TSMOM|minvar_lw|vt10|brake,IS,1.0,3708b0f3f0,"{""brake"": true, ""labels"": [""B"", ""D"", ""TSMOM""], ""scheme"": ""minvar_lw"", ""vol_target"": 0.1}",-0.1949,-0.00093,-0.3273,5.91,4633,ef6bd10,amendment-1 search (overlay-cost fix)
2026-10-03T11:40:57+00:00,FTE,FTE_B+E|eqrisk|vt6|nobrake,IS,1.0,848c909526,"{""brake"": false, ""labels"": [""B"", ""E""], ""scheme"": ""eqrisk"", ""vol_target"": 0.06}",0.0998,0.01882,-0.2936,3.99,4649,ef6bd10,amendment-1 search (overlay-cost fix)
2026-10-03T11:40:57+00:00,FTE,FTE_B+E|eqrisk|vt6|brake,IS,1.0,2d7870feb7,"{""brake"": true, ""labels"": [""B"", ""E""], ""scheme"": ""eqrisk"", ""vol_target"": 0.06}",0.1461,0.02052,-0.2105,3.7,4649,ef6bd10,amendment-1 search (overlay-cost fix)
2026-10-03T11:40:57+00:00,FTE,FTE_B+E|eqrisk|vt8|nobrake,IS,1.0,d0d0483704,"{""brake"": false, ""labels"": [""B"", ""E""], ""scheme"": ""eqrisk"", ""vol_target"": 0.08}",0.1052,0.01982,-0.38,5.13,4649,ef6bd10,amendment-1 search (overlay-cost fix)
2026-10-03T11:40:57+00:00,FTE,FTE_B+E|eqrisk|vt8|brake,IS,1.0,5e5c8367eb,"{""brake"": true, ""labels"": [""B"", ""E""], ""scheme"": ""eqrisk"", ""vol_target"": 0.08}",0.2081,0.02574,-0.2484,4.32,4649,ef6bd10,amendment-1 search (overlay-cost fix)
2026-10-03T11:40:57+00:00,FTE,FTE_B+E|eqrisk|vt10|nobrake,IS,1.0,03ef760535,"{""brake"": false, ""labels"": [""B"", ""E""], ""scheme"": ""eqrisk"", ""vol_target"": 0.1}",0.1131,0.02087,-0.454,6.17,4649,ef6bd10,amendment-1 search (overlay-cost fix)
2026-10-03T11:40:57+00:00,FTE,FTE_B+E|eqrisk|vt10|brake,IS,1.0,b4c1663347,"{""brake"": true, ""labels"": [""B"", ""E""], ""scheme"": ""eqrisk"", ""vol_target"": 0.1}",0.156,0.0234,-0.288,4.71,4649,ef6bd10,amendment-1 search (overlay-cost fix)
2026-10-03T11:40:57+00:00,FTE,FTE_B+E|invvol_shrunk|vt6|nobrake,IS,1.0,6efdbe3699,"{""brake"": false, ""labels"": [""B"", ""E""], ""scheme"": ""invvol_shrunk"", ""vol_target"": 0.06}",0.0926,0.01834,-0.2957,3.97,4649,ef6bd10,amendment-1 search (overlay-cost fix)
2026-10-03T11:40:57+00:00,FTE,FTE_B+E|invvol_shrunk|vt6|brake,IS,1.0,ba26974748,"{""brake"": true, ""labels"": [""B"", ""E""], ""scheme"": ""invvol_shrunk"", ""vol_target"": 0.06}",0.1408,0.02024,-0.2106,3.62,4649,ef6bd10,amendment-1 search (overlay-cost fix)
2026-10-03T11:40:57+00:00,FTE,FTE_B+E|invvol_shrunk|vt8|nobrake,IS,1.0,d55fc511f3,"{""brake"": false, ""labels"": [""B"", ""E""], ""scheme"": ""invvol_shrunk"", ""vol_target"": 0.08}",0.0975,0.01915,-0.3825,5.1,4649,ef6bd10,amendment-1 search (overlay-cost fix)
2026-10-03T11:40:57+00:00,FTE,FTE_B+E|invvol_shrunk|vt8|brake,IS,1.0,d2890926cf,"{""brake"": true, ""labels"": [""B"", ""E""], ""scheme"": ""invvol_shrunk"", ""vol_target"": 0.08}",0.2015,0.02533,-0.2493,4.4,4649,ef6bd10,amendment-1 search (overlay-cost fix)
2026-10-03T11:40:57+00:00,FTE,FTE_B+E|invvol_shrunk|vt10|nobrake,IS,1.0,16262e8bd3,"{""brake"": false, ""labels"": [""B"", ""E""], ""scheme"": ""invvol_shrunk"", ""vol_target"": 0.1}",0.1071,0.02022,-0.4564,6.17,4649,ef6bd10,amendment-1 search (overlay-cost fix)
2026-10-03T11:40:57+00:00,FTE,FTE_B+E|invvol_shrunk|vt10|brake,IS,1.0,e81bc43c34,"{""brake"": true, ""labels"": [""B"", ""E""], ""scheme"": ""invvol_shrunk"", ""vol_target"": 0.1}",0.1464,0.02267,-0.289,4.88,4649,ef6bd10,amendment-1 search (overlay-cost fix)
2026-10-03T11:40:57+00:00,FTE,FTE_B+E|minvar_lw|vt6|nobrake,IS,1.0,df396eb94d,"{""brake"": false, ""labels"": [""B"", ""E""], ""scheme"": ""minvar_lw"", ""vol_target"": 0.06}",0.1458,0.02176,-0.2903,3.61,4633,ef6bd10,amendment-1 search (overlay-cost fix)
2026-10-03T11:40:57+00:00,FTE,FTE_B+E|minvar_lw|vt6|brake,IS,1.0,ddb30b94c8,"{""brake"": true, ""labels"": [""B"", ""E""], ""scheme"": ""minvar_lw"", ""vol_target"": 0.06}",0.2251,0.02454,-0.2089,3.24,4633,ef6bd10,amendment-1 search (overlay-cost fix)
2026-10-03T11:40:57+00:00,FTE,FTE_B+E|minvar_lw|vt8|nobrake,IS,1.0,04a90df00d,"{""brake"": false, ""labels"": [""B"", ""E""], ""scheme"": ""minvar_lw"", ""vol_target"": 0.08}",0.1459,0.02331,-0.3752,4.79,4633,ef6bd10,amendment-1 search (overlay-cost fix)
2026-10-03T11:40:57+00:00,FTE,FTE_B+E|minvar_lw|vt8|brake,IS,1.0,ad7d636383,"{""brake"": true, ""labels"": [""B"", ""E""], ""scheme"": ""minvar_lw"", ""vol_target"": 0.08}",0.2521,0.0285,-0.2474,3.82,4633,ef6bd10,amendment-1 search (overlay-cost fix)
2026-10-03T11:40:57+00:00,FTE,FTE_B+E|minvar_lw|vt10|nobrake,IS,1.0,996cf6964e,"{""brake"": false, ""labels"": [""B"", ""E""], ""scheme"": ""minvar_lw"", ""vol_target"": 0.1}",0.1499,0.0248,-0.4488,5.81,4633,ef6bd10,amendment-1 search (overlay-cost fix)
2026-10-03T11:40:57+00:00,FTE,FTE_B+E|minvar_lw|vt10|brake,IS,1.0,332b4f5499,"{""brake"": true, ""labels"": [""B"", ""E""], ""scheme"": ""minvar_lw"", ""vol_target"": 0.1}",0.2388,0.03006,-0.2854,4.72,4633,ef6bd10,amendment-1 search (overlay-cost fix)
2026-10-03T11:40:57+00:00,FTE,FTE_B+E+PCT|eqrisk|vt6|nobrake,IS,1.0,ffce643c37,"{""brake"": false, ""labels"": [""B"", ""E"", ""PCT""], ""scheme"": ""eqrisk"", ""vol_target"": 0.06}",0.2176,0.02656,-0.2245,6.31,4649,ef6bd10,amendment-1 search (overlay-cost fix)
2026-10-03T11:40:57+00:00,FTE,FTE_B+E+PCT|eqrisk|vt6|brake,IS,1.0,0ae852ccd0,"{""brake"": true, ""labels"": [""B"", ""E"", ""PCT""], ""scheme"": ""eqrisk"", ""vol_target"": 0.06}",0.2304,0.0254,-0.1628,5.92,4649,ef6bd10,amendment-1 search (overlay-cost fix)
2026-10-03T11:40:57+00:00,FTE,FTE_B+E+PCT|eqrisk|vt8|nobrake,IS,1.0,4494fbb4ab,"{""brake"": false, ""labels"": [""B"", ""E"", ""PCT""], ""scheme"": ""eqrisk"", ""vol_target"": 0.08}",0.2243,0.03021,-0.3031,8.19,4649,ef6bd10,amendment-1 search (overlay-cost fix)
2026-10-03T11:40:57+00:00,FTE,FTE_B+E+PCT|eqrisk|vt8|brake,IS,1.0,f4717832ef,"{""brake"": true, ""labels"": [""B"", ""E"", ""PCT""], ""scheme"": ""eqrisk"", ""vol_target"": 0.08}",0.2198,0.02704,-0.1978,9.23,4649,ef6bd10,amendment-1 search (overlay-cost fix)
2026-10-03T11:40:57+00:00,FTE,FTE_B+E+PCT|eqrisk|vt10|nobrake,IS,1.0,dcdfb67bef,"{""brake"": false, ""labels"": [""B"", ""E"", ""PCT""], ""scheme"": ""eqrisk"", ""vol_target"": 0.1}",0.2324,0.03364,-0.3776,10.82,4649,ef6bd10,amendment-1 search (overlay-cost fix)
2026-10-03T11:40:57+00:00,FTE,FTE_B+E+PCT|eqrisk|vt10|brake,IS,1.0,944f99e5a1,"{""brake"": true, ""labels"": [""B"", ""E"", ""PCT""], ""scheme"": ""eqrisk"", ""vol_target"": 0.1}",0.2741,0.03286,-0.2456,10.26,4649,ef6bd10,amendment-1 search (overlay-cost fix)
2026-10-03T11:40:57+00:00,FTE,FTE_B+E+PCT|invvol_shrunk|vt6|nobrake,IS,1.0,d685431718,"{""brake"": false, ""labels"": [""B"", ""E"", ""PCT""], ""scheme"": ""invvol_shrunk"", ""vol_target"": 0.06}",0.2151,0.02636,-0.2201,6.29,4649,ef6bd10,amendment-1 search (overlay-cost fix)
2026-10-03T11:40:57+00:00,FTE,FTE_B+E+PCT|invvol_shrunk|vt6|brake,IS,1.0,ba2d60e8b3,"{""brake"": true, ""labels"": [""B"", ""E"", ""PCT""], ""scheme"": ""invvol_shrunk"", ""vol_target"": 0.06}",0.2401,0.02614,-0.1554,5.91,4649,ef6bd10,amendment-1 search (overlay-cost fix)
2026-10-03T11:40:57+00:00,FTE,FTE_B+E+PCT|invvol_shrunk|vt8|nobrake,IS,1.0,a4681453d4,"{""brake"": false, ""labels"": [""B"", ""E"", ""PCT""], ""scheme"": ""invvol_shrunk"", ""vol_target"": 0.08}",0.2161,0.02946,-0.2979,8.2,4649,ef6bd10,amendment-1 search (overlay-cost fix)
2026-10-03T11:40:57+00:00,FTE,FTE_B+E+PCT|invvol_shrunk|vt8|brake,IS,1.0,5eb3344552,"{""brake"": true, ""labels"": [""B"", ""E"", ""PCT""], ""scheme"": ""invvol_shrunk"", ""vol_target"": 0.08}",0.1623,0.02304,-0.1985,9.63,4649,ef6bd10,amendment-1 search (overlay-cost fix)
2026-10-03T11:40:57+00:00,FTE,FTE_B+E+PCT|invvol_shrunk|vt10|nobrake,IS,1.0,091b0a5425,"{""brake"": false, ""labels"": [""B"", ""E"", ""PCT""], ""scheme"": ""invvol_shrunk"", ""vol_target"": 0.1}",0.2251,0.03283,-0.3694,10.89,4649,ef6bd10,amendment-1 search (overlay-cost fix)
2026-10-03T11:40:57+00:00,FTE,FTE_B+E+PCT|invvol_shrunk|vt10|brake,IS,1.0,2848c26d02,"{""brake"": true, ""labels"": [""B"", ""E"", ""PCT""], ""scheme"": ""invvol_shrunk"", ""vol_target"": 0.1}",0.2603,0.0318,-0.2446,11.12,4649,ef6bd10,amendment-1 search (overlay-cost fix)
2026-10-03T11:40:57+00:00,FTE,FTE_B+E+PCT|minvar_lw|vt6|nobrake,IS,1.0,d4ba250f7c,"{""brake"": false, ""labels"": [""B"", ""E"", ""PCT""], ""scheme"": ""minvar_lw"", ""vol_target"": 0.06}",0.2615,0.02936,-0.2385,5.6,4633,ef6bd10,amendment-1 search (overlay-cost fix)
2026-10-03T11:40:57+00:00,FTE,FTE_B+E+PCT|minvar_lw|vt6|brake,IS,1.0,5e7ef3e28a,"{""brake"": true, ""labels"": [""B"", ""E"", ""PCT""], ""scheme"": ""minvar_lw"", ""vol_target"": 0.06}",0.3204,0.03017,-0.167,4.81,4633,ef6bd10,amendment-1 search (overlay-cost fix)
2026-10-03T11:40:57+00:00,FTE,FTE_B+E+PCT|minvar_lw|vt8|nobrake,IS,1.0,94ee8a991e,"{""brake"": false, ""labels"": [""B"", ""E"", ""PCT""], ""scheme"": ""minvar_lw"", ""vol_target"": 0.08}",0.2601,0.0333,-0.3186,7.41,4633,ef6bd10,amendment-1 search (overlay-cost fix)
2026-10-03T11:40:57+00:00,FTE,FTE_B+E+PCT|minvar_lw|vt8|brake,IS,1.0,2fee294b1c,"{""brake"": true, ""labels"": [""B"", ""E"", ""PCT""], ""scheme"": ""minvar_lw"", ""vol_target"": 0.08}",0.3063,0.03245,-0.2077,7.66,4633,ef6bd10,amendment-1 search (overlay-cost fix)
2026-10-03T11:40:57+00:00,FTE,FTE_B+E+PCT|minvar_lw|vt10|nobrake,IS,1.0,7230b562fc,"{""brake"": false, ""labels"": [""B"", ""E"", ""PCT""], ""scheme"": ""minvar_lw"", ""vol_target"": 0.1}",0.2606,0.03667,-0.3979,9.6,4633,ef6bd10,amendment-1 search (overlay-cost fix)
2026-10-03T11:40:57+00:00,FTE,FTE_B+E+PCT|minvar_lw|vt10|brake,IS,1.0,fe068290f7,"{""brake"": true, ""labels"": [""B"", ""E"", ""PCT""], ""scheme"": ""minvar_lw"", ""vol_target"": 0.1}",0.3407,0.03804,-0.2544,9.46,4633,ef6bd10,amendment-1 search (overlay-cost fix)
2026-10-03T11:40:57+00:00,FTE,FTE_B+E+TSMOM|eqrisk|vt6|nobrake,IS,1.0,b80a5dcae8,"{""brake"": false, ""labels"": [""B"", ""E"", ""TSMOM""], ""scheme"": ""eqrisk"", ""vol_target"": 0.06}",0.3158,0.03318,-0.1901,6.66,4649,ef6bd10,amendment-1 search (overlay-cost fix)
2026-10-03T11:40:57+00:00,FTE,FTE_B+E+TSMOM|eqrisk|vt6|brake,IS,1.0,b53b868e95,"{""brake"": true, ""labels"": [""B"", ""E"", ""TSMOM""], ""scheme"": ""eqrisk"", ""vol_target"": 0.06}",0.2949,0.02951,-0.1574,7.55,4649,ef6bd10,amendment-1 search (overlay-cost fix)
2026-10-03T11:40:57+00:00,FTE,FTE_B+E+TSMOM|eqrisk|vt8|nobrake,IS,1.0,9ee8b461f1,"{""brake"": false, ""labels"": [""B"", ""E"", ""TSMOM""], ""scheme"": ""eqrisk"", ""vol_target"": 0.08}",0.3233,0.03903,-0.244,8.72,4649,ef6bd10,amendment-1 search (overlay-cost fix)
2026-10-03T11:40:57+00:00,FTE,FTE_B+E+TSMOM|eqrisk|vt8|brake,IS,1.0,b8fcb9dfa0,"{""brake"": true, ""labels"": [""B"", ""E"", ""TSMOM""], ""scheme"": ""eqrisk"", ""vol_target"": 0.08}",0.2754,0.0315,-0.1844,9.0,4649,ef6bd10,amendment-1 search (overlay-cost fix)
2026-10-03T11:40:57+00:00,FTE,FTE_B+E+TSMOM|eqrisk|vt10|nobrake,IS,1.0,da5cad7472,"{""brake"": false, ""labels"": [""B"", ""E"", ""TSMOM""], ""scheme"": ""eqrisk"", ""vol_target"": 0.1}",0.3359,0.04488,-0.2988,11.52,4649,ef6bd10,amendment-1 search (overlay-cost fix)
2026-10-03T11:40:57+00:00,FTE,FTE_B+E+TSMOM|eqrisk|vt10|brake,IS,1.0,ac0f0a2430,"{""brake"": true, ""labels"": [""B"", ""E"", ""TSMOM""], ""scheme"": ""eqrisk"", ""vol_target"": 0.1}",0.3036,0.03579,-0.2052,12.98,4649,ef6bd10,amendment-1 search (overlay-cost fix)
2026-10-03T11:40:57+00:00,FTE,FTE_B+E+TSMOM|invvol_shrunk|vt6|nobrake,IS,1.0,4c7e405bcf,"{""brake"": false, ""labels"": [""B"", ""E"", ""TSMOM""], ""scheme"": ""invvol_shrunk"", ""vol_target"": 0.06}",0.3146,0.03304,-0.1809,6.73,4649,ef6bd10,amendment-1 search (overlay-cost fix)
2026-10-03T11:40:57+00:00,FTE,FTE_B+E+TSMOM|invvol_shrunk|vt6|brake,IS,1.0,4a621a20dc,"{""brake"": true, ""labels"": [""B"", ""E"", ""TSMOM""], ""scheme"": ""invvol_shrunk"", ""vol_target"": 0.06}",0.2803,0.02888,-0.1528,7.16,4649,ef6bd10,amendment-1 search (overlay-cost fix)
2026-10-03T11:40:57+00:00,FTE,FTE_B+E+TSMOM|invvol_shrunk|vt8|nobrake,IS,1.0,7aea1b3b63,"{""brake"": false, ""labels"": [""B"", ""E"", ""TSMOM""], ""scheme"": ""invvol_shrunk"", ""vol_target"": 0.08}",0.3206,0.03872,-0.2335,8.79,4649,ef6bd10,amendment-1 search (overlay-cost fix)
2026-10-03T11:40:57+00:00,FTE,FTE_B+E+TSMOM|invvol_shrunk|vt8|brake,IS,1.0,8786f0d1a3,"{""brake"": true, ""labels"": [""B"", ""E"", ""TSMOM""], ""scheme"": ""invvol_shrunk"", ""vol_target"": 0.08}",0.2429,0.02894,-0.1825,10.03,4649,ef6bd10,amendment-1 search (overlay-cost fix)
2026-10-03T11:40:57+00:00,FTE,FTE_B+E+TSMOM|invvol_shrunk|vt10|nobrake,IS,1.0,f2492efcaa,"{""brake"": false, ""labels"": [""B"", ""E"", ""TSMOM""], ""scheme"": ""invvol_shrunk"", ""vol_target"": 0.1}",0.3328,0.04447,-0.2819,11.71,4649,ef6bd10,amendment-1 search (overlay-cost fix)
2026-10-03T11:40:57+00:00,FTE,FTE_B+E+TSMOM|invvol_shrunk|vt10|brake,IS,1.0,c5823e6e78,"{""brake"": true, ""labels"": [""B"", ""E"", ""TSMOM""], ""scheme"": ""invvol_shrunk"", ""vol_target"": 0.1}",0.2937,0.03564,-0.1962,12.38,4649,ef6bd10,amendment-1 search (overlay-cost fix)
2026-10-03T11:40:57+00:00,FTE,FTE_B+E+TSMOM|minvar_lw|vt6|nobrake,IS,1.0,9f6f5d4507,"{""brake"": false, ""labels"": [""B"", ""E"", ""TSMOM""], ""scheme"": ""minvar_lw"", ""vol_target"": 0.06}",0.3398,0.03468,-0.2156,5.76,4633,ef6bd10,amendment-1 search (overlay-cost fix)
2026-10-03T11:40:57+00:00,FTE,FTE_B+E+TSMOM|minvar_lw|vt6|brake,IS,1.0,4f7cdcd39e,"{""brake"": true, ""labels"": [""B"", ""E"", ""TSMOM""], ""scheme"": ""minvar_lw"", ""vol_target"": 0.06}",0.36,0.03304,-0.162,6.37,4633,ef6bd10,amendment-1 search (overlay-cost fix)
2026-10-03T11:40:57+00:00,FTE,FTE_B+E+TSMOM|minvar_lw|vt8|nobrake,IS,1.0,5ddd9943a2,"{""brake"": false, ""labels"": [""B"", ""E"", ""TSMOM""], ""scheme"": ""minvar_lw"", ""vol_target"": 0.08}",0.3407,0.04055,-0.2764,7.62,4633,ef6bd10,amendment-1 search (overlay-cost fix)
2026-10-03T11:40:57+00:00,FTE,FTE_B+E+TSMOM|minvar_lw|vt8|brake,IS,1.0,4d84e9c357,"{""brake"": true, ""labels"": [""B"", ""E"", ""TSMOM""], ""scheme"": ""minvar_lw"", ""vol_target"": 0.08}",0.3621,0.03735,-0.199,7.0,4633,ef6bd10,amendment-1 search (overlay-cost fix)
2026-10-03T11:40:57+00:00,FTE,FTE_B+E+TSMOM|minvar_lw|vt10|nobrake,IS,1.0,77b8ea6727,"{""brake"": false, ""labels"": [""B"", ""E"", ""TSMOM""], ""scheme"": ""minvar_lw"", ""vol_target"": 0.1}",0.345,0.04595,-0.3437,9.8,4633,ef6bd10,amendment-1 search (overlay-cost fix)
2026-10-03T11:40:57+00:00,FTE,FTE_B+E+TSMOM|minvar_lw|vt10|brake,IS,1.0,1b219b5e4e,"{""brake"": true, ""labels"": [""B"", ""E"", ""TSMOM""], ""scheme"": ""minvar_lw"", ""vol_target"": 0.1}",0.3486,0.0392,-0.2288,10.71,4633,ef6bd10,amendment-1 search (overlay-cost fix)
2026-10-03T11:40:57+00:00,FTE,FTE_C+D|eqrisk|vt6|nobrake,IS,1.0,9da013770e,"{""brake"": false, ""labels"": [""C"", ""D""], ""scheme"": ""eqrisk"", ""vol_target"": 0.06}",0.1175,0.01984,-0.2448,8.16,4639,ef6bd10,amendment-1 search (overlay-cost fix)
2026-10-03T11:40:57+00:00,FTE,FTE_C+D|eqrisk|vt6|brake,IS,1.0,3abd380249,"{""brake"": true, ""labels"": [""C"", ""D""], ""scheme"": ""eqrisk"", ""vol_target"": 0.06}",0.2139,0.02426,-0.1914,6.72,4639,ef6bd10,amendment-1 search (overlay-cost fix)
2026-10-03T11:40:57+00:00,FTE,FTE_C+D|eqrisk|vt8|nobrake,IS,1.0,e174763e63,"{""brake"": false, ""labels"": [""C"", ""D""], ""scheme"": ""eqrisk"", ""vol_target"": 0.08}",0.0925,0.01843,-0.276,12.06,4639,ef6bd10,amendment-1 search (overlay-cost fix)
2026-10-03T11:40:57+00:00,FTE,FTE_C+D|eqrisk|vt8|brake,IS,1.0,cfa5414a57,"{""brake"": true, ""labels"": [""C"", ""D""], ""scheme"": ""eqrisk"", ""vol_target"": 0.08}",0.1627,0.02185,-0.2096,8.6,4639,ef6bd10,amendment-1 search (overlay-cost fix)
2026-10-03T11:40:57+00:00,FTE,FTE_C+D|eqrisk|vt10|nobrake,IS,1.0,f769a3285f,"{""brake"": false, ""labels"": [""C"", ""D""], ""scheme"": ""eqrisk"", ""vol_target"": 0.1}",0.0879,0.01816,-0.281,15.26,4639,ef6bd10,amendment-1 search (overlay-cost fix)
2026-10-03T11:40:57+00:00,FTE,FTE_C+D|eqrisk|vt10|brake,IS,1.0,b102566760,"{""brake"": true, ""labels"": [""C"", ""D""], ""scheme"": ""eqrisk"", ""vol_target"": 0.1}",0.1295,0.02021,-0.2135,11.22,4639,ef6bd10,amendment-1 search (overlay-cost fix)
2026-10-03T11:40:57+00:00,FTE,FTE_C+D|invvol_shrunk|vt6|nobrake,IS,1.0,7cc798b2a7,"{""brake"": false, ""labels"": [""C"", ""D""], ""scheme"": ""invvol_shrunk"", ""vol_target"": 0.06}",0.2223,0.02656,-0.2077,8.71,4639,ef6bd10,amendment-1 search (overlay-cost fix)
2026-10-03T11:40:57+00:00,FTE,FTE_C+D|invvol_shrunk|vt6|brake,IS,1.0,1c06ebedbe,"{""brake"": true, ""labels"": [""C"", ""D""], ""scheme"": ""invvol_shrunk"", ""vol_target"": 0.06}",0.2212,0.02538,-0.1647,7.92,4639,ef6bd10,amendment-1 search (overlay-cost fix)
2026-10-03T11:40:57+00:00,FTE,FTE_C+D|invvol_shrunk|vt8|nobrake,IS,1.0,c141a63d31,"{""brake"": false, ""labels"": [""C"", ""D""], ""scheme"": ""invvol_shrunk"", ""vol_target"": 0.08}",0.1999,0.02619,-0.2185,11.94,4639,ef6bd10,amendment-1 search (overlay-cost fix)
2026-10-03T11:40:57+00:00,FTE,FTE_C+D|invvol_shrunk|vt8|brake,IS,1.0,2efe5ec889,"{""brake"": true, ""labels"": [""C"", ""D""], ""scheme"": ""invvol_shrunk"", ""vol_target"": 0.08}",0.1853,0.02383,-0.1865,10.44,4639,ef6bd10,amendment-1 search (overlay-cost fix)
2026-10-03T11:40:57+00:00,FTE,FTE_C+D|invvol_shrunk|vt10|nobrake,IS,1.0,01133aa728,"{""brake"": false, ""labels"": [""C"", ""D""], ""scheme"": ""invvol_shrunk"", ""vol_target"": 0.1}",0.199,0.02674,-0.2232,14.44,4639,ef6bd10,amendment-1 search (overlay-cost fix)
2026-10-03T11:40:57+00:00,FTE,FTE_C+D|invvol_shrunk|vt10|brake,IS,1.0,1c98540e9b,"{""brake"": true, ""labels"": [""C"", ""D""], ""scheme"": ""invvol_shrunk"", ""vol_target"": 0.1}",0.155,0.02225,-0.1942,12.57,4639,ef6bd10,amendment-1 search (overlay-cost fix)
2026-10-03T11:40:57+00:00,FTE,FTE_C+D|minvar_lw|vt6|nobrake,IS,1.0,6a6bb69660,"{""brake"": false, ""labels"": [""C"", ""D""], ""scheme"": ""minvar_lw"", ""vol_target"": 0.06}",-0.0075,0.01169,-0.3086,6.36,4633,ef6bd10,amendment-1 search (overlay-cost fix)
2026-10-03T11:40:57+00:00,FTE,FTE_C+D|minvar_lw|vt6|brake,IS,1.0,0a61c04f23,"{""brake"": true, ""labels"": [""C"", ""D""], ""scheme"": ""minvar_lw"", ""vol_target"": 0.06}",0.1503,0.02036,-0.2235,3.91,4633,ef6bd10,amendment-1 search (overlay-cost fix)
2026-10-03T11:40:57+00:00,FTE,FTE_C+D|minvar_lw|vt8|nobrake,IS,1.0,50fdeb9a38,"{""brake"": false, ""labels"": [""C"", ""D""], ""scheme"": ""minvar_lw"", ""vol_target"": 0.08}",-0.0344,0.0092,-0.341,10.47,4633,ef6bd10,amendment-1 search (overlay-cost fix)
2026-10-03T11:40:57+00:00,FTE,FTE_C+D|minvar_lw|vt8|brake,IS,1.0,2b23a46907,"{""brake"": true, ""labels"": [""C"", ""D""], ""scheme"": ""minvar_lw"", ""vol_target"": 0.08}",0.117,0.01902,-0.2403,6.2,4633,ef6bd10,amendment-1 search (overlay-cost fix)
2026-10-03T11:40:57+00:00,FTE,FTE_C+D|minvar_lw|vt10|nobrake,IS,1.0,e7d9d0f602,"{""brake"": false, ""labels"": [""C"", ""D""], ""scheme"": ""minvar_lw"", ""vol_target"": 0.1}",-0.0274,0.0093,-0.348,14.16,4633,ef6bd10,amendment-1 search (overlay-cost fix)
2026-10-03T11:40:57+00:00,FTE,FTE_C+D|minvar_lw|vt10|brake,IS,1.0,46eb0fb8ec,"{""brake"": true, ""labels"": [""C"", ""D""], ""scheme"": ""minvar_lw"", ""vol_target"": 0.1}",0.105,0.01851,-0.2419,8.13,4633,ef6bd10,amendment-1 search (overlay-cost fix)
2026-10-03T11:40:57+00:00,FTE,FTE_C+D+PCT|eqrisk|vt6|nobrake,IS,1.0,cfa38a7e22,"{""brake"": false, ""labels"": [""C"", ""D"", ""PCT""], ""scheme"": ""eqrisk"", ""vol_target"": 0.06}",0.2872,0.03044,-0.2111,10.27,4639,ef6bd10,amendment-1 search (overlay-cost fix)
2026-10-03T11:40:57+00:00,FTE,FTE_C+D+PCT|eqrisk|vt6|brake,IS,1.0,4839248887,"{""brake"": true, ""labels"": [""C"", ""D"", ""PCT""], ""scheme"": ""eqrisk"", ""vol_target"": 0.06}",0.3247,0.03098,-0.1589,9.52,4639,ef6bd10,amendment-1 search (overlay-cost fix)
2026-10-03T11:40:57+00:00,FTE,FTE_C+D+PCT|eqrisk|vt8|nobrake,IS,1.0,5329649729,"{""brake"": false, ""labels"": [""C"", ""D"", ""PCT""], ""scheme"": ""eqrisk"", ""vol_target"": 0.08}",0.2606,0.0313,-0.2498,17.72,4639,ef6bd10,amendment-1 search (overlay-cost fix)
2026-10-03T11:40:57+00:00,FTE,FTE_C+D+PCT|eqrisk|vt8|brake,IS,1.0,9abbb1793e,"{""brake"": true, ""labels"": [""C"", ""D"", ""PCT""], ""scheme"": ""eqrisk"", ""vol_target"": 0.08}",0.2912,0.03117,-0.179,14.86,4639,ef6bd10,amendment-1 search (overlay-cost fix)
2026-10-03T11:40:57+00:00,FTE,FTE_C+D+PCT|eqrisk|vt10|nobrake,IS,1.0,431ec62535,"{""brake"": false, ""labels"": [""C"", ""D"", ""PCT""], ""scheme"": ""eqrisk"", ""vol_target"": 0.1}",0.2388,0.03117,-0.2702,25.15,4639,ef6bd10,amendment-1 search (overlay-cost fix)
2026-10-03T11:40:57+00:00,FTE,FTE_C+D+PCT|eqrisk|vt10|brake,IS,1.0,1852df8308,"{""brake"": true, ""labels"": [""C"", ""D"", ""PCT""], ""scheme"": ""eqrisk"", ""vol_target"": 0.1}",0.2354,0.02846,-0.1884,20.66,4639,ef6bd10,amendment-1 search (overlay-cost fix)
2026-10-03T11:40:57+00:00,FTE,FTE_C+D+PCT|invvol_shrunk|vt6|nobrake,IS,1.0,7decedd9df,"{""brake"": false, ""labels"": [""C"", ""D"", ""PCT""], ""scheme"": ""invvol_shrunk"", ""vol_target"": 0.06}",0.4391,0.04002,-0.1948,7.94,4639,ef6bd10,amendment-1 search (overlay-cost fix)
2026-10-03T11:40:57+00:00,FTE,FTE_C+D+PCT|invvol_shrunk|vt6|brake,IS,1.0,45ceee4c4a,"{""brake"": true, ""labels"": [""C"", ""D"", ""PCT""], ""scheme"": ""invvol_shrunk"", ""vol_target"": 0.06}",0.4625,0.03872,-0.1507,7.73,4639,ef6bd10,amendment-1 search (overlay-cost fix)
2026-10-03T11:40:57+00:00,FTE,FTE_C+D+PCT|invvol_shrunk|vt8|nobrake,IS,1.0,2cc2d21760,"{""brake"": false, ""labels"": [""C"", ""D"", ""PCT""], ""scheme"": ""invvol_shrunk"", ""vol_target"": 0.08}",0.3829,0.04163,-0.2479,15.06,4639,ef6bd10,amendment-1 search (overlay-cost fix)
2026-10-03T11:40:57+00:00,FTE,FTE_C+D+PCT|invvol_shrunk|vt8|brake,IS,1.0,10da729c22,"{""brake"": true, ""labels"": [""C"", ""D"", ""PCT""], ""scheme"": ""invvol_shrunk"", ""vol_target"": 0.08}",0.4866,0.04442,-0.1793,12.11,4639,ef6bd10,amendment-1 search (overlay-cost fix)
2026-10-03T11:40:57+00:00,FTE,FTE_C+D+PCT|invvol_shrunk|vt10|nobrake,IS,1.0,7c067c5b14,"{""brake"": false, ""labels"": [""C"", ""D"", ""PCT""], ""scheme"": ""invvol_shrunk"", ""vol_target"": 0.1}",0.337,0.04175,-0.2856,23.75,4639,ef6bd10,amendment-1 search (overlay-cost fix)
2026-10-03T11:40:57+00:00,FTE,FTE_C+D+PCT|invvol_shrunk|vt10|brake,IS,1.0,3157fd4825,"{""brake"": true, ""labels"": [""C"", ""D"", ""PCT""], ""scheme"": ""invvol_shrunk"", ""vol_target"": 0.1}",0.4318,0.04481,-0.1984,19.01,4639,ef6bd10,amendment-1 search (overlay-cost fix)
2026-10-03T11:40:57+00:00,FTE,FTE_C+D+PCT|minvar_lw|vt6|nobrake,IS,1.0,f6c48023c5,"{""brake"": false, ""labels"": [""C"", ""D"", ""PCT""], ""scheme"": ""minvar_lw"", ""vol_target"": 0.06}",-0.0077,0.01177,-0.3076,7.26,4633,ef6bd10,amendment-1 search (overlay-cost fix)
2026-10-03T11:40:57+00:00,FTE,FTE_C+D+PCT|minvar_lw|vt6|brake,IS,1.0,3659389153,"{""brake"": true, ""labels"": [""C"", ""D"", ""PCT""], ""scheme"": ""minvar_lw"", ""vol_target"": 0.06}",0.1442,0.02004,-0.2232,4.62,4633,ef6bd10,amendment-1 search (overlay-cost fix)
2026-10-03T11:40:57+00:00,FTE,FTE_C+D+PCT|minvar_lw|vt8|nobrake,IS,1.0,016d4442b3,"{""brake"": false, ""labels"": [""C"", ""D"", ""PCT""], ""scheme"": ""minvar_lw"", ""vol_target"": 0.08}",-0.0221,0.01017,-0.3315,12.36,4633,ef6bd10,amendment-1 search (overlay-cost fix)
2026-10-03T11:40:57+00:00,FTE,FTE_C+D+PCT|minvar_lw|vt8|brake,IS,1.0,864fb62be7,"{""brake"": true, ""labels"": [""C"", ""D"", ""PCT""], ""scheme"": ""minvar_lw"", ""vol_target"": 0.08}",0.131,0.01971,-0.2388,7.45,4633,ef6bd10,amendment-1 search (overlay-cost fix)
2026-10-03T11:40:57+00:00,FTE,FTE_C+D+PCT|minvar_lw|vt10|nobrake,IS,1.0,8100082ff7,"{""brake"": false, ""labels"": [""C"", ""D"", ""PCT""], ""scheme"": ""minvar_lw"", ""vol_target"": 0.1}",-0.0134,0.01045,-0.3357,17.16,4633,ef6bd10,amendment-1 search (overlay-cost fix)
2026-10-03T11:40:57+00:00,FTE,FTE_C+D+PCT|minvar_lw|vt10|brake,IS,1.0,158ed49ae9,"{""brake"": true, ""labels"": [""C"", ""D"", ""PCT""], ""scheme"": ""minvar_lw"", ""vol_target"": 0.1}",0.1042,0.01846,-0.2459,10.35,4633,ef6bd10,amendment-1 search (overlay-cost fix)
2026-10-03T11:40:57+00:00,FTE,FTE_C+D+TSMOM|eqrisk|vt6|nobrake,IS,1.0,3e9c46af8a,"{""brake"": false, ""labels"": [""C"", ""D"", ""TSMOM""], ""scheme"": ""eqrisk"", ""vol_target"": 0.06}",0.3912,0.03708,-0.1768,11.04,4639,ef6bd10,amendment-1 search (overlay-cost fix)
2026-10-03T11:40:57+00:00,FTE,FTE_C+D+TSMOM|eqrisk|vt6|brake,IS,1.0,32d981e517,"{""brake"": true, ""labels"": [""C"", ""D"", ""TSMOM""], ""scheme"": ""eqrisk"", ""vol_target"": 0.06}",0.3883,0.03552,-0.1442,11.37,4639,ef6bd10,amendment-1 search (overlay-cost fix)
2026-10-03T11:40:57+00:00,FTE,FTE_C+D+TSMOM|eqrisk|vt8|nobrake,IS,1.0,d9d0bef38a,"{""brake"": false, ""labels"": [""C"", ""D"", ""TSMOM""], ""scheme"": ""eqrisk"", ""vol_target"": 0.08}",0.3712,0.0396,-0.1982,18.8,4639,ef6bd10,amendment-1 search (overlay-cost fix)
2026-10-03T11:40:57+00:00,FTE,FTE_C+D+TSMOM|eqrisk|vt8|brake,IS,1.0,24617ea23d,"{""brake"": true, ""labels"": [""C"", ""D"", ""TSMOM""], ""scheme"": ""eqrisk"", ""vol_target"": 0.08}",0.3082,0.03315,-0.1599,18.73,4639,ef6bd10,amendment-1 search (overlay-cost fix)
2026-10-03T11:40:57+00:00,FTE,FTE_C+D+TSMOM|eqrisk|vt10|nobrake,IS,1.0,666732aff8,"{""brake"": false, ""labels"": [""C"", ""D"", ""TSMOM""], ""scheme"": ""eqrisk"", ""vol_target"": 0.1}",0.3525,0.04052,-0.2065,26.4,4639,ef6bd10,amendment-1 search (overlay-cost fix)
2026-10-03T11:40:57+00:00,FTE,FTE_C+D+TSMOM|eqrisk|vt10|brake,IS,1.0,cb58692fd2,"{""brake"": true, ""labels"": [""C"", ""D"", ""TSMOM""], ""scheme"": ""eqrisk"", ""vol_target"": 0.1}",0.2725,0.03177,-0.1671,23.67,4639,ef6bd10,amendment-1 search (overlay-cost fix)
2026-10-03T11:40:57+00:00,FTE,FTE_C+D+TSMOM|invvol_shrunk|vt6|nobrake,IS,1.0,2b021e0228,"{""brake"": false, ""labels"": [""C"", ""D"", ""TSMOM""], ""scheme"": ""invvol_shrunk"", ""vol_target"": 0.06}",0.5586,0.0477,-0.1545,8.95,4639,ef6bd10,amendment-1 search (overlay-cost fix)
2026-10-03T11:40:57+00:00,FTE,FTE_C+D+TSMOM|invvol_shrunk|vt6|brake,IS,1.0,54e8677c4b,"{""brake"": true, ""labels"": [""C"", ""D"", ""TSMOM""], ""scheme"": ""invvol_shrunk"", ""vol_target"": 0.06}",0.5173,0.04369,-0.134,10.24,4639,ef6bd10,amendment-1 search (overlay-cost fix)
2026-10-03T11:40:57+00:00,FTE,FTE_C+D+TSMOM|invvol_shrunk|vt8|nobrake,IS,1.0,4961de50f1,"{""brake"": false, ""labels"": [""C"", ""D"", ""TSMOM""], ""scheme"": ""invvol_shrunk"", ""vol_target"": 0.08}",0.5111,0.05178,-0.1884,17.0,4639,ef6bd10,amendment-1 search (overlay-cost fix)
2026-10-03T11:40:57+00:00,FTE,FTE_C+D+TSMOM|invvol_shrunk|vt8|brake,IS,1.0,9338104989,"{""brake"": true, ""labels"": [""C"", ""D"", ""TSMOM""], ""scheme"": ""invvol_shrunk"", ""vol_target"": 0.08}",0.4521,0.04315,-0.1519,17.56,4639,ef6bd10,amendment-1 search (overlay-cost fix)
2026-10-03T11:40:57+00:00,FTE,FTE_C+D+TSMOM|invvol_shrunk|vt10|nobrake,IS,1.0,3aa8d5ba53,"{""brake"": false, ""labels"": [""C"", ""D"", ""TSMOM""], ""scheme"": ""invvol_shrunk"", ""vol_target"": 0.1}",0.4803,0.05521,-0.21,25.99,4639,ef6bd10,amendment-1 search (overlay-cost fix)
2026-10-03T11:40:57+00:00,FTE,FTE_C+D+TSMOM|invvol_shrunk|vt10|brake,IS,1.0,3ee067beab,"{""brake"": true, ""labels"": [""C"", ""D"", ""TSMOM""], ""scheme"": ""invvol_shrunk"", ""vol_target"": 0.1}",0.4496,0.04771,-0.1654,25.39,4639,ef6bd10,amendment-1 search (overlay-cost fix)
2026-10-03T11:40:57+00:00,FTE,FTE_C+D+TSMOM|minvar_lw|vt6|nobrake,IS,1.0,e085003510,"{""brake"": false, ""labels"": [""C"", ""D"", ""TSMOM""], ""scheme"": ""minvar_lw"", ""vol_target"": 0.06}",0.013,0.01308,-0.3002,7.22,4633,ef6bd10,amendment-1 search (overlay-cost fix)
2026-10-03T11:40:57+00:00,FTE,FTE_C+D+TSMOM|minvar_lw|vt6|brake,IS,1.0,498d2a4d66,"{""brake"": true, ""labels"": [""C"", ""D"", ""TSMOM""], ""scheme"": ""minvar_lw"", ""vol_target"": 0.06}",0.1735,0.02136,-0.2192,4.56,4633,ef6bd10,amendment-1 search (overlay-cost fix)
2026-10-03T11:40:57+00:00,FTE,FTE_C+D+TSMOM|minvar_lw|vt8|nobrake,IS,1.0,d504ac1657,"{""brake"": false, ""labels"": [""C"", ""D"", ""TSMOM""], ""scheme"": ""minvar_lw"", ""vol_target"": 0.08}",-0.0021,0.01162,-0.3286,12.19,4633,ef6bd10,amendment-1 search (overlay-cost fix)
2026-10-03T11:40:57+00:00,FTE,FTE_C+D+TSMOM|minvar_lw|vt8|brake,IS,1.0,84c5a767bd,"{""brake"": true, ""labels"": [""C"", ""D"", ""TSMOM""], ""scheme"": ""minvar_lw"", ""vol_target"": 0.08}",0.1568,0.02104,-0.2317,7.21,4633,ef6bd10,amendment-1 search (overlay-cost fix)
2026-10-03T11:40:57+00:00,FTE,FTE_C+D+TSMOM|minvar_lw|vt10|nobrake,IS,1.0,99994d2241,"{""brake"": false, ""labels"": [""C"", ""D"", ""TSMOM""], ""scheme"": ""minvar_lw"", ""vol_target"": 0.1}",0.0104,0.01226,-0.3317,16.93,4633,ef6bd10,amendment-1 search (overlay-cost fix)
2026-10-03T11:40:57+00:00,FTE,FTE_C+D+TSMOM|minvar_lw|vt10|brake,IS,1.0,5fa05f4e1a,"{""brake"": true, ""labels"": [""C"", ""D"", ""TSMOM""], ""scheme"": ""minvar_lw"", ""vol_target"": 0.1}",0.13,0.01986,-0.24,10.38,4633,ef6bd10,amendment-1 search (overlay-cost fix)
2026-10-03T11:40:57+00:00,FTE,FTE_C+E|eqrisk|vt6|nobrake,IS,1.0,aba3ba2ea8,"{""brake"": false, ""labels"": [""C"", ""E""], ""scheme"": ""eqrisk"", ""vol_target"": 0.06}",0.5387,0.04939,-0.1781,4.25,4649,ef6bd10,amendment-1 search (overlay-cost fix)
2026-10-03T11:40:57+00:00,FTE,FTE_C+E|eqrisk|vt6|brake,IS,1.0,f5d7057c72,"{""brake"": true, ""labels"": [""C"", ""E""], ""scheme"": ""eqrisk"", ""vol_target"": 0.06}",0.5395,0.04648,-0.1401,4.14,4649,ef6bd10,amendment-1 search (overlay-cost fix)
2026-10-03T11:40:57+00:00,FTE,FTE_C+E|eqrisk|vt8|nobrake,IS,1.0,44a4f65532,"{""brake"": false, ""labels"": [""C"", ""E""], ""scheme"": ""eqrisk"", ""vol_target"": 0.08}",0.5029,0.05401,-0.2264,5.91,4649,ef6bd10,amendment-1 search (overlay-cost fix)
2026-10-03T11:40:57+00:00,FTE,FTE_C+E|eqrisk|vt8|brake,IS,1.0,1825a652ef,"{""brake"": true, ""labels"": [""C"", ""E""], ""scheme"": ""eqrisk"", ""vol_target"": 0.08}",0.5106,0.05021,-0.1684,5.42,4649,ef6bd10,amendment-1 search (overlay-cost fix)
2026-10-03T11:40:57+00:00,FTE,FTE_C+E|eqrisk|vt10|nobrake,IS,1.0,b30b884978,"{""brake"": false, ""labels"": [""C"", ""E""], ""scheme"": ""eqrisk"", ""vol_target"": 0.1}",0.4476,0.05414,-0.2739,8.65,4649,ef6bd10,amendment-1 search (overlay-cost fix)
2026-10-03T11:40:57+00:00,FTE,FTE_C+E|eqrisk|vt10|brake,IS,1.0,2db4a6a483,"{""brake"": true, ""labels"": [""C"", ""E""], ""scheme"": ""eqrisk"", ""vol_target"": 0.1}",0.4614,0.05015,-0.1987,7.64,4649,ef6bd10,amendment-1 search (overlay-cost fix)
2026-10-03T11:40:57+00:00,FTE,FTE_C+E|invvol_shrunk|vt6|nobrake,IS,1.0,8660226604,"{""brake"": false, ""labels"": [""C"", ""E""], ""scheme"": ""invvol_shrunk"", ""vol_target"": 0.06}",0.4119,0.04003,-0.2053,4.11,4649,ef6bd10,amendment-1 search (overlay-cost fix)
2026-10-03T11:40:57+00:00,FTE,FTE_C+E|invvol_shrunk|vt6|brake,IS,1.0,2e8fd84eaa,"{""brake"": true, ""labels"": [""C"", ""E""], ""scheme"": ""invvol_shrunk"", ""vol_target"": 0.06}",0.4286,0.03829,-0.1579,4.02,4649,ef6bd10,amendment-1 search (overlay-cost fix)
2026-10-03T11:40:57+00:00,FTE,FTE_C+E|invvol_shrunk|vt8|nobrake,IS,1.0,2ae5cb719b,"{""brake"": false, ""labels"": [""C"", ""E""], ""scheme"": ""invvol_shrunk"", ""vol_target"": 0.08}",0.4039,0.0458,-0.2615,5.59,4649,ef6bd10,amendment-1 search (overlay-cost fix)
2026-10-03T11:40:57+00:00,FTE,FTE_C+E|invvol_shrunk|vt8|brake,IS,1.0,c1585ef028,"{""brake"": true, ""labels"": [""C"", ""E""], ""scheme"": ""invvol_shrunk"", ""vol_target"": 0.08}",0.418,0.04254,-0.187,5.3,4649,ef6bd10,amendment-1 search (overlay-cost fix)
2026-10-03T11:40:57+00:00,FTE,FTE_C+E|invvol_shrunk|vt10|nobrake,IS,1.0,af653958be,"{""brake"": false, ""labels"": [""C"", ""E""], ""scheme"": ""invvol_shrunk"", ""vol_target"": 0.1}",0.3524,0.04569,-0.3173,8.53,4649,ef6bd10,amendment-1 search (overlay-cost fix)
2026-10-03T11:40:57+00:00,FTE,FTE_C+E|invvol_shrunk|vt10|brake,IS,1.0,94d6fe180c,"{""brake"": true, ""labels"": [""C"", ""E""], ""scheme"": ""invvol_shrunk"", ""vol_target"": 0.1}",0.3599,0.04085,-0.2182,7.43,4649,ef6bd10,amendment-1 search (overlay-cost fix)
2026-10-03T11:40:57+00:00,FTE,FTE_C+E|minvar_lw|vt6|nobrake,IS,1.0,010cb5c485,"{""brake"": false, ""labels"": [""C"", ""E""], ""scheme"": ""minvar_lw"", ""vol_target"": 0.06}",0.7619,0.06652,-0.1105,3.36,4633,ef6bd10,amendment-1 search (overlay-cost fix)
2026-10-03T11:40:57+00:00,FTE,FTE_C+E|minvar_lw|vt6|brake,IS,1.0,a047abb0c6,"{""brake"": true, ""labels"": [""C"", ""E""], ""scheme"": ""minvar_lw"", ""vol_target"": 0.06}",0.7601,0.06638,-0.1105,3.59,4633,ef6bd10,amendment-1 search (overlay-cost fix)
2026-10-03T11:40:57+00:00,FTE,FTE_C+E|minvar_lw|vt8|nobrake,IS,1.0,ad2e02c2d0,"{""brake"": false, ""labels"": [""C"", ""E""], ""scheme"": ""minvar_lw"", ""vol_target"": 0.08}",0.7691,0.07341,-0.1128,3.57,4633,ef6bd10,amendment-1 search (overlay-cost fix)
2026-10-03T11:40:57+00:00,FTE,FTE_C+E|minvar_lw|vt8|brake,IS,1.0,ce9e2850af,"{""brake"": true, ""labels"": [""C"", ""E""], ""scheme"": ""minvar_lw"", ""vol_target"": 0.08}",0.7555,0.07199,-0.1128,4.27,4633,ef6bd10,amendment-1 search (overlay-cost fix)
2026-10-03T11:40:57+00:00,FTE,FTE_C+E|minvar_lw|vt10|nobrake,IS,1.0,f6fd44f07c,"{""brake"": false, ""labels"": [""C"", ""E""], ""scheme"": ""minvar_lw"", ""vol_target"": 0.1}",0.7588,0.07748,-0.1256,4.41,4633,ef6bd10,amendment-1 search (overlay-cost fix)
2026-10-03T11:40:57+00:00,FTE,FTE_C+E|minvar_lw|vt10|brake,IS,1.0,52504346b0,"{""brake"": true, ""labels"": [""C"", ""E""], ""scheme"": ""minvar_lw"", ""vol_target"": 0.1}",0.7291,0.07324,-0.1185,5.24,4633,ef6bd10,amendment-1 search (overlay-cost fix)
2026-10-03T11:40:57+00:00,FTE,FTE_C+E+PCT|eqrisk|vt6|nobrake,IS,1.0,a1909e3612,"{""brake"": false, ""labels"": [""C"", ""E"", ""PCT""], ""scheme"": ""eqrisk"", ""vol_target"": 0.06}",0.55,0.04902,-0.1437,7.0,4649,ef6bd10,amendment-1 search (overlay-cost fix)
2026-10-03T11:40:57+00:00,FTE,FTE_C+E+PCT|eqrisk|vt6|brake,IS,1.0,8bb99bab92,"{""brake"": true, ""labels"": [""C"", ""E"", ""PCT""], ""scheme"": ""eqrisk"", ""vol_target"": 0.06}",0.4808,0.04259,-0.1305,8.47,4649,ef6bd10,amendment-1 search (overlay-cost fix)
2026-10-03T11:40:57+00:00,FTE,FTE_C+E+PCT|eqrisk|vt8|nobrake,IS,1.0,ec27188e94,"{""brake"": false, ""labels"": [""C"", ""E"", ""PCT""], ""scheme"": ""eqrisk"", ""vol_target"": 0.08}",0.507,0.05361,-0.1817,11.41,4649,ef6bd10,amendment-1 search (overlay-cost fix)
2026-10-03T11:40:57+00:00,FTE,FTE_C+E+PCT|eqrisk|vt8|brake,IS,1.0,24854009c6,"{""brake"": true, ""labels"": [""C"", ""E"", ""PCT""], ""scheme"": ""eqrisk"", ""vol_target"": 0.08}",0.5049,0.0492,-0.1472,11.57,4649,ef6bd10,amendment-1 search (overlay-cost fix)
2026-10-03T11:40:57+00:00,FTE,FTE_C+E+PCT|eqrisk|vt10|nobrake,IS,1.0,f21325818b,"{""brake"": false, ""labels"": [""C"", ""E"", ""PCT""], ""scheme"": ""eqrisk"", ""vol_target"": 0.1}",0.4475,0.05387,-0.2107,17.71,4649,ef6bd10,amendment-1 search (overlay-cost fix)
2026-10-03T11:40:57+00:00,FTE,FTE_C+E+PCT|eqrisk|vt10|brake,IS,1.0,f55dda1d68,"{""brake"": true, ""labels"": [""C"", ""E"", ""PCT""], ""scheme"": ""eqrisk"", ""vol_target"": 0.1}",0.4619,0.04967,-0.1589,15.52,4649,ef6bd10,amendment-1 search (overlay-cost fix)
2026-10-03T11:40:57+00:00,FTE,FTE_C+E+PCT|invvol_shrunk|vt6|nobrake,IS,1.0,750606d622,"{""brake"": false, ""labels"": [""C"", ""E"", ""PCT""], ""scheme"": ""invvol_shrunk"", ""vol_target"": 0.06}",0.4419,0.04138,-0.1524,6.68,4649,ef6bd10,amendment-1 search (overlay-cost fix)
2026-10-03T11:40:57+00:00,FTE,FTE_C+E+PCT|invvol_shrunk|vt6|brake,IS,1.0,893b0bfd3d,"{""brake"": true, ""labels"": [""C"", ""E"", ""PCT""], ""scheme"": ""invvol_shrunk"", ""vol_target"": 0.06}",0.3695,0.03347,-0.1379,7.85,4649,ef6bd10,amendment-1 search (overlay-cost fix)
2026-10-03T11:40:57+00:00,FTE,FTE_C+E+PCT|invvol_shrunk|vt8|nobrake,IS,1.0,d62753c576,"{""brake"": false, ""labels"": [""C"", ""E"", ""PCT""], ""scheme"": ""invvol_shrunk"", ""vol_target"": 0.08}",0.4122,0.04595,-0.1924,11.05,4649,ef6bd10,amendment-1 search (overlay-cost fix)
2026-10-03T11:40:57+00:00,FTE,FTE_C+E+PCT|invvol_shrunk|vt8|brake,IS,1.0,1757146dbd,"{""brake"": true, ""labels"": [""C"", ""E"", ""PCT""], ""scheme"": ""invvol_shrunk"", ""vol_target"": 0.08}",0.4125,0.04047,-0.1589,10.57,4649,ef6bd10,amendment-1 search (overlay-cost fix)
2026-10-03T11:40:57+00:00,FTE,FTE_C+E+PCT|invvol_shrunk|vt10|nobrake,IS,1.0,ef09feb6cf,"{""brake"": false, ""labels"": [""C"", ""E"", ""PCT""], ""scheme"": ""invvol_shrunk"", ""vol_target"": 0.1}",0.3774,0.04773,-0.2212,16.92,4649,ef6bd10,amendment-1 search (overlay-cost fix)
2026-10-03T11:40:57+00:00,FTE,FTE_C+E+PCT|invvol_shrunk|vt10|brake,IS,1.0,e3776d559b,"{""brake"": true, ""labels"": [""C"", ""E"", ""PCT""], ""scheme"": ""invvol_shrunk"", ""vol_target"": 0.1}",0.4163,0.04528,-0.1741,13.76,4649,ef6bd10,amendment-1 search (overlay-cost fix)
2026-10-03T11:40:57+00:00,FTE,FTE_C+E+PCT|minvar_lw|vt6|nobrake,IS,1.0,5b595688a9,"{""brake"": false, ""labels"": [""C"", ""E"", ""PCT""], ""scheme"": ""minvar_lw"", ""vol_target"": 0.06}",0.8167,0.06787,-0.1095,5.33,4633,ef6bd10,amendment-1 search (overlay-cost fix)
2026-10-03T11:40:57+00:00,FTE,FTE_C+E+PCT|minvar_lw|vt6|brake,IS,1.0,377e6404e0,"{""brake"": true, ""labels"": [""C"", ""E"", ""PCT""], ""scheme"": ""minvar_lw"", ""vol_target"": 0.06}",0.8107,0.06742,-0.1095,5.46,4633,ef6bd10,amendment-1 search (overlay-cost fix)
2026-10-03T11:40:57+00:00,FTE,FTE_C+E+PCT|minvar_lw|vt8|nobrake,IS,1.0,006ff78a5b,"{""brake"": false, ""labels"": [""C"", ""E"", ""PCT""], ""scheme"": ""minvar_lw"", ""vol_target"": 0.08}",0.7907,0.07429,-0.1141,7.83,4633,ef6bd10,amendment-1 search (overlay-cost fix)
2026-10-03T11:40:57+00:00,FTE,FTE_C+E+PCT|minvar_lw|vt8|brake,IS,1.0,84dde8e4d0,"{""brake"": true, ""labels"": [""C"", ""E"", ""PCT""], ""scheme"": ""minvar_lw"", ""vol_target"": 0.08}",0.7881,0.074,-0.1138,8.26,4633,ef6bd10,amendment-1 search (overlay-cost fix)
2026-10-03T11:40:57+00:00,FTE,FTE_C+E+PCT|minvar_lw|vt10|nobrake,IS,1.0,41bdb2b2b6,"{""brake"": false, ""labels"": [""C"", ""E"", ""PCT""], ""scheme"": ""minvar_lw"", ""vol_target"": 0.1}",0.7534,0.07714,-0.1259,11.26,4633,ef6bd10,amendment-1 search (overlay-cost fix)
2026-10-03T11:40:57+00:00,FTE,FTE_C+E+PCT|minvar_lw|vt10|brake,IS,1.0,26030cdac7,"{""brake"": true, ""labels"": [""C"", ""E"", ""PCT""], ""scheme"": ""minvar_lw"", ""vol_target"": 0.1}",0.7231,0.07369,-0.1181,11.52,4633,ef6bd10,amendment-1 search (overlay-cost fix)
2026-10-03T11:40:57+00:00,FTE,FTE_C+E+TSMOM|eqrisk|vt6|nobrake,IS,1.0,e815a506d9,"{""brake"": false, ""labels"": [""C"", ""E"", ""TSMOM""], ""scheme"": ""eqrisk"", ""vol_target"": 0.06}",0.6438,0.0554,-0.1469,7.17,4649,ef6bd10,amendment-1 search (overlay-cost fix)
2026-10-03T11:40:57+00:00,FTE,FTE_C+E+TSMOM|eqrisk|vt6|brake,IS,1.0,67f89cd9d9,"{""brake"": true, ""labels"": [""C"", ""E"", ""TSMOM""], ""scheme"": ""eqrisk"", ""vol_target"": 0.06}",0.566,0.04774,-0.1342,9.01,4649,ef6bd10,amendment-1 search (overlay-cost fix)
2026-10-03T11:40:57+00:00,FTE,FTE_C+E+TSMOM|eqrisk|vt8|nobrake,IS,1.0,67fcccb3f6,"{""brake"": false, ""labels"": [""C"", ""E"", ""TSMOM""], ""scheme"": ""eqrisk"", ""vol_target"": 0.08}",0.5997,0.06147,-0.1822,11.67,4649,ef6bd10,amendment-1 search (overlay-cost fix)
2026-10-03T11:40:57+00:00,FTE,FTE_C+E+TSMOM|eqrisk|vt8|brake,IS,1.0,d1dcc0c25e,"{""brake"": true, ""labels"": [""C"", ""E"", ""TSMOM""], ""scheme"": ""eqrisk"", ""vol_target"": 0.08}",0.555,0.0535,-0.1454,12.87,4649,ef6bd10,amendment-1 search (overlay-cost fix)
2026-10-03T11:40:57+00:00,FTE,FTE_C+E+TSMOM|eqrisk|vt10|nobrake,IS,1.0,24ff52eeb3,"{""brake"": false, ""labels"": [""C"", ""E"", ""TSMOM""], ""scheme"": ""eqrisk"", ""vol_target"": 0.1}",0.5319,0.06211,-0.2141,18.03,4649,ef6bd10,amendment-1 search (overlay-cost fix)
2026-10-03T11:40:57+00:00,FTE,FTE_C+E+TSMOM|eqrisk|vt10|brake,IS,1.0,8c2c18bc46,"{""brake"": true, ""labels"": [""C"", ""E"", ""TSMOM""], ""scheme"": ""eqrisk"", ""vol_target"": 0.1}",0.5032,0.05466,-0.1629,17.79,4649,ef6bd10,amendment-1 search (overlay-cost fix)
2026-10-03T11:40:57+00:00,FTE,FTE_C+E+TSMOM|invvol_shrunk|vt6|nobrake,IS,1.0,63a23a575c,"{""brake"": false, ""labels"": [""C"", ""E"", ""TSMOM""], ""scheme"": ""invvol_shrunk"", ""vol_target"": 0.06}",0.5487,0.04853,-0.1545,6.89,4649,ef6bd10,amendment-1 search (overlay-cost fix)
2026-10-03T11:40:57+00:00,FTE,FTE_C+E+TSMOM|invvol_shrunk|vt6|brake,IS,1.0,8f9f1c141f,"{""brake"": true, ""labels"": [""C"", ""E"", ""TSMOM""], ""scheme"": ""invvol_shrunk"", ""vol_target"": 0.06}",0.4947,0.04236,-0.1385,7.42,4649,ef6bd10,amendment-1 search (overlay-cost fix)
2026-10-03T11:40:57+00:00,FTE,FTE_C+E+TSMOM|invvol_shrunk|vt8|nobrake,IS,1.0,22d2476842,"{""brake"": false, ""labels"": [""C"", ""E"", ""TSMOM""], ""scheme"": ""invvol_shrunk"", ""vol_target"": 0.08}",0.5231,0.05544,-0.1945,11.25,4649,ef6bd10,amendment-1 search (overlay-cost fix)
2026-10-03T11:40:57+00:00,FTE,FTE_C+E+TSMOM|invvol_shrunk|vt8|brake,IS,1.0,cb81287ebf,"{""brake"": true, ""labels"": [""C"", ""E"", ""TSMOM""], ""scheme"": ""invvol_shrunk"", ""vol_target"": 0.08}",0.4281,0.04238,-0.1523,13.32,4649,ef6bd10,amendment-1 search (overlay-cost fix)
2026-10-03T11:40:57+00:00,FTE,FTE_C+E+TSMOM|invvol_shrunk|vt10|nobrake,IS,1.0,72076d0b24,"{""brake"": false, ""labels"": [""C"", ""E"", ""TSMOM""], ""scheme"": ""invvol_shrunk"", ""vol_target"": 0.1}",0.4731,0.05742,-0.224,17.27,4649,ef6bd10,amendment-1 search (overlay-cost fix)
2026-10-03T11:40:57+00:00,FTE,FTE_C+E+TSMOM|invvol_shrunk|vt10|brake,IS,1.0,68d8c271ea,"{""brake"": true, ""labels"": [""C"", ""E"", ""TSMOM""], ""scheme"": ""invvol_shrunk"", ""vol_target"": 0.1}",0.4182,0.04567,-0.1647,17.67,4649,ef6bd10,amendment-1 search (overlay-cost fix)
2026-10-03T11:40:57+00:00,FTE,FTE_C+E+TSMOM|minvar_lw|vt6|nobrake,IS,1.0,59e2e4ad60,"{""brake"": false, ""labels"": [""C"", ""E"", ""TSMOM""], ""scheme"": ""minvar_lw"", ""vol_target"": 0.06}",0.8577,0.071,-0.1078,5.31,4633,ef6bd10,amendment-1 search (overlay-cost fix)
2026-10-03T11:40:57+00:00,FTE,FTE_C+E+TSMOM|minvar_lw|vt6|brake,IS,1.0,75520258c8,"{""brake"": true, ""labels"": [""C"", ""E"", ""TSMOM""], ""scheme"": ""minvar_lw"", ""vol_target"": 0.06}",0.8578,0.07101,-0.1078,5.32,4633,ef6bd10,amendment-1 search (overlay-cost fix)
2026-10-03T11:40:57+00:00,FTE,FTE_C+E+TSMOM|minvar_lw|vt8|nobrake,IS,1.0,c04b7f8fa5,"{""brake"": false, ""labels"": [""C"", ""E"", ""TSMOM""], ""scheme"": ""minvar_lw"", ""vol_target"": 0.08}",0.8406,0.07818,-0.1113,7.63,4633,ef6bd10,amendment-1 search (overlay-cost fix)
2026-10-03T11:40:57+00:00,FTE,FTE_C+E+TSMOM|minvar_lw|vt8|brake,IS,1.0,09e05194d5,"{""brake"": true, ""labels"": [""C"", ""E"", ""TSMOM""], ""scheme"": ""minvar_lw"", ""vol_target"": 0.08}",0.837,0.07785,-0.1113,7.78,4633,ef6bd10,amendment-1 search (overlay-cost fix)
2026-10-03T11:40:57+00:00,FTE,FTE_C+E+TSMOM|minvar_lw|vt10|nobrake,IS,1.0,cb8a74d49a,"{""brake"": false, ""labels"": [""C"", ""E"", ""TSMOM""], ""scheme"": ""minvar_lw"", ""vol_target"": 0.1}",0.8141,0.08192,-0.1166,10.87,4633,ef6bd10,amendment-1 search (overlay-cost fix)
2026-10-03T11:40:57+00:00,FTE,FTE_C+E+TSMOM|minvar_lw|vt10|brake,IS,1.0,4612e753bd,"{""brake"": true, ""labels"": [""C"", ""E"", ""TSMOM""], ""scheme"": ""minvar_lw"", ""vol_target"": 0.1}",0.8111,0.08155,-0.1149,11.46,4633,ef6bd10,amendment-1 search (overlay-cost fix)
2026-10-03T11:40:57+00:00,FTE,FTE_D+E|eqrisk|vt6|nobrake,IS,1.0,b8a151f902,"{""brake"": false, ""labels"": [""D"", ""E""], ""scheme"": ""eqrisk"", ""vol_target"": 0.06}",-0.3328,-0.00954,-0.4875,3.42,4649,ef6bd10,amendment-1 search (overlay-cost fix)
2026-10-03T11:40:57+00:00,FTE,FTE_D+E|eqrisk|vt6|brake,IS,1.0,43e0129e5b,"{""brake"": true, ""labels"": [""D"", ""E""], ""scheme"": ""eqrisk"", ""vol_target"": 0.06}",-0.1138,0.00747,-0.2787,2.49,4649,ef6bd10,amendment-1 search (overlay-cost fix)
2026-10-03T11:40:57+00:00,FTE,FTE_D+E|eqrisk|vt8|nobrake,IS,1.0,dae25d5053,"{""brake"": false, ""labels"": [""D"", ""E""], ""scheme"": ""eqrisk"", ""vol_target"": 0.08}",-0.3255,-0.01525,-0.5782,5.36,4649,ef6bd10,amendment-1 search (overlay-cost fix)
2026-10-03T11:40:57+00:00,FTE,FTE_D+E|eqrisk|vt8|brake,IS,1.0,4c480d8cc5,"{""brake"": true, ""labels"": [""D"", ""E""], ""scheme"": ""eqrisk"", ""vol_target"": 0.08}",-0.0924,0.00658,-0.3458,3.64,4649,ef6bd10,amendment-1 search (overlay-cost fix)
2026-10-03T11:40:57+00:00,FTE,FTE_D+E|eqrisk|vt10|nobrake,IS,1.0,5f61399707,"{""brake"": false, ""labels"": [""D"", ""E""], ""scheme"": ""eqrisk"", ""vol_target"": 0.1}",-0.3202,-0.02037,-0.6388,8.12,4649,ef6bd10,amendment-1 search (overlay-cost fix)
2026-10-03T11:40:57+00:00,FTE,FTE_D+E|eqrisk|vt10|brake,IS,1.0,a933779193,"{""brake"": true, ""labels"": [""D"", ""E""], ""scheme"": ""eqrisk"", ""vol_target"": 0.1}",-0.2052,-0.00113,-0.4176,5.71,4649,ef6bd10,amendment-1 search (overlay-cost fix)
2026-10-03T11:40:57+00:00,FTE,FTE_D+E|invvol_shrunk|vt6|nobrake,IS,1.0,135d0c9662,"{""brake"": false, ""labels"": [""D"", ""E""], ""scheme"": ""invvol_shrunk"", ""vol_target"": 0.06}",-0.2053,-0.00067,-0.3947,3.57,4649,ef6bd10,amendment-1 search (overlay-cost fix)
2026-10-03T11:40:57+00:00,FTE,FTE_D+E|invvol_shrunk|vt6|brake,IS,1.0,43c3fb25c9,"{""brake"": true, ""labels"": [""D"", ""E""], ""scheme"": ""invvol_shrunk"", ""vol_target"": 0.06}",-0.0288,0.01187,-0.2237,2.6,4649,ef6bd10,amendment-1 search (overlay-cost fix)
2026-10-03T11:40:57+00:00,FTE,FTE_D+E|invvol_shrunk|vt8|nobrake,IS,1.0,0be67eaf01,"{""brake"": false, ""labels"": [""D"", ""E""], ""scheme"": ""invvol_shrunk"", ""vol_target"": 0.08}",-0.203,-0.00581,-0.5138,5.53,4649,ef6bd10,amendment-1 search (overlay-cost fix)
2026-10-03T11:40:57+00:00,FTE,FTE_D+E|invvol_shrunk|vt8|brake,IS,1.0,41df54a7fc,"{""brake"": true, ""labels"": [""D"", ""E""], ""scheme"": ""invvol_shrunk"", ""vol_target"": 0.08}",-0.0351,0.01027,-0.2975,3.88,4649,ef6bd10,amendment-1 search (overlay-cost fix)
2026-10-03T11:40:57+00:00,FTE,FTE_D+E|invvol_shrunk|vt10|nobrake,IS,1.0,4881ea906f,"{""brake"": false, ""labels"": [""D"", ""E""], ""scheme"": ""invvol_shrunk"", ""vol_target"": 0.1}",-0.1921,-0.00995,-0.5973,8.31,4649,ef6bd10,amendment-1 search (overlay-cost fix)
2026-10-03T11:40:57+00:00,FTE,FTE_D+E|invvol_shrunk|vt10|brake,IS,1.0,b58a1ccc7e,"{""brake"": true, ""labels"": [""D"", ""E""], ""scheme"": ""invvol_shrunk"", ""vol_target"": 0.1}",-0.0209,0.01017,-0.3751,6.1,4649,ef6bd10,amendment-1 search (overlay-cost fix)
2026-10-03T11:40:57+00:00,FTE,FTE_D+E|minvar_lw|vt6|nobrake,IS,1.0,5ceb6189c7,"{""brake"": false, ""labels"": [""D"", ""E""], ""scheme"": ""minvar_lw"", ""vol_target"": 0.06}",-0.4992,-0.02263,-0.5781,2.01,4633,ef6bd10,amendment-1 search (overlay-cost fix)
2026-10-03T11:40:57+00:00,FTE,FTE_D+E|minvar_lw|vt6|brake,IS,1.0,5a4eea2050,"{""brake"": true, ""labels"": [""D"", ""E""], ""scheme"": ""minvar_lw"", ""vol_target"": 0.06}",-0.2812,-0.00096,-0.3592,1.4,4633,ef6bd10,amendment-1 search (overlay-cost fix)
2026-10-03T11:40:57+00:00,FTE,FTE_D+E|minvar_lw|vt8|nobrake,IS,1.0,0323923e28,"{""brake"": false, ""labels"": [""D"", ""E""], ""scheme"": ""minvar_lw"", ""vol_target"": 0.08}",-0.4936,-0.02807,-0.6316,2.8,4633,ef6bd10,amendment-1 search (overlay-cost fix)
2026-10-03T11:40:57+00:00,FTE,FTE_D+E|minvar_lw|vt8|brake,IS,1.0,918aebce29,"{""brake"": true, ""labels"": [""D"", ""E""], ""scheme"": ""minvar_lw"", ""vol_target"": 0.08}",-0.2434,-0.00095,-0.3796,1.9,4633,ef6bd10,amendment-1 search (overlay-cost fix)
2026-10-03T11:40:57+00:00,FTE,FTE_D+E|minvar_lw|vt10|nobrake,IS,1.0,2c124267db,"{""brake"": false, ""labels"": [""D"", ""E""], ""scheme"": ""minvar_lw"", ""vol_target"": 0.1}",-0.4779,-0.0304,-0.6581,3.86,4633,ef6bd10,amendment-1 search (overlay-cost fix)
2026-10-03T11:40:57+00:00,FTE,FTE_D+E|minvar_lw|vt10|brake,IS,1.0,f3b6c22609,"{""brake"": true, ""labels"": [""D"", ""E""], ""scheme"": ""minvar_lw"", ""vol_target"": 0.1}",-0.2243,-0.00161,-0.4039,2.65,4633,ef6bd10,amendment-1 search (overlay-cost fix)
2026-10-03T11:40:57+00:00,FTE,FTE_D+E+PCT|eqrisk|vt6|nobrake,IS,1.0,21ac7f1816,"{""brake"": false, ""labels"": [""D"", ""E"", ""PCT""], ""scheme"": ""eqrisk"", ""vol_target"": 0.06}",-0.1809,0.00081,-0.4028,6.59,4649,ef6bd10,amendment-1 search (overlay-cost fix)
2026-10-03T11:40:57+00:00,FTE,FTE_D+E+PCT|eqrisk|vt6|brake,IS,1.0,eeb75adc2f,"{""brake"": true, ""labels"": [""D"", ""E"", ""PCT""], ""scheme"": ""eqrisk"", ""vol_target"": 0.06}",0.0075,0.01355,-0.2149,4.63,4649,ef6bd10,amendment-1 search (overlay-cost fix)
2026-10-03T11:40:57+00:00,FTE,FTE_D+E+PCT|eqrisk|vt8|nobrake,IS,1.0,bc813f7bb6,"{""brake"": false, ""labels"": [""D"", ""E"", ""PCT""], ""scheme"": ""eqrisk"", ""vol_target"": 0.08}",-0.1779,-0.00318,-0.5008,11.41,4649,ef6bd10,amendment-1 search (overlay-cost fix)
2026-10-03T11:40:57+00:00,FTE,FTE_D+E+PCT|eqrisk|vt8|brake,IS,1.0,c3ace93978,"{""brake"": true, ""labels"": [""D"", ""E"", ""PCT""], ""scheme"": ""eqrisk"", ""vol_target"": 0.08}",0.0095,0.01304,-0.2814,8.13,4649,ef6bd10,amendment-1 search (overlay-cost fix)
2026-10-03T11:40:57+00:00,FTE,FTE_D+E+PCT|eqrisk|vt10|nobrake,IS,1.0,63a7bdac9b,"{""brake"": false, ""labels"": [""D"", ""E"", ""PCT""], ""scheme"": ""eqrisk"", ""vol_target"": 0.1}",-0.1771,-0.007,-0.569,18.19,4649,ef6bd10,amendment-1 search (overlay-cost fix)
2026-10-03T11:40:57+00:00,FTE,FTE_D+E+PCT|eqrisk|vt10|brake,IS,1.0,c77b1d432c,"{""brake"": true, ""labels"": [""D"", ""E"", ""PCT""], ""scheme"": ""eqrisk"", ""vol_target"": 0.1}",-0.037,0.00914,-0.3479,14.31,4649,ef6bd10,amendment-1 search (overlay-cost fix)
2026-10-03T11:40:57+00:00,FTE,FTE_D+E+PCT|invvol_shrunk|vt6|nobrake,IS,1.0,236332593e,"{""brake"": false, ""labels"": [""D"", ""E"", ""PCT""], ""scheme"": ""invvol_shrunk"", ""vol_target"": 0.06}",-0.033,0.01031,-0.3077,6.36,4649,ef6bd10,amendment-1 search (overlay-cost fix)
2026-10-03T11:40:57+00:00,FTE,FTE_D+E+PCT|invvol_shrunk|vt6|brake,IS,1.0,7dc819ec75,"{""brake"": true, ""labels"": [""D"", ""E"", ""PCT""], ""scheme"": ""invvol_shrunk"", ""vol_target"": 0.06}",0.0943,0.0178,-0.1823,4.81,4649,ef6bd10,amendment-1 search (overlay-cost fix)
2026-10-03T11:40:57+00:00,FTE,FTE_D+E+PCT|invvol_shrunk|vt8|nobrake,IS,1.0,6aca561930,"{""brake"": false, ""labels"": [""D"", ""E"", ""PCT""], ""scheme"": ""invvol_shrunk"", ""vol_target"": 0.08}",-0.0443,0.00733,-0.4268,11.08,4649,ef6bd10,amendment-1 search (overlay-cost fix)
2026-10-03T11:40:57+00:00,FTE,FTE_D+E+PCT|invvol_shrunk|vt8|brake,IS,1.0,d57b6bc5a6,"{""brake"": true, ""labels"": [""D"", ""E"", ""PCT""], ""scheme"": ""invvol_shrunk"", ""vol_target"": 0.08}",0.0781,0.01734,-0.241,8.16,4649,ef6bd10,amendment-1 search (overlay-cost fix)
2026-10-03T11:40:57+00:00,FTE,FTE_D+E+PCT|invvol_shrunk|vt10|nobrake,IS,1.0,46c932d571,"{""brake"": false, ""labels"": [""D"", ""E"", ""PCT""], ""scheme"": ""invvol_shrunk"", ""vol_target"": 0.1}",-0.0568,0.00374,-0.5164,17.06,4649,ef6bd10,amendment-1 search (overlay-cost fix)
2026-10-03T11:40:57+00:00,FTE,FTE_D+E+PCT|invvol_shrunk|vt10|brake,IS,1.0,bcecb3234c,"{""brake"": true, ""labels"": [""D"", ""E"", ""PCT""], ""scheme"": ""invvol_shrunk"", ""vol_target"": 0.1}",0.0249,0.01351,-0.2993,13.31,4649,ef6bd10,amendment-1 search (overlay-cost fix)
2026-10-03T11:40:57+00:00,FTE,FTE_D+E+PCT|minvar_lw|vt6|nobrake,IS,1.0,cc1b7669be,"{""brake"": false, ""labels"": [""D"", ""E"", ""PCT""], ""scheme"": ""minvar_lw"", ""vol_target"": 0.06}",-0.4207,-0.01607,-0.5311,3.93,4633,ef6bd10,amendment-1 search (overlay-cost fix)
2026-10-03T11:40:57+00:00,FTE,FTE_D+E+PCT|minvar_lw|vt6|brake,IS,1.0,1d98bd69b3,"{""brake"": true, ""labels"": [""D"", ""E"", ""PCT""], ""scheme"": ""minvar_lw"", ""vol_target"": 0.06}",-0.2216,0.00241,-0.3286,2.63,4633,ef6bd10,amendment-1 search (overlay-cost fix)
2026-10-03T11:40:57+00:00,FTE,FTE_D+E+PCT|minvar_lw|vt8|nobrake,IS,1.0,8865a1d691,"{""brake"": false, ""labels"": [""D"", ""E"", ""PCT""], ""scheme"": ""minvar_lw"", ""vol_target"": 0.08}",-0.4091,-0.02024,-0.584,6.24,4633,ef6bd10,amendment-1 search (overlay-cost fix)
2026-10-03T11:40:57+00:00,FTE,FTE_D+E+PCT|minvar_lw|vt8|brake,IS,1.0,c243676b5f,"{""brake"": true, ""labels"": [""D"", ""E"", ""PCT""], ""scheme"": ""minvar_lw"", ""vol_target"": 0.08}",-0.1931,0.00148,-0.3663,3.88,4633,ef6bd10,amendment-1 search (overlay-cost fix)
2026-10-03T11:40:57+00:00,FTE,FTE_D+E+PCT|minvar_lw|vt10|nobrake,IS,1.0,d0f2cb2d6c,"{""brake"": false, ""labels"": [""D"", ""E"", ""PCT""], ""scheme"": ""minvar_lw"", ""vol_target"": 0.1}",-0.3746,-0.0207,-0.6083,9.17,4633,ef6bd10,amendment-1 search (overlay-cost fix)
2026-10-03T11:40:57+00:00,FTE,FTE_D+E+PCT|minvar_lw|vt10|brake,IS,1.0,01db474304,"{""brake"": true, ""labels"": [""D"", ""E"", ""PCT""], ""scheme"": ""minvar_lw"", ""vol_target"": 0.1}",-0.1729,0.00127,-0.3842,6.2,4633,ef6bd10,amendment-1 search (overlay-cost fix)
2026-10-03T11:40:57+00:00,FTE,FTE_D+E+TSMOM|eqrisk|vt6|nobrake,IS,1.0,eaca66fb6a,"{""brake"": false, ""labels"": [""D"", ""E"", ""TSMOM""], ""scheme"": ""eqrisk"", ""vol_target"": 0.06}",-0.0944,0.00634,-0.3586,7.08,4649,ef6bd10,amendment-1 search (overlay-cost fix)
2026-10-03T11:40:57+00:00,FTE,FTE_D+E+TSMOM|eqrisk|vt6|brake,IS,1.0,a89de94b41,"{""brake"": true, ""labels"": [""D"", ""E"", ""TSMOM""], ""scheme"": ""eqrisk"", ""vol_target"": 0.06}",0.0814,0.0172,-0.198,4.82,4649,ef6bd10,amendment-1 search (overlay-cost fix)
2026-10-03T11:40:57+00:00,FTE,FTE_D+E+TSMOM|eqrisk|vt8|nobrake,IS,1.0,b7b5b3b2c5,"{""brake"": false, ""labels"": [""D"", ""E"", ""TSMOM""], ""scheme"": ""eqrisk"", ""vol_target"": 0.08}",-0.0892,0.004,-0.4452,12.38,4649,ef6bd10,amendment-1 search (overlay-cost fix)
2026-10-03T11:40:57+00:00,FTE,FTE_D+E+TSMOM|eqrisk|vt8|brake,IS,1.0,ffc4cb69e0,"{""brake"": true, ""labels"": [""D"", ""E"", ""TSMOM""], ""scheme"": ""eqrisk"", ""vol_target"": 0.08}",0.0992,0.01868,-0.2419,8.22,4649,ef6bd10,amendment-1 search (overlay-cost fix)
2026-10-03T11:40:57+00:00,FTE,FTE_D+E+TSMOM|eqrisk|vt10|nobrake,IS,1.0,2f48e2f76e,"{""brake"": false, ""labels"": [""D"", ""E"", ""TSMOM""], ""scheme"": ""eqrisk"", ""vol_target"": 0.1}",-0.0864,0.00168,-0.5082,19.48,4649,ef6bd10,amendment-1 search (overlay-cost fix)
2026-10-03T11:40:57+00:00,FTE,FTE_D+E+TSMOM|eqrisk|vt10|brake,IS,1.0,946147f490,"{""brake"": true, ""labels"": [""D"", ""E"", ""TSMOM""], ""scheme"": ""eqrisk"", ""vol_target"": 0.1}",0.0934,0.01861,-0.2867,13.09,4649,ef6bd10,amendment-1 search (overlay-cost fix)
2026-10-03T11:40:57+00:00,FTE,FTE_D+E+TSMOM|invvol_shrunk|vt6|nobrake,IS,1.0,fcfc64b88e,"{""brake"": false, ""labels"": [""D"", ""E"", ""TSMOM""], ""scheme"": ""invvol_shrunk"", ""vol_target"": 0.06}",0.0771,0.01729,-0.2327,6.93,4649,ef6bd10,amendment-1 search (overlay-cost fix)
2026-10-03T11:40:57+00:00,FTE,FTE_D+E+TSMOM|invvol_shrunk|vt6|brake,IS,1.0,4397df9b91,"{""brake"": true, ""labels"": [""D"", ""E"", ""TSMOM""], ""scheme"": ""invvol_shrunk"", ""vol_target"": 0.06}",0.1853,0.02239,-0.1675,5.8,4649,ef6bd10,amendment-1 search (overlay-cost fix)
2026-10-03T11:40:57+00:00,FTE,FTE_D+E+TSMOM|invvol_shrunk|vt8|nobrake,IS,1.0,305337929e,"{""brake"": false, ""labels"": [""D"", ""E"", ""TSMOM""], ""scheme"": ""invvol_shrunk"", ""vol_target"": 0.08}",0.0566,0.01568,-0.3503,12.03,4649,ef6bd10,amendment-1 search (overlay-cost fix)
2026-10-03T11:40:57+00:00,FTE,FTE_D+E+TSMOM|invvol_shrunk|vt8|brake,IS,1.0,4c3970d642,"{""brake"": true, ""labels"": [""D"", ""E"", ""TSMOM""], ""scheme"": ""invvol_shrunk"", ""vol_target"": 0.08}",0.1965,0.02486,-0.1949,8.21,4649,ef6bd10,amendment-1 search (overlay-cost fix)
2026-10-03T11:40:57+00:00,FTE,FTE_D+E+TSMOM|invvol_shrunk|vt10|nobrake,IS,1.0,be87007e76,"{""brake"": false, ""labels"": [""D"", ""E"", ""TSMOM""], ""scheme"": ""invvol_shrunk"", ""vol_target"": 0.1}",0.046,0.01405,-0.4313,18.45,4649,ef6bd10,amendment-1 search (overlay-cost fix)
2026-10-03T11:40:57+00:00,FTE,FTE_D+E+TSMOM|invvol_shrunk|vt10|brake,IS,1.0,07abc0f5b6,"{""brake"": true, ""labels"": [""D"", ""E"", ""TSMOM""], ""scheme"": ""invvol_shrunk"", ""vol_target"": 0.1}",0.1649,0.02398,-0.2461,13.06,4649,ef6bd10,amendment-1 search (overlay-cost fix)
2026-10-03T11:40:57+00:00,FTE,FTE_D+E+TSMOM|minvar_lw|vt6|nobrake,IS,1.0,eb75472a71,"{""brake"": false, ""labels"": [""D"", ""E"", ""TSMOM""], ""scheme"": ""minvar_lw"", ""vol_target"": 0.06}",-0.3937,-0.01425,-0.5189,3.97,4633,ef6bd10,amendment-1 search (overlay-cost fix)
2026-10-03T11:40:57+00:00,FTE,FTE_D+E+TSMOM|minvar_lw|vt6|brake,IS,1.0,a322a66e53,"{""brake"": true, ""labels"": [""D"", ""E"", ""TSMOM""], ""scheme"": ""minvar_lw"", ""vol_target"": 0.06}",-0.1851,0.00419,-0.3135,2.52,4633,ef6bd10,amendment-1 search (overlay-cost fix)
2026-10-03T11:40:57+00:00,FTE,FTE_D+E+TSMOM|minvar_lw|vt8|nobrake,IS,1.0,cfcb94f4b1,"{""brake"": false, ""labels"": [""D"", ""E"", ""TSMOM""], ""scheme"": ""minvar_lw"", ""vol_target"": 0.08}",-0.3742,-0.01741,-0.5666,6.28,4633,ef6bd10,amendment-1 search (overlay-cost fix)
2026-10-03T11:40:57+00:00,FTE,FTE_D+E+TSMOM|minvar_lw|vt8|brake,IS,1.0,5d7ef40d42,"{""brake"": true, ""labels"": [""D"", ""E"", ""TSMOM""], ""scheme"": ""minvar_lw"", ""vol_target"": 0.08}",-0.1315,0.00528,-0.3297,4.44,4633,ef6bd10,amendment-1 search (overlay-cost fix)
2026-10-03T11:40:57+00:00,FTE,FTE_D+E+TSMOM|minvar_lw|vt10|nobrake,IS,1.0,ec1d2a2607,"{""brake"": false, ""labels"": [""D"", ""E"", ""TSMOM""], ""scheme"": ""minvar_lw"", ""vol_target"": 0.1}",-0.34,-0.01766,-0.5881,9.37,4633,ef6bd10,amendment-1 search (overlay-cost fix)
2026-10-03T11:40:57+00:00,FTE,FTE_D+E+TSMOM|minvar_lw|vt10|brake,IS,1.0,bb8a900ba9,"{""brake"": true, ""labels"": [""D"", ""E"", ""TSMOM""], ""scheme"": ""minvar_lw"", ""vol_target"": 0.1}",-0.0995,0.00602,-0.3489,6.2,4633,ef6bd10,amendment-1 search (overlay-cost fix)
2026-10-03T11:40:57+00:00,FTE,FTE_A+B+C|eqrisk|vt6|nobrake,IS,1.0,6f2b76f069,"{""brake"": false, ""labels"": [""A"", ""B"", ""C""], ""scheme"": ""eqrisk"", ""vol_target"": 0.06}",0.7607,0.06514,-0.1204,5.59,4645,ef6bd10,amendment-1 search (overlay-cost fix)
2026-10-03T11:40:57+00:00,FTE,FTE_A+B+C|eqrisk|vt6|brake,IS,1.0,2f038d8b04,"{""brake"": true, ""labels"": [""A"", ""B"", ""C""], ""scheme"": ""eqrisk"", ""vol_target"": 0.06}",0.7004,0.05971,-0.1204,5.95,4645,ef6bd10,amendment-1 search (overlay-cost fix)
2026-10-03T11:40:57+00:00,FTE,FTE_A+B+C|eqrisk|vt8|nobrake,IS,1.0,c50a98887b,"{""brake"": false, ""labels"": [""A"", ""B"", ""C""], ""scheme"": ""eqrisk"", ""vol_target"": 0.08}",0.7661,0.07722,-0.1482,7.93,4645,ef6bd10,amendment-1 search (overlay-cost fix)
2026-10-03T11:40:57+00:00,FTE,FTE_A+B+C|eqrisk|vt8|brake,IS,1.0,9c355e8eb8,"{""brake"": true, ""labels"": [""A"", ""B"", ""C""], ""scheme"": ""eqrisk"", ""vol_target"": 0.08}",0.7158,0.06961,-0.1449,8.45,4645,ef6bd10,amendment-1 search (overlay-cost fix)
2026-10-03T11:40:57+00:00,FTE,FTE_A+B+C|eqrisk|vt10|nobrake,IS,1.0,956f99ebfd,"{""brake"": false, ""labels"": [""A"", ""B"", ""C""], ""scheme"": ""eqrisk"", ""vol_target"": 0.1}",0.712,0.08138,-0.1867,11.92,4645,ef6bd10,amendment-1 search (overlay-cost fix)
2026-10-03T11:40:57+00:00,FTE,FTE_A+B+C|eqrisk|vt10|brake,IS,1.0,d439b67cbd,"{""brake"": true, ""labels"": [""A"", ""B"", ""C""], ""scheme"": ""eqrisk"", ""vol_target"": 0.1}",0.6897,0.07343,-0.1705,12.08,4645,ef6bd10,amendment-1 search (overlay-cost fix)
2026-10-03T11:40:57+00:00,FTE,FTE_A+B+C|invvol_shrunk|vt6|nobrake,IS,1.0,857f6fe6cb,"{""brake"": false, ""labels"": [""A"", ""B"", ""C""], ""scheme"": ""invvol_shrunk"", ""vol_target"": 0.06}",0.6588,0.05758,-0.149,4.8,4645,ef6bd10,amendment-1 search (overlay-cost fix)
2026-10-03T11:40:57+00:00,FTE,FTE_A+B+C|invvol_shrunk|vt6|brake,IS,1.0,656a2c60ac,"{""brake"": true, ""labels"": [""A"", ""B"", ""C""], ""scheme"": ""invvol_shrunk"", ""vol_target"": 0.06}",0.6055,0.05201,-0.1443,5.43,4645,ef6bd10,amendment-1 search (overlay-cost fix)
2026-10-03T11:40:57+00:00,FTE,FTE_A+B+C|invvol_shrunk|vt8|nobrake,IS,1.0,1cbfe07301,"{""brake"": false, ""labels"": [""A"", ""B"", ""C""], ""scheme"": ""invvol_shrunk"", ""vol_target"": 0.08}",0.6749,0.07062,-0.1798,6.65,4645,ef6bd10,amendment-1 search (overlay-cost fix)
2026-10-03T11:40:57+00:00,FTE,FTE_A+B+C|invvol_shrunk|vt8|brake,IS,1.0,dcda66474a,"{""brake"": true, ""labels"": [""A"", ""B"", ""C""], ""scheme"": ""invvol_shrunk"", ""vol_target"": 0.08}",0.6581,0.06563,-0.1567,6.92,4645,ef6bd10,amendment-1 search (overlay-cost fix)
2026-10-03T11:40:57+00:00,FTE,FTE_A+B+C|invvol_shrunk|vt10|nobrake,IS,1.0,77a6c74a87,"{""brake"": false, ""labels"": [""A"", ""B"", ""C""], ""scheme"": ""invvol_shrunk"", ""vol_target"": 0.1}",0.6406,0.07712,-0.2106,9.88,4645,ef6bd10,amendment-1 search (overlay-cost fix)
2026-10-03T11:40:57+00:00,FTE,FTE_A+B+C|invvol_shrunk|vt10|brake,IS,1.0,3f8779b5c4,"{""brake"": true, ""labels"": [""A"", ""B"", ""C""], ""scheme"": ""invvol_shrunk"", ""vol_target"": 0.1}",0.6455,0.07106,-0.1812,9.38,4645,ef6bd10,amendment-1 search (overlay-cost fix)
2026-10-03T11:40:57+00:00,FTE,FTE_A+B+C|minvar_lw|vt6|nobrake,IS,1.0,1d09b81271,"{""brake"": false, ""labels"": [""A"", ""B"", ""C""], ""scheme"": ""minvar_lw"", ""vol_target"": 0.06}",0.87,0.07274,-0.108,5.38,4633,ef6bd10,amendment-1 search (overlay-cost fix)
2026-10-03T11:40:57+00:00,FTE,FTE_A+B+C|minvar_lw|vt6|brake,IS,1.0,a6f2d0754b,"{""brake"": true, ""labels"": [""A"", ""B"", ""C""], ""scheme"": ""minvar_lw"", ""vol_target"": 0.06}",0.8712,0.0728,-0.1048,5.47,4633,ef6bd10,amendment-1 search (overlay-cost fix)
2026-10-03T11:40:57+00:00,FTE,FTE_A+B+C|minvar_lw|vt8|nobrake,IS,1.0,f01dcba424,"{""brake"": false, ""labels"": [""A"", ""B"", ""C""], ""scheme"": ""minvar_lw"", ""vol_target"": 0.08}",0.8549,0.08274,-0.1245,7.8,4633,ef6bd10,amendment-1 search (overlay-cost fix)
2026-10-03T11:40:57+00:00,FTE,FTE_A+B+C|minvar_lw|vt8|brake,IS,1.0,bef9cf764f,"{""brake"": true, ""labels"": [""A"", ""B"", ""C""], ""scheme"": ""minvar_lw"", ""vol_target"": 0.08}",0.8015,0.07657,-0.1318,8.7,4633,ef6bd10,amendment-1 search (overlay-cost fix)
2026-10-03T11:40:57+00:00,FTE,FTE_A+B+C|minvar_lw|vt10|nobrake,IS,1.0,57c4362aec,"{""brake"": false, ""labels"": [""A"", ""B"", ""C""], ""scheme"": ""minvar_lw"", ""vol_target"": 0.1}",0.8035,0.08644,-0.1461,11.35,4633,ef6bd10,amendment-1 search (overlay-cost fix)
2026-10-03T11:40:57+00:00,FTE,FTE_A+B+C|minvar_lw|vt10|brake,IS,1.0,31853c42e4,"{""brake"": true, ""labels"": [""A"", ""B"", ""C""], ""scheme"": ""minvar_lw"", ""vol_target"": 0.1}",0.7281,0.07572,-0.1413,11.81,4633,ef6bd10,amendment-1 search (overlay-cost fix)
2026-10-03T11:40:57+00:00,FTE,FTE_A+B+C+PCT|eqrisk|vt6|nobrake,IS,1.0,cbd9b0065c,"{""brake"": false, ""labels"": [""A"", ""B"", ""C"", ""PCT""], ""scheme"": ""eqrisk"", ""vol_target"": 0.06}",0.8497,0.06957,-0.1199,7.58,4645,ef6bd10,amendment-1 search (overlay-cost fix)
2026-10-03T11:40:57+00:00,FTE,FTE_A+B+C+PCT|eqrisk|vt6|brake,IS,1.0,d96b3fc63c,"{""brake"": true, ""labels"": [""A"", ""B"", ""C"", ""PCT""], ""scheme"": ""eqrisk"", ""vol_target"": 0.06}",0.7958,0.06431,-0.1374,9.12,4645,ef6bd10,amendment-1 search (overlay-cost fix)
2026-10-03T11:40:57+00:00,FTE,FTE_A+B+C+PCT|eqrisk|vt8|nobrake,IS,1.0,01a98e43b4,"{""brake"": false, ""labels"": [""A"", ""B"", ""C"", ""PCT""], ""scheme"": ""eqrisk"", ""vol_target"": 0.08}",0.8077,0.0788,-0.164,12.35,4645,ef6bd10,amendment-1 search (overlay-cost fix)
2026-10-03T11:40:57+00:00,FTE,FTE_A+B+C+PCT|eqrisk|vt8|brake,IS,1.0,8314ff6b3e,"{""brake"": true, ""labels"": [""A"", ""B"", ""C"", ""PCT""], ""scheme"": ""eqrisk"", ""vol_target"": 0.08}",0.8091,0.07547,-0.1528,12.3,4645,ef6bd10,amendment-1 search (overlay-cost fix)
2026-10-03T11:40:57+00:00,FTE,FTE_A+B+C+PCT|eqrisk|vt10|nobrake,IS,1.0,e76d18c4cb,"{""brake"": false, ""labels"": [""A"", ""B"", ""C"", ""PCT""], ""scheme"": ""eqrisk"", ""vol_target"": 0.1}",0.7156,0.07988,-0.2149,19.46,4645,ef6bd10,amendment-1 search (overlay-cost fix)
2026-10-03T11:40:57+00:00,FTE,FTE_A+B+C+PCT|eqrisk|vt10|brake,IS,1.0,cd97684598,"{""brake"": true, ""labels"": [""A"", ""B"", ""C"", ""PCT""], ""scheme"": ""eqrisk"", ""vol_target"": 0.1}",0.7436,0.07773,-0.1657,18.02,4645,ef6bd10,amendment-1 search (overlay-cost fix)
2026-10-03T11:40:57+00:00,FTE,FTE_A+B+C+PCT|invvol_shrunk|vt6|nobrake,IS,1.0,93a0c348af,"{""brake"": false, ""labels"": [""A"", ""B"", ""C"", ""PCT""], ""scheme"": ""invvol_shrunk"", ""vol_target"": 0.06}",0.7256,0.06093,-0.1335,6.8,4645,ef6bd10,amendment-1 search (overlay-cost fix)
2026-10-03T11:40:57+00:00,FTE,FTE_A+B+C+PCT|invvol_shrunk|vt6|brake,IS,1.0,dad7b04a73,"{""brake"": true, ""labels"": [""A"", ""B"", ""C"", ""PCT""], ""scheme"": ""invvol_shrunk"", ""vol_target"": 0.06}",0.7091,0.0574,-0.1325,8.18,4645,ef6bd10,amendment-1 search (overlay-cost fix)
2026-10-03T11:40:57+00:00,FTE,FTE_A+B+C+PCT|invvol_shrunk|vt8|nobrake,IS,1.0,586f6a5e55,"{""brake"": false, ""labels"": [""A"", ""B"", ""C"", ""PCT""], ""scheme"": ""invvol_shrunk"", ""vol_target"": 0.08}",0.7071,0.07177,-0.1807,10.72,4645,ef6bd10,amendment-1 search (overlay-cost fix)
2026-10-03T11:40:57+00:00,FTE,FTE_A+B+C+PCT|invvol_shrunk|vt8|brake,IS,1.0,6ba84398fa,"{""brake"": true, ""labels"": [""A"", ""B"", ""C"", ""PCT""], ""scheme"": ""invvol_shrunk"", ""vol_target"": 0.08}",0.7103,0.06782,-0.1503,11.0,4645,ef6bd10,amendment-1 search (overlay-cost fix)
2026-10-03T11:40:57+00:00,FTE,FTE_A+B+C+PCT|invvol_shrunk|vt10|nobrake,IS,1.0,88a59a5748,"{""brake"": false, ""labels"": [""A"", ""B"", ""C"", ""PCT""], ""scheme"": ""invvol_shrunk"", ""vol_target"": 0.1}",0.6335,0.07428,-0.2381,17.62,4645,ef6bd10,amendment-1 search (overlay-cost fix)
2026-10-03T11:40:57+00:00,FTE,FTE_A+B+C+PCT|invvol_shrunk|vt10|brake,IS,1.0,0e99e7a530,"{""brake"": true, ""labels"": [""A"", ""B"", ""C"", ""PCT""], ""scheme"": ""invvol_shrunk"", ""vol_target"": 0.1}",0.6507,0.07011,-0.1796,15.46,4645,ef6bd10,amendment-1 search (overlay-cost fix)
2026-10-03T11:40:57+00:00,FTE,FTE_A+B+C+PCT|minvar_lw|vt6|nobrake,IS,1.0,f78299d07e,"{""brake"": false, ""labels"": [""A"", ""B"", ""C"", ""PCT""], ""scheme"": ""minvar_lw"", ""vol_target"": 0.06}",0.9405,0.07622,-0.1042,6.71,4633,ef6bd10,amendment-1 search (overlay-cost fix)
2026-10-03T11:40:57+00:00,FTE,FTE_A+B+C+PCT|minvar_lw|vt6|brake,IS,1.0,eab3cbf4fc,"{""brake"": true, ""labels"": [""A"", ""B"", ""C"", ""PCT""], ""scheme"": ""minvar_lw"", ""vol_target"": 0.06}",0.9381,0.07604,-0.1033,6.84,4633,ef6bd10,amendment-1 search (overlay-cost fix)
2026-10-03T11:40:57+00:00,FTE,FTE_A+B+C+PCT|minvar_lw|vt8|nobrake,IS,1.0,0e7f90b857,"{""brake"": false, ""labels"": [""A"", ""B"", ""C"", ""PCT""], ""scheme"": ""minvar_lw"", ""vol_target"": 0.08}",0.9074,0.08498,-0.1254,10.69,4633,ef6bd10,amendment-1 search (overlay-cost fix)
2026-10-03T11:40:57+00:00,FTE,FTE_A+B+C+PCT|minvar_lw|vt8|brake,IS,1.0,e3ece85513,"{""brake"": true, ""labels"": [""A"", ""B"", ""C"", ""PCT""], ""scheme"": ""minvar_lw"", ""vol_target"": 0.08}",0.8793,0.08185,-0.121,11.01,4633,ef6bd10,amendment-1 search (overlay-cost fix)
2026-10-03T11:40:57+00:00,FTE,FTE_A+B+C+PCT|minvar_lw|vt10|nobrake,IS,1.0,0c082cf190,"{""brake"": false, ""labels"": [""A"", ""B"", ""C"", ""PCT""], ""scheme"": ""minvar_lw"", ""vol_target"": 0.1}",0.8417,0.08798,-0.1645,15.87,4633,ef6bd10,amendment-1 search (overlay-cost fix)
2026-10-03T11:40:57+00:00,FTE,FTE_A+B+C+PCT|minvar_lw|vt10|brake,IS,1.0,3f71ce3971,"{""brake"": true, ""labels"": [""A"", ""B"", ""C"", ""PCT""], ""scheme"": ""minvar_lw"", ""vol_target"": 0.1}",0.8158,0.08306,-0.1459,15.77,4633,ef6bd10,amendment-1 search (overlay-cost fix)
2026-10-03T11:40:57+00:00,FTE,FTE_A+B+C+TSMOM|eqrisk|vt6|nobrake,IS,1.0,dfbe783828,"{""brake"": false, ""labels"": [""A"", ""B"", ""C"", ""TSMOM""], ""scheme"": ""eqrisk"", ""vol_target"": 0.06}",0.9368,0.07545,-0.0948,7.94,4645,ef6bd10,amendment-1 search (overlay-cost fix)
2026-10-03T11:40:57+00:00,FTE,FTE_A+B+C+TSMOM|eqrisk|vt6|brake,IS,1.0,e9ca12bfc7,"{""brake"": true, ""labels"": [""A"", ""B"", ""C"", ""TSMOM""], ""scheme"": ""eqrisk"", ""vol_target"": 0.06}",0.9368,0.07545,-0.0948,7.94,4645,ef6bd10,amendment-1 search (overlay-cost fix)
2026-10-03T11:40:57+00:00,FTE,FTE_A+B+C+TSMOM|eqrisk|vt8|nobrake,IS,1.0,7da69a8762,"{""brake"": false, ""labels"": [""A"", ""B"", ""C"", ""TSMOM""], ""scheme"": ""eqrisk"", ""vol_target"": 0.08}",0.9,0.08625,-0.1132,13.1,4645,ef6bd10,amendment-1 search (overlay-cost fix)
2026-10-03T11:40:57+00:00,FTE,FTE_A+B+C+TSMOM|eqrisk|vt8|brake,IS,1.0,094a484d02,"{""brake"": true, ""labels"": [""A"", ""B"", ""C"", ""TSMOM""], ""scheme"": ""eqrisk"", ""vol_target"": 0.08}",0.8838,0.08438,-0.1125,13.97,4645,ef6bd10,amendment-1 search (overlay-cost fix)
2026-10-03T11:40:57+00:00,FTE,FTE_A+B+C+TSMOM|eqrisk|vt10|nobrake,IS,1.0,81f071a961,"{""brake"": false, ""labels"": [""A"", ""B"", ""C"", ""TSMOM""], ""scheme"": ""eqrisk"", ""vol_target"": 0.1}",0.8203,0.0897,-0.1477,20.5,4645,ef6bd10,amendment-1 search (overlay-cost fix)
2026-10-03T11:40:57+00:00,FTE,FTE_A+B+C+TSMOM|eqrisk|vt10|brake,IS,1.0,3f1f50d470,"{""brake"": true, ""labels"": [""A"", ""B"", ""C"", ""TSMOM""], ""scheme"": ""eqrisk"", ""vol_target"": 0.1}",0.7888,0.08283,-0.1496,20.17,4645,ef6bd10,amendment-1 search (overlay-cost fix)
2026-10-03T11:40:57+00:00,FTE,FTE_A+B+C+TSMOM|invvol_shrunk|vt6|nobrake,IS,1.0,a8e2cc4319,"{""brake"": false, ""labels"": [""A"", ""B"", ""C"", ""TSMOM""], ""scheme"": ""invvol_shrunk"", ""vol_target"": 0.06}",0.8368,0.06854,-0.1025,7.31,4645,ef6bd10,amendment-1 search (overlay-cost fix)
2026-10-03T11:40:57+00:00,FTE,FTE_A+B+C+TSMOM|invvol_shrunk|vt6|brake,IS,1.0,6553eed50e,"{""brake"": true, ""labels"": [""A"", ""B"", ""C"", ""TSMOM""], ""scheme"": ""invvol_shrunk"", ""vol_target"": 0.06}",0.8336,0.0683,-0.1025,7.42,4645,ef6bd10,amendment-1 search (overlay-cost fix)
2026-10-03T11:40:57+00:00,FTE,FTE_A+B+C+TSMOM|invvol_shrunk|vt8|nobrake,IS,1.0,1add4df2cf,"{""brake"": false, ""labels"": [""A"", ""B"", ""C"", ""TSMOM""], ""scheme"": ""invvol_shrunk"", ""vol_target"": 0.08}",0.8259,0.0819,-0.1244,11.73,4645,ef6bd10,amendment-1 search (overlay-cost fix)
2026-10-03T11:40:57+00:00,FTE,FTE_A+B+C+TSMOM|invvol_shrunk|vt8|brake,IS,1.0,9f099935db,"{""brake"": true, ""labels"": [""A"", ""B"", ""C"", ""TSMOM""], ""scheme"": ""invvol_shrunk"", ""vol_target"": 0.08}",0.7857,0.07531,-0.1442,13.02,4645,ef6bd10,amendment-1 search (overlay-cost fix)
2026-10-03T11:40:57+00:00,FTE,FTE_A+B+C+TSMOM|invvol_shrunk|vt10|nobrake,IS,1.0,a0a9dcc6f0,"{""brake"": false, ""labels"": [""A"", ""B"", ""C"", ""TSMOM""], ""scheme"": ""invvol_shrunk"", ""vol_target"": 0.1}",0.7592,0.0869,-0.1548,19.09,4645,ef6bd10,amendment-1 search (overlay-cost fix)
2026-10-03T11:40:57+00:00,FTE,FTE_A+B+C+TSMOM|invvol_shrunk|vt10|brake,IS,1.0,b5b2c77c8b,"{""brake"": true, ""labels"": [""A"", ""B"", ""C"", ""TSMOM""], ""scheme"": ""invvol_shrunk"", ""vol_target"": 0.1}",0.6958,0.07517,-0.1631,19.15,4645,ef6bd10,amendment-1 search (overlay-cost fix)
2026-10-03T11:40:57+00:00,FTE,FTE_A+B+C+TSMOM|minvar_lw|vt6|nobrake,IS,1.0,2e55a5345f,"{""brake"": false, ""labels"": [""A"", ""B"", ""C"", ""TSMOM""], ""scheme"": ""minvar_lw"", ""vol_target"": 0.06}",0.9608,0.07788,-0.0963,6.73,4633,ef6bd10,amendment-1 search (overlay-cost fix)
2026-10-03T11:40:57+00:00,FTE,FTE_A+B+C+TSMOM|minvar_lw|vt6|brake,IS,1.0,6fbaffdc87,"{""brake"": true, ""labels"": [""A"", ""B"", ""C"", ""TSMOM""], ""scheme"": ""minvar_lw"", ""vol_target"": 0.06}",0.9608,0.07788,-0.0963,6.73,4633,ef6bd10,amendment-1 search (overlay-cost fix)
2026-10-03T11:40:57+00:00,FTE,FTE_A+B+C+TSMOM|minvar_lw|vt8|nobrake,IS,1.0,fc689be11e,"{""brake"": false, ""labels"": [""A"", ""B"", ""C"", ""TSMOM""], ""scheme"": ""minvar_lw"", ""vol_target"": 0.08}",0.9401,0.08782,-0.1117,10.6,4633,ef6bd10,amendment-1 search (overlay-cost fix)
2026-10-03T11:40:57+00:00,FTE,FTE_A+B+C+TSMOM|minvar_lw|vt8|brake,IS,1.0,f40ba09531,"{""brake"": true, ""labels"": [""A"", ""B"", ""C"", ""TSMOM""], ""scheme"": ""minvar_lw"", ""vol_target"": 0.08}",0.9185,0.08545,-0.1071,11.01,4633,ef6bd10,amendment-1 search (overlay-cost fix)
2026-10-03T11:40:57+00:00,FTE,FTE_A+B+C+TSMOM|minvar_lw|vt10|nobrake,IS,1.0,b39a16ef67,"{""brake"": false, ""labels"": [""A"", ""B"", ""C"", ""TSMOM""], ""scheme"": ""minvar_lw"", ""vol_target"": 0.1}",0.8749,0.09085,-0.1392,15.69,4633,ef6bd10,amendment-1 search (overlay-cost fix)
2026-10-03T11:40:57+00:00,FTE,FTE_A+B+C+TSMOM|minvar_lw|vt10|brake,IS,1.0,9237d76d8e,"{""brake"": true, ""labels"": [""A"", ""B"", ""C"", ""TSMOM""], ""scheme"": ""minvar_lw"", ""vol_target"": 0.1}",0.7988,0.08208,-0.1344,16.69,4633,ef6bd10,amendment-1 search (overlay-cost fix)
2026-10-03T11:40:57+00:00,FTE,FTE_A+B+D|eqrisk|vt6|nobrake,IS,1.0,75f71edab6,"{""brake"": false, ""labels"": [""A"", ""B"", ""D""], ""scheme"": ""eqrisk"", ""vol_target"": 0.06}",-0.0413,0.00911,-0.2418,4.13,4645,ef6bd10,amendment-1 search (overlay-cost fix)
2026-10-03T11:40:57+00:00,FTE,FTE_A+B+D|eqrisk|vt6|brake,IS,1.0,38d596c6fe,"{""brake"": true, ""labels"": [""A"", ""B"", ""D""], ""scheme"": ""eqrisk"", ""vol_target"": 0.06}",0.0009,0.01284,-0.1881,3.3,4645,ef6bd10,amendment-1 search (overlay-cost fix)
2026-10-03T11:40:57+00:00,FTE,FTE_A+B+D|eqrisk|vt8|nobrake,IS,1.0,eee4ced308,"{""brake"": false, ""labels"": [""A"", ""B"", ""D""], ""scheme"": ""eqrisk"", ""vol_target"": 0.08}",-0.0552,0.00589,-0.3072,6.96,4645,ef6bd10,amendment-1 search (overlay-cost fix)
2026-10-03T11:40:57+00:00,FTE,FTE_A+B+D|eqrisk|vt8|brake,IS,1.0,6072c0842f,"{""brake"": true, ""labels"": [""A"", ""B"", ""D""], ""scheme"": ""eqrisk"", ""vol_target"": 0.08}",-0.0295,0.01018,-0.2174,5.21,4645,ef6bd10,amendment-1 search (overlay-cost fix)
2026-10-03T11:40:57+00:00,FTE,FTE_A+B+D|eqrisk|vt10|nobrake,IS,1.0,7c1fb53d94,"{""brake"": false, ""labels"": [""A"", ""B"", ""D""], ""scheme"": ""eqrisk"", ""vol_target"": 0.1}",-0.0543,0.00395,-0.3533,10.93,4645,ef6bd10,amendment-1 search (overlay-cost fix)
2026-10-03T11:40:57+00:00,FTE,FTE_A+B+D|eqrisk|vt10|brake,IS,1.0,7e5f46ea58,"{""brake"": true, ""labels"": [""A"", ""B"", ""D""], ""scheme"": ""eqrisk"", ""vol_target"": 0.1}",-0.0068,0.01097,-0.2336,7.71,4645,ef6bd10,amendment-1 search (overlay-cost fix)
2026-10-03T11:40:57+00:00,FTE,FTE_A+B+D|invvol_shrunk|vt6|nobrake,IS,1.0,571184e5fe,"{""brake"": false, ""labels"": [""A"", ""B"", ""D""], ""scheme"": ""invvol_shrunk"", ""vol_target"": 0.06}",0.0653,0.01652,-0.215,3.8,4645,ef6bd10,amendment-1 search (overlay-cost fix)
2026-10-03T11:40:57+00:00,FTE,FTE_A+B+D|invvol_shrunk|vt6|brake,IS,1.0,6f75049d7b,"{""brake"": true, ""labels"": [""A"", ""B"", ""D""], ""scheme"": ""invvol_shrunk"", ""vol_target"": 0.06}",0.0847,0.0176,-0.1639,3.23,4645,ef6bd10,amendment-1 search (overlay-cost fix)
2026-10-03T11:40:57+00:00,FTE,FTE_A+B+D|invvol_shrunk|vt8|nobrake,IS,1.0,d00f6cab26,"{""brake"": false, ""labels"": [""A"", ""B"", ""D""], ""scheme"": ""invvol_shrunk"", ""vol_target"": 0.08}",0.0594,0.01574,-0.297,5.78,4645,ef6bd10,amendment-1 search (overlay-cost fix)
2026-10-03T11:40:57+00:00,FTE,FTE_A+B+D|invvol_shrunk|vt8|brake,IS,1.0,9b3c152da4,"{""brake"": true, ""labels"": [""A"", ""B"", ""D""], ""scheme"": ""invvol_shrunk"", ""vol_target"": 0.08}",0.0795,0.01751,-0.2102,4.87,4645,ef6bd10,amendment-1 search (overlay-cost fix)
2026-10-03T11:40:57+00:00,FTE,FTE_A+B+D|invvol_shrunk|vt10|nobrake,IS,1.0,a93058c98f,"{""brake"": false, ""labels"": [""A"", ""B"", ""D""], ""scheme"": ""invvol_shrunk"", ""vol_target"": 0.1}",0.0488,0.01393,-0.3679,9.07,4645,ef6bd10,amendment-1 search (overlay-cost fix)
2026-10-03T11:40:57+00:00,FTE,FTE_A+B+D|invvol_shrunk|vt10|brake,IS,1.0,60189017cc,"{""brake"": true, ""labels"": [""A"", ""B"", ""D""], ""scheme"": ""invvol_shrunk"", ""vol_target"": 0.1}",0.0679,0.01662,-0.2438,6.86,4645,ef6bd10,amendment-1 search (overlay-cost fix)
2026-10-03T11:40:57+00:00,FTE,FTE_A+B+D|minvar_lw|vt6|nobrake,IS,1.0,da1f1fcc04,"{""brake"": false, ""labels"": [""A"", ""B"", ""D""], ""scheme"": ""minvar_lw"", ""vol_target"": 0.06}",-0.2489,-0.00547,-0.3759,3.3,4633,ef6bd10,amendment-1 search (overlay-cost fix)
2026-10-03T11:40:57+00:00,FTE,FTE_A+B+D|minvar_lw|vt6|brake,IS,1.0,9757f7df51,"{""brake"": true, ""labels"": [""A"", ""B"", ""D""], ""scheme"": ""minvar_lw"", ""vol_target"": 0.06}",-0.1288,0.00631,-0.244,2.16,4633,ef6bd10,amendment-1 search (overlay-cost fix)
2026-10-03T11:40:57+00:00,FTE,FTE_A+B+D|minvar_lw|vt8|nobrake,IS,1.0,c2e7caea45,"{""brake"": false, ""labels"": [""A"", ""B"", ""D""], ""scheme"": ""minvar_lw"", ""vol_target"": 0.08}",-0.2393,-0.00836,-0.4095,5.64,4633,ef6bd10,amendment-1 search (overlay-cost fix)
2026-10-03T11:40:57+00:00,FTE,FTE_A+B+D|minvar_lw|vt8|brake,IS,1.0,185842cb38,"{""brake"": true, ""labels"": [""A"", ""B"", ""D""], ""scheme"": ""minvar_lw"", ""vol_target"": 0.08}",-0.0961,0.00653,-0.24,4.0,4633,ef6bd10,amendment-1 search (overlay-cost fix)
2026-10-03T11:40:57+00:00,FTE,FTE_A+B+D|minvar_lw|vt10|nobrake,IS,1.0,05ed902115,"{""brake"": false, ""labels"": [""A"", ""B"", ""D""], ""scheme"": ""minvar_lw"", ""vol_target"": 0.1}",-0.2147,-0.00895,-0.4131,8.47,4633,ef6bd10,amendment-1 search (overlay-cost fix)
2026-10-03T11:40:57+00:00,FTE,FTE_A+B+D|minvar_lw|vt10|brake,IS,1.0,449def2867,"{""brake"": true, ""labels"": [""A"", ""B"", ""D""], ""scheme"": ""minvar_lw"", ""vol_target"": 0.1}",-0.0977,0.00543,-0.2527,5.58,4633,ef6bd10,amendment-1 search (overlay-cost fix)
2026-10-03T11:40:57+00:00,FTE,FTE_A+B+D+PCT|eqrisk|vt6|nobrake,IS,1.0,c0c1b82dad,"{""brake"": false, ""labels"": [""A"", ""B"", ""D"", ""PCT""], ""scheme"": ""eqrisk"", ""vol_target"": 0.06}",0.1179,0.02006,-0.2172,6.74,4645,ef6bd10,amendment-1 search (overlay-cost fix)
2026-10-03T11:40:57+00:00,FTE,FTE_A+B+D+PCT|eqrisk|vt6|brake,IS,1.0,20b5de80ea,"{""brake"": true, ""labels"": [""A"", ""B"", ""D"", ""PCT""], ""scheme"": ""eqrisk"", ""vol_target"": 0.06}",0.1353,0.02052,-0.1788,6.78,4645,ef6bd10,amendment-1 search (overlay-cost fix)
2026-10-03T11:40:57+00:00,FTE,FTE_A+B+D+PCT|eqrisk|vt8|nobrake,IS,1.0,3f977ffcd8,"{""brake"": false, ""labels"": [""A"", ""B"", ""D"", ""PCT""], ""scheme"": ""eqrisk"", ""vol_target"": 0.08}",0.0972,0.01905,-0.2866,12.21,4645,ef6bd10,amendment-1 search (overlay-cost fix)
2026-10-03T11:40:57+00:00,FTE,FTE_A+B+D+PCT|eqrisk|vt8|brake,IS,1.0,0220d43e0e,"{""brake"": true, ""labels"": [""A"", ""B"", ""D"", ""PCT""], ""scheme"": ""eqrisk"", ""vol_target"": 0.08}",0.107,0.0194,-0.1981,10.14,4645,ef6bd10,amendment-1 search (overlay-cost fix)
2026-10-03T11:40:57+00:00,FTE,FTE_A+B+D+PCT|eqrisk|vt10|nobrake,IS,1.0,83447b734b,"{""brake"": false, ""labels"": [""A"", ""B"", ""D"", ""PCT""], ""scheme"": ""eqrisk"", ""vol_target"": 0.1}",0.0855,0.018,-0.3459,19.44,4645,ef6bd10,amendment-1 search (overlay-cost fix)
2026-10-03T11:40:57+00:00,FTE,FTE_A+B+D+PCT|eqrisk|vt10|brake,IS,1.0,694eacda2e,"{""brake"": true, ""labels"": [""A"", ""B"", ""D"", ""PCT""], ""scheme"": ""eqrisk"", ""vol_target"": 0.1}",0.1104,0.02002,-0.2077,16.31,4645,ef6bd10,amendment-1 search (overlay-cost fix)
2026-10-03T11:40:57+00:00,FTE,FTE_A+B+D+PCT|invvol_shrunk|vt6|nobrake,IS,1.0,7c9df3df25,"{""brake"": false, ""labels"": [""A"", ""B"", ""D"", ""PCT""], ""scheme"": ""invvol_shrunk"", ""vol_target"": 0.06}",0.2606,0.02953,-0.1923,6.1,4645,ef6bd10,amendment-1 search (overlay-cost fix)
2026-10-03T11:40:57+00:00,FTE,FTE_A+B+D+PCT|invvol_shrunk|vt6|brake,IS,1.0,a61ac83760,"{""brake"": true, ""labels"": [""A"", ""B"", ""D"", ""PCT""], ""scheme"": ""invvol_shrunk"", ""vol_target"": 0.06}",0.2727,0.02855,-0.1564,5.48,4645,ef6bd10,amendment-1 search (overlay-cost fix)
2026-10-03T11:40:57+00:00,FTE,FTE_A+B+D+PCT|invvol_shrunk|vt8|nobrake,IS,1.0,576df78b90,"{""brake"": false, ""labels"": [""A"", ""B"", ""D"", ""PCT""], ""scheme"": ""invvol_shrunk"", ""vol_target"": 0.08}",0.2397,0.03143,-0.2671,10.37,4645,ef6bd10,amendment-1 search (overlay-cost fix)
2026-10-03T11:40:57+00:00,FTE,FTE_A+B+D+PCT|invvol_shrunk|vt8|brake,IS,1.0,f17622834f,"{""brake"": true, ""labels"": [""A"", ""B"", ""D"", ""PCT""], ""scheme"": ""invvol_shrunk"", ""vol_target"": 0.08}",0.2587,0.03044,-0.1996,9.58,4645,ef6bd10,amendment-1 search (overlay-cost fix)
2026-10-03T11:40:57+00:00,FTE,FTE_A+B+D+PCT|invvol_shrunk|vt10|nobrake,IS,1.0,24d1dee6aa,"{""brake"": false, ""labels"": [""A"", ""B"", ""D"", ""PCT""], ""scheme"": ""invvol_shrunk"", ""vol_target"": 0.1}",0.2103,0.03094,-0.3559,17.21,4645,ef6bd10,amendment-1 search (overlay-cost fix)
2026-10-03T11:40:57+00:00,FTE,FTE_A+B+D+PCT|invvol_shrunk|vt10|brake,IS,1.0,39abe7db23,"{""brake"": true, ""labels"": [""A"", ""B"", ""D"", ""PCT""], ""scheme"": ""invvol_shrunk"", ""vol_target"": 0.1}",0.2245,0.02953,-0.2158,14.47,4645,ef6bd10,amendment-1 search (overlay-cost fix)
2026-10-03T11:40:57+00:00,FTE,FTE_A+B+D+PCT|minvar_lw|vt6|nobrake,IS,1.0,1485a8e8a5,"{""brake"": false, ""labels"": [""A"", ""B"", ""D"", ""PCT""], ""scheme"": ""minvar_lw"", ""vol_target"": 0.06}",-0.1395,0.00263,-0.2971,5.3,4633,ef6bd10,amendment-1 search (overlay-cost fix)
2026-10-03T11:40:57+00:00,FTE,FTE_A+B+D+PCT|minvar_lw|vt6|brake,IS,1.0,7d79c7afd3,"{""brake"": true, ""labels"": [""A"", ""B"", ""D"", ""PCT""], ""scheme"": ""minvar_lw"", ""vol_target"": 0.06}",-0.0395,0.01079,-0.2122,3.81,4633,ef6bd10,amendment-1 search (overlay-cost fix)
2026-10-03T11:40:57+00:00,FTE,FTE_A+B+D+PCT|minvar_lw|vt8|nobrake,IS,1.0,42a5635d0c,"{""brake"": false, ""labels"": [""A"", ""B"", ""D"", ""PCT""], ""scheme"": ""minvar_lw"", ""vol_target"": 0.08}",-0.1226,0.00148,-0.3325,9.31,4633,ef6bd10,amendment-1 search (overlay-cost fix)
2026-10-03T11:40:57+00:00,FTE,FTE_A+B+D+PCT|minvar_lw|vt8|brake,IS,1.0,2e73047593,"{""brake"": true, ""labels"": [""A"", ""B"", ""D"", ""PCT""], ""scheme"": ""minvar_lw"", ""vol_target"": 0.08}",-0.044,0.0097,-0.2349,6.35,4633,ef6bd10,amendment-1 search (overlay-cost fix)
2026-10-03T11:40:57+00:00,FTE,FTE_A+B+D+PCT|minvar_lw|vt10|nobrake,IS,1.0,afd88f494a,"{""brake"": false, ""labels"": [""A"", ""B"", ""D"", ""PCT""], ""scheme"": ""minvar_lw"", ""vol_target"": 0.1}",-0.0902,0.00244,-0.3417,14.08,4633,ef6bd10,amendment-1 search (overlay-cost fix)
2026-10-03T11:40:57+00:00,FTE,FTE_A+B+D+PCT|minvar_lw|vt10|brake,IS,1.0,1dbf166265,"{""brake"": true, ""labels"": [""A"", ""B"", ""D"", ""PCT""], ""scheme"": ""minvar_lw"", ""vol_target"": 0.1}",-0.0519,0.00828,-0.237,9.91,4633,ef6bd10,amendment-1 search (overlay-cost fix)
2026-10-03T11:40:57+00:00,FTE,FTE_A+B+D+TSMOM|eqrisk|vt6|nobrake,IS,1.0,e72a61ef96,"{""brake"": false, ""labels"": [""A"", ""B"", ""D"", ""TSMOM""], ""scheme"": ""eqrisk"", ""vol_target"": 0.06}",0.192,0.02502,-0.1955,7.22,4645,ef6bd10,amendment-1 search (overlay-cost fix)
2026-10-03T11:40:57+00:00,FTE,FTE_A+B+D+TSMOM|eqrisk|vt6|brake,IS,1.0,bc274771bb,"{""brake"": true, ""labels"": [""A"", ""B"", ""D"", ""TSMOM""], ""scheme"": ""eqrisk"", ""vol_target"": 0.06}",0.1757,0.02326,-0.1606,7.23,4645,ef6bd10,amendment-1 search (overlay-cost fix)
2026-10-03T11:40:57+00:00,FTE,FTE_A+B+D+TSMOM|eqrisk|vt8|nobrake,IS,1.0,1bfd5c1759,"{""brake"": false, ""labels"": [""A"", ""B"", ""D"", ""TSMOM""], ""scheme"": ""eqrisk"", ""vol_target"": 0.08}",0.1877,0.02662,-0.2384,13.18,4645,ef6bd10,amendment-1 search (overlay-cost fix)
2026-10-03T11:40:57+00:00,FTE,FTE_A+B+D+TSMOM|eqrisk|vt8|brake,IS,1.0,b6f1f4b9c9,"{""brake"": true, ""labels"": [""A"", ""B"", ""D"", ""TSMOM""], ""scheme"": ""eqrisk"", ""vol_target"": 0.08}",0.1412,0.02209,-0.1759,12.82,4645,ef6bd10,amendment-1 search (overlay-cost fix)
2026-10-03T11:40:57+00:00,FTE,FTE_A+B+D+TSMOM|eqrisk|vt10|nobrake,IS,1.0,4fabb2dba6,"{""brake"": false, ""labels"": [""A"", ""B"", ""D"", ""TSMOM""], ""scheme"": ""eqrisk"", ""vol_target"": 0.1}",0.1844,0.02774,-0.2628,20.75,4645,ef6bd10,amendment-1 search (overlay-cost fix)
2026-10-03T11:40:57+00:00,FTE,FTE_A+B+D+TSMOM|eqrisk|vt10|brake,IS,1.0,d5b78c986a,"{""brake"": true, ""labels"": [""A"", ""B"", ""D"", ""TSMOM""], ""scheme"": ""eqrisk"", ""vol_target"": 0.1}",0.1444,0.02309,-0.1878,18.9,4645,ef6bd10,amendment-1 search (overlay-cost fix)
2026-10-03T11:40:57+00:00,FTE,FTE_A+B+D+TSMOM|invvol_shrunk|vt6|nobrake,IS,1.0,674b8e46f7,"{""brake"": false, ""labels"": [""A"", ""B"", ""D"", ""TSMOM""], ""scheme"": ""invvol_shrunk"", ""vol_target"": 0.06}",0.3599,0.03614,-0.1691,6.74,4645,ef6bd10,amendment-1 search (overlay-cost fix)
2026-10-03T11:40:57+00:00,FTE,FTE_A+B+D+TSMOM|invvol_shrunk|vt6|brake,IS,1.0,000e9b7a89,"{""brake"": true, ""labels"": [""A"", ""B"", ""D"", ""TSMOM""], ""scheme"": ""invvol_shrunk"", ""vol_target"": 0.06}",0.3206,0.03219,-0.1388,7.64,4645,ef6bd10,amendment-1 search (overlay-cost fix)
2026-10-03T11:40:57+00:00,FTE,FTE_A+B+D+TSMOM|invvol_shrunk|vt8|nobrake,IS,1.0,09c05b252c,"{""brake"": false, ""labels"": [""A"", ""B"", ""D"", ""TSMOM""], ""scheme"": ""invvol_shrunk"", ""vol_target"": 0.08}",0.3445,0.04042,-0.2179,11.61,4645,ef6bd10,amendment-1 search (overlay-cost fix)
2026-10-03T11:40:57+00:00,FTE,FTE_A+B+D+TSMOM|invvol_shrunk|vt8|brake,IS,1.0,e9154d3d24,"{""brake"": true, ""labels"": [""A"", ""B"", ""D"", ""TSMOM""], ""scheme"": ""invvol_shrunk"", ""vol_target"": 0.08}",0.339,0.03774,-0.1666,11.19,4645,ef6bd10,amendment-1 search (overlay-cost fix)
2026-10-03T11:40:57+00:00,FTE,FTE_A+B+D+TSMOM|invvol_shrunk|vt10|nobrake,IS,1.0,00cf28745f,"{""brake"": false, ""labels"": [""A"", ""B"", ""D"", ""TSMOM""], ""scheme"": ""invvol_shrunk"", ""vol_target"": 0.1}",0.3308,0.0433,-0.2507,19.05,4645,ef6bd10,amendment-1 search (overlay-cost fix)
2026-10-03T11:40:57+00:00,FTE,FTE_A+B+D+TSMOM|invvol_shrunk|vt10|brake,IS,1.0,8a75caed6c,"{""brake"": true, ""labels"": [""A"", ""B"", ""D"", ""TSMOM""], ""scheme"": ""invvol_shrunk"", ""vol_target"": 0.1}",0.348,0.04218,-0.1798,16.37,4645,ef6bd10,amendment-1 search (overlay-cost fix)
2026-10-03T11:40:57+00:00,FTE,FTE_A+B+D+TSMOM|minvar_lw|vt6|nobrake,IS,1.0,c56f1e668c,"{""brake"": false, ""labels"": [""A"", ""B"", ""D"", ""TSMOM""], ""scheme"": ""minvar_lw"", ""vol_target"": 0.06}",-0.1055,0.00493,-0.2699,5.54,4633,ef6bd10,amendment-1 search (overlay-cost fix)
2026-10-03T11:40:57+00:00,FTE,FTE_A+B+D+TSMOM|minvar_lw|vt6|brake,IS,1.0,ec705c2ef0,"{""brake"": true, ""labels"": [""A"", ""B"", ""D"", ""TSMOM""], ""scheme"": ""minvar_lw"", ""vol_target"": 0.06}",-0.0178,0.01199,-0.2108,4.06,4633,ef6bd10,amendment-1 search (overlay-cost fix)
2026-10-03T11:40:57+00:00,FTE,FTE_A+B+D+TSMOM|minvar_lw|vt8|nobrake,IS,1.0,d10671eb4c,"{""brake"": false, ""labels"": [""A"", ""B"", ""D"", ""TSMOM""], ""scheme"": ""minvar_lw"", ""vol_target"": 0.08}",-0.0878,0.00427,-0.2888,9.66,4633,ef6bd10,amendment-1 search (overlay-cost fix)
2026-10-03T11:40:57+00:00,FTE,FTE_A+B+D+TSMOM|minvar_lw|vt8|brake,IS,1.0,d31892514f,"{""brake"": true, ""labels"": [""A"", ""B"", ""D"", ""TSMOM""], ""scheme"": ""minvar_lw"", ""vol_target"": 0.08}",0.0044,0.0125,-0.2014,7.19,4633,ef6bd10,amendment-1 search (overlay-cost fix)
2026-10-03T11:40:57+00:00,FTE,FTE_A+B+D+TSMOM|minvar_lw|vt10|nobrake,IS,1.0,9a7bdd22e1,"{""brake"": false, ""labels"": [""A"", ""B"", ""D"", ""TSMOM""], ""scheme"": ""minvar_lw"", ""vol_target"": 0.1}",-0.05,0.00603,-0.2931,14.52,4633,ef6bd10,amendment-1 search (overlay-cost fix)
2026-10-03T11:40:57+00:00,FTE,FTE_A+B+D+TSMOM|minvar_lw|vt10|brake,IS,1.0,9a38b60c20,"{""brake"": true, ""labels"": [""A"", ""B"", ""D"", ""TSMOM""], ""scheme"": ""minvar_lw"", ""vol_target"": 0.1}",0.0168,0.0129,-0.2039,10.68,4633,ef6bd10,amendment-1 search (overlay-cost fix)
2026-10-03T11:40:57+00:00,FTE,FTE_A+B+E|eqrisk|vt6|nobrake,IS,1.0,f50f08cf1a,"{""brake"": false, ""labels"": [""A"", ""B"", ""E""], ""scheme"": ""eqrisk"", ""vol_target"": 0.06}",0.2595,0.02951,-0.2632,4.97,4649,ef6bd10,amendment-1 search (overlay-cost fix)
2026-10-03T11:40:57+00:00,FTE,FTE_A+B+E|eqrisk|vt6|brake,IS,1.0,61b046ac18,"{""brake"": true, ""labels"": [""A"", ""B"", ""E""], ""scheme"": ""eqrisk"", ""vol_target"": 0.06}",0.3139,0.03056,-0.1905,4.66,4649,ef6bd10,amendment-1 search (overlay-cost fix)
2026-10-03T11:40:57+00:00,FTE,FTE_A+B+E|eqrisk|vt8|nobrake,IS,1.0,84557b35d1,"{""brake"": false, ""labels"": [""A"", ""B"", ""E""], ""scheme"": ""eqrisk"", ""vol_target"": 0.08}",0.2596,0.03332,-0.3363,6.52,4649,ef6bd10,amendment-1 search (overlay-cost fix)
2026-10-03T11:40:57+00:00,FTE,FTE_A+B+E|eqrisk|vt8|brake,IS,1.0,1cc1b386fb,"{""brake"": true, ""labels"": [""A"", ""B"", ""E""], ""scheme"": ""eqrisk"", ""vol_target"": 0.08}",0.3052,0.03361,-0.229,5.96,4649,ef6bd10,amendment-1 search (overlay-cost fix)
2026-10-03T11:40:57+00:00,FTE,FTE_A+B+E|eqrisk|vt10|nobrake,IS,1.0,6f4607f90e,"{""brake"": false, ""labels"": [""A"", ""B"", ""E""], ""scheme"": ""eqrisk"", ""vol_target"": 0.1}",0.258,0.03628,-0.3974,8.6,4649,ef6bd10,amendment-1 search (overlay-cost fix)
2026-10-03T11:40:57+00:00,FTE,FTE_A+B+E|eqrisk|vt10|brake,IS,1.0,7986d6fca8,"{""brake"": true, ""labels"": [""A"", ""B"", ""E""], ""scheme"": ""eqrisk"", ""vol_target"": 0.1}",0.2805,0.03415,-0.2667,7.76,4649,ef6bd10,amendment-1 search (overlay-cost fix)
2026-10-03T11:40:57+00:00,FTE,FTE_A+B+E|invvol_shrunk|vt6|nobrake,IS,1.0,62426fba4e,"{""brake"": false, ""labels"": [""A"", ""B"", ""E""], ""scheme"": ""invvol_shrunk"", ""vol_target"": 0.06}",0.2252,0.0271,-0.2751,4.66,4649,ef6bd10,amendment-1 search (overlay-cost fix)
2026-10-03T11:40:57+00:00,FTE,FTE_A+B+E|invvol_shrunk|vt6|brake,IS,1.0,3cb779c54e,"{""brake"": true, ""labels"": [""A"", ""B"", ""E""], ""scheme"": ""invvol_shrunk"", ""vol_target"": 0.06}",0.2487,0.02646,-0.1974,4.39,4649,ef6bd10,amendment-1 search (overlay-cost fix)
2026-10-03T11:40:57+00:00,FTE,FTE_A+B+E|invvol_shrunk|vt8|nobrake,IS,1.0,ca32321148,"{""brake"": false, ""labels"": [""A"", ""B"", ""E""], ""scheme"": ""invvol_shrunk"", ""vol_target"": 0.08}",0.2254,0.03027,-0.3495,6.07,4649,ef6bd10,amendment-1 search (overlay-cost fix)
2026-10-03T11:40:57+00:00,FTE,FTE_A+B+E|invvol_shrunk|vt8|brake,IS,1.0,bbccd2376b,"{""brake"": true, ""labels"": [""A"", ""B"", ""E""], ""scheme"": ""invvol_shrunk"", ""vol_target"": 0.08}",0.2767,0.0313,-0.2342,5.24,4649,ef6bd10,amendment-1 search (overlay-cost fix)
2026-10-03T11:40:57+00:00,FTE,FTE_A+B+E|invvol_shrunk|vt10|nobrake,IS,1.0,05ee3b392e,"{""brake"": false, ""labels"": [""A"", ""B"", ""E""], ""scheme"": ""invvol_shrunk"", ""vol_target"": 0.1}",0.2254,0.03286,-0.4134,7.88,4649,ef6bd10,amendment-1 search (overlay-cost fix)
2026-10-03T11:40:57+00:00,FTE,FTE_A+B+E|invvol_shrunk|vt10|brake,IS,1.0,f0f0e23ffb,"{""brake"": true, ""labels"": [""A"", ""B"", ""E""], ""scheme"": ""invvol_shrunk"", ""vol_target"": 0.1}",0.2685,0.03305,-0.2731,6.96,4649,ef6bd10,amendment-1 search (overlay-cost fix)
2026-10-03T11:40:57+00:00,FTE,FTE_A+B+E|minvar_lw|vt6|nobrake,IS,1.0,cc1f04c8aa,"{""brake"": false, ""labels"": [""A"", ""B"", ""E""], ""scheme"": ""minvar_lw"", ""vol_target"": 0.06}",0.3853,0.03833,-0.2337,4.98,4633,ef6bd10,amendment-1 search (overlay-cost fix)
2026-10-03T11:40:57+00:00,FTE,FTE_A+B+E|minvar_lw|vt6|brake,IS,1.0,5c04bf3de9,"{""brake"": true, ""labels"": [""A"", ""B"", ""E""], ""scheme"": ""minvar_lw"", ""vol_target"": 0.06}",0.4275,0.03844,-0.1744,4.77,4633,ef6bd10,amendment-1 search (overlay-cost fix)
2026-10-03T11:40:57+00:00,FTE,FTE_A+B+E|minvar_lw|vt8|nobrake,IS,1.0,ddcc51fe8b,"{""brake"": false, ""labels"": [""A"", ""B"", ""E""], ""scheme"": ""minvar_lw"", ""vol_target"": 0.08}",0.3909,0.04492,-0.3023,6.54,4633,ef6bd10,amendment-1 search (overlay-cost fix)
2026-10-03T11:40:57+00:00,FTE,FTE_A+B+E|minvar_lw|vt8|brake,IS,1.0,744a833c2d,"{""brake"": true, ""labels"": [""A"", ""B"", ""E""], ""scheme"": ""minvar_lw"", ""vol_target"": 0.08}",0.4371,0.04402,-0.2099,5.85,4633,ef6bd10,amendment-1 search (overlay-cost fix)
2026-10-03T11:40:57+00:00,FTE,FTE_A+B+E|minvar_lw|vt10|nobrake,IS,1.0,abbe0a4702,"{""brake"": false, ""labels"": [""A"", ""B"", ""E""], ""scheme"": ""minvar_lw"", ""vol_target"": 0.1}",0.3746,0.04792,-0.3574,8.78,4633,ef6bd10,amendment-1 search (overlay-cost fix)
2026-10-03T11:40:57+00:00,FTE,FTE_A+B+E|minvar_lw|vt10|brake,IS,1.0,e415a3f330,"{""brake"": true, ""labels"": [""A"", ""B"", ""E""], ""scheme"": ""minvar_lw"", ""vol_target"": 0.1}",0.3934,0.04396,-0.2409,7.71,4633,ef6bd10,amendment-1 search (overlay-cost fix)
2026-10-03T11:40:57+00:00,FTE,FTE_A+B+E+PCT|eqrisk|vt6|nobrake,IS,1.0,2e8fcf945d,"{""brake"": false, ""labels"": [""A"", ""B"", ""E"", ""PCT""], ""scheme"": ""eqrisk"", ""vol_target"": 0.06}",0.3943,0.03843,-0.1669,7.15,4649,ef6bd10,amendment-1 search (overlay-cost fix)
2026-10-03T11:40:57+00:00,FTE,FTE_A+B+E+PCT|eqrisk|vt6|brake,IS,1.0,0bcdb1f46a,"{""brake"": true, ""labels"": [""A"", ""B"", ""E"", ""PCT""], ""scheme"": ""eqrisk"", ""vol_target"": 0.06}",0.4111,0.0367,-0.1466,6.65,4649,ef6bd10,amendment-1 search (overlay-cost fix)
2026-10-03T11:40:57+00:00,FTE,FTE_A+B+E+PCT|eqrisk|vt8|nobrake,IS,1.0,20362ff536,"{""brake"": false, ""labels"": [""A"", ""B"", ""E"", ""PCT""], ""scheme"": ""eqrisk"", ""vol_target"": 0.08}",0.3871,0.0443,-0.2384,9.83,4649,ef6bd10,amendment-1 search (overlay-cost fix)
2026-10-03T11:40:57+00:00,FTE,FTE_A+B+E+PCT|eqrisk|vt8|brake,IS,1.0,2e300ef532,"{""brake"": true, ""labels"": [""A"", ""B"", ""E"", ""PCT""], ""scheme"": ""eqrisk"", ""vol_target"": 0.08}",0.3957,0.04069,-0.1702,8.77,4649,ef6bd10,amendment-1 search (overlay-cost fix)
2026-10-03T11:40:57+00:00,FTE,FTE_A+B+E+PCT|eqrisk|vt10|nobrake,IS,1.0,7aebfc5dae,"{""brake"": false, ""labels"": [""A"", ""B"", ""E"", ""PCT""], ""scheme"": ""eqrisk"", ""vol_target"": 0.1}",0.3788,0.04845,-0.3007,14.41,4649,ef6bd10,amendment-1 search (overlay-cost fix)
2026-10-03T11:40:57+00:00,FTE,FTE_A+B+E+PCT|eqrisk|vt10|brake,IS,1.0,dcb018a233,"{""brake"": true, ""labels"": [""A"", ""B"", ""E"", ""PCT""], ""scheme"": ""eqrisk"", ""vol_target"": 0.1}",0.3704,0.04181,-0.211,13.14,4649,ef6bd10,amendment-1 search (overlay-cost fix)
2026-10-03T11:40:57+00:00,FTE,FTE_A+B+E+PCT|invvol_shrunk|vt6|nobrake,IS,1.0,0515622bac,"{""brake"": false, ""labels"": [""A"", ""B"", ""E"", ""PCT""], ""scheme"": ""invvol_shrunk"", ""vol_target"": 0.06}",0.3572,0.0358,-0.1842,6.79,4649,ef6bd10,amendment-1 search (overlay-cost fix)
2026-10-03T11:40:57+00:00,FTE,FTE_A+B+E+PCT|invvol_shrunk|vt6|brake,IS,1.0,c58f56d0e7,"{""brake"": true, ""labels"": [""A"", ""B"", ""E"", ""PCT""], ""scheme"": ""invvol_shrunk"", ""vol_target"": 0.06}",0.36,0.03342,-0.1588,6.3,4649,ef6bd10,amendment-1 search (overlay-cost fix)
2026-10-03T11:40:57+00:00,FTE,FTE_A+B+E+PCT|invvol_shrunk|vt8|nobrake,IS,1.0,fa61d6ee5d,"{""brake"": false, ""labels"": [""A"", ""B"", ""E"", ""PCT""], ""scheme"": ""invvol_shrunk"", ""vol_target"": 0.08}",0.3503,0.04108,-0.2585,9.35,4649,ef6bd10,amendment-1 search (overlay-cost fix)
2026-10-03T11:40:57+00:00,FTE,FTE_A+B+E+PCT|invvol_shrunk|vt8|brake,IS,1.0,918b8f3733,"{""brake"": true, ""labels"": [""A"", ""B"", ""E"", ""PCT""], ""scheme"": ""invvol_shrunk"", ""vol_target"": 0.08}",0.3435,0.03624,-0.1914,8.67,4649,ef6bd10,amendment-1 search (overlay-cost fix)
2026-10-03T11:40:57+00:00,FTE,FTE_A+B+E+PCT|invvol_shrunk|vt10|nobrake,IS,1.0,3877519687,"{""brake"": false, ""labels"": [""A"", ""B"", ""E"", ""PCT""], ""scheme"": ""invvol_shrunk"", ""vol_target"": 0.1}",0.3513,0.04585,-0.3176,13.68,4649,ef6bd10,amendment-1 search (overlay-cost fix)
2026-10-03T11:40:57+00:00,FTE,FTE_A+B+E+PCT|invvol_shrunk|vt10|brake,IS,1.0,e6c54ca1df,"{""brake"": true, ""labels"": [""A"", ""B"", ""E"", ""PCT""], ""scheme"": ""invvol_shrunk"", ""vol_target"": 0.1}",0.3578,0.04059,-0.2218,12.65,4649,ef6bd10,amendment-1 search (overlay-cost fix)
2026-10-03T11:40:57+00:00,FTE,FTE_A+B+E+PCT|minvar_lw|vt6|nobrake,IS,1.0,3189069e5c,"{""brake"": false, ""labels"": [""A"", ""B"", ""E"", ""PCT""], ""scheme"": ""minvar_lw"", ""vol_target"": 0.06}",0.5259,0.04777,-0.1514,6.85,4633,ef6bd10,amendment-1 search (overlay-cost fix)
2026-10-03T11:40:57+00:00,FTE,FTE_A+B+E+PCT|minvar_lw|vt6|brake,IS,1.0,6fa8d2580a,"{""brake"": true, ""labels"": [""A"", ""B"", ""E"", ""PCT""], ""scheme"": ""minvar_lw"", ""vol_target"": 0.06}",0.4876,0.04334,-0.1294,8.24,4633,ef6bd10,amendment-1 search (overlay-cost fix)
2026-10-03T11:40:57+00:00,FTE,FTE_A+B+E+PCT|minvar_lw|vt8|nobrake,IS,1.0,8eb49e42cb,"{""brake"": false, ""labels"": [""A"", ""B"", ""E"", ""PCT""], ""scheme"": ""minvar_lw"", ""vol_target"": 0.08}",0.5133,0.05471,-0.2001,9.59,4633,ef6bd10,amendment-1 search (overlay-cost fix)
2026-10-03T11:40:57+00:00,FTE,FTE_A+B+E+PCT|minvar_lw|vt8|brake,IS,1.0,c0d96dec42,"{""brake"": true, ""labels"": [""A"", ""B"", ""E"", ""PCT""], ""scheme"": ""minvar_lw"", ""vol_target"": 0.08}",0.5574,0.0532,-0.1537,8.74,4633,ef6bd10,amendment-1 search (overlay-cost fix)
2026-10-03T11:40:57+00:00,FTE,FTE_A+B+E+PCT|minvar_lw|vt10|nobrake,IS,1.0,53df9e2ac9,"{""brake"": false, ""labels"": [""A"", ""B"", ""E"", ""PCT""], ""scheme"": ""minvar_lw"", ""vol_target"": 0.1}",0.4823,0.05768,-0.2408,13.79,4633,ef6bd10,amendment-1 search (overlay-cost fix)
2026-10-03T11:40:57+00:00,FTE,FTE_A+B+E+PCT|minvar_lw|vt10|brake,IS,1.0,77da1483c5,"{""brake"": true, ""labels"": [""A"", ""B"", ""E"", ""PCT""], ""scheme"": ""minvar_lw"", ""vol_target"": 0.1}",0.4779,0.05091,-0.1842,12.79,4633,ef6bd10,amendment-1 search (overlay-cost fix)
2026-10-03T11:40:57+00:00,FTE,FTE_A+B+E+TSMOM|eqrisk|vt6|nobrake,IS,1.0,296cc9347a,"{""brake"": false, ""labels"": [""A"", ""B"", ""E"", ""TSMOM""], ""scheme"": ""eqrisk"", ""vol_target"": 0.06}",0.4725,0.04379,-0.1664,7.47,4649,ef6bd10,amendment-1 search (overlay-cost fix)
2026-10-03T11:40:57+00:00,FTE,FTE_A+B+E+TSMOM|eqrisk|vt6|brake,IS,1.0,f257c1094f,"{""brake"": true, ""labels"": [""A"", ""B"", ""E"", ""TSMOM""], ""scheme"": ""eqrisk"", ""vol_target"": 0.06}",0.4376,0.0387,-0.1373,8.68,4649,ef6bd10,amendment-1 search (overlay-cost fix)
2026-10-03T11:40:57+00:00,FTE,FTE_A+B+E+TSMOM|eqrisk|vt8|nobrake,IS,1.0,ff6de2f147,"{""brake"": false, ""labels"": [""A"", ""B"", ""E"", ""TSMOM""], ""scheme"": ""eqrisk"", ""vol_target"": 0.08}",0.4789,0.0524,-0.2155,10.28,4649,ef6bd10,amendment-1 search (overlay-cost fix)
2026-10-03T11:40:57+00:00,FTE,FTE_A+B+E+TSMOM|eqrisk|vt8|brake,IS,1.0,6853069d94,"{""brake"": true, ""labels"": [""A"", ""B"", ""E"", ""TSMOM""], ""scheme"": ""eqrisk"", ""vol_target"": 0.08}",0.4713,0.04697,-0.1629,10.45,4649,ef6bd10,amendment-1 search (overlay-cost fix)
2026-10-03T11:40:57+00:00,FTE,FTE_A+B+E+TSMOM|eqrisk|vt10|nobrake,IS,1.0,3b6b950e56,"{""brake"": false, ""labels"": [""A"", ""B"", ""E"", ""TSMOM""], ""scheme"": ""eqrisk"", ""vol_target"": 0.1}",0.472,0.05821,-0.254,15.05,4649,ef6bd10,amendment-1 search (overlay-cost fix)
2026-10-03T11:40:57+00:00,FTE,FTE_A+B+E+TSMOM|eqrisk|vt10|brake,IS,1.0,9b266ee899,"{""brake"": true, ""labels"": [""A"", ""B"", ""E"", ""TSMOM""], ""scheme"": ""eqrisk"", ""vol_target"": 0.1}",0.4657,0.05094,-0.194,14.41,4649,ef6bd10,amendment-1 search (overlay-cost fix)
2026-10-03T11:40:57+00:00,FTE,FTE_A+B+E+TSMOM|invvol_shrunk|vt6|nobrake,IS,1.0,171b45b3d7,"{""brake"": false, ""labels"": [""A"", ""B"", ""E"", ""TSMOM""], ""scheme"": ""invvol_shrunk"", ""vol_target"": 0.06}",0.4468,0.04185,-0.1647,7.21,4649,ef6bd10,amendment-1 search (overlay-cost fix)
2026-10-03T11:40:57+00:00,FTE,FTE_A+B+E+TSMOM|invvol_shrunk|vt6|brake,IS,1.0,51af01e04d,"{""brake"": true, ""labels"": [""A"", ""B"", ""E"", ""TSMOM""], ""scheme"": ""invvol_shrunk"", ""vol_target"": 0.06}",0.4266,0.03814,-0.1387,7.3,4649,ef6bd10,amendment-1 search (overlay-cost fix)
2026-10-03T11:40:57+00:00,FTE,FTE_A+B+E+TSMOM|invvol_shrunk|vt8|nobrake,IS,1.0,d862bd404f,"{""brake"": false, ""labels"": [""A"", ""B"", ""E"", ""TSMOM""], ""scheme"": ""invvol_shrunk"", ""vol_target"": 0.08}",0.4512,0.04994,-0.2113,9.98,4649,ef6bd10,amendment-1 search (overlay-cost fix)
2026-10-03T11:40:57+00:00,FTE,FTE_A+B+E+TSMOM|invvol_shrunk|vt8|brake,IS,1.0,8028e7f0fa,"{""brake"": true, ""labels"": [""A"", ""B"", ""E"", ""TSMOM""], ""scheme"": ""invvol_shrunk"", ""vol_target"": 0.08}",0.4426,0.04471,-0.1614,10.54,4649,ef6bd10,amendment-1 search (overlay-cost fix)
2026-10-03T11:40:57+00:00,FTE,FTE_A+B+E+TSMOM|invvol_shrunk|vt10|nobrake,IS,1.0,f3b71cb9e5,"{""brake"": false, ""labels"": [""A"", ""B"", ""E"", ""TSMOM""], ""scheme"": ""invvol_shrunk"", ""vol_target"": 0.1}",0.4573,0.05702,-0.2471,14.44,4649,ef6bd10,amendment-1 search (overlay-cost fix)
2026-10-03T11:40:57+00:00,FTE,FTE_A+B+E+TSMOM|invvol_shrunk|vt10|brake,IS,1.0,eafc957b48,"{""brake"": true, ""labels"": [""A"", ""B"", ""E"", ""TSMOM""], ""scheme"": ""invvol_shrunk"", ""vol_target"": 0.1}",0.4199,0.04689,-0.1803,14.88,4649,ef6bd10,amendment-1 search (overlay-cost fix)
2026-10-03T11:40:57+00:00,FTE,FTE_A+B+E+TSMOM|minvar_lw|vt6|nobrake,IS,1.0,da7ed07519,"{""brake"": false, ""labels"": [""A"", ""B"", ""E"", ""TSMOM""], ""scheme"": ""minvar_lw"", ""vol_target"": 0.06}",0.5708,0.05103,-0.155,7.07,4633,ef6bd10,amendment-1 search (overlay-cost fix)
2026-10-03T11:40:57+00:00,FTE,FTE_A+B+E+TSMOM|minvar_lw|vt6|brake,IS,1.0,b0615046b7,"{""brake"": true, ""labels"": [""A"", ""B"", ""E"", ""TSMOM""], ""scheme"": ""minvar_lw"", ""vol_target"": 0.06}",0.5663,0.04969,-0.1317,7.27,4633,ef6bd10,amendment-1 search (overlay-cost fix)
2026-10-03T11:40:57+00:00,FTE,FTE_A+B+E+TSMOM|minvar_lw|vt8|nobrake,IS,1.0,ae15822af0,"{""brake"": false, ""labels"": [""A"", ""B"", ""E"", ""TSMOM""], ""scheme"": ""minvar_lw"", ""vol_target"": 0.08}",0.5668,0.05938,-0.2034,9.7,4633,ef6bd10,amendment-1 search (overlay-cost fix)
2026-10-03T11:40:57+00:00,FTE,FTE_A+B+E+TSMOM|minvar_lw|vt8|brake,IS,1.0,ebe938f262,"{""brake"": true, ""labels"": [""A"", ""B"", ""E"", ""TSMOM""], ""scheme"": ""minvar_lw"", ""vol_target"": 0.08}",0.5693,0.05476,-0.1564,9.88,4633,ef6bd10,amendment-1 search (overlay-cost fix)
2026-10-03T11:40:57+00:00,FTE,FTE_A+B+E+TSMOM|minvar_lw|vt10|nobrake,IS,1.0,4debc47e9f,"{""brake"": false, ""labels"": [""A"", ""B"", ""E"", ""TSMOM""], ""scheme"": ""minvar_lw"", ""vol_target"": 0.1}",0.5425,0.06379,-0.2451,14.11,4633,ef6bd10,amendment-1 search (overlay-cost fix)
2026-10-03T11:40:57+00:00,FTE,FTE_A+B+E+TSMOM|minvar_lw|vt10|brake,IS,1.0,8dd8ce9c01,"{""brake"": true, ""labels"": [""A"", ""B"", ""E"", ""TSMOM""], ""scheme"": ""minvar_lw"", ""vol_target"": 0.1}",0.5779,0.06051,-0.1868,13.66,4633,ef6bd10,amendment-1 search (overlay-cost fix)
2026-10-03T11:40:57+00:00,FTE,FTE_A+C+D|eqrisk|vt6|nobrake,IS,1.0,c956cb43c0,"{""brake"": false, ""labels"": [""A"", ""C"", ""D""], ""scheme"": ""eqrisk"", ""vol_target"": 0.06}",0.3128,0.03268,-0.1851,9.63,4639,ef6bd10,amendment-1 search (overlay-cost fix)
2026-10-03T11:40:57+00:00,FTE,FTE_A+C+D|eqrisk|vt6|brake,IS,1.0,1ff05ec2bf,"{""brake"": true, ""labels"": [""A"", ""C"", ""D""], ""scheme"": ""eqrisk"", ""vol_target"": 0.06}",0.314,0.03206,-0.1522,9.07,4639,ef6bd10,amendment-1 search (overlay-cost fix)
2026-10-03T11:40:57+00:00,FTE,FTE_A+C+D|eqrisk|vt8|nobrake,IS,1.0,94f11999a7,"{""brake"": false, ""labels"": [""A"", ""C"", ""D""], ""scheme"": ""eqrisk"", ""vol_target"": 0.08}",0.3131,0.0349,-0.2032,14.51,4639,ef6bd10,amendment-1 search (overlay-cost fix)
2026-10-03T11:40:57+00:00,FTE,FTE_A+C+D|eqrisk|vt8|brake,IS,1.0,155b02c117,"{""brake"": true, ""labels"": [""A"", ""C"", ""D""], ""scheme"": ""eqrisk"", ""vol_target"": 0.08}",0.2821,0.03152,-0.1769,13.49,4639,ef6bd10,amendment-1 search (overlay-cost fix)
2026-10-03T11:40:57+00:00,FTE,FTE_A+C+D|eqrisk|vt10|nobrake,IS,1.0,6ae5381c97,"{""brake"": false, ""labels"": [""A"", ""C"", ""D""], ""scheme"": ""eqrisk"", ""vol_target"": 0.1}",0.3352,0.03833,-0.211,19.06,4639,ef6bd10,amendment-1 search (overlay-cost fix)
2026-10-03T11:40:57+00:00,FTE,FTE_A+C+D|eqrisk|vt10|brake,IS,1.0,0913fdfb5d,"{""brake"": true, ""labels"": [""A"", ""C"", ""D""], ""scheme"": ""eqrisk"", ""vol_target"": 0.1}",0.2852,0.03224,-0.1822,16.57,4639,ef6bd10,amendment-1 search (overlay-cost fix)
2026-10-03T11:40:57+00:00,FTE,FTE_A+C+D|invvol_shrunk|vt6|nobrake,IS,1.0,e02f0b80e3,"{""brake"": false, ""labels"": [""A"", ""C"", ""D""], ""scheme"": ""invvol_shrunk"", ""vol_target"": 0.06}",0.3993,0.03855,-0.1642,9.9,4639,ef6bd10,amendment-1 search (overlay-cost fix)
2026-10-03T11:40:57+00:00,FTE,FTE_A+C+D|invvol_shrunk|vt6|brake,IS,1.0,c8995eb90e,"{""brake"": true, ""labels"": [""A"", ""C"", ""D""], ""scheme"": ""invvol_shrunk"", ""vol_target"": 0.06}",0.3959,0.03753,-0.1375,9.32,4639,ef6bd10,amendment-1 search (overlay-cost fix)
2026-10-03T11:40:57+00:00,FTE,FTE_A+C+D|invvol_shrunk|vt8|nobrake,IS,1.0,11df534787,"{""brake"": false, ""labels"": [""A"", ""C"", ""D""], ""scheme"": ""invvol_shrunk"", ""vol_target"": 0.08}",0.4175,0.0431,-0.1851,14.51,4639,ef6bd10,amendment-1 search (overlay-cost fix)
2026-10-03T11:40:57+00:00,FTE,FTE_A+C+D|invvol_shrunk|vt8|brake,IS,1.0,db4e656efa,"{""brake"": true, ""labels"": [""A"", ""C"", ""D""], ""scheme"": ""invvol_shrunk"", ""vol_target"": 0.08}",0.3646,0.0377,-0.1607,14.35,4639,ef6bd10,amendment-1 search (overlay-cost fix)
2026-10-03T11:40:57+00:00,FTE,FTE_A+C+D|invvol_shrunk|vt10|nobrake,IS,1.0,b0ef411d6e,"{""brake"": false, ""labels"": [""A"", ""C"", ""D""], ""scheme"": ""invvol_shrunk"", ""vol_target"": 0.1}",0.4449,0.04793,-0.1941,18.82,4639,ef6bd10,amendment-1 search (overlay-cost fix)
2026-10-03T11:40:57+00:00,FTE,FTE_A+C+D|invvol_shrunk|vt10|brake,IS,1.0,3f58076e08,"{""brake"": true, ""labels"": [""A"", ""C"", ""D""], ""scheme"": ""invvol_shrunk"", ""vol_target"": 0.1}",0.3689,0.03905,-0.1787,16.82,4639,ef6bd10,amendment-1 search (overlay-cost fix)
2026-10-03T11:40:57+00:00,FTE,FTE_A+C+D|minvar_lw|vt6|nobrake,IS,1.0,efbdca5f97,"{""brake"": false, ""labels"": [""A"", ""C"", ""D""], ""scheme"": ""minvar_lw"", ""vol_target"": 0.06}",0.2588,0.02896,-0.1963,8.97,4633,ef6bd10,amendment-1 search (overlay-cost fix)
2026-10-03T11:40:57+00:00,FTE,FTE_A+C+D|minvar_lw|vt6|brake,IS,1.0,0df6363cad,"{""brake"": true, ""labels"": [""A"", ""C"", ""D""], ""scheme"": ""minvar_lw"", ""vol_target"": 0.06}",0.2412,0.02706,-0.1657,8.57,4633,ef6bd10,amendment-1 search (overlay-cost fix)
2026-10-03T11:40:57+00:00,FTE,FTE_A+C+D|minvar_lw|vt8|nobrake,IS,1.0,ff6c46286f,"{""brake"": false, ""labels"": [""A"", ""C"", ""D""], ""scheme"": ""minvar_lw"", ""vol_target"": 0.08}",0.2629,0.03094,-0.215,13.99,4633,ef6bd10,amendment-1 search (overlay-cost fix)
2026-10-03T11:40:57+00:00,FTE,FTE_A+C+D|minvar_lw|vt8|brake,IS,1.0,d9e6014f5f,"{""brake"": true, ""labels"": [""A"", ""C"", ""D""], ""scheme"": ""minvar_lw"", ""vol_target"": 0.08}",0.2241,0.02714,-0.1693,13.41,4633,ef6bd10,amendment-1 search (overlay-cost fix)
2026-10-03T11:40:57+00:00,FTE,FTE_A+C+D|minvar_lw|vt10|nobrake,IS,1.0,95031f2ed5,"{""brake"": false, ""labels"": [""A"", ""C"", ""D""], ""scheme"": ""minvar_lw"", ""vol_target"": 0.1}",0.2845,0.03392,-0.221,18.64,4633,ef6bd10,amendment-1 search (overlay-cost fix)
2026-10-03T11:40:57+00:00,FTE,FTE_A+C+D|minvar_lw|vt10|brake,IS,1.0,2bc6f64446,"{""brake"": true, ""labels"": [""A"", ""C"", ""D""], ""scheme"": ""minvar_lw"", ""vol_target"": 0.1}",0.1943,0.02516,-0.1943,16.13,4633,ef6bd10,amendment-1 search (overlay-cost fix)
2026-10-03T11:40:57+00:00,FTE,FTE_A+C+D+PCT|eqrisk|vt6|nobrake,IS,1.0,2bbb49afdf,"{""brake"": false, ""labels"": [""A"", ""C"", ""D"", ""PCT""], ""scheme"": ""eqrisk"", ""vol_target"": 0.06}",0.4816,0.04277,-0.1953,11.23,4639,ef6bd10,amendment-1 search (overlay-cost fix)
2026-10-03T11:40:57+00:00,FTE,FTE_A+C+D+PCT|eqrisk|vt6|brake,IS,1.0,0339e734b7,"{""brake"": true, ""labels"": [""A"", ""C"", ""D"", ""PCT""], ""scheme"": ""eqrisk"", ""vol_target"": 0.06}",0.4291,0.0368,-0.1549,12.21,4639,ef6bd10,amendment-1 search (overlay-cost fix)
2026-10-03T11:40:57+00:00,FTE,FTE_A+C+D+PCT|eqrisk|vt8|nobrake,IS,1.0,2190da1ef6,"{""brake"": false, ""labels"": [""A"", ""C"", ""D"", ""PCT""], ""scheme"": ""eqrisk"", ""vol_target"": 0.08}",0.4527,0.04554,-0.231,19.08,4639,ef6bd10,amendment-1 search (overlay-cost fix)
2026-10-03T11:40:57+00:00,FTE,FTE_A+C+D+PCT|eqrisk|vt8|brake,IS,1.0,a815b51477,"{""brake"": true, ""labels"": [""A"", ""C"", ""D"", ""PCT""], ""scheme"": ""eqrisk"", ""vol_target"": 0.08}",0.4418,0.0413,-0.1688,18.34,4639,ef6bd10,amendment-1 search (overlay-cost fix)
2026-10-03T11:40:57+00:00,FTE,FTE_A+C+D+PCT|eqrisk|vt10|nobrake,IS,1.0,599bf96bf0,"{""brake"": false, ""labels"": [""A"", ""C"", ""D"", ""PCT""], ""scheme"": ""eqrisk"", ""vol_target"": 0.1}",0.4321,0.04745,-0.2496,27.22,4639,ef6bd10,amendment-1 search (overlay-cost fix)
2026-10-03T11:40:57+00:00,FTE,FTE_A+C+D+PCT|eqrisk|vt10|brake,IS,1.0,152928ba6e,"{""brake"": true, ""labels"": [""A"", ""C"", ""D"", ""PCT""], ""scheme"": ""eqrisk"", ""vol_target"": 0.1}",0.413,0.04271,-0.1803,24.22,4639,ef6bd10,amendment-1 search (overlay-cost fix)
2026-10-03T11:40:57+00:00,FTE,FTE_A+C+D+PCT|invvol_shrunk|vt6|nobrake,IS,1.0,f4410f6512,"{""brake"": false, ""labels"": [""A"", ""C"", ""D"", ""PCT""], ""scheme"": ""invvol_shrunk"", ""vol_target"": 0.06}",0.5678,0.04814,-0.1856,9.03,4639,ef6bd10,amendment-1 search (overlay-cost fix)
2026-10-03T11:40:57+00:00,FTE,FTE_A+C+D+PCT|invvol_shrunk|vt6|brake,IS,1.0,95c1b158b1,"{""brake"": true, ""labels"": [""A"", ""C"", ""D"", ""PCT""], ""scheme"": ""invvol_shrunk"", ""vol_target"": 0.06}",0.5931,0.04776,-0.1484,9.4,4639,ef6bd10,amendment-1 search (overlay-cost fix)
2026-10-03T11:40:57+00:00,FTE,FTE_A+C+D+PCT|invvol_shrunk|vt8|nobrake,IS,1.0,11d6cc60fd,"{""brake"": false, ""labels"": [""A"", ""C"", ""D"", ""PCT""], ""scheme"": ""invvol_shrunk"", ""vol_target"": 0.08}",0.522,0.05262,-0.232,16.98,4639,ef6bd10,amendment-1 search (overlay-cost fix)
2026-10-03T11:40:57+00:00,FTE,FTE_A+C+D+PCT|invvol_shrunk|vt8|brake,IS,1.0,a18ce741a5,"{""brake"": true, ""labels"": [""A"", ""C"", ""D"", ""PCT""], ""scheme"": ""invvol_shrunk"", ""vol_target"": 0.08}",0.5186,0.04869,-0.1726,16.47,4639,ef6bd10,amendment-1 search (overlay-cost fix)
2026-10-03T11:40:57+00:00,FTE,FTE_A+C+D+PCT|invvol_shrunk|vt10|nobrake,IS,1.0,2a68fce852,"{""brake"": false, ""labels"": [""A"", ""C"", ""D"", ""PCT""], ""scheme"": ""invvol_shrunk"", ""vol_target"": 0.1}",0.46,0.05305,-0.2679,26.07,4639,ef6bd10,amendment-1 search (overlay-cost fix)
2026-10-03T11:40:57+00:00,FTE,FTE_A+C+D+PCT|invvol_shrunk|vt10|brake,IS,1.0,18187e1e11,"{""brake"": true, ""labels"": [""A"", ""C"", ""D"", ""PCT""], ""scheme"": ""invvol_shrunk"", ""vol_target"": 0.1}",0.4777,0.04929,-0.1905,21.91,4639,ef6bd10,amendment-1 search (overlay-cost fix)
2026-10-03T11:40:57+00:00,FTE,FTE_A+C+D+PCT|minvar_lw|vt6|nobrake,IS,1.0,c48c994faf,"{""brake"": false, ""labels"": [""A"", ""C"", ""D"", ""PCT""], ""scheme"": ""minvar_lw"", ""vol_target"": 0.06}",0.2872,0.03033,-0.2047,9.5,4633,ef6bd10,amendment-1 search (overlay-cost fix)
2026-10-03T11:40:57+00:00,FTE,FTE_A+C+D+PCT|minvar_lw|vt6|brake,IS,1.0,64ae751452,"{""brake"": true, ""labels"": [""A"", ""C"", ""D"", ""PCT""], ""scheme"": ""minvar_lw"", ""vol_target"": 0.06}",0.2966,0.03007,-0.164,9.19,4633,ef6bd10,amendment-1 search (overlay-cost fix)
2026-10-03T11:40:57+00:00,FTE,FTE_A+C+D+PCT|minvar_lw|vt8|nobrake,IS,1.0,f59f57155a,"{""brake"": false, ""labels"": [""A"", ""C"", ""D"", ""PCT""], ""scheme"": ""minvar_lw"", ""vol_target"": 0.08}",0.2871,0.03225,-0.2355,15.64,4633,ef6bd10,amendment-1 search (overlay-cost fix)
2026-10-03T11:40:57+00:00,FTE,FTE_A+C+D+PCT|minvar_lw|vt8|brake,IS,1.0,156a3e8189,"{""brake"": true, ""labels"": [""A"", ""C"", ""D"", ""PCT""], ""scheme"": ""minvar_lw"", ""vol_target"": 0.08}",0.2583,0.02843,-0.1914,13.73,4633,ef6bd10,amendment-1 search (overlay-cost fix)
2026-10-03T11:40:57+00:00,FTE,FTE_A+C+D+PCT|minvar_lw|vt10|nobrake,IS,1.0,0f2c1a5055,"{""brake"": false, ""labels"": [""A"", ""C"", ""D"", ""PCT""], ""scheme"": ""minvar_lw"", ""vol_target"": 0.1}",0.2999,0.03457,-0.2419,21.52,4633,ef6bd10,amendment-1 search (overlay-cost fix)
2026-10-03T11:40:57+00:00,FTE,FTE_A+C+D+PCT|minvar_lw|vt10|brake,IS,1.0,462e769e74,"{""brake"": true, ""labels"": [""A"", ""C"", ""D"", ""PCT""], ""scheme"": ""minvar_lw"", ""vol_target"": 0.1}",0.2567,0.02977,-0.1883,19.79,4633,ef6bd10,amendment-1 search (overlay-cost fix)
2026-10-03T11:40:57+00:00,FTE,FTE_A+C+D+TSMOM|eqrisk|vt6|nobrake,IS,1.0,473b7613c0,"{""brake"": false, ""labels"": [""A"", ""C"", ""D"", ""TSMOM""], ""scheme"": ""eqrisk"", ""vol_target"": 0.06}",0.5495,0.04702,-0.1712,11.94,4639,ef6bd10,amendment-1 search (overlay-cost fix)
2026-10-03T11:40:57+00:00,FTE,FTE_A+C+D+TSMOM|eqrisk|vt6|brake,IS,1.0,2c57233691,"{""brake"": true, ""labels"": [""A"", ""C"", ""D"", ""TSMOM""], ""scheme"": ""eqrisk"", ""vol_target"": 0.06}",0.5334,0.045,-0.136,11.9,4639,ef6bd10,amendment-1 search (overlay-cost fix)
2026-10-03T11:40:57+00:00,FTE,FTE_A+C+D+TSMOM|eqrisk|vt8|nobrake,IS,1.0,eb3a711710,"{""brake"": false, ""labels"": [""A"", ""C"", ""D"", ""TSMOM""], ""scheme"": ""eqrisk"", ""vol_target"": 0.08}",0.5235,0.05065,-0.1925,20.13,4639,ef6bd10,amendment-1 search (overlay-cost fix)
2026-10-03T11:40:57+00:00,FTE,FTE_A+C+D+TSMOM|eqrisk|vt8|brake,IS,1.0,5415360b25,"{""brake"": true, ""labels"": [""A"", ""C"", ""D"", ""TSMOM""], ""scheme"": ""eqrisk"", ""vol_target"": 0.08}",0.5086,0.04817,-0.1513,19.85,4639,ef6bd10,amendment-1 search (overlay-cost fix)
2026-10-03T11:40:57+00:00,FTE,FTE_A+C+D+TSMOM|eqrisk|vt10|nobrake,IS,1.0,2d19c1783c,"{""brake"": false, ""labels"": [""A"", ""C"", ""D"", ""TSMOM""], ""scheme"": ""eqrisk"", ""vol_target"": 0.1}",0.52,0.05453,-0.2035,28.47,4639,ef6bd10,amendment-1 search (overlay-cost fix)
2026-10-03T11:40:57+00:00,FTE,FTE_A+C+D+TSMOM|eqrisk|vt10|brake,IS,1.0,44d4600ef6,"{""brake"": true, ""labels"": [""A"", ""C"", ""D"", ""TSMOM""], ""scheme"": ""eqrisk"", ""vol_target"": 0.1}",0.4579,0.04721,-0.1589,27.1,4639,ef6bd10,amendment-1 search (overlay-cost fix)
2026-10-03T11:40:57+00:00,FTE,FTE_A+C+D+TSMOM|invvol_shrunk|vt6|nobrake,IS,1.0,b368210c50,"{""brake"": false, ""labels"": [""A"", ""C"", ""D"", ""TSMOM""], ""scheme"": ""invvol_shrunk"", ""vol_target"": 0.06}",0.6663,0.05428,-0.1541,10.02,4639,ef6bd10,amendment-1 search (overlay-cost fix)
2026-10-03T11:40:57+00:00,FTE,FTE_A+C+D+TSMOM|invvol_shrunk|vt6|brake,IS,1.0,d7eaf82720,"{""brake"": true, ""labels"": [""A"", ""C"", ""D"", ""TSMOM""], ""scheme"": ""invvol_shrunk"", ""vol_target"": 0.06}",0.6086,0.04913,-0.1321,12.33,4639,ef6bd10,amendment-1 search (overlay-cost fix)
2026-10-03T11:40:57+00:00,FTE,FTE_A+C+D+TSMOM|invvol_shrunk|vt8|nobrake,IS,1.0,c53b352b62,"{""brake"": false, ""labels"": [""A"", ""C"", ""D"", ""TSMOM""], ""scheme"": ""invvol_shrunk"", ""vol_target"": 0.08}",0.6298,0.06093,-0.1866,18.55,4639,ef6bd10,amendment-1 search (overlay-cost fix)
2026-10-03T11:40:57+00:00,FTE,FTE_A+C+D+TSMOM|invvol_shrunk|vt8|brake,IS,1.0,78ec9df441,"{""brake"": true, ""labels"": [""A"", ""C"", ""D"", ""TSMOM""], ""scheme"": ""invvol_shrunk"", ""vol_target"": 0.08}",0.562,0.05276,-0.1475,19.77,4639,ef6bd10,amendment-1 search (overlay-cost fix)
2026-10-03T11:40:57+00:00,FTE,FTE_A+C+D+TSMOM|invvol_shrunk|vt10|nobrake,IS,1.0,b08c2602cb,"{""brake"": false, ""labels"": [""A"", ""C"", ""D"", ""TSMOM""], ""scheme"": ""invvol_shrunk"", ""vol_target"": 0.1}",0.5775,0.06384,-0.2114,28.09,4639,ef6bd10,amendment-1 search (overlay-cost fix)
2026-10-03T11:40:57+00:00,FTE,FTE_A+C+D+TSMOM|invvol_shrunk|vt10|brake,IS,1.0,b7b8a15824,"{""brake"": true, ""labels"": [""A"", ""C"", ""D"", ""TSMOM""], ""scheme"": ""invvol_shrunk"", ""vol_target"": 0.1}",0.5335,0.05568,-0.1654,26.62,4639,ef6bd10,amendment-1 search (overlay-cost fix)
2026-10-03T11:40:57+00:00,FTE,FTE_A+C+D+TSMOM|minvar_lw|vt6|nobrake,IS,1.0,0f08e7326d,"{""brake"": false, ""labels"": [""A"", ""C"", ""D"", ""TSMOM""], ""scheme"": ""minvar_lw"", ""vol_target"": 0.06}",0.2985,0.03106,-0.1979,9.51,4633,ef6bd10,amendment-1 search (overlay-cost fix)
2026-10-03T11:40:57+00:00,FTE,FTE_A+C+D+TSMOM|minvar_lw|vt6|brake,IS,1.0,3940f90dc6,"{""brake"": true, ""labels"": [""A"", ""C"", ""D"", ""TSMOM""], ""scheme"": ""minvar_lw"", ""vol_target"": 0.06}",0.2616,0.02797,-0.1582,9.13,4633,ef6bd10,amendment-1 search (overlay-cost fix)
2026-10-03T11:40:57+00:00,FTE,FTE_A+C+D+TSMOM|minvar_lw|vt8|nobrake,IS,1.0,e1a8745d84,"{""brake"": false, ""labels"": [""A"", ""C"", ""D"", ""TSMOM""], ""scheme"": ""minvar_lw"", ""vol_target"": 0.08}",0.3055,0.03358,-0.2266,15.54,4633,ef6bd10,amendment-1 search (overlay-cost fix)
2026-10-03T11:40:57+00:00,FTE,FTE_A+C+D+TSMOM|minvar_lw|vt8|brake,IS,1.0,76f5206180,"{""brake"": true, ""labels"": [""A"", ""C"", ""D"", ""TSMOM""], ""scheme"": ""minvar_lw"", ""vol_target"": 0.08}",0.2551,0.02884,-0.1841,14.58,4633,ef6bd10,amendment-1 search (overlay-cost fix)
2026-10-03T11:40:57+00:00,FTE,FTE_A+C+D+TSMOM|minvar_lw|vt10|nobrake,IS,1.0,c86658dbc7,"{""brake"": false, ""labels"": [""A"", ""C"", ""D"", ""TSMOM""], ""scheme"": ""minvar_lw"", ""vol_target"": 0.1}",0.314,0.03568,-0.2305,21.35,4633,ef6bd10,amendment-1 search (overlay-cost fix)
2026-10-03T11:40:57+00:00,FTE,FTE_A+C+D+TSMOM|minvar_lw|vt10|brake,IS,1.0,3d79fdb192,"{""brake"": true, ""labels"": [""A"", ""C"", ""D"", ""TSMOM""], ""scheme"": ""minvar_lw"", ""vol_target"": 0.1}",0.2675,0.03077,-0.1863,19.58,4633,ef6bd10,amendment-1 search (overlay-cost fix)
2026-10-03T11:40:57+00:00,FTE,FTE_A+C+E|eqrisk|vt6|nobrake,IS,1.0,3bb6a4267d,"{""brake"": false, ""labels"": [""A"", ""C"", ""E""], ""scheme"": ""eqrisk"", ""vol_target"": 0.06}",0.6045,0.05356,-0.1788,5.56,4649,ef6bd10,amendment-1 search (overlay-cost fix)
2026-10-03T11:40:57+00:00,FTE,FTE_A+C+E|eqrisk|vt6|brake,IS,1.0,ec9f4df5a5,"{""brake"": true, ""labels"": [""A"", ""C"", ""E""], ""scheme"": ""eqrisk"", ""vol_target"": 0.06}",0.6208,0.05107,-0.1477,5.71,4649,ef6bd10,amendment-1 search (overlay-cost fix)
2026-10-03T11:40:57+00:00,FTE,FTE_A+C+E|eqrisk|vt8|nobrake,IS,1.0,2c5ecbc7f9,"{""brake"": false, ""labels"": [""A"", ""C"", ""E""], ""scheme"": ""eqrisk"", ""vol_target"": 0.08}",0.595,0.06083,-0.2202,8.69,4649,ef6bd10,amendment-1 search (overlay-cost fix)
2026-10-03T11:40:57+00:00,FTE,FTE_A+C+E|eqrisk|vt8|brake,IS,1.0,1286ab398b,"{""brake"": true, ""labels"": [""A"", ""C"", ""E""], ""scheme"": ""eqrisk"", ""vol_target"": 0.08}",0.6007,0.05668,-0.1664,8.49,4649,ef6bd10,amendment-1 search (overlay-cost fix)
2026-10-03T11:40:57+00:00,FTE,FTE_A+C+E|eqrisk|vt10|nobrake,IS,1.0,de4da89a9d,"{""brake"": false, ""labels"": [""A"", ""C"", ""E""], ""scheme"": ""eqrisk"", ""vol_target"": 0.1}",0.5632,0.06453,-0.2568,12.71,4649,ef6bd10,amendment-1 search (overlay-cost fix)
2026-10-03T11:40:57+00:00,FTE,FTE_A+C+E|eqrisk|vt10|brake,IS,1.0,c3dd98bcfd,"{""brake"": true, ""labels"": [""A"", ""C"", ""E""], ""scheme"": ""eqrisk"", ""vol_target"": 0.1}",0.5836,0.06117,-0.1832,11.2,4649,ef6bd10,amendment-1 search (overlay-cost fix)
2026-10-03T11:40:57+00:00,FTE,FTE_A+C+E|invvol_shrunk|vt6|nobrake,IS,1.0,58e8130798,"{""brake"": false, ""labels"": [""A"", ""C"", ""E""], ""scheme"": ""invvol_shrunk"", ""vol_target"": 0.06}",0.4903,0.04516,-0.1982,4.91,4649,ef6bd10,amendment-1 search (overlay-cost fix)
2026-10-03T11:40:57+00:00,FTE,FTE_A+C+E|invvol_shrunk|vt6|brake,IS,1.0,8e401fd45b,"{""brake"": true, ""labels"": [""A"", ""C"", ""E""], ""scheme"": ""invvol_shrunk"", ""vol_target"": 0.06}",0.5369,0.04507,-0.1564,4.47,4649,ef6bd10,amendment-1 search (overlay-cost fix)
2026-10-03T11:40:57+00:00,FTE,FTE_A+C+E|invvol_shrunk|vt8|nobrake,IS,1.0,10749a81bb,"{""brake"": false, ""labels"": [""A"", ""C"", ""E""], ""scheme"": ""invvol_shrunk"", ""vol_target"": 0.08}",0.4761,0.05153,-0.2532,7.55,4649,ef6bd10,amendment-1 search (overlay-cost fix)
2026-10-03T11:40:57+00:00,FTE,FTE_A+C+E|invvol_shrunk|vt8|brake,IS,1.0,ef523a766e,"{""brake"": true, ""labels"": [""A"", ""C"", ""E""], ""scheme"": ""invvol_shrunk"", ""vol_target"": 0.08}",0.505,0.0493,-0.18,6.74,4649,ef6bd10,amendment-1 search (overlay-cost fix)
2026-10-03T11:40:57+00:00,FTE,FTE_A+C+E|invvol_shrunk|vt10|nobrake,IS,1.0,2d1e2c7a98,"{""brake"": false, ""labels"": [""A"", ""C"", ""E""], ""scheme"": ""invvol_shrunk"", ""vol_target"": 0.1}",0.4392,0.05383,-0.304,11.67,4649,ef6bd10,amendment-1 search (overlay-cost fix)
2026-10-03T11:40:57+00:00,FTE,FTE_A+C+E|invvol_shrunk|vt10|brake,IS,1.0,035bf10351,"{""brake"": true, ""labels"": [""A"", ""C"", ""E""], ""scheme"": ""invvol_shrunk"", ""vol_target"": 0.1}",0.4577,0.04927,-0.2142,10.08,4649,ef6bd10,amendment-1 search (overlay-cost fix)
2026-10-03T11:40:57+00:00,FTE,FTE_A+C+E|minvar_lw|vt6|nobrake,IS,1.0,ac362d3143,"{""brake"": false, ""labels"": [""A"", ""C"", ""E""], ""scheme"": ""minvar_lw"", ""vol_target"": 0.06}",0.8163,0.06921,-0.1025,5.55,4633,ef6bd10,amendment-1 search (overlay-cost fix)
2026-10-03T11:40:57+00:00,FTE,FTE_A+C+E|minvar_lw|vt6|brake,IS,1.0,887c1f5c84,"{""brake"": true, ""labels"": [""A"", ""C"", ""E""], ""scheme"": ""minvar_lw"", ""vol_target"": 0.06}",0.8127,0.06892,-0.1025,5.77,4633,ef6bd10,amendment-1 search (overlay-cost fix)
2026-10-03T11:40:57+00:00,FTE,FTE_A+C+E|minvar_lw|vt8|nobrake,IS,1.0,0ff7c0ce96,"{""brake"": false, ""labels"": [""A"", ""C"", ""E""], ""scheme"": ""minvar_lw"", ""vol_target"": 0.08}",0.837,0.07976,-0.1164,7.82,4633,ef6bd10,amendment-1 search (overlay-cost fix)
2026-10-03T11:40:57+00:00,FTE,FTE_A+C+E|minvar_lw|vt8|brake,IS,1.0,9b936bc604,"{""brake"": true, ""labels"": [""A"", ""C"", ""E""], ""scheme"": ""minvar_lw"", ""vol_target"": 0.08}",0.8197,0.07777,-0.1177,7.96,4633,ef6bd10,amendment-1 search (overlay-cost fix)
2026-10-03T11:40:57+00:00,FTE,FTE_A+C+E|minvar_lw|vt10|nobrake,IS,1.0,7166e57852,"{""brake"": false, ""labels"": [""A"", ""C"", ""E""], ""scheme"": ""minvar_lw"", ""vol_target"": 0.1}",0.8313,0.08564,-0.1268,10.59,4633,ef6bd10,amendment-1 search (overlay-cost fix)
2026-10-03T11:40:57+00:00,FTE,FTE_A+C+E|minvar_lw|vt10|brake,IS,1.0,73e81947fc,"{""brake"": true, ""labels"": [""A"", ""C"", ""E""], ""scheme"": ""minvar_lw"", ""vol_target"": 0.1}",0.82,0.08409,-0.1194,11.01,4633,ef6bd10,amendment-1 search (overlay-cost fix)
2026-10-03T11:40:57+00:00,FTE,FTE_A+C+E+PCT|eqrisk|vt6|nobrake,IS,1.0,6e76a1d9e1,"{""brake"": false, ""labels"": [""A"", ""C"", ""E"", ""PCT""], ""scheme"": ""eqrisk"", ""vol_target"": 0.06}",0.6947,0.05852,-0.141,7.89,4649,ef6bd10,amendment-1 search (overlay-cost fix)
2026-10-03T11:40:57+00:00,FTE,FTE_A+C+E+PCT|eqrisk|vt6|brake,IS,1.0,0855093ccf,"{""brake"": true, ""labels"": [""A"", ""C"", ""E"", ""PCT""], ""scheme"": ""eqrisk"", ""vol_target"": 0.06}",0.6959,0.05807,-0.1225,7.89,4649,ef6bd10,amendment-1 search (overlay-cost fix)
2026-10-03T11:40:57+00:00,FTE,FTE_A+C+E+PCT|eqrisk|vt8|nobrake,IS,1.0,0b7679eec9,"{""brake"": false, ""labels"": [""A"", ""C"", ""E"", ""PCT""], ""scheme"": ""eqrisk"", ""vol_target"": 0.08}",0.6596,0.06546,-0.1738,13.26,4649,ef6bd10,amendment-1 search (overlay-cost fix)
2026-10-03T11:40:57+00:00,FTE,FTE_A+C+E+PCT|eqrisk|vt8|brake,IS,1.0,955c032ad4,"{""brake"": true, ""labels"": [""A"", ""C"", ""E"", ""PCT""], ""scheme"": ""eqrisk"", ""vol_target"": 0.08}",0.6642,0.06061,-0.1513,12.99,4649,ef6bd10,amendment-1 search (overlay-cost fix)
2026-10-03T11:40:57+00:00,FTE,FTE_A+C+E+PCT|eqrisk|vt10|nobrake,IS,1.0,cbb8bd953a,"{""brake"": false, ""labels"": [""A"", ""C"", ""E"", ""PCT""], ""scheme"": ""eqrisk"", ""vol_target"": 0.1}",0.6023,0.06777,-0.2,20.03,4649,ef6bd10,amendment-1 search (overlay-cost fix)
2026-10-03T11:40:57+00:00,FTE,FTE_A+C+E+PCT|eqrisk|vt10|brake,IS,1.0,4ba2e844cf,"{""brake"": true, ""labels"": [""A"", ""C"", ""E"", ""PCT""], ""scheme"": ""eqrisk"", ""vol_target"": 0.1}",0.5765,0.0592,-0.1654,17.71,4649,ef6bd10,amendment-1 search (overlay-cost fix)
2026-10-03T11:40:57+00:00,FTE,FTE_A+C+E+PCT|invvol_shrunk|vt6|nobrake,IS,1.0,7afbfc9885,"{""brake"": false, ""labels"": [""A"", ""C"", ""E"", ""PCT""], ""scheme"": ""invvol_shrunk"", ""vol_target"": 0.06}",0.5715,0.04982,-0.1515,7.34,4649,ef6bd10,amendment-1 search (overlay-cost fix)
2026-10-03T11:40:57+00:00,FTE,FTE_A+C+E+PCT|invvol_shrunk|vt6|brake,IS,1.0,4ca8f94916,"{""brake"": true, ""labels"": [""A"", ""C"", ""E"", ""PCT""], ""scheme"": ""invvol_shrunk"", ""vol_target"": 0.06}",0.5607,0.04685,-0.1292,7.64,4649,ef6bd10,amendment-1 search (overlay-cost fix)
2026-10-03T11:40:57+00:00,FTE,FTE_A+C+E+PCT|invvol_shrunk|vt8|nobrake,IS,1.0,517058f67b,"{""brake"": false, ""labels"": [""A"", ""C"", ""E"", ""PCT""], ""scheme"": ""invvol_shrunk"", ""vol_target"": 0.08}",0.5308,0.05552,-0.1891,12.36,4649,ef6bd10,amendment-1 search (overlay-cost fix)
2026-10-03T11:40:57+00:00,FTE,FTE_A+C+E+PCT|invvol_shrunk|vt8|brake,IS,1.0,245064bb34,"{""brake"": true, ""labels"": [""A"", ""C"", ""E"", ""PCT""], ""scheme"": ""invvol_shrunk"", ""vol_target"": 0.08}",0.5106,0.04905,-0.1487,12.56,4649,ef6bd10,amendment-1 search (overlay-cost fix)
2026-10-03T11:40:57+00:00,FTE,FTE_A+C+E+PCT|invvol_shrunk|vt10|nobrake,IS,1.0,762d75c224,"{""brake"": false, ""labels"": [""A"", ""C"", ""E"", ""PCT""], ""scheme"": ""invvol_shrunk"", ""vol_target"": 0.1}",0.4895,0.0583,-0.2096,19.3,4649,ef6bd10,amendment-1 search (overlay-cost fix)
2026-10-03T11:40:57+00:00,FTE,FTE_A+C+E+PCT|invvol_shrunk|vt10|brake,IS,1.0,08a8fb0954,"{""brake"": true, ""labels"": [""A"", ""C"", ""E"", ""PCT""], ""scheme"": ""invvol_shrunk"", ""vol_target"": 0.1}",0.4808,0.05137,-0.1576,18.03,4649,ef6bd10,amendment-1 search (overlay-cost fix)
2026-10-03T11:40:57+00:00,FTE,FTE_A+C+E+PCT|minvar_lw|vt6|nobrake,IS,1.0,a8715f83ab,"{""brake"": false, ""labels"": [""A"", ""C"", ""E"", ""PCT""], ""scheme"": ""minvar_lw"", ""vol_target"": 0.06}",0.9145,0.07399,-0.0824,7.11,4633,ef6bd10,amendment-1 search (overlay-cost fix)
2026-10-03T11:40:57+00:00,FTE,FTE_A+C+E+PCT|minvar_lw|vt6|brake,IS,1.0,3976d8ba4e,"{""brake"": true, ""labels"": [""A"", ""C"", ""E"", ""PCT""], ""scheme"": ""minvar_lw"", ""vol_target"": 0.06}",0.9145,0.07399,-0.0824,7.11,4633,ef6bd10,amendment-1 search (overlay-cost fix)
2026-10-03T11:40:57+00:00,FTE,FTE_A+C+E+PCT|minvar_lw|vt8|nobrake,IS,1.0,baadd9c853,"{""brake"": false, ""labels"": [""A"", ""C"", ""E"", ""PCT""], ""scheme"": ""minvar_lw"", ""vol_target"": 0.08}",0.9129,0.08377,-0.0895,11.03,4633,ef6bd10,amendment-1 search (overlay-cost fix)
2026-10-03T11:40:57+00:00,FTE,FTE_A+C+E+PCT|minvar_lw|vt8|brake,IS,1.0,1e4ce86b57,"{""brake"": true, ""labels"": [""A"", ""C"", ""E"", ""PCT""], ""scheme"": ""minvar_lw"", ""vol_target"": 0.08}",0.9129,0.08377,-0.0895,11.03,4633,ef6bd10,amendment-1 search (overlay-cost fix)
2026-10-03T11:40:57+00:00,FTE,FTE_A+C+E+PCT|minvar_lw|vt10|nobrake,IS,1.0,a85b1830dc,"{""brake"": false, ""labels"": [""A"", ""C"", ""E"", ""PCT""], ""scheme"": ""minvar_lw"", ""vol_target"": 0.1}",0.8858,0.08889,-0.0978,15.81,4633,ef6bd10,amendment-1 search (overlay-cost fix)
2026-10-03T11:40:57+00:00,FTE,FTE_A+C+E+PCT|minvar_lw|vt10|brake,IS,1.0,01abca3cd2,"{""brake"": true, ""labels"": [""A"", ""C"", ""E"", ""PCT""], ""scheme"": ""minvar_lw"", ""vol_target"": 0.1}",0.8858,0.08889,-0.0978,15.81,4633,ef6bd10,amendment-1 search (overlay-cost fix)
2026-10-03T11:40:57+00:00,FTE,FTE_A+C+E+TSMOM|eqrisk|vt6|nobrake,IS,1.0,a2315d967b,"{""brake"": false, ""labels"": [""A"", ""C"", ""E"", ""TSMOM""], ""scheme"": ""eqrisk"", ""vol_target"": 0.06}",0.7541,0.06256,-0.1446,8.1,4649,ef6bd10,amendment-1 search (overlay-cost fix)
2026-10-03T11:40:57+00:00,FTE,FTE_A+C+E+TSMOM|eqrisk|vt6|brake,IS,1.0,98a26f3ac5,"{""brake"": true, ""labels"": [""A"", ""C"", ""E"", ""TSMOM""], ""scheme"": ""eqrisk"", ""vol_target"": 0.06}",0.7496,0.06157,-0.1272,8.48,4649,ef6bd10,amendment-1 search (overlay-cost fix)
2026-10-03T11:40:57+00:00,FTE,FTE_A+C+E+TSMOM|eqrisk|vt8|nobrake,IS,1.0,83d4cd354e,"{""brake"": false, ""labels"": [""A"", ""C"", ""E"", ""TSMOM""], ""scheme"": ""eqrisk"", ""vol_target"": 0.08}",0.7152,0.06992,-0.1781,13.54,4649,ef6bd10,amendment-1 search (overlay-cost fix)
2026-10-03T11:40:57+00:00,FTE,FTE_A+C+E+TSMOM|eqrisk|vt8|brake,IS,1.0,de6c296d6b,"{""brake"": true, ""labels"": [""A"", ""C"", ""E"", ""TSMOM""], ""scheme"": ""eqrisk"", ""vol_target"": 0.08}",0.646,0.06047,-0.1405,15.25,4649,ef6bd10,amendment-1 search (overlay-cost fix)
2026-10-03T11:40:57+00:00,FTE,FTE_A+C+E+TSMOM|eqrisk|vt10|nobrake,IS,1.0,4ea5e4b246,"{""brake"": false, ""labels"": [""A"", ""C"", ""E"", ""TSMOM""], ""scheme"": ""eqrisk"", ""vol_target"": 0.1}",0.6633,0.0735,-0.2098,20.55,4649,ef6bd10,amendment-1 search (overlay-cost fix)
2026-10-03T11:40:57+00:00,FTE,FTE_A+C+E+TSMOM|eqrisk|vt10|brake,IS,1.0,d6b123d60d,"{""brake"": true, ""labels"": [""A"", ""C"", ""E"", ""TSMOM""], ""scheme"": ""eqrisk"", ""vol_target"": 0.1}",0.642,0.06632,-0.1633,21.09,4649,ef6bd10,amendment-1 search (overlay-cost fix)
2026-10-03T11:40:57+00:00,FTE,FTE_A+C+E+TSMOM|invvol_shrunk|vt6|nobrake,IS,1.0,59b4b1d309,"{""brake"": false, ""labels"": [""A"", ""C"", ""E"", ""TSMOM""], ""scheme"": ""invvol_shrunk"", ""vol_target"": 0.06}",0.649,0.05493,-0.154,7.57,4649,ef6bd10,amendment-1 search (overlay-cost fix)
2026-10-03T11:40:57+00:00,FTE,FTE_A+C+E+TSMOM|invvol_shrunk|vt6|brake,IS,1.0,191d92280c,"{""brake"": true, ""labels"": [""A"", ""C"", ""E"", ""TSMOM""], ""scheme"": ""invvol_shrunk"", ""vol_target"": 0.06}",0.6061,0.04859,-0.1318,8.42,4649,ef6bd10,amendment-1 search (overlay-cost fix)
2026-10-03T11:40:57+00:00,FTE,FTE_A+C+E+TSMOM|invvol_shrunk|vt8|nobrake,IS,1.0,e91880f7d0,"{""brake"": false, ""labels"": [""A"", ""C"", ""E"", ""TSMOM""], ""scheme"": ""invvol_shrunk"", ""vol_target"": 0.08}",0.6157,0.06259,-0.1916,12.6,4649,ef6bd10,amendment-1 search (overlay-cost fix)
2026-10-03T11:40:57+00:00,FTE,FTE_A+C+E+TSMOM|invvol_shrunk|vt8|brake,IS,1.0,2483311209,"{""brake"": true, ""labels"": [""A"", ""C"", ""E"", ""TSMOM""], ""scheme"": ""invvol_shrunk"", ""vol_target"": 0.08}",0.6055,0.05677,-0.1497,13.19,4649,ef6bd10,amendment-1 search (overlay-cost fix)
2026-10-03T11:40:57+00:00,FTE,FTE_A+C+E+TSMOM|invvol_shrunk|vt10|nobrake,IS,1.0,4d7ad2b588,"{""brake"": false, ""labels"": [""A"", ""C"", ""E"", ""TSMOM""], ""scheme"": ""invvol_shrunk"", ""vol_target"": 0.1}",0.5731,0.06653,-0.2224,19.76,4649,ef6bd10,amendment-1 search (overlay-cost fix)
2026-10-03T11:40:57+00:00,FTE,FTE_A+C+E+TSMOM|invvol_shrunk|vt10|brake,IS,1.0,4f0cefa880,"{""brake"": true, ""labels"": [""A"", ""C"", ""E"", ""TSMOM""], ""scheme"": ""invvol_shrunk"", ""vol_target"": 0.1}",0.5018,0.05438,-0.163,20.12,4649,ef6bd10,amendment-1 search (overlay-cost fix)
2026-10-03T11:40:57+00:00,FTE,FTE_A+C+E+TSMOM|minvar_lw|vt6|nobrake,IS,1.0,af84996638,"{""brake"": false, ""labels"": [""A"", ""C"", ""E"", ""TSMOM""], ""scheme"": ""minvar_lw"", ""vol_target"": 0.06}",0.9312,0.07536,-0.0803,7.11,4633,ef6bd10,amendment-1 search (overlay-cost fix)
2026-10-03T11:40:57+00:00,FTE,FTE_A+C+E+TSMOM|minvar_lw|vt6|brake,IS,1.0,d1e962ff93,"{""brake"": true, ""labels"": [""A"", ""C"", ""E"", ""TSMOM""], ""scheme"": ""minvar_lw"", ""vol_target"": 0.06}",0.9312,0.07536,-0.0803,7.11,4633,ef6bd10,amendment-1 search (overlay-cost fix)
2026-10-03T11:40:57+00:00,FTE,FTE_A+C+E+TSMOM|minvar_lw|vt8|nobrake,IS,1.0,78ee8f2518,"{""brake"": false, ""labels"": [""A"", ""C"", ""E"", ""TSMOM""], ""scheme"": ""minvar_lw"", ""vol_target"": 0.08}",0.9459,0.08624,-0.0862,10.9,4633,ef6bd10,amendment-1 search (overlay-cost fix)
2026-10-03T11:40:57+00:00,FTE,FTE_A+C+E+TSMOM|minvar_lw|vt8|brake,IS,1.0,ee851a2524,"{""brake"": true, ""labels"": [""A"", ""C"", ""E"", ""TSMOM""], ""scheme"": ""minvar_lw"", ""vol_target"": 0.08}",0.9459,0.08624,-0.0862,10.9,4633,ef6bd10,amendment-1 search (overlay-cost fix)
2026-10-03T11:40:57+00:00,FTE,FTE_A+C+E+TSMOM|minvar_lw|vt10|nobrake,IS,1.0,6c2748efc4,"{""brake"": false, ""labels"": [""A"", ""C"", ""E"", ""TSMOM""], ""scheme"": ""minvar_lw"", ""vol_target"": 0.1}",0.9191,0.09144,-0.1059,15.61,4633,ef6bd10,amendment-1 search (overlay-cost fix)
2026-10-03T11:40:57+00:00,FTE,FTE_A+C+E+TSMOM|minvar_lw|vt10|brake,IS,1.0,a9d16fc709,"{""brake"": true, ""labels"": [""A"", ""C"", ""E"", ""TSMOM""], ""scheme"": ""minvar_lw"", ""vol_target"": 0.1}",0.9107,0.09052,-0.1059,15.84,4633,ef6bd10,amendment-1 search (overlay-cost fix)
2026-10-03T11:40:57+00:00,FTE,FTE_A+D+E|eqrisk|vt6|nobrake,IS,1.0,f0952897ec,"{""brake"": false, ""labels"": [""A"", ""D"", ""E""], ""scheme"": ""eqrisk"", ""vol_target"": 0.06}",-0.1058,0.00531,-0.3609,5.07,4649,ef6bd10,amendment-1 search (overlay-cost fix)
2026-10-03T11:40:57+00:00,FTE,FTE_A+D+E|eqrisk|vt6|brake,IS,1.0,57f74d946e,"{""brake"": true, ""labels"": [""A"", ""D"", ""E""], ""scheme"": ""eqrisk"", ""vol_target"": 0.06}",0.067,0.0165,-0.2142,3.53,4649,ef6bd10,amendment-1 search (overlay-cost fix)
2026-10-03T11:40:57+00:00,FTE,FTE_A+D+E|eqrisk|vt8|nobrake,IS,1.0,75db156925,"{""brake"": false, ""labels"": [""A"", ""D"", ""E""], ""scheme"": ""eqrisk"", ""vol_target"": 0.08}",-0.1063,0.00255,-0.4388,8.55,4649,ef6bd10,amendment-1 search (overlay-cost fix)
2026-10-03T11:40:57+00:00,FTE,FTE_A+D+E|eqrisk|vt8|brake,IS,1.0,7e2c31b6cf,"{""brake"": true, ""labels"": [""A"", ""D"", ""E""], ""scheme"": ""eqrisk"", ""vol_target"": 0.08}",0.0706,0.01687,-0.2477,5.75,4649,ef6bd10,amendment-1 search (overlay-cost fix)
2026-10-03T11:40:57+00:00,FTE,FTE_A+D+E|eqrisk|vt10|nobrake,IS,1.0,645cb4c248,"{""brake"": false, ""labels"": [""A"", ""D"", ""E""], ""scheme"": ""eqrisk"", ""vol_target"": 0.1}",-0.1005,0.0008,-0.4855,12.95,4649,ef6bd10,amendment-1 search (overlay-cost fix)
2026-10-03T11:40:57+00:00,FTE,FTE_A+D+E|eqrisk|vt10|brake,IS,1.0,b0345d6c3f,"{""brake"": true, ""labels"": [""A"", ""D"", ""E""], ""scheme"": ""eqrisk"", ""vol_target"": 0.1}",0.0795,0.01755,-0.2739,8.73,4649,ef6bd10,amendment-1 search (overlay-cost fix)
2026-10-03T11:40:57+00:00,FTE,FTE_A+D+E|invvol_shrunk|vt6|nobrake,IS,1.0,9b9642ec6e,"{""brake"": false, ""labels"": [""A"", ""D"", ""E""], ""scheme"": ""invvol_shrunk"", ""vol_target"": 0.06}",-0.0564,0.00871,-0.3045,4.6,4649,ef6bd10,amendment-1 search (overlay-cost fix)
2026-10-03T11:40:57+00:00,FTE,FTE_A+D+E|invvol_shrunk|vt6|brake,IS,1.0,10882686af,"{""brake"": true, ""labels"": [""A"", ""D"", ""E""], ""scheme"": ""invvol_shrunk"", ""vol_target"": 0.06}",0.0799,0.0171,-0.2048,3.21,4649,ef6bd10,amendment-1 search (overlay-cost fix)
2026-10-03T11:40:57+00:00,FTE,FTE_A+D+E|invvol_shrunk|vt8|nobrake,IS,1.0,469abd42d1,"{""brake"": false, ""labels"": [""A"", ""D"", ""E""], ""scheme"": ""invvol_shrunk"", ""vol_target"": 0.08}",-0.0507,0.0068,-0.4117,7.57,4649,ef6bd10,amendment-1 search (overlay-cost fix)
2026-10-03T11:40:57+00:00,FTE,FTE_A+D+E|invvol_shrunk|vt8|brake,IS,1.0,dee35ca4fc,"{""brake"": true, ""labels"": [""A"", ""D"", ""E""], ""scheme"": ""invvol_shrunk"", ""vol_target"": 0.08}",0.1138,0.01958,-0.2452,5.06,4649,ef6bd10,amendment-1 search (overlay-cost fix)
2026-10-03T11:40:57+00:00,FTE,FTE_A+D+E|invvol_shrunk|vt10|nobrake,IS,1.0,e7f2a9f627,"{""brake"": false, ""labels"": [""A"", ""D"", ""E""], ""scheme"": ""invvol_shrunk"", ""vol_target"": 0.1}",-0.0418,0.0053,-0.4807,11.54,4649,ef6bd10,amendment-1 search (overlay-cost fix)
2026-10-03T11:40:57+00:00,FTE,FTE_A+D+E|invvol_shrunk|vt10|brake,IS,1.0,c57af74cee,"{""brake"": true, ""labels"": [""A"", ""D"", ""E""], ""scheme"": ""invvol_shrunk"", ""vol_target"": 0.1}",0.1208,0.02071,-0.2735,7.72,4649,ef6bd10,amendment-1 search (overlay-cost fix)
2026-10-03T11:40:57+00:00,FTE,FTE_A+D+E|minvar_lw|vt6|nobrake,IS,1.0,d18411f2cd,"{""brake"": false, ""labels"": [""A"", ""D"", ""E""], ""scheme"": ""minvar_lw"", ""vol_target"": 0.06}",-0.2317,-0.00376,-0.4191,3.79,4633,ef6bd10,amendment-1 search (overlay-cost fix)
2026-10-03T11:40:57+00:00,FTE,FTE_A+D+E|minvar_lw|vt6|brake,IS,1.0,4b23f5938b,"{""brake"": true, ""labels"": [""A"", ""D"", ""E""], ""scheme"": ""minvar_lw"", ""vol_target"": 0.06}",-0.0499,0.01042,-0.2384,2.56,4633,ef6bd10,amendment-1 search (overlay-cost fix)
2026-10-03T11:40:57+00:00,FTE,FTE_A+D+E|minvar_lw|vt8|nobrake,IS,1.0,4c76edc485,"{""brake"": false, ""labels"": [""A"", ""D"", ""E""], ""scheme"": ""minvar_lw"", ""vol_target"": 0.08}",-0.2127,-0.00524,-0.4534,6.36,4633,ef6bd10,amendment-1 search (overlay-cost fix)
2026-10-03T11:40:57+00:00,FTE,FTE_A+D+E|minvar_lw|vt8|brake,IS,1.0,3df43a3613,"{""brake"": true, ""labels"": [""A"", ""D"", ""E""], ""scheme"": ""minvar_lw"", ""vol_target"": 0.08}",-0.0522,0.00959,-0.2737,4.16,4633,ef6bd10,amendment-1 search (overlay-cost fix)
2026-10-03T11:40:57+00:00,FTE,FTE_A+D+E|minvar_lw|vt10|nobrake,IS,1.0,1097c88d56,"{""brake"": false, ""labels"": [""A"", ""D"", ""E""], ""scheme"": ""minvar_lw"", ""vol_target"": 0.1}",-0.1801,-0.00446,-0.4664,9.43,4633,ef6bd10,amendment-1 search (overlay-cost fix)
2026-10-03T11:40:57+00:00,FTE,FTE_A+D+E|minvar_lw|vt10|brake,IS,1.0,e81552efbd,"{""brake"": true, ""labels"": [""A"", ""D"", ""E""], ""scheme"": ""minvar_lw"", ""vol_target"": 0.1}",-0.0284,0.0104,-0.2887,6.05,4633,ef6bd10,amendment-1 search (overlay-cost fix)
2026-10-03T11:40:57+00:00,FTE,FTE_A+D+E+PCT|eqrisk|vt6|nobrake,IS,1.0,034096676e,"{""brake"": false, ""labels"": [""A"", ""D"", ""E"", ""PCT""], ""scheme"": ""eqrisk"", ""vol_target"": 0.06}",0.0598,0.01619,-0.284,7.93,4649,ef6bd10,amendment-1 search (overlay-cost fix)
2026-10-03T11:40:57+00:00,FTE,FTE_A+D+E+PCT|eqrisk|vt6|brake,IS,1.0,bd24b34cdd,"{""brake"": true, ""labels"": [""A"", ""D"", ""E"", ""PCT""], ""scheme"": ""eqrisk"", ""vol_target"": 0.06}",0.1721,0.02169,-0.1991,6.12,4649,ef6bd10,amendment-1 search (overlay-cost fix)
2026-10-03T11:40:57+00:00,FTE,FTE_A+D+E+PCT|eqrisk|vt8|nobrake,IS,1.0,9beac78f07,"{""brake"": false, ""labels"": [""A"", ""D"", ""E"", ""PCT""], ""scheme"": ""eqrisk"", ""vol_target"": 0.08}",0.0492,0.01516,-0.3652,14.38,4649,ef6bd10,amendment-1 search (overlay-cost fix)
2026-10-03T11:40:57+00:00,FTE,FTE_A+D+E+PCT|eqrisk|vt8|brake,IS,1.0,ad093d6382,"{""brake"": true, ""labels"": [""A"", ""D"", ""E"", ""PCT""], ""scheme"": ""eqrisk"", ""vol_target"": 0.08}",0.1998,0.02494,-0.2203,10.25,4649,ef6bd10,amendment-1 search (overlay-cost fix)
2026-10-03T11:40:57+00:00,FTE,FTE_A+D+E+PCT|eqrisk|vt10|nobrake,IS,1.0,65f58bdc00,"{""brake"": false, ""labels"": [""A"", ""D"", ""E"", ""PCT""], ""scheme"": ""eqrisk"", ""vol_target"": 0.1}",0.0431,0.0141,-0.4172,22.13,4649,ef6bd10,amendment-1 search (overlay-cost fix)
2026-10-03T11:40:57+00:00,FTE,FTE_A+D+E+PCT|eqrisk|vt10|brake,IS,1.0,322ced029b,"{""brake"": true, ""labels"": [""A"", ""D"", ""E"", ""PCT""], ""scheme"": ""eqrisk"", ""vol_target"": 0.1}",0.2049,0.02675,-0.2351,15.33,4649,ef6bd10,amendment-1 search (overlay-cost fix)
2026-10-03T11:40:57+00:00,FTE,FTE_A+D+E+PCT|invvol_shrunk|vt6|nobrake,IS,1.0,361fd05dba,"{""brake"": false, ""labels"": [""A"", ""D"", ""E"", ""PCT""], ""scheme"": ""invvol_shrunk"", ""vol_target"": 0.06}",0.1294,0.02063,-0.2217,7.37,4649,ef6bd10,amendment-1 search (overlay-cost fix)
2026-10-03T11:40:57+00:00,FTE,FTE_A+D+E+PCT|invvol_shrunk|vt6|brake,IS,1.0,0c67367662,"{""brake"": true, ""labels"": [""A"", ""D"", ""E"", ""PCT""], ""scheme"": ""invvol_shrunk"", ""vol_target"": 0.06}",0.2317,0.02457,-0.1838,6.25,4649,ef6bd10,amendment-1 search (overlay-cost fix)
2026-10-03T11:40:57+00:00,FTE,FTE_A+D+E+PCT|invvol_shrunk|vt8|nobrake,IS,1.0,d9916b045a,"{""brake"": false, ""labels"": [""A"", ""D"", ""E"", ""PCT""], ""scheme"": ""invvol_shrunk"", ""vol_target"": 0.08}",0.1108,0.02018,-0.3312,13.07,4649,ef6bd10,amendment-1 search (overlay-cost fix)
2026-10-03T11:40:57+00:00,FTE,FTE_A+D+E+PCT|invvol_shrunk|vt8|brake,IS,1.0,fe3ab15a4e,"{""brake"": true, ""labels"": [""A"", ""D"", ""E"", ""PCT""], ""scheme"": ""invvol_shrunk"", ""vol_target"": 0.08}",0.2435,0.02782,-0.2103,9.36,4649,ef6bd10,amendment-1 search (overlay-cost fix)
2026-10-03T11:40:57+00:00,FTE,FTE_A+D+E+PCT|invvol_shrunk|vt10|nobrake,IS,1.0,d519831f57,"{""brake"": false, ""labels"": [""A"", ""D"", ""E"", ""PCT""], ""scheme"": ""invvol_shrunk"", ""vol_target"": 0.1}",0.0966,0.01913,-0.4023,20.58,4649,ef6bd10,amendment-1 search (overlay-cost fix)
2026-10-03T11:40:57+00:00,FTE,FTE_A+D+E+PCT|invvol_shrunk|vt10|brake,IS,1.0,11c1dd5050,"{""brake"": true, ""labels"": [""A"", ""D"", ""E"", ""PCT""], ""scheme"": ""invvol_shrunk"", ""vol_target"": 0.1}",0.2197,0.02806,-0.2297,13.53,4649,ef6bd10,amendment-1 search (overlay-cost fix)
2026-10-03T11:40:57+00:00,FTE,FTE_A+D+E+PCT|minvar_lw|vt6|nobrake,IS,1.0,e95c1476fb,"{""brake"": false, ""labels"": [""A"", ""D"", ""E"", ""PCT""], ""scheme"": ""minvar_lw"", ""vol_target"": 0.06}",-0.1246,0.00406,-0.3571,5.81,4633,ef6bd10,amendment-1 search (overlay-cost fix)
2026-10-03T11:40:57+00:00,FTE,FTE_A+D+E+PCT|minvar_lw|vt6|brake,IS,1.0,dd60fc3516,"{""brake"": true, ""labels"": [""A"", ""D"", ""E"", ""PCT""], ""scheme"": ""minvar_lw"", ""vol_target"": 0.06}",0.036,0.01483,-0.2125,4.23,4633,ef6bd10,amendment-1 search (overlay-cost fix)
2026-10-03T11:40:57+00:00,FTE,FTE_A+D+E+PCT|minvar_lw|vt8|nobrake,IS,1.0,21dc2edaf2,"{""brake"": false, ""labels"": [""A"", ""D"", ""E"", ""PCT""], ""scheme"": ""minvar_lw"", ""vol_target"": 0.08}",-0.1,0.00393,-0.3958,10.19,4633,ef6bd10,amendment-1 search (overlay-cost fix)
2026-10-03T11:40:57+00:00,FTE,FTE_A+D+E+PCT|minvar_lw|vt8|brake,IS,1.0,c2dbff87f0,"{""brake"": true, ""labels"": [""A"", ""D"", ""E"", ""PCT""], ""scheme"": ""minvar_lw"", ""vol_target"": 0.08}",0.0521,0.01562,-0.233,7.06,4633,ef6bd10,amendment-1 search (overlay-cost fix)
2026-10-03T11:40:57+00:00,FTE,FTE_A+D+E+PCT|minvar_lw|vt10|nobrake,IS,1.0,3087a74d3b,"{""brake"": false, ""labels"": [""A"", ""D"", ""E"", ""PCT""], ""scheme"": ""minvar_lw"", ""vol_target"": 0.1}",-0.0658,0.00541,-0.4128,15.27,4633,ef6bd10,amendment-1 search (overlay-cost fix)
2026-10-03T11:40:57+00:00,FTE,FTE_A+D+E+PCT|minvar_lw|vt10|brake,IS,1.0,1917dcf861,"{""brake"": true, ""labels"": [""A"", ""D"", ""E"", ""PCT""], ""scheme"": ""minvar_lw"", ""vol_target"": 0.1}",0.0997,0.01868,-0.2351,10.57,4633,ef6bd10,amendment-1 search (overlay-cost fix)
2026-10-03T11:40:57+00:00,FTE,FTE_A+D+E+TSMOM|eqrisk|vt6|nobrake,IS,1.0,01fb4e4a5d,"{""brake"": false, ""labels"": [""A"", ""D"", ""E"", ""TSMOM""], ""scheme"": ""eqrisk"", ""vol_target"": 0.06}",0.1241,0.0203,-0.2371,8.4,4649,ef6bd10,amendment-1 search (overlay-cost fix)
2026-10-03T11:40:57+00:00,FTE,FTE_A+D+E+TSMOM|eqrisk|vt6|brake,IS,1.0,acfc25f331,"{""brake"": true, ""labels"": [""A"", ""D"", ""E"", ""TSMOM""], ""scheme"": ""eqrisk"", ""vol_target"": 0.06}",0.1819,0.02228,-0.1831,7.02,4649,ef6bd10,amendment-1 search (overlay-cost fix)
2026-10-03T11:40:57+00:00,FTE,FTE_A+D+E+TSMOM|eqrisk|vt8|nobrake,IS,1.0,d56ba971a7,"{""brake"": false, ""labels"": [""A"", ""D"", ""E"", ""TSMOM""], ""scheme"": ""eqrisk"", ""vol_target"": 0.08}",0.1202,0.02084,-0.2974,15.2,4649,ef6bd10,amendment-1 search (overlay-cost fix)
2026-10-03T11:40:57+00:00,FTE,FTE_A+D+E+TSMOM|eqrisk|vt8|brake,IS,1.0,0b13bf2f43,"{""brake"": true, ""labels"": [""A"", ""D"", ""E"", ""TSMOM""], ""scheme"": ""eqrisk"", ""vol_target"": 0.08}",0.2336,0.02708,-0.2064,11.06,4649,ef6bd10,amendment-1 search (overlay-cost fix)
2026-10-03T11:40:57+00:00,FTE,FTE_A+D+E+TSMOM|eqrisk|vt10|nobrake,IS,1.0,888c37d7ce,"{""brake"": false, ""labels"": [""A"", ""D"", ""E"", ""TSMOM""], ""scheme"": ""eqrisk"", ""vol_target"": 0.1}",0.1133,0.02068,-0.3438,23.26,4649,ef6bd10,amendment-1 search (overlay-cost fix)
2026-10-03T11:40:57+00:00,FTE,FTE_A+D+E+TSMOM|eqrisk|vt10|brake,IS,1.0,4c2b71fce0,"{""brake"": true, ""labels"": [""A"", ""D"", ""E"", ""TSMOM""], ""scheme"": ""eqrisk"", ""vol_target"": 0.1}",0.2415,0.02949,-0.2205,16.17,4649,ef6bd10,amendment-1 search (overlay-cost fix)
2026-10-03T11:40:57+00:00,FTE,FTE_A+D+E+TSMOM|invvol_shrunk|vt6|nobrake,IS,1.0,1d114ad397,"{""brake"": false, ""labels"": [""A"", ""D"", ""E"", ""TSMOM""], ""scheme"": ""invvol_shrunk"", ""vol_target"": 0.06}",0.2118,0.02588,-0.1968,7.93,4649,ef6bd10,amendment-1 search (overlay-cost fix)
2026-10-03T11:40:57+00:00,FTE,FTE_A+D+E+TSMOM|invvol_shrunk|vt6|brake,IS,1.0,ddf7809419,"{""brake"": true, ""labels"": [""A"", ""D"", ""E"", ""TSMOM""], ""scheme"": ""invvol_shrunk"", ""vol_target"": 0.06}",0.2299,0.02512,-0.1574,7.71,4649,ef6bd10,amendment-1 search (overlay-cost fix)
2026-10-03T11:40:57+00:00,FTE,FTE_A+D+E+TSMOM|invvol_shrunk|vt8|nobrake,IS,1.0,df2d66a1d1,"{""brake"": false, ""labels"": [""A"", ""D"", ""E"", ""TSMOM""], ""scheme"": ""invvol_shrunk"", ""vol_target"": 0.08}",0.2012,0.02764,-0.2483,13.84,4649,ef6bd10,amendment-1 search (overlay-cost fix)
2026-10-03T11:40:57+00:00,FTE,FTE_A+D+E+TSMOM|invvol_shrunk|vt8|brake,IS,1.0,235b81dad8,"{""brake"": true, ""labels"": [""A"", ""D"", ""E"", ""TSMOM""], ""scheme"": ""invvol_shrunk"", ""vol_target"": 0.08}",0.2566,0.02884,-0.1923,11.4,4649,ef6bd10,amendment-1 search (overlay-cost fix)
2026-10-03T11:40:57+00:00,FTE,FTE_A+D+E+TSMOM|invvol_shrunk|vt10|nobrake,IS,1.0,6fc1e0ccd8,"{""brake"": false, ""labels"": [""A"", ""D"", ""E"", ""TSMOM""], ""scheme"": ""invvol_shrunk"", ""vol_target"": 0.1}",0.1888,0.02826,-0.2989,21.88,4649,ef6bd10,amendment-1 search (overlay-cost fix)
2026-10-03T11:40:57+00:00,FTE,FTE_A+D+E+TSMOM|invvol_shrunk|vt10|brake,IS,1.0,1cd3aaa954,"{""brake"": true, ""labels"": [""A"", ""D"", ""E"", ""TSMOM""], ""scheme"": ""invvol_shrunk"", ""vol_target"": 0.1}",0.2585,0.03126,-0.2028,16.16,4649,ef6bd10,amendment-1 search (overlay-cost fix)
2026-10-03T11:40:57+00:00,FTE,FTE_A+D+E+TSMOM|minvar_lw|vt6|nobrake,IS,1.0,7149cf9f1e,"{""brake"": false, ""labels"": [""A"", ""D"", ""E"", ""TSMOM""], ""scheme"": ""minvar_lw"", ""vol_target"": 0.06}",-0.0985,0.00574,-0.3335,5.92,4633,ef6bd10,amendment-1 search (overlay-cost fix)
2026-10-03T11:40:57+00:00,FTE,FTE_A+D+E+TSMOM|minvar_lw|vt6|brake,IS,1.0,8924c07b45,"{""brake"": true, ""labels"": [""A"", ""D"", ""E"", ""TSMOM""], ""scheme"": ""minvar_lw"", ""vol_target"": 0.06}",0.0459,0.01532,-0.2073,4.39,4633,ef6bd10,amendment-1 search (overlay-cost fix)
2026-10-03T11:40:57+00:00,FTE,FTE_A+D+E+TSMOM|minvar_lw|vt8|nobrake,IS,1.0,be9b356168,"{""brake"": false, ""labels"": [""A"", ""D"", ""E"", ""TSMOM""], ""scheme"": ""minvar_lw"", ""vol_target"": 0.08}",-0.0768,0.00567,-0.3669,10.3,4633,ef6bd10,amendment-1 search (overlay-cost fix)
2026-10-03T11:40:57+00:00,FTE,FTE_A+D+E+TSMOM|minvar_lw|vt8|brake,IS,1.0,3e6f5614e6,"{""brake"": true, ""labels"": [""A"", ""D"", ""E"", ""TSMOM""], ""scheme"": ""minvar_lw"", ""vol_target"": 0.08}",0.0579,0.01596,-0.2205,6.89,4633,ef6bd10,amendment-1 search (overlay-cost fix)
2026-10-03T11:40:57+00:00,FTE,FTE_A+D+E+TSMOM|minvar_lw|vt10|nobrake,IS,1.0,30f367f83f,"{""brake"": false, ""labels"": [""A"", ""D"", ""E"", ""TSMOM""], ""scheme"": ""minvar_lw"", ""vol_target"": 0.1}",-0.0368,0.00785,-0.3757,15.37,4633,ef6bd10,amendment-1 search (overlay-cost fix)
2026-10-03T11:40:57+00:00,FTE,FTE_A+D+E+TSMOM|minvar_lw|vt10|brake,IS,1.0,1a08c16735,"{""brake"": true, ""labels"": [""A"", ""D"", ""E"", ""TSMOM""], ""scheme"": ""minvar_lw"", ""vol_target"": 0.1}",0.0974,0.01852,-0.2267,10.49,4633,ef6bd10,amendment-1 search (overlay-cost fix)
2026-10-03T11:40:57+00:00,FTE,FTE_B+C+D|eqrisk|vt6|nobrake,IS,1.0,2b74621d67,"{""brake"": false, ""labels"": [""B"", ""C"", ""D""], ""scheme"": ""eqrisk"", ""vol_target"": 0.06}",0.2427,0.02833,-0.2087,7.06,4645,ef6bd10,amendment-1 search (overlay-cost fix)
2026-10-03T11:40:57+00:00,FTE,FTE_B+C+D|eqrisk|vt6|brake,IS,1.0,04326a70bd,"{""brake"": true, ""labels"": [""B"", ""C"", ""D""], ""scheme"": ""eqrisk"", ""vol_target"": 0.06}",0.2442,0.02649,-0.1652,6.41,4645,ef6bd10,amendment-1 search (overlay-cost fix)
2026-10-03T11:40:57+00:00,FTE,FTE_B+C+D|eqrisk|vt8|nobrake,IS,1.0,9fe65d177d,"{""brake"": false, ""labels"": [""B"", ""C"", ""D""], ""scheme"": ""eqrisk"", ""vol_target"": 0.08}",0.1882,0.02633,-0.2602,12.6,4645,ef6bd10,amendment-1 search (overlay-cost fix)
2026-10-03T11:40:57+00:00,FTE,FTE_B+C+D|eqrisk|vt8|brake,IS,1.0,b244034440,"{""brake"": true, ""labels"": [""B"", ""C"", ""D""], ""scheme"": ""eqrisk"", ""vol_target"": 0.08}",0.2034,0.02546,-0.1957,10.5,4645,ef6bd10,amendment-1 search (overlay-cost fix)
2026-10-03T11:40:57+00:00,FTE,FTE_B+C+D|eqrisk|vt10|nobrake,IS,1.0,c8214de75f,"{""brake"": false, ""labels"": [""B"", ""C"", ""D""], ""scheme"": ""eqrisk"", ""vol_target"": 0.1}",0.1509,0.02403,-0.2899,18.1,4645,ef6bd10,amendment-1 search (overlay-cost fix)
2026-10-03T11:40:57+00:00,FTE,FTE_B+C+D|eqrisk|vt10|brake,IS,1.0,7dfc252e94,"{""brake"": true, ""labels"": [""B"", ""C"", ""D""], ""scheme"": ""eqrisk"", ""vol_target"": 0.1}",0.1632,0.02337,-0.2155,13.33,4645,ef6bd10,amendment-1 search (overlay-cost fix)
2026-10-03T11:40:57+00:00,FTE,FTE_B+C+D|invvol_shrunk|vt6|nobrake,IS,1.0,837bab066a,"{""brake"": false, ""labels"": [""B"", ""C"", ""D""], ""scheme"": ""invvol_shrunk"", ""vol_target"": 0.06}",0.3131,0.03314,-0.1863,4.7,4645,ef6bd10,amendment-1 search (overlay-cost fix)
2026-10-03T11:40:57+00:00,FTE,FTE_B+C+D|invvol_shrunk|vt6|brake,IS,1.0,1acd0a0930,"{""brake"": true, ""labels"": [""B"", ""C"", ""D""], ""scheme"": ""invvol_shrunk"", ""vol_target"": 0.06}",0.3098,0.03094,-0.1506,4.41,4645,ef6bd10,amendment-1 search (overlay-cost fix)
2026-10-03T11:40:57+00:00,FTE,FTE_B+C+D|invvol_shrunk|vt8|nobrake,IS,1.0,8ce30e1489,"{""brake"": false, ""labels"": [""B"", ""C"", ""D""], ""scheme"": ""invvol_shrunk"", ""vol_target"": 0.08}",0.2912,0.03572,-0.2479,9.16,4645,ef6bd10,amendment-1 search (overlay-cost fix)
2026-10-03T11:40:57+00:00,FTE,FTE_B+C+D|invvol_shrunk|vt8|brake,IS,1.0,854e236da7,"{""brake"": true, ""labels"": [""B"", ""C"", ""D""], ""scheme"": ""invvol_shrunk"", ""vol_target"": 0.08}",0.3091,0.03391,-0.1842,8.11,4645,ef6bd10,amendment-1 search (overlay-cost fix)
2026-10-03T11:40:57+00:00,FTE,FTE_B+C+D|invvol_shrunk|vt10|nobrake,IS,1.0,7f3c81aa1a,"{""brake"": false, ""labels"": [""B"", ""C"", ""D""], ""scheme"": ""invvol_shrunk"", ""vol_target"": 0.1}",0.2442,0.03412,-0.2921,14.64,4645,ef6bd10,amendment-1 search (overlay-cost fix)
2026-10-03T11:40:57+00:00,FTE,FTE_B+C+D|invvol_shrunk|vt10|brake,IS,1.0,bf48c6db65,"{""brake"": true, ""labels"": [""B"", ""C"", ""D""], ""scheme"": ""invvol_shrunk"", ""vol_target"": 0.1}",0.2505,0.0315,-0.2128,11.49,4645,ef6bd10,amendment-1 search (overlay-cost fix)
2026-10-03T11:40:57+00:00,FTE,FTE_B+C+D|minvar_lw|vt6|nobrake,IS,1.0,899f315dc5,"{""brake"": false, ""labels"": [""B"", ""C"", ""D""], ""scheme"": ""minvar_lw"", ""vol_target"": 0.06}",0.1032,0.01894,-0.2666,6.82,4633,ef6bd10,amendment-1 search (overlay-cost fix)
2026-10-03T11:40:57+00:00,FTE,FTE_B+C+D|minvar_lw|vt6|brake,IS,1.0,a428f37cfa,"{""brake"": true, ""labels"": [""B"", ""C"", ""D""], ""scheme"": ""minvar_lw"", ""vol_target"": 0.06}",0.2392,0.02503,-0.2049,4.5,4633,ef6bd10,amendment-1 search (overlay-cost fix)
2026-10-03T11:40:57+00:00,FTE,FTE_B+C+D|minvar_lw|vt8|nobrake,IS,1.0,bcf7dce8b3,"{""brake"": false, ""labels"": [""B"", ""C"", ""D""], ""scheme"": ""minvar_lw"", ""vol_target"": 0.08}",0.0652,0.01637,-0.3033,12.09,4633,ef6bd10,amendment-1 search (overlay-cost fix)
2026-10-03T11:40:57+00:00,FTE,FTE_B+C+D|minvar_lw|vt8|brake,IS,1.0,497150be56,"{""brake"": true, ""labels"": [""B"", ""C"", ""D""], ""scheme"": ""minvar_lw"", ""vol_target"": 0.08}",0.1948,0.02361,-0.2147,7.82,4633,ef6bd10,amendment-1 search (overlay-cost fix)
2026-10-03T11:40:57+00:00,FTE,FTE_B+C+D|minvar_lw|vt10|nobrake,IS,1.0,ff8e93dae3,"{""brake"": false, ""labels"": [""B"", ""C"", ""D""], ""scheme"": ""minvar_lw"", ""vol_target"": 0.1}",0.0648,0.01625,-0.307,17.0,4633,ef6bd10,amendment-1 search (overlay-cost fix)
2026-10-03T11:40:57+00:00,FTE,FTE_B+C+D|minvar_lw|vt10|brake,IS,1.0,fd11a0f81a,"{""brake"": true, ""labels"": [""B"", ""C"", ""D""], ""scheme"": ""minvar_lw"", ""vol_target"": 0.1}",0.1705,0.02286,-0.222,10.98,4633,ef6bd10,amendment-1 search (overlay-cost fix)
2026-10-03T11:40:57+00:00,FTE,FTE_B+C+D+PCT|eqrisk|vt6|nobrake,IS,1.0,4dc324014f,"{""brake"": false, ""labels"": [""B"", ""C"", ""D"", ""PCT""], ""scheme"": ""eqrisk"", ""vol_target"": 0.06}",0.3244,0.03334,-0.1883,9.9,4645,ef6bd10,amendment-1 search (overlay-cost fix)
2026-10-03T11:40:57+00:00,FTE,FTE_B+C+D+PCT|eqrisk|vt6|brake,IS,1.0,3865d8d93c,"{""brake"": true, ""labels"": [""B"", ""C"", ""D"", ""PCT""], ""scheme"": ""eqrisk"", ""vol_target"": 0.06}",0.3438,0.0327,-0.1542,9.37,4645,ef6bd10,amendment-1 search (overlay-cost fix)
2026-10-03T11:40:57+00:00,FTE,FTE_B+C+D+PCT|eqrisk|vt8|nobrake,IS,1.0,f633f235fc,"{""brake"": false, ""labels"": [""B"", ""C"", ""D"", ""PCT""], ""scheme"": ""eqrisk"", ""vol_target"": 0.08}",0.2597,0.03191,-0.2352,18.11,4645,ef6bd10,amendment-1 search (overlay-cost fix)
2026-10-03T11:40:57+00:00,FTE,FTE_B+C+D+PCT|eqrisk|vt8|brake,IS,1.0,d5ccaba62c,"{""brake"": true, ""labels"": [""B"", ""C"", ""D"", ""PCT""], ""scheme"": ""eqrisk"", ""vol_target"": 0.08}",0.2614,0.02974,-0.17,15.85,4645,ef6bd10,amendment-1 search (overlay-cost fix)
2026-10-03T11:40:57+00:00,FTE,FTE_B+C+D+PCT|eqrisk|vt10|nobrake,IS,1.0,d51c580865,"{""brake"": false, ""labels"": [""B"", ""C"", ""D"", ""PCT""], ""scheme"": ""eqrisk"", ""vol_target"": 0.1}",0.2092,0.02942,-0.2778,27.04,4645,ef6bd10,amendment-1 search (overlay-cost fix)
2026-10-03T11:40:57+00:00,FTE,FTE_B+C+D+PCT|eqrisk|vt10|brake,IS,1.0,93172db54e,"{""brake"": true, ""labels"": [""B"", ""C"", ""D"", ""PCT""], ""scheme"": ""eqrisk"", ""vol_target"": 0.1}",0.2163,0.02782,-0.1945,22.47,4645,ef6bd10,amendment-1 search (overlay-cost fix)
2026-10-03T11:40:57+00:00,FTE,FTE_B+C+D+PCT|invvol_shrunk|vt6|nobrake,IS,1.0,ad0b9d389e,"{""brake"": false, ""labels"": [""B"", ""C"", ""D"", ""PCT""], ""scheme"": ""invvol_shrunk"", ""vol_target"": 0.06}",0.4099,0.03914,-0.1756,7.54,4645,ef6bd10,amendment-1 search (overlay-cost fix)
2026-10-03T11:40:57+00:00,FTE,FTE_B+C+D+PCT|invvol_shrunk|vt6|brake,IS,1.0,69dafba87b,"{""brake"": true, ""labels"": [""B"", ""C"", ""D"", ""PCT""], ""scheme"": ""invvol_shrunk"", ""vol_target"": 0.06}",0.4253,0.03768,-0.1421,7.67,4645,ef6bd10,amendment-1 search (overlay-cost fix)
2026-10-03T11:40:57+00:00,FTE,FTE_B+C+D+PCT|invvol_shrunk|vt8|nobrake,IS,1.0,5f57c315a9,"{""brake"": false, ""labels"": [""B"", ""C"", ""D"", ""PCT""], ""scheme"": ""invvol_shrunk"", ""vol_target"": 0.08}",0.3609,0.04109,-0.2393,14.44,4645,ef6bd10,amendment-1 search (overlay-cost fix)
2026-10-03T11:40:57+00:00,FTE,FTE_B+C+D+PCT|invvol_shrunk|vt8|brake,IS,1.0,19ea2e9c5a,"{""brake"": true, ""labels"": [""B"", ""C"", ""D"", ""PCT""], ""scheme"": ""invvol_shrunk"", ""vol_target"": 0.08}",0.4438,0.04457,-0.1677,11.81,4645,ef6bd10,amendment-1 search (overlay-cost fix)
2026-10-03T11:40:57+00:00,FTE,FTE_B+C+D+PCT|invvol_shrunk|vt10|nobrake,IS,1.0,864c9865a6,"{""brake"": false, ""labels"": [""B"", ""C"", ""D"", ""PCT""], ""scheme"": ""invvol_shrunk"", ""vol_target"": 0.1}",0.2933,0.03862,-0.3069,23.6,4645,ef6bd10,amendment-1 search (overlay-cost fix)
2026-10-03T11:40:57+00:00,FTE,FTE_B+C+D+PCT|invvol_shrunk|vt10|brake,IS,1.0,43e321a9a3,"{""brake"": true, ""labels"": [""B"", ""C"", ""D"", ""PCT""], ""scheme"": ""invvol_shrunk"", ""vol_target"": 0.1}",0.3284,0.03803,-0.2056,20.16,4645,ef6bd10,amendment-1 search (overlay-cost fix)
2026-10-03T11:40:57+00:00,FTE,FTE_B+C+D+PCT|minvar_lw|vt6|nobrake,IS,1.0,6af56f51d8,"{""brake"": false, ""labels"": [""B"", ""C"", ""D"", ""PCT""], ""scheme"": ""minvar_lw"", ""vol_target"": 0.06}",0.1174,0.01983,-0.243,8.28,4633,ef6bd10,amendment-1 search (overlay-cost fix)
2026-10-03T11:40:57+00:00,FTE,FTE_B+C+D+PCT|minvar_lw|vt6|brake,IS,1.0,3c6c27ca29,"{""brake"": true, ""labels"": [""B"", ""C"", ""D"", ""PCT""], ""scheme"": ""minvar_lw"", ""vol_target"": 0.06}",0.2018,0.02335,-0.1948,5.98,4633,ef6bd10,amendment-1 search (overlay-cost fix)
2026-10-03T11:40:57+00:00,FTE,FTE_B+C+D+PCT|minvar_lw|vt8|nobrake,IS,1.0,20c3534c75,"{""brake"": false, ""labels"": [""B"", ""C"", ""D"", ""PCT""], ""scheme"": ""minvar_lw"", ""vol_target"": 0.08}",0.0981,0.01886,-0.2718,14.44,4633,ef6bd10,amendment-1 search (overlay-cost fix)
2026-10-03T11:40:57+00:00,FTE,FTE_B+C+D+PCT|minvar_lw|vt8|brake,IS,1.0,af4059d7f1,"{""brake"": true, ""labels"": [""B"", ""C"", ""D"", ""PCT""], ""scheme"": ""minvar_lw"", ""vol_target"": 0.08}",0.2078,0.02447,-0.2086,9.59,4633,ef6bd10,amendment-1 search (overlay-cost fix)
2026-10-03T11:40:57+00:00,FTE,FTE_B+C+D+PCT|minvar_lw|vt10|nobrake,IS,1.0,bdb313e78a,"{""brake"": false, ""labels"": [""B"", ""C"", ""D"", ""PCT""], ""scheme"": ""minvar_lw"", ""vol_target"": 0.1}",0.0927,0.01855,-0.2745,20.47,4633,ef6bd10,amendment-1 search (overlay-cost fix)
2026-10-03T11:40:57+00:00,FTE,FTE_B+C+D+PCT|minvar_lw|vt10|brake,IS,1.0,210b126912,"{""brake"": true, ""labels"": [""B"", ""C"", ""D"", ""PCT""], ""scheme"": ""minvar_lw"", ""vol_target"": 0.1}",0.1841,0.02411,-0.2067,14.84,4633,ef6bd10,amendment-1 search (overlay-cost fix)
2026-10-03T11:40:57+00:00,FTE,FTE_B+C+D+TSMOM|eqrisk|vt6|nobrake,IS,1.0,0aa27bbe0c,"{""brake"": false, ""labels"": [""B"", ""C"", ""D"", ""TSMOM""], ""scheme"": ""eqrisk"", ""vol_target"": 0.06}",0.4224,0.03968,-0.1639,10.74,4645,ef6bd10,amendment-1 search (overlay-cost fix)
2026-10-03T11:40:57+00:00,FTE,FTE_B+C+D+TSMOM|eqrisk|vt6|brake,IS,1.0,32a6abd866,"{""brake"": true, ""labels"": [""B"", ""C"", ""D"", ""TSMOM""], ""scheme"": ""eqrisk"", ""vol_target"": 0.06}",0.4019,0.03688,-0.1348,10.2,4645,ef6bd10,amendment-1 search (overlay-cost fix)
2026-10-03T11:40:57+00:00,FTE,FTE_B+C+D+TSMOM|eqrisk|vt8|nobrake,IS,1.0,6167822262,"{""brake"": false, ""labels"": [""B"", ""C"", ""D"", ""TSMOM""], ""scheme"": ""eqrisk"", ""vol_target"": 0.08}",0.373,0.04082,-0.1842,19.2,4645,ef6bd10,amendment-1 search (overlay-cost fix)
2026-10-03T11:40:57+00:00,FTE,FTE_B+C+D+TSMOM|eqrisk|vt8|brake,IS,1.0,72bc51d0ab,"{""brake"": true, ""labels"": [""B"", ""C"", ""D"", ""TSMOM""], ""scheme"": ""eqrisk"", ""vol_target"": 0.08}",0.3237,0.03465,-0.157,17.79,4645,ef6bd10,amendment-1 search (overlay-cost fix)
2026-10-03T11:40:57+00:00,FTE,FTE_B+C+D+TSMOM|eqrisk|vt10|nobrake,IS,1.0,7bed46ead4,"{""brake"": false, ""labels"": [""B"", ""C"", ""D"", ""TSMOM""], ""scheme"": ""eqrisk"", ""vol_target"": 0.1}",0.3211,0.03942,-0.22,28.32,4645,ef6bd10,amendment-1 search (overlay-cost fix)
2026-10-03T11:40:57+00:00,FTE,FTE_B+C+D+TSMOM|eqrisk|vt10|brake,IS,1.0,c45cdf91f5,"{""brake"": true, ""labels"": [""B"", ""C"", ""D"", ""TSMOM""], ""scheme"": ""eqrisk"", ""vol_target"": 0.1}",0.321,0.03717,-0.1712,24.06,4645,ef6bd10,amendment-1 search (overlay-cost fix)
2026-10-03T11:40:57+00:00,FTE,FTE_B+C+D+TSMOM|invvol_shrunk|vt6|nobrake,IS,1.0,362391f745,"{""brake"": false, ""labels"": [""B"", ""C"", ""D"", ""TSMOM""], ""scheme"": ""invvol_shrunk"", ""vol_target"": 0.06}",0.516,0.04623,-0.1502,8.42,4645,ef6bd10,amendment-1 search (overlay-cost fix)
2026-10-03T11:40:57+00:00,FTE,FTE_B+C+D+TSMOM|invvol_shrunk|vt6|brake,IS,1.0,448cbe6e5d,"{""brake"": true, ""labels"": [""B"", ""C"", ""D"", ""TSMOM""], ""scheme"": ""invvol_shrunk"", ""vol_target"": 0.06}",0.499,0.04354,-0.1283,8.82,4645,ef6bd10,amendment-1 search (overlay-cost fix)
2026-10-03T11:40:57+00:00,FTE,FTE_B+C+D+TSMOM|invvol_shrunk|vt8|nobrake,IS,1.0,64059081fc,"{""brake"": false, ""labels"": [""B"", ""C"", ""D"", ""TSMOM""], ""scheme"": ""invvol_shrunk"", ""vol_target"": 0.08}",0.4802,0.05095,-0.1837,16.12,4645,ef6bd10,amendment-1 search (overlay-cost fix)
2026-10-03T11:40:57+00:00,FTE,FTE_B+C+D+TSMOM|invvol_shrunk|vt8|brake,IS,1.0,49d8835802,"{""brake"": true, ""labels"": [""B"", ""C"", ""D"", ""TSMOM""], ""scheme"": ""invvol_shrunk"", ""vol_target"": 0.08}",0.4458,0.04493,-0.1527,15.39,4645,ef6bd10,amendment-1 search (overlay-cost fix)
2026-10-03T11:40:57+00:00,FTE,FTE_B+C+D+TSMOM|invvol_shrunk|vt10|nobrake,IS,1.0,f21431d25a,"{""brake"": false, ""labels"": [""B"", ""C"", ""D"", ""TSMOM""], ""scheme"": ""invvol_shrunk"", ""vol_target"": 0.1}",0.4328,0.05231,-0.2131,25.55,4645,ef6bd10,amendment-1 search (overlay-cost fix)
2026-10-03T11:40:57+00:00,FTE,FTE_B+C+D+TSMOM|invvol_shrunk|vt10|brake,IS,1.0,3c4c5c9805,"{""brake"": true, ""labels"": [""B"", ""C"", ""D"", ""TSMOM""], ""scheme"": ""invvol_shrunk"", ""vol_target"": 0.1}",0.4334,0.04873,-0.175,22.43,4645,ef6bd10,amendment-1 search (overlay-cost fix)
2026-10-03T11:40:57+00:00,FTE,FTE_B+C+D+TSMOM|minvar_lw|vt6|nobrake,IS,1.0,54f5169f4c,"{""brake"": false, ""labels"": [""B"", ""C"", ""D"", ""TSMOM""], ""scheme"": ""minvar_lw"", ""vol_target"": 0.06}",0.1497,0.02196,-0.2404,8.22,4633,ef6bd10,amendment-1 search (overlay-cost fix)
2026-10-03T11:40:57+00:00,FTE,FTE_B+C+D+TSMOM|minvar_lw|vt6|brake,IS,1.0,b0125ee01c,"{""brake"": true, ""labels"": [""B"", ""C"", ""D"", ""TSMOM""], ""scheme"": ""minvar_lw"", ""vol_target"": 0.06}",0.2458,0.02569,-0.1919,5.92,4633,ef6bd10,amendment-1 search (overlay-cost fix)
2026-10-03T11:40:57+00:00,FTE,FTE_B+C+D+TSMOM|minvar_lw|vt8|nobrake,IS,1.0,b213fe473e,"{""brake"": false, ""labels"": [""B"", ""C"", ""D"", ""TSMOM""], ""scheme"": ""minvar_lw"", ""vol_target"": 0.08}",0.1276,0.02106,-0.266,14.26,4633,ef6bd10,amendment-1 search (overlay-cost fix)
2026-10-03T11:40:57+00:00,FTE,FTE_B+C+D+TSMOM|minvar_lw|vt8|brake,IS,1.0,d8aaf8b463,"{""brake"": true, ""labels"": [""B"", ""C"", ""D"", ""TSMOM""], ""scheme"": ""minvar_lw"", ""vol_target"": 0.08}",0.2406,0.02655,-0.1935,9.85,4633,ef6bd10,amendment-1 search (overlay-cost fix)
2026-10-03T11:40:57+00:00,FTE,FTE_B+C+D+TSMOM|minvar_lw|vt10|nobrake,IS,1.0,8d0583a986,"{""brake"": false, ""labels"": [""B"", ""C"", ""D"", ""TSMOM""], ""scheme"": ""minvar_lw"", ""vol_target"": 0.1}",0.1237,0.0211,-0.2677,20.16,4633,ef6bd10,amendment-1 search (overlay-cost fix)
2026-10-03T11:40:57+00:00,FTE,FTE_B+C+D+TSMOM|minvar_lw|vt10|brake,IS,1.0,0c53f7311a,"{""brake"": true, ""labels"": [""B"", ""C"", ""D"", ""TSMOM""], ""scheme"": ""minvar_lw"", ""vol_target"": 0.1}",0.2109,0.02549,-0.2111,13.46,4633,ef6bd10,amendment-1 search (overlay-cost fix)
2026-10-03T11:40:57+00:00,FTE,FTE_B+C+E|eqrisk|vt6|nobrake,IS,1.0,2953b0db4e,"{""brake"": false, ""labels"": [""B"", ""C"", ""E""], ""scheme"": ""eqrisk"", ""vol_target"": 0.06}",0.536,0.04851,-0.2475,5.21,4649,ef6bd10,amendment-1 search (overlay-cost fix)
2026-10-03T11:40:57+00:00,FTE,FTE_B+C+E|eqrisk|vt6|brake,IS,1.0,a94129b904,"{""brake"": true, ""labels"": [""B"", ""C"", ""E""], ""scheme"": ""eqrisk"", ""vol_target"": 0.06}",0.5945,0.04824,-0.1827,4.74,4649,ef6bd10,amendment-1 search (overlay-cost fix)
2026-10-03T11:40:57+00:00,FTE,FTE_B+C+E|eqrisk|vt8|nobrake,IS,1.0,89fa55e310,"{""brake"": false, ""labels"": [""B"", ""C"", ""E""], ""scheme"": ""eqrisk"", ""vol_target"": 0.08}",0.5161,0.0554,-0.3085,7.35,4649,ef6bd10,amendment-1 search (overlay-cost fix)
2026-10-03T11:40:57+00:00,FTE,FTE_B+C+E|eqrisk|vt8|brake,IS,1.0,37d3266a70,"{""brake"": true, ""labels"": [""B"", ""C"", ""E""], ""scheme"": ""eqrisk"", ""vol_target"": 0.08}",0.5231,0.04981,-0.211,6.7,4649,ef6bd10,amendment-1 search (overlay-cost fix)
2026-10-03T11:40:57+00:00,FTE,FTE_B+C+E|eqrisk|vt10|nobrake,IS,1.0,d775c23169,"{""brake"": false, ""labels"": [""B"", ""C"", ""E""], ""scheme"": ""eqrisk"", ""vol_target"": 0.1}",0.4503,0.05541,-0.364,11.36,4649,ef6bd10,amendment-1 search (overlay-cost fix)
2026-10-03T11:40:57+00:00,FTE,FTE_B+C+E|eqrisk|vt10|brake,IS,1.0,031fed200d,"{""brake"": true, ""labels"": [""B"", ""C"", ""E""], ""scheme"": ""eqrisk"", ""vol_target"": 0.1}",0.499,0.05317,-0.2504,9.2,4649,ef6bd10,amendment-1 search (overlay-cost fix)
2026-10-03T11:40:57+00:00,FTE,FTE_B+C+E|invvol_shrunk|vt6|nobrake,IS,1.0,542e02bf4c,"{""brake"": false, ""labels"": [""B"", ""C"", ""E""], ""scheme"": ""invvol_shrunk"", ""vol_target"": 0.06}",0.4143,0.03983,-0.2646,4.96,4649,ef6bd10,amendment-1 search (overlay-cost fix)
2026-10-03T11:40:57+00:00,FTE,FTE_B+C+E|invvol_shrunk|vt6|brake,IS,1.0,6e2e194676,"{""brake"": true, ""labels"": [""B"", ""C"", ""E""], ""scheme"": ""invvol_shrunk"", ""vol_target"": 0.06}",0.4359,0.03773,-0.1915,4.69,4649,ef6bd10,amendment-1 search (overlay-cost fix)
2026-10-03T11:40:57+00:00,FTE,FTE_B+C+E|invvol_shrunk|vt8|nobrake,IS,1.0,b9d682fae6,"{""brake"": false, ""labels"": [""B"", ""C"", ""E""], ""scheme"": ""invvol_shrunk"", ""vol_target"": 0.08}",0.4123,0.0467,-0.3322,6.73,4649,ef6bd10,amendment-1 search (overlay-cost fix)
2026-10-03T11:40:57+00:00,FTE,FTE_B+C+E|invvol_shrunk|vt8|brake,IS,1.0,44c4fd7712,"{""brake"": true, ""labels"": [""B"", ""C"", ""E""], ""scheme"": ""invvol_shrunk"", ""vol_target"": 0.08}",0.4815,0.04641,-0.2246,5.86,4649,ef6bd10,amendment-1 search (overlay-cost fix)
2026-10-03T11:40:57+00:00,FTE,FTE_B+C+E|invvol_shrunk|vt10|nobrake,IS,1.0,7ccf0d6543,"{""brake"": false, ""labels"": [""B"", ""C"", ""E""], ""scheme"": ""invvol_shrunk"", ""vol_target"": 0.1}",0.3743,0.04855,-0.3934,10.17,4649,ef6bd10,amendment-1 search (overlay-cost fix)
2026-10-03T11:40:57+00:00,FTE,FTE_B+C+E|invvol_shrunk|vt10|brake,IS,1.0,43a8f96df1,"{""brake"": true, ""labels"": [""B"", ""C"", ""E""], ""scheme"": ""invvol_shrunk"", ""vol_target"": 0.1}",0.422,0.04648,-0.2671,8.35,4649,ef6bd10,amendment-1 search (overlay-cost fix)
2026-10-03T11:40:57+00:00,FTE,FTE_B+C+E|minvar_lw|vt6|nobrake,IS,1.0,e5045eed5b,"{""brake"": false, ""labels"": [""B"", ""C"", ""E""], ""scheme"": ""minvar_lw"", ""vol_target"": 0.06}",0.773,0.0661,-0.1757,4.32,4633,ef6bd10,amendment-1 search (overlay-cost fix)
2026-10-03T11:40:57+00:00,FTE,FTE_B+C+E|minvar_lw|vt6|brake,IS,1.0,8469a17245,"{""brake"": true, ""labels"": [""B"", ""C"", ""E""], ""scheme"": ""minvar_lw"", ""vol_target"": 0.06}",0.7736,0.06094,-0.1675,4.42,4633,ef6bd10,amendment-1 search (overlay-cost fix)
2026-10-03T11:40:57+00:00,FTE,FTE_B+C+E|minvar_lw|vt8|nobrake,IS,1.0,737057f239,"{""brake"": false, ""labels"": [""B"", ""C"", ""E""], ""scheme"": ""minvar_lw"", ""vol_target"": 0.08}",0.7407,0.07308,-0.2188,5.89,4633,ef6bd10,amendment-1 search (overlay-cost fix)
2026-10-03T11:40:57+00:00,FTE,FTE_B+C+E|minvar_lw|vt8|brake,IS,1.0,aa3a67d0e2,"{""brake"": true, ""labels"": [""B"", ""C"", ""E""], ""scheme"": ""minvar_lw"", ""vol_target"": 0.08}",0.7652,0.06909,-0.1677,5.81,4633,ef6bd10,amendment-1 search (overlay-cost fix)
2026-10-03T11:40:57+00:00,FTE,FTE_B+C+E|minvar_lw|vt10|nobrake,IS,1.0,83c6f1092a,"{""brake"": false, ""labels"": [""B"", ""C"", ""E""], ""scheme"": ""minvar_lw"", ""vol_target"": 0.1}",0.6816,0.07542,-0.2607,8.82,4633,ef6bd10,amendment-1 search (overlay-cost fix)
2026-10-03T11:40:57+00:00,FTE,FTE_B+C+E|minvar_lw|vt10|brake,IS,1.0,96cb57757c,"{""brake"": true, ""labels"": [""B"", ""C"", ""E""], ""scheme"": ""minvar_lw"", ""vol_target"": 0.1}",0.7402,0.07421,-0.1844,7.65,4633,ef6bd10,amendment-1 search (overlay-cost fix)
2026-10-03T11:40:57+00:00,FTE,FTE_B+C+E+PCT|eqrisk|vt6|nobrake,IS,1.0,2d5ca1ee59,"{""brake"": false, ""labels"": [""B"", ""C"", ""E"", ""PCT""], ""scheme"": ""eqrisk"", ""vol_target"": 0.06}",0.5732,0.05055,-0.1665,7.73,4649,ef6bd10,amendment-1 search (overlay-cost fix)
2026-10-03T11:40:57+00:00,FTE,FTE_B+C+E+PCT|eqrisk|vt6|brake,IS,1.0,301c4ea84c,"{""brake"": true, ""labels"": [""B"", ""C"", ""E"", ""PCT""], ""scheme"": ""eqrisk"", ""vol_target"": 0.06}",0.5842,0.04746,-0.1412,7.58,4649,ef6bd10,amendment-1 search (overlay-cost fix)
2026-10-03T11:40:57+00:00,FTE,FTE_B+C+E+PCT|eqrisk|vt8|nobrake,IS,1.0,d8d0098e80,"{""brake"": false, ""labels"": [""B"", ""C"", ""E"", ""PCT""], ""scheme"": ""eqrisk"", ""vol_target"": 0.08}",0.5222,0.05511,-0.2352,12.2,4649,ef6bd10,amendment-1 search (overlay-cost fix)
2026-10-03T11:40:57+00:00,FTE,FTE_B+C+E+PCT|eqrisk|vt8|brake,IS,1.0,b2eb6b7606,"{""brake"": true, ""labels"": [""B"", ""C"", ""E"", ""PCT""], ""scheme"": ""eqrisk"", ""vol_target"": 0.08}",0.5642,0.05273,-0.1671,10.36,4649,ef6bd10,amendment-1 search (overlay-cost fix)
2026-10-03T11:40:57+00:00,FTE,FTE_B+C+E+PCT|eqrisk|vt10|nobrake,IS,1.0,853cc704b2,"{""brake"": false, ""labels"": [""B"", ""C"", ""E"", ""PCT""], ""scheme"": ""eqrisk"", ""vol_target"": 0.1}",0.4544,0.05496,-0.3014,19.38,4649,ef6bd10,amendment-1 search (overlay-cost fix)
2026-10-03T11:40:57+00:00,FTE,FTE_B+C+E+PCT|eqrisk|vt10|brake,IS,1.0,3b550ec2ef,"{""brake"": true, ""labels"": [""B"", ""C"", ""E"", ""PCT""], ""scheme"": ""eqrisk"", ""vol_target"": 0.1}",0.4457,0.0479,-0.2012,17.3,4649,ef6bd10,amendment-1 search (overlay-cost fix)
2026-10-03T11:40:57+00:00,FTE,FTE_B+C+E+PCT|invvol_shrunk|vt6|nobrake,IS,1.0,6180d181ee,"{""brake"": false, ""labels"": [""B"", ""C"", ""E"", ""PCT""], ""scheme"": ""invvol_shrunk"", ""vol_target"": 0.06}",0.4633,0.04287,-0.1877,7.33,4649,ef6bd10,amendment-1 search (overlay-cost fix)
2026-10-03T11:40:57+00:00,FTE,FTE_B+C+E+PCT|invvol_shrunk|vt6|brake,IS,1.0,cc0750597b,"{""brake"": true, ""labels"": [""B"", ""C"", ""E"", ""PCT""], ""scheme"": ""invvol_shrunk"", ""vol_target"": 0.06}",0.4748,0.0403,-0.147,7.71,4649,ef6bd10,amendment-1 search (overlay-cost fix)
2026-10-03T11:40:57+00:00,FTE,FTE_B+C+E+PCT|invvol_shrunk|vt8|nobrake,IS,1.0,7059ce1f3b,"{""brake"": false, ""labels"": [""B"", ""C"", ""E"", ""PCT""], ""scheme"": ""invvol_shrunk"", ""vol_target"": 0.08}",0.4324,0.04795,-0.2577,11.34,4649,ef6bd10,amendment-1 search (overlay-cost fix)
2026-10-03T11:40:57+00:00,FTE,FTE_B+C+E+PCT|invvol_shrunk|vt8|brake,IS,1.0,9a89920866,"{""brake"": true, ""labels"": [""B"", ""C"", ""E"", ""PCT""], ""scheme"": ""invvol_shrunk"", ""vol_target"": 0.08}",0.4705,0.04612,-0.177,10.05,4649,ef6bd10,amendment-1 search (overlay-cost fix)
2026-10-03T11:40:57+00:00,FTE,FTE_B+C+E+PCT|invvol_shrunk|vt10|nobrake,IS,1.0,e4fb79590e,"{""brake"": false, ""labels"": [""B"", ""C"", ""E"", ""PCT""], ""scheme"": ""invvol_shrunk"", ""vol_target"": 0.1}",0.3916,0.04944,-0.3207,18.19,4649,ef6bd10,amendment-1 search (overlay-cost fix)
2026-10-03T11:40:57+00:00,FTE,FTE_B+C+E+PCT|invvol_shrunk|vt10|brake,IS,1.0,8d71015672,"{""brake"": true, ""labels"": [""B"", ""C"", ""E"", ""PCT""], ""scheme"": ""invvol_shrunk"", ""vol_target"": 0.1}",0.4131,0.04504,-0.2123,15.23,4649,ef6bd10,amendment-1 search (overlay-cost fix)
2026-10-03T11:40:57+00:00,FTE,FTE_B+C+E+PCT|minvar_lw|vt6|nobrake,IS,1.0,797517f3b9,"{""brake"": false, ""labels"": [""B"", ""C"", ""E"", ""PCT""], ""scheme"": ""minvar_lw"", ""vol_target"": 0.06}",0.7922,0.06629,-0.1444,5.7,4633,ef6bd10,amendment-1 search (overlay-cost fix)
2026-10-03T11:40:57+00:00,FTE,FTE_B+C+E+PCT|minvar_lw|vt6|brake,IS,1.0,8b16562793,"{""brake"": true, ""labels"": [""B"", ""C"", ""E"", ""PCT""], ""scheme"": ""minvar_lw"", ""vol_target"": 0.06}",0.7746,0.06062,-0.1413,6.33,4633,ef6bd10,amendment-1 search (overlay-cost fix)
2026-10-03T11:40:57+00:00,FTE,FTE_B+C+E+PCT|minvar_lw|vt8|nobrake,IS,1.0,c38929ef04,"{""brake"": false, ""labels"": [""B"", ""C"", ""E"", ""PCT""], ""scheme"": ""minvar_lw"", ""vol_target"": 0.08}",0.751,0.07317,-0.1838,8.77,4633,ef6bd10,amendment-1 search (overlay-cost fix)
2026-10-03T11:40:57+00:00,FTE,FTE_B+C+E+PCT|minvar_lw|vt8|brake,IS,1.0,5a422e5fb9,"{""brake"": true, ""labels"": [""B"", ""C"", ""E"", ""PCT""], ""scheme"": ""minvar_lw"", ""vol_target"": 0.08}",0.7887,0.07019,-0.1518,7.99,4633,ef6bd10,amendment-1 search (overlay-cost fix)
2026-10-03T11:40:57+00:00,FTE,FTE_B+C+E+PCT|minvar_lw|vt10|nobrake,IS,1.0,21eea28749,"{""brake"": false, ""labels"": [""B"", ""C"", ""E"", ""PCT""], ""scheme"": ""minvar_lw"", ""vol_target"": 0.1}",0.675,0.07439,-0.2231,13.55,4633,ef6bd10,amendment-1 search (overlay-cost fix)
2026-10-03T11:40:57+00:00,FTE,FTE_B+C+E+PCT|minvar_lw|vt10|brake,IS,1.0,c475283520,"{""brake"": true, ""labels"": [""B"", ""C"", ""E"", ""PCT""], ""scheme"": ""minvar_lw"", ""vol_target"": 0.1}",0.7216,0.07193,-0.1732,11.41,4633,ef6bd10,amendment-1 search (overlay-cost fix)
2026-10-03T11:40:57+00:00,FTE,FTE_B+C+E+TSMOM|eqrisk|vt6|nobrake,IS,1.0,cbd5333995,"{""brake"": false, ""labels"": [""B"", ""C"", ""E"", ""TSMOM""], ""scheme"": ""eqrisk"", ""vol_target"": 0.06}",0.6683,0.05708,-0.1601,7.98,4649,ef6bd10,amendment-1 search (overlay-cost fix)
2026-10-03T11:40:57+00:00,FTE,FTE_B+C+E+TSMOM|eqrisk|vt6|brake,IS,1.0,72ca79d6ff,"{""brake"": true, ""labels"": [""B"", ""C"", ""E"", ""TSMOM""], ""scheme"": ""eqrisk"", ""vol_target"": 0.06}",0.6504,0.05232,-0.1485,8.43,4649,ef6bd10,amendment-1 search (overlay-cost fix)
2026-10-03T11:40:57+00:00,FTE,FTE_B+C+E+TSMOM|eqrisk|vt8|nobrake,IS,1.0,ee30779482,"{""brake"": false, ""labels"": [""B"", ""C"", ""E"", ""TSMOM""], ""scheme"": ""eqrisk"", ""vol_target"": 0.08}",0.6191,0.06341,-0.2039,12.67,4649,ef6bd10,amendment-1 search (overlay-cost fix)
2026-10-03T11:40:57+00:00,FTE,FTE_B+C+E+TSMOM|eqrisk|vt8|brake,IS,1.0,c77f80e451,"{""brake"": true, ""labels"": [""B"", ""C"", ""E"", ""TSMOM""], ""scheme"": ""eqrisk"", ""vol_target"": 0.08}",0.6348,0.05954,-0.1565,11.68,4649,ef6bd10,amendment-1 search (overlay-cost fix)
2026-10-03T11:40:57+00:00,FTE,FTE_B+C+E+TSMOM|eqrisk|vt10|nobrake,IS,1.0,914eeaa24a,"{""brake"": false, ""labels"": [""B"", ""C"", ""E"", ""TSMOM""], ""scheme"": ""eqrisk"", ""vol_target"": 0.1}",0.5457,0.064,-0.2479,20.06,4649,ef6bd10,amendment-1 search (overlay-cost fix)
2026-10-03T11:40:57+00:00,FTE,FTE_B+C+E+TSMOM|eqrisk|vt10|brake,IS,1.0,3a5616a865,"{""brake"": true, ""labels"": [""B"", ""C"", ""E"", ""TSMOM""], ""scheme"": ""eqrisk"", ""vol_target"": 0.1}",0.5658,0.05936,-0.1893,17.11,4649,ef6bd10,amendment-1 search (overlay-cost fix)
2026-10-03T11:40:57+00:00,FTE,FTE_B+C+E+TSMOM|invvol_shrunk|vt6|nobrake,IS,1.0,72f4123927,"{""brake"": false, ""labels"": [""B"", ""C"", ""E"", ""TSMOM""], ""scheme"": ""invvol_shrunk"", ""vol_target"": 0.06}",0.5688,0.05003,-0.1595,7.67,4649,ef6bd10,amendment-1 search (overlay-cost fix)
2026-10-03T11:40:57+00:00,FTE,FTE_B+C+E+TSMOM|invvol_shrunk|vt6|brake,IS,1.0,3a816f72ea,"{""brake"": true, ""labels"": [""B"", ""C"", ""E"", ""TSMOM""], ""scheme"": ""invvol_shrunk"", ""vol_target"": 0.06}",0.5655,0.04664,-0.1453,7.73,4649,ef6bd10,amendment-1 search (overlay-cost fix)
2026-10-03T11:40:57+00:00,FTE,FTE_B+C+E+TSMOM|invvol_shrunk|vt8|nobrake,IS,1.0,7466887a82,"{""brake"": false, ""labels"": [""B"", ""C"", ""E"", ""TSMOM""], ""scheme"": ""invvol_shrunk"", ""vol_target"": 0.08}",0.5399,0.05735,-0.2031,11.94,4649,ef6bd10,amendment-1 search (overlay-cost fix)
2026-10-03T11:40:57+00:00,FTE,FTE_B+C+E+TSMOM|invvol_shrunk|vt8|brake,IS,1.0,b74c889c37,"{""brake"": true, ""labels"": [""B"", ""C"", ""E"", ""TSMOM""], ""scheme"": ""invvol_shrunk"", ""vol_target"": 0.08}",0.5,0.04927,-0.1597,11.89,4649,ef6bd10,amendment-1 search (overlay-cost fix)
2026-10-03T11:40:57+00:00,FTE,FTE_B+C+E+TSMOM|invvol_shrunk|vt10|nobrake,IS,1.0,f89880bed9,"{""brake"": false, ""labels"": [""B"", ""C"", ""E"", ""TSMOM""], ""scheme"": ""invvol_shrunk"", ""vol_target"": 0.1}",0.4954,0.06009,-0.2458,18.99,4649,ef6bd10,amendment-1 search (overlay-cost fix)
2026-10-03T11:40:57+00:00,FTE,FTE_B+C+E+TSMOM|invvol_shrunk|vt10|brake,IS,1.0,31b3d91150,"{""brake"": true, ""labels"": [""B"", ""C"", ""E"", ""TSMOM""], ""scheme"": ""invvol_shrunk"", ""vol_target"": 0.1}",0.4764,0.05232,-0.1887,17.52,4649,ef6bd10,amendment-1 search (overlay-cost fix)
2026-10-03T11:40:57+00:00,FTE,FTE_B+C+E+TSMOM|minvar_lw|vt6|nobrake,IS,1.0,1ce8e5e269,"{""brake"": false, ""labels"": [""B"", ""C"", ""E"", ""TSMOM""], ""scheme"": ""minvar_lw"", ""vol_target"": 0.06}",0.8307,0.06924,-0.153,5.65,4633,ef6bd10,amendment-1 search (overlay-cost fix)
2026-10-03T11:40:57+00:00,FTE,FTE_B+C+E+TSMOM|minvar_lw|vt6|brake,IS,1.0,5f2cca6c4e,"{""brake"": true, ""labels"": [""B"", ""C"", ""E"", ""TSMOM""], ""scheme"": ""minvar_lw"", ""vol_target"": 0.06}",0.809,0.06562,-0.1291,5.85,4633,ef6bd10,amendment-1 search (overlay-cost fix)
2026-10-03T11:40:57+00:00,FTE,FTE_B+C+E+TSMOM|minvar_lw|vt8|nobrake,IS,1.0,6c0ebc7f95,"{""brake"": false, ""labels"": [""B"", ""C"", ""E"", ""TSMOM""], ""scheme"": ""minvar_lw"", ""vol_target"": 0.08}",0.7907,0.07662,-0.193,8.52,4633,ef6bd10,amendment-1 search (overlay-cost fix)
2026-10-03T11:40:57+00:00,FTE,FTE_B+C+E+TSMOM|minvar_lw|vt8|brake,IS,1.0,eb94a9ed49,"{""brake"": true, ""labels"": [""B"", ""C"", ""E"", ""TSMOM""], ""scheme"": ""minvar_lw"", ""vol_target"": 0.08}",0.7999,0.0713,-0.1575,8.65,4633,ef6bd10,amendment-1 search (overlay-cost fix)
2026-10-03T11:40:57+00:00,FTE,FTE_B+C+E+TSMOM|minvar_lw|vt10|nobrake,IS,1.0,4d360dba4f,"{""brake"": false, ""labels"": [""B"", ""C"", ""E"", ""TSMOM""], ""scheme"": ""minvar_lw"", ""vol_target"": 0.1}",0.7193,0.0785,-0.2325,13.13,4633,ef6bd10,amendment-1 search (overlay-cost fix)
2026-10-03T11:40:57+00:00,FTE,FTE_B+C+E+TSMOM|minvar_lw|vt10|brake,IS,1.0,7e7d226c84,"{""brake"": true, ""labels"": [""B"", ""C"", ""E"", ""TSMOM""], ""scheme"": ""minvar_lw"", ""vol_target"": 0.1}",0.7707,0.07646,-0.178,11.61,4633,ef6bd10,amendment-1 search (overlay-cost fix)
2026-10-03T11:40:57+00:00,FTE,FTE_B+D+E|eqrisk|vt6|nobrake,IS,1.0,32560dbb61,"{""brake"": false, ""labels"": [""B"", ""D"", ""E""], ""scheme"": ""eqrisk"", ""vol_target"": 0.06}",-0.2036,-0.00115,-0.4009,4.3,4649,ef6bd10,amendment-1 search (overlay-cost fix)
2026-10-03T11:40:57+00:00,FTE,FTE_B+D+E|eqrisk|vt6|brake,IS,1.0,98e8434260,"{""brake"": true, ""labels"": [""B"", ""D"", ""E""], ""scheme"": ""eqrisk"", ""vol_target"": 0.06}",-0.0128,0.01249,-0.237,3.12,4649,ef6bd10,amendment-1 search (overlay-cost fix)
2026-10-03T11:40:57+00:00,FTE,FTE_B+D+E|eqrisk|vt8|nobrake,IS,1.0,a13e1e4658,"{""brake"": false, ""labels"": [""B"", ""D"", ""E""], ""scheme"": ""eqrisk"", ""vol_target"": 0.08}",-0.1977,-0.00569,-0.5012,6.57,4649,ef6bd10,amendment-1 search (overlay-cost fix)
2026-10-03T11:40:57+00:00,FTE,FTE_B+D+E|eqrisk|vt8|brake,IS,1.0,dec319c2fe,"{""brake"": true, ""labels"": [""B"", ""D"", ""E""], ""scheme"": ""eqrisk"", ""vol_target"": 0.08}",-0.0318,0.01033,-0.2994,4.93,4649,ef6bd10,amendment-1 search (overlay-cost fix)
2026-10-03T11:40:57+00:00,FTE,FTE_B+D+E|eqrisk|vt10|nobrake,IS,1.0,1e18e52094,"{""brake"": false, ""labels"": [""B"", ""D"", ""E""], ""scheme"": ""eqrisk"", ""vol_target"": 0.1}",-0.207,-0.01109,-0.5779,10.46,4649,ef6bd10,amendment-1 search (overlay-cost fix)
2026-10-03T11:40:57+00:00,FTE,FTE_B+D+E|eqrisk|vt10|brake,IS,1.0,2cfcb40b63,"{""brake"": true, ""labels"": [""B"", ""D"", ""E""], ""scheme"": ""eqrisk"", ""vol_target"": 0.1}",-0.0233,0.00983,-0.3475,7.48,4649,ef6bd10,amendment-1 search (overlay-cost fix)
2026-10-03T11:40:57+00:00,FTE,FTE_B+D+E|invvol_shrunk|vt6|nobrake,IS,1.0,03d0c50eab,"{""brake"": false, ""labels"": [""B"", ""D"", ""E""], ""scheme"": ""invvol_shrunk"", ""vol_target"": 0.06}",-0.0993,0.0059,-0.3493,4.21,4649,ef6bd10,amendment-1 search (overlay-cost fix)
2026-10-03T11:40:57+00:00,FTE,FTE_B+D+E|invvol_shrunk|vt6|brake,IS,1.0,2a0db1fee3,"{""brake"": true, ""labels"": [""B"", ""D"", ""E""], ""scheme"": ""invvol_shrunk"", ""vol_target"": 0.06}",0.0576,0.01601,-0.2194,3.22,4649,ef6bd10,amendment-1 search (overlay-cost fix)
2026-10-03T11:40:57+00:00,FTE,FTE_B+D+E|invvol_shrunk|vt8|nobrake,IS,1.0,e10dda4990,"{""brake"": false, ""labels"": [""B"", ""D"", ""E""], ""scheme"": ""invvol_shrunk"", ""vol_target"": 0.08}",-0.0961,0.00267,-0.4505,6.24,4649,ef6bd10,amendment-1 search (overlay-cost fix)
2026-10-03T11:40:57+00:00,FTE,FTE_B+D+E|invvol_shrunk|vt8|brake,IS,1.0,56eca2e29d,"{""brake"": true, ""labels"": [""B"", ""D"", ""E""], ""scheme"": ""invvol_shrunk"", ""vol_target"": 0.08}",0.0625,0.01636,-0.2725,4.38,4649,ef6bd10,amendment-1 search (overlay-cost fix)
2026-10-03T11:40:57+00:00,FTE,FTE_B+D+E|invvol_shrunk|vt10|nobrake,IS,1.0,3e0a2441a2,"{""brake"": false, ""labels"": [""B"", ""D"", ""E""], ""scheme"": ""invvol_shrunk"", ""vol_target"": 0.1}",-0.0885,-0.00016,-0.5325,9.48,4649,ef6bd10,amendment-1 search (overlay-cost fix)
2026-10-03T11:40:57+00:00,FTE,FTE_B+D+E|invvol_shrunk|vt10|brake,IS,1.0,ca8a597075,"{""brake"": true, ""labels"": [""B"", ""D"", ""E""], ""scheme"": ""invvol_shrunk"", ""vol_target"": 0.1}",0.033,0.01405,-0.3295,7.02,4649,ef6bd10,amendment-1 search (overlay-cost fix)
2026-10-03T11:40:57+00:00,FTE,FTE_B+D+E|minvar_lw|vt6|nobrake,IS,1.0,a0ad0a90e0,"{""brake"": false, ""labels"": [""B"", ""D"", ""E""], ""scheme"": ""minvar_lw"", ""vol_target"": 0.06}",-0.3975,-0.0153,-0.5337,2.96,4633,ef6bd10,amendment-1 search (overlay-cost fix)
2026-10-03T11:40:57+00:00,FTE,FTE_B+D+E|minvar_lw|vt6|brake,IS,1.0,012ccde18f,"{""brake"": true, ""labels"": [""B"", ""D"", ""E""], ""scheme"": ""minvar_lw"", ""vol_target"": 0.06}",-0.1876,0.00389,-0.322,1.95,4633,ef6bd10,amendment-1 search (overlay-cost fix)
2026-10-03T11:40:57+00:00,FTE,FTE_B+D+E|minvar_lw|vt8|nobrake,IS,1.0,2db71a3d57,"{""brake"": false, ""labels"": [""B"", ""D"", ""E""], ""scheme"": ""minvar_lw"", ""vol_target"": 0.08}",-0.3964,-0.02086,-0.6007,4.56,4633,ef6bd10,amendment-1 search (overlay-cost fix)
2026-10-03T11:40:57+00:00,FTE,FTE_B+D+E|minvar_lw|vt8|brake,IS,1.0,7f9cab3a14,"{""brake"": true, ""labels"": [""B"", ""D"", ""E""], ""scheme"": ""minvar_lw"", ""vol_target"": 0.08}",-0.1687,0.00311,-0.3646,3.12,4633,ef6bd10,amendment-1 search (overlay-cost fix)
2026-10-03T11:40:57+00:00,FTE,FTE_B+D+E|minvar_lw|vt10|nobrake,IS,1.0,8d53488eda,"{""brake"": false, ""labels"": [""B"", ""D"", ""E""], ""scheme"": ""minvar_lw"", ""vol_target"": 0.1}",-0.3821,-0.02349,-0.6349,6.98,4633,ef6bd10,amendment-1 search (overlay-cost fix)
2026-10-03T11:40:57+00:00,FTE,FTE_B+D+E|minvar_lw|vt10|brake,IS,1.0,01b7f4dfce,"{""brake"": true, ""labels"": [""B"", ""D"", ""E""], ""scheme"": ""minvar_lw"", ""vol_target"": 0.1}",-0.1517,0.00255,-0.3945,4.48,4633,ef6bd10,amendment-1 search (overlay-cost fix)
2026-10-03T11:40:57+00:00,FTE,FTE_B+D+E+PCT|eqrisk|vt6|nobrake,IS,1.0,833c551546,"{""brake"": false, ""labels"": [""B"", ""D"", ""E"", ""PCT""], ""scheme"": ""eqrisk"", ""vol_target"": 0.06}",-0.0768,0.00726,-0.3342,6.93,4649,ef6bd10,amendment-1 search (overlay-cost fix)
2026-10-03T11:40:57+00:00,FTE,FTE_B+D+E+PCT|eqrisk|vt6|brake,IS,1.0,4adbbcb44f,"{""brake"": true, ""labels"": [""B"", ""D"", ""E"", ""PCT""], ""scheme"": ""eqrisk"", ""vol_target"": 0.06}",0.0883,0.01757,-0.2015,5.09,4649,ef6bd10,amendment-1 search (overlay-cost fix)
2026-10-03T11:40:57+00:00,FTE,FTE_B+D+E+PCT|eqrisk|vt8|nobrake,IS,1.0,5264b5c66b,"{""brake"": false, ""labels"": [""B"", ""D"", ""E"", ""PCT""], ""scheme"": ""eqrisk"", ""vol_target"": 0.08}",-0.0913,0.00341,-0.4391,11.8,4649,ef6bd10,amendment-1 search (overlay-cost fix)
2026-10-03T11:40:57+00:00,FTE,FTE_B+D+E+PCT|eqrisk|vt8|brake,IS,1.0,611af21258,"{""brake"": true, ""labels"": [""B"", ""D"", ""E"", ""PCT""], ""scheme"": ""eqrisk"", ""vol_target"": 0.08}",0.0682,0.01672,-0.2591,9.01,4649,ef6bd10,amendment-1 search (overlay-cost fix)
2026-10-03T11:40:57+00:00,FTE,FTE_B+D+E+PCT|eqrisk|vt10|nobrake,IS,1.0,df12153bb9,"{""brake"": false, ""labels"": [""B"", ""D"", ""E"", ""PCT""], ""scheme"": ""eqrisk"", ""vol_target"": 0.1}",-0.1151,-0.00169,-0.5292,19.27,4649,ef6bd10,amendment-1 search (overlay-cost fix)
2026-10-03T11:40:57+00:00,FTE,FTE_B+D+E+PCT|eqrisk|vt10|brake,IS,1.0,29bb5694e6,"{""brake"": true, ""labels"": [""B"", ""D"", ""E"", ""PCT""], ""scheme"": ""eqrisk"", ""vol_target"": 0.1}",0.0306,0.01395,-0.3172,14.01,4649,ef6bd10,amendment-1 search (overlay-cost fix)
2026-10-03T11:40:57+00:00,FTE,FTE_B+D+E+PCT|invvol_shrunk|vt6|nobrake,IS,1.0,1d516e810a,"{""brake"": false, ""labels"": [""B"", ""D"", ""E"", ""PCT""], ""scheme"": ""invvol_shrunk"", ""vol_target"": 0.06}",0.0468,0.01534,-0.2801,6.66,4649,ef6bd10,amendment-1 search (overlay-cost fix)
2026-10-03T11:40:57+00:00,FTE,FTE_B+D+E+PCT|invvol_shrunk|vt6|brake,IS,1.0,b078f0ac55,"{""brake"": true, ""labels"": [""B"", ""D"", ""E"", ""PCT""], ""scheme"": ""invvol_shrunk"", ""vol_target"": 0.06}",0.1883,0.02261,-0.1858,5.18,4649,ef6bd10,amendment-1 search (overlay-cost fix)
2026-10-03T11:40:57+00:00,FTE,FTE_B+D+E+PCT|invvol_shrunk|vt8|nobrake,IS,1.0,c12db2c497,"{""brake"": false, ""labels"": [""B"", ""D"", ""E"", ""PCT""], ""scheme"": ""invvol_shrunk"", ""vol_target"": 0.08}",0.0322,0.01357,-0.3844,11.14,4649,ef6bd10,amendment-1 search (overlay-cost fix)
2026-10-03T11:40:57+00:00,FTE,FTE_B+D+E+PCT|invvol_shrunk|vt8|brake,IS,1.0,05abc9e9e4,"{""brake"": true, ""labels"": [""B"", ""D"", ""E"", ""PCT""], ""scheme"": ""invvol_shrunk"", ""vol_target"": 0.08}",0.1414,0.02141,-0.234,8.87,4649,ef6bd10,amendment-1 search (overlay-cost fix)
2026-10-03T11:40:57+00:00,FTE,FTE_B+D+E+PCT|invvol_shrunk|vt10|nobrake,IS,1.0,e622fa1d8a,"{""brake"": false, ""labels"": [""B"", ""D"", ""E"", ""PCT""], ""scheme"": ""invvol_shrunk"", ""vol_target"": 0.1}",0.0115,0.01039,-0.4798,17.89,4649,ef6bd10,amendment-1 search (overlay-cost fix)
2026-10-03T11:40:57+00:00,FTE,FTE_B+D+E+PCT|invvol_shrunk|vt10|brake,IS,1.0,5d3f755d75,"{""brake"": true, ""labels"": [""B"", ""D"", ""E"", ""PCT""], ""scheme"": ""invvol_shrunk"", ""vol_target"": 0.1}",0.0935,0.01863,-0.2977,15.01,4649,ef6bd10,amendment-1 search (overlay-cost fix)
2026-10-03T11:40:57+00:00,FTE,FTE_B+D+E+PCT|minvar_lw|vt6|nobrake,IS,1.0,767e46952d,"{""brake"": false, ""labels"": [""B"", ""D"", ""E"", ""PCT""], ""scheme"": ""minvar_lw"", ""vol_target"": 0.06}",-0.3384,-0.01056,-0.4842,4.75,4633,ef6bd10,amendment-1 search (overlay-cost fix)
2026-10-03T11:40:57+00:00,FTE,FTE_B+D+E+PCT|minvar_lw|vt6|brake,IS,1.0,5ef44553c3,"{""brake"": true, ""labels"": [""B"", ""D"", ""E"", ""PCT""], ""scheme"": ""minvar_lw"", ""vol_target"": 0.06}",-0.1621,0.00535,-0.2965,3.33,4633,ef6bd10,amendment-1 search (overlay-cost fix)
2026-10-03T11:40:57+00:00,FTE,FTE_B+D+E+PCT|minvar_lw|vt8|nobrake,IS,1.0,ed4bdbf5f4,"{""brake"": false, ""labels"": [""B"", ""D"", ""E"", ""PCT""], ""scheme"": ""minvar_lw"", ""vol_target"": 0.08}",-0.3353,-0.0152,-0.5517,7.81,4633,ef6bd10,amendment-1 search (overlay-cost fix)
2026-10-03T11:40:57+00:00,FTE,FTE_B+D+E+PCT|minvar_lw|vt8|brake,IS,1.0,55f30570f2,"{""brake"": true, ""labels"": [""B"", ""D"", ""E"", ""PCT""], ""scheme"": ""minvar_lw"", ""vol_target"": 0.08}",-0.146,0.00414,-0.3407,5.37,4633,ef6bd10,amendment-1 search (overlay-cost fix)
2026-10-03T11:40:57+00:00,FTE,FTE_B+D+E+PCT|minvar_lw|vt10|nobrake,IS,1.0,6b60e83ad8,"{""brake"": false, ""labels"": [""B"", ""D"", ""E"", ""PCT""], ""scheme"": ""minvar_lw"", ""vol_target"": 0.1}",-0.3073,-0.01648,-0.587,12.11,4633,ef6bd10,amendment-1 search (overlay-cost fix)
2026-10-03T11:40:57+00:00,FTE,FTE_B+D+E+PCT|minvar_lw|vt10|brake,IS,1.0,491e041b59,"{""brake"": true, ""labels"": [""B"", ""D"", ""E"", ""PCT""], ""scheme"": ""minvar_lw"", ""vol_target"": 0.1}",-0.1097,0.00502,-0.368,8.4,4633,ef6bd10,amendment-1 search (overlay-cost fix)
2026-10-03T11:40:57+00:00,FTE,FTE_B+D+E+TSMOM|eqrisk|vt6|nobrake,IS,1.0,ef047d0853,"{""brake"": false, ""labels"": [""B"", ""D"", ""E"", ""TSMOM""], ""scheme"": ""eqrisk"", ""vol_target"": 0.06}",-0.0015,0.01217,-0.298,7.41,4649,ef6bd10,amendment-1 search (overlay-cost fix)
2026-10-03T11:40:57+00:00,FTE,FTE_B+D+E+TSMOM|eqrisk|vt6|brake,IS,1.0,6084b8c8db,"{""brake"": true, ""labels"": [""B"", ""D"", ""E"", ""TSMOM""], ""scheme"": ""eqrisk"", ""vol_target"": 0.06}",0.1521,0.02087,-0.1908,5.4,4649,ef6bd10,amendment-1 search (overlay-cost fix)
2026-10-03T11:40:57+00:00,FTE,FTE_B+D+E+TSMOM|eqrisk|vt8|nobrake,IS,1.0,deb1b0df79,"{""brake"": false, ""labels"": [""B"", ""D"", ""E"", ""TSMOM""], ""scheme"": ""eqrisk"", ""vol_target"": 0.08}",-0.0128,0.00993,-0.3821,12.62,4649,ef6bd10,amendment-1 search (overlay-cost fix)
2026-10-03T11:40:57+00:00,FTE,FTE_B+D+E+TSMOM|eqrisk|vt8|brake,IS,1.0,98fb3d25a9,"{""brake"": true, ""labels"": [""B"", ""D"", ""E"", ""TSMOM""], ""scheme"": ""eqrisk"", ""vol_target"": 0.08}",0.1401,0.02133,-0.2301,8.56,4649,ef6bd10,amendment-1 search (overlay-cost fix)
2026-10-03T11:40:57+00:00,FTE,FTE_B+D+E+TSMOM|eqrisk|vt10|nobrake,IS,1.0,2f56fb2a57,"{""brake"": false, ""labels"": [""B"", ""D"", ""E"", ""TSMOM""], ""scheme"": ""eqrisk"", ""vol_target"": 0.1}",-0.0285,0.00686,-0.459,20.54,4649,ef6bd10,amendment-1 search (overlay-cost fix)
2026-10-03T11:40:57+00:00,FTE,FTE_B+D+E+TSMOM|eqrisk|vt10|brake,IS,1.0,5fbb948ecb,"{""brake"": true, ""labels"": [""B"", ""D"", ""E"", ""TSMOM""], ""scheme"": ""eqrisk"", ""vol_target"": 0.1}",0.0893,0.0183,-0.2789,14.93,4649,ef6bd10,amendment-1 search (overlay-cost fix)
2026-10-03T11:40:57+00:00,FTE,FTE_B+D+E+TSMOM|invvol_shrunk|vt6|nobrake,IS,1.0,1923d97f12,"{""brake"": false, ""labels"": [""B"", ""D"", ""E"", ""TSMOM""], ""scheme"": ""invvol_shrunk"", ""vol_target"": 0.06}",0.1381,0.02131,-0.2239,7.26,4649,ef6bd10,amendment-1 search (overlay-cost fix)
2026-10-03T11:40:57+00:00,FTE,FTE_B+D+E+TSMOM|invvol_shrunk|vt6|brake,IS,1.0,8239b3d0f6,"{""brake"": true, ""labels"": [""B"", ""D"", ""E"", ""TSMOM""], ""scheme"": ""invvol_shrunk"", ""vol_target"": 0.06}",0.2178,0.02444,-0.1711,6.21,4649,ef6bd10,amendment-1 search (overlay-cost fix)
2026-10-03T11:40:57+00:00,FTE,FTE_B+D+E+TSMOM|invvol_shrunk|vt8|nobrake,IS,1.0,c66116ccc4,"{""brake"": false, ""labels"": [""B"", ""D"", ""E"", ""TSMOM""], ""scheme"": ""invvol_shrunk"", ""vol_target"": 0.08}",0.1246,0.02141,-0.3203,12.2,4649,ef6bd10,amendment-1 search (overlay-cost fix)
2026-10-03T11:40:57+00:00,FTE,FTE_B+D+E+TSMOM|invvol_shrunk|vt8|brake,IS,1.0,f7d1de8805,"{""brake"": true, ""labels"": [""B"", ""D"", ""E"", ""TSMOM""], ""scheme"": ""invvol_shrunk"", ""vol_target"": 0.08}",0.183,0.02415,-0.2006,9.27,4649,ef6bd10,amendment-1 search (overlay-cost fix)
2026-10-03T11:40:57+00:00,FTE,FTE_B+D+E+TSMOM|invvol_shrunk|vt10|nobrake,IS,1.0,153f674a3c,"{""brake"": false, ""labels"": [""B"", ""D"", ""E"", ""TSMOM""], ""scheme"": ""invvol_shrunk"", ""vol_target"": 0.1}",0.1114,0.02063,-0.4006,19.31,4649,ef6bd10,amendment-1 search (overlay-cost fix)
2026-10-03T11:40:57+00:00,FTE,FTE_B+D+E+TSMOM|invvol_shrunk|vt10|brake,IS,1.0,0a34718dbe,"{""brake"": true, ""labels"": [""B"", ""D"", ""E"", ""TSMOM""], ""scheme"": ""invvol_shrunk"", ""vol_target"": 0.1}",0.1786,0.02502,-0.2387,14.04,4649,ef6bd10,amendment-1 search (overlay-cost fix)
2026-10-03T11:40:57+00:00,FTE,FTE_B+D+E+TSMOM|minvar_lw|vt6|nobrake,IS,1.0,c09fe0ce22,"{""brake"": false, ""labels"": [""B"", ""D"", ""E"", ""TSMOM""], ""scheme"": ""minvar_lw"", ""vol_target"": 0.06}",-0.3006,-0.00799,-0.4694,4.85,4633,ef6bd10,amendment-1 search (overlay-cost fix)
2026-10-03T11:40:57+00:00,FTE,FTE_B+D+E+TSMOM|minvar_lw|vt6|brake,IS,1.0,6937584231,"{""brake"": true, ""labels"": [""B"", ""D"", ""E"", ""TSMOM""], ""scheme"": ""minvar_lw"", ""vol_target"": 0.06}",-0.1218,0.00729,-0.2853,3.35,4633,ef6bd10,amendment-1 search (overlay-cost fix)
2026-10-03T11:40:57+00:00,FTE,FTE_B+D+E+TSMOM|minvar_lw|vt8|nobrake,IS,1.0,e24bbe3cfd,"{""brake"": false, ""labels"": [""B"", ""D"", ""E"", ""TSMOM""], ""scheme"": ""minvar_lw"", ""vol_target"": 0.08}",-0.2917,-0.01173,-0.5333,7.97,4633,ef6bd10,amendment-1 search (overlay-cost fix)
2026-10-03T11:40:57+00:00,FTE,FTE_B+D+E+TSMOM|minvar_lw|vt8|brake,IS,1.0,a3a7705736,"{""brake"": true, ""labels"": [""B"", ""D"", ""E"", ""TSMOM""], ""scheme"": ""minvar_lw"", ""vol_target"": 0.08}",-0.0698,0.00855,-0.3097,5.51,4633,ef6bd10,amendment-1 search (overlay-cost fix)
2026-10-03T11:40:57+00:00,FTE,FTE_B+D+E+TSMOM|minvar_lw|vt10|nobrake,IS,1.0,7fd579c126,"{""brake"": false, ""labels"": [""B"", ""D"", ""E"", ""TSMOM""], ""scheme"": ""minvar_lw"", ""vol_target"": 0.1}",-0.2633,-0.0126,-0.5651,12.35,4633,ef6bd10,amendment-1 search (overlay-cost fix)
2026-10-03T11:40:57+00:00,FTE,FTE_B+D+E+TSMOM|minvar_lw|vt10|brake,IS,1.0,4b877da075,"{""brake"": true, ""labels"": [""B"", ""D"", ""E"", ""TSMOM""], ""scheme"": ""minvar_lw"", ""vol_target"": 0.1}",-0.0758,0.00725,-0.3354,9.02,4633,ef6bd10,amendment-1 search (overlay-cost fix)
2026-10-03T11:40:57+00:00,FTE,FTE_C+D+E|eqrisk|vt6|nobrake,IS,1.0,ed689295c6,"{""brake"": false, ""labels"": [""C"", ""D"", ""E""], ""scheme"": ""eqrisk"", ""vol_target"": 0.06}",0.1324,0.02087,-0.2774,8.06,4649,ef6bd10,amendment-1 search (overlay-cost fix)
2026-10-03T11:40:57+00:00,FTE,FTE_C+D+E|eqrisk|vt6|brake,IS,1.0,90058a4d85,"{""brake"": true, ""labels"": [""C"", ""D"", ""E""], ""scheme"": ""eqrisk"", ""vol_target"": 0.06}",0.2699,0.02694,-0.1927,5.79,4649,ef6bd10,amendment-1 search (overlay-cost fix)
2026-10-03T11:40:57+00:00,FTE,FTE_C+D+E|eqrisk|vt8|nobrake,IS,1.0,0e671cf586,"{""brake"": false, ""labels"": [""C"", ""D"", ""E""], ""scheme"": ""eqrisk"", ""vol_target"": 0.08}",0.0975,0.01898,-0.3214,13.04,4649,ef6bd10,amendment-1 search (overlay-cost fix)
2026-10-03T11:40:57+00:00,FTE,FTE_C+D+E|eqrisk|vt8|brake,IS,1.0,302812109b,"{""brake"": true, ""labels"": [""C"", ""D"", ""E""], ""scheme"": ""eqrisk"", ""vol_target"": 0.08}",0.2362,0.02687,-0.2189,9.07,4649,ef6bd10,amendment-1 search (overlay-cost fix)
2026-10-03T11:40:57+00:00,FTE,FTE_C+D+E|eqrisk|vt10|nobrake,IS,1.0,a2a774f3d3,"{""brake"": false, ""labels"": [""C"", ""D"", ""E""], ""scheme"": ""eqrisk"", ""vol_target"": 0.1}",0.0586,0.01575,-0.3648,18.01,4649,ef6bd10,amendment-1 search (overlay-cost fix)
2026-10-03T11:40:57+00:00,FTE,FTE_C+D+E|eqrisk|vt10|brake,IS,1.0,c7c8a02179,"{""brake"": true, ""labels"": [""C"", ""D"", ""E""], ""scheme"": ""eqrisk"", ""vol_target"": 0.1}",0.205,0.02606,-0.2376,12.27,4649,ef6bd10,amendment-1 search (overlay-cost fix)
2026-10-03T11:40:57+00:00,FTE,FTE_C+D+E|invvol_shrunk|vt6|nobrake,IS,1.0,d9d5aa822c,"{""brake"": false, ""labels"": [""C"", ""D"", ""E""], ""scheme"": ""invvol_shrunk"", ""vol_target"": 0.06}",0.158,0.02257,-0.263,5.89,4649,ef6bd10,amendment-1 search (overlay-cost fix)
2026-10-03T11:40:57+00:00,FTE,FTE_C+D+E|invvol_shrunk|vt6|brake,IS,1.0,1bbb65499c,"{""brake"": true, ""labels"": [""C"", ""D"", ""E""], ""scheme"": ""invvol_shrunk"", ""vol_target"": 0.06}",0.2859,0.02786,-0.186,4.74,4649,ef6bd10,amendment-1 search (overlay-cost fix)
2026-10-03T11:40:57+00:00,FTE,FTE_C+D+E|invvol_shrunk|vt8|nobrake,IS,1.0,eac9a19306,"{""brake"": false, ""labels"": [""C"", ""D"", ""E""], ""scheme"": ""invvol_shrunk"", ""vol_target"": 0.08}",0.1286,0.02162,-0.3204,10.23,4649,ef6bd10,amendment-1 search (overlay-cost fix)
2026-10-03T11:40:57+00:00,FTE,FTE_C+D+E|invvol_shrunk|vt8|brake,IS,1.0,7643d85566,"{""brake"": true, ""labels"": [""C"", ""D"", ""E""], ""scheme"": ""invvol_shrunk"", ""vol_target"": 0.08}",0.2692,0.0294,-0.2204,6.8,4649,ef6bd10,amendment-1 search (overlay-cost fix)
2026-10-03T11:40:57+00:00,FTE,FTE_C+D+E|invvol_shrunk|vt10|nobrake,IS,1.0,6dd9339d07,"{""brake"": false, ""labels"": [""C"", ""D"", ""E""], ""scheme"": ""invvol_shrunk"", ""vol_target"": 0.1}",0.0884,0.01834,-0.3966,15.28,4649,ef6bd10,amendment-1 search (overlay-cost fix)
2026-10-03T11:40:57+00:00,FTE,FTE_C+D+E|invvol_shrunk|vt10|brake,IS,1.0,18d9add1fb,"{""brake"": true, ""labels"": [""C"", ""D"", ""E""], ""scheme"": ""invvol_shrunk"", ""vol_target"": 0.1}",0.2479,0.03004,-0.2461,10.03,4649,ef6bd10,amendment-1 search (overlay-cost fix)
2026-10-03T11:40:57+00:00,FTE,FTE_C+D+E|minvar_lw|vt6|nobrake,IS,1.0,e05a2e9e29,"{""brake"": false, ""labels"": [""C"", ""D"", ""E""], ""scheme"": ""minvar_lw"", ""vol_target"": 0.06}",-0.0443,0.00933,-0.3472,6.49,4633,ef6bd10,amendment-1 search (overlay-cost fix)
2026-10-03T11:40:57+00:00,FTE,FTE_C+D+E|minvar_lw|vt6|brake,IS,1.0,6cb9728396,"{""brake"": true, ""labels"": [""C"", ""D"", ""E""], ""scheme"": ""minvar_lw"", ""vol_target"": 0.06}",0.1416,0.02,-0.23,4.25,4633,ef6bd10,amendment-1 search (overlay-cost fix)
2026-10-03T11:40:57+00:00,FTE,FTE_C+D+E|minvar_lw|vt8|nobrake,IS,1.0,430f150090,"{""brake"": false, ""labels"": [""C"", ""D"", ""E""], ""scheme"": ""minvar_lw"", ""vol_target"": 0.08}",-0.0741,0.0064,-0.3779,10.99,4633,ef6bd10,amendment-1 search (overlay-cost fix)
2026-10-03T11:40:57+00:00,FTE,FTE_C+D+E|minvar_lw|vt8|brake,IS,1.0,7ada17d100,"{""brake"": true, ""labels"": [""C"", ""D"", ""E""], ""scheme"": ""minvar_lw"", ""vol_target"": 0.08}",0.1047,0.01839,-0.2545,6.83,4633,ef6bd10,amendment-1 search (overlay-cost fix)
2026-10-03T11:40:57+00:00,FTE,FTE_C+D+E|minvar_lw|vt10|nobrake,IS,1.0,1695f63606,"{""brake"": false, ""labels"": [""C"", ""D"", ""E""], ""scheme"": ""minvar_lw"", ""vol_target"": 0.1}",-0.0747,0.00576,-0.3772,15.3,4633,ef6bd10,amendment-1 search (overlay-cost fix)
2026-10-03T11:40:57+00:00,FTE,FTE_C+D+E|minvar_lw|vt10|brake,IS,1.0,93f20be43c,"{""brake"": true, ""labels"": [""C"", ""D"", ""E""], ""scheme"": ""minvar_lw"", ""vol_target"": 0.1}",0.0881,0.01762,-0.2652,9.39,4633,ef6bd10,amendment-1 search (overlay-cost fix)
2026-10-03T11:40:57+00:00,FTE,FTE_C+D+E+PCT|eqrisk|vt6|nobrake,IS,1.0,5f384756a1,"{""brake"": false, ""labels"": [""C"", ""D"", ""E"", ""PCT""], ""scheme"": ""eqrisk"", ""vol_target"": 0.06}",0.2205,0.02636,-0.2352,10.72,4649,ef6bd10,amendment-1 search (overlay-cost fix)
2026-10-03T11:40:57+00:00,FTE,FTE_C+D+E+PCT|eqrisk|vt6|brake,IS,1.0,b6c59a1a32,"{""brake"": true, ""labels"": [""C"", ""D"", ""E"", ""PCT""], ""scheme"": ""eqrisk"", ""vol_target"": 0.06}",0.3234,0.02966,-0.1799,8.86,4649,ef6bd10,amendment-1 search (overlay-cost fix)
2026-10-03T11:40:57+00:00,FTE,FTE_C+D+E+PCT|eqrisk|vt8|nobrake,IS,1.0,464989a41e,"{""brake"": false, ""labels"": [""C"", ""D"", ""E"", ""PCT""], ""scheme"": ""eqrisk"", ""vol_target"": 0.08}",0.1795,0.02537,-0.2793,18.28,4649,ef6bd10,amendment-1 search (overlay-cost fix)
2026-10-03T11:40:57+00:00,FTE,FTE_C+D+E+PCT|eqrisk|vt8|brake,IS,1.0,dce5459f3d,"{""brake"": true, ""labels"": [""C"", ""D"", ""E"", ""PCT""], ""scheme"": ""eqrisk"", ""vol_target"": 0.08}",0.3009,0.03117,-0.1949,13.75,4649,ef6bd10,amendment-1 search (overlay-cost fix)
2026-10-03T11:40:57+00:00,FTE,FTE_C+D+E+PCT|eqrisk|vt10|nobrake,IS,1.0,e6e5369378,"{""brake"": false, ""labels"": [""C"", ""D"", ""E"", ""PCT""], ""scheme"": ""eqrisk"", ""vol_target"": 0.1}",0.1244,0.02159,-0.3406,26.84,4649,ef6bd10,amendment-1 search (overlay-cost fix)
2026-10-03T11:40:57+00:00,FTE,FTE_C+D+E+PCT|eqrisk|vt10|brake,IS,1.0,eb72023408,"{""brake"": true, ""labels"": [""C"", ""D"", ""E"", ""PCT""], ""scheme"": ""eqrisk"", ""vol_target"": 0.1}",0.2552,0.02998,-0.2096,18.62,4649,ef6bd10,amendment-1 search (overlay-cost fix)
2026-10-03T11:40:57+00:00,FTE,FTE_C+D+E+PCT|invvol_shrunk|vt6|nobrake,IS,1.0,36830ea364,"{""brake"": false, ""labels"": [""C"", ""D"", ""E"", ""PCT""], ""scheme"": ""invvol_shrunk"", ""vol_target"": 0.06}",0.2497,0.02834,-0.2121,8.79,4649,ef6bd10,amendment-1 search (overlay-cost fix)
2026-10-03T11:40:57+00:00,FTE,FTE_C+D+E+PCT|invvol_shrunk|vt6|brake,IS,1.0,962418802a,"{""brake"": true, ""labels"": [""C"", ""D"", ""E"", ""PCT""], ""scheme"": ""invvol_shrunk"", ""vol_target"": 0.06}",0.3282,0.02967,-0.1717,8.56,4649,ef6bd10,amendment-1 search (overlay-cost fix)
2026-10-03T11:40:57+00:00,FTE,FTE_C+D+E+PCT|invvol_shrunk|vt8|nobrake,IS,1.0,fde76614d3,"{""brake"": false, ""labels"": [""C"", ""D"", ""E"", ""PCT""], ""scheme"": ""invvol_shrunk"", ""vol_target"": 0.08}",0.1994,0.02738,-0.2868,15.69,4649,ef6bd10,amendment-1 search (overlay-cost fix)
2026-10-03T11:40:57+00:00,FTE,FTE_C+D+E+PCT|invvol_shrunk|vt8|brake,IS,1.0,e0b37c28b5,"{""brake"": true, ""labels"": [""C"", ""D"", ""E"", ""PCT""], ""scheme"": ""invvol_shrunk"", ""vol_target"": 0.08}",0.3494,0.03455,-0.1938,11.06,4649,ef6bd10,amendment-1 search (overlay-cost fix)
2026-10-03T11:40:57+00:00,FTE,FTE_C+D+E+PCT|invvol_shrunk|vt10|nobrake,IS,1.0,483458effd,"{""brake"": false, ""labels"": [""C"", ""D"", ""E"", ""PCT""], ""scheme"": ""invvol_shrunk"", ""vol_target"": 0.1}",0.1453,0.02385,-0.3683,24.5,4649,ef6bd10,amendment-1 search (overlay-cost fix)
2026-10-03T11:40:57+00:00,FTE,FTE_C+D+E+PCT|invvol_shrunk|vt10|brake,IS,1.0,1b9092870c,"{""brake"": true, ""labels"": [""C"", ""D"", ""E"", ""PCT""], ""scheme"": ""invvol_shrunk"", ""vol_target"": 0.1}",0.2884,0.03314,-0.2124,16.55,4649,ef6bd10,amendment-1 search (overlay-cost fix)
2026-10-03T11:40:57+00:00,FTE,FTE_C+D+E+PCT|minvar_lw|vt6|nobrake,IS,1.0,683eddce97,"{""brake"": false, ""labels"": [""C"", ""D"", ""E"", ""PCT""], ""scheme"": ""minvar_lw"", ""vol_target"": 0.06}",-0.0007,0.01225,-0.3131,8.3,4633,ef6bd10,amendment-1 search (overlay-cost fix)
2026-10-03T11:40:57+00:00,FTE,FTE_C+D+E+PCT|minvar_lw|vt6|brake,IS,1.0,7f8f6f26fa,"{""brake"": true, ""labels"": [""C"", ""D"", ""E"", ""PCT""], ""scheme"": ""minvar_lw"", ""vol_target"": 0.06}",0.1602,0.02095,-0.2178,5.75,4633,ef6bd10,amendment-1 search (overlay-cost fix)
2026-10-03T11:40:57+00:00,FTE,FTE_C+D+E+PCT|minvar_lw|vt8|nobrake,IS,1.0,27aca4a547,"{""brake"": false, ""labels"": [""C"", ""D"", ""E"", ""PCT""], ""scheme"": ""minvar_lw"", ""vol_target"": 0.08}",-0.0124,0.01091,-0.3394,13.98,4633,ef6bd10,amendment-1 search (overlay-cost fix)
2026-10-03T11:40:57+00:00,FTE,FTE_C+D+E+PCT|minvar_lw|vt8|brake,IS,1.0,3325b6ea09,"{""brake"": true, ""labels"": [""C"", ""D"", ""E"", ""PCT""], ""scheme"": ""minvar_lw"", ""vol_target"": 0.08}",0.1554,0.02116,-0.2324,9.04,4633,ef6bd10,amendment-1 search (overlay-cost fix)
2026-10-03T11:40:57+00:00,FTE,FTE_C+D+E+PCT|minvar_lw|vt10|nobrake,IS,1.0,9000a4981b,"{""brake"": false, ""labels"": [""C"", ""D"", ""E"", ""PCT""], ""scheme"": ""minvar_lw"", ""vol_target"": 0.1}",-0.0159,0.01028,-0.34,19.5,4633,ef6bd10,amendment-1 search (overlay-cost fix)
2026-10-03T11:40:57+00:00,FTE,FTE_C+D+E+PCT|minvar_lw|vt10|brake,IS,1.0,5c23ae5b62,"{""brake"": true, ""labels"": [""C"", ""D"", ""E"", ""PCT""], ""scheme"": ""minvar_lw"", ""vol_target"": 0.1}",0.1318,0.02017,-0.2415,12.83,4633,ef6bd10,amendment-1 search (overlay-cost fix)
2026-10-03T11:40:57+00:00,FTE,FTE_C+D+E+TSMOM|eqrisk|vt6|nobrake,IS,1.0,351706b13f,"{""brake"": false, ""labels"": [""C"", ""D"", ""E"", ""TSMOM""], ""scheme"": ""eqrisk"", ""vol_target"": 0.06}",0.3067,0.03183,-0.2167,11.23,4649,ef6bd10,amendment-1 search (overlay-cost fix)
2026-10-03T11:40:57+00:00,FTE,FTE_C+D+E+TSMOM|eqrisk|vt6|brake,IS,1.0,6ebd7826ee,"{""brake"": true, ""labels"": [""C"", ""D"", ""E"", ""TSMOM""], ""scheme"": ""eqrisk"", ""vol_target"": 0.06}",0.3387,0.03108,-0.1664,10.03,4649,ef6bd10,amendment-1 search (overlay-cost fix)
2026-10-03T11:40:57+00:00,FTE,FTE_C+D+E+TSMOM|eqrisk|vt8|nobrake,IS,1.0,b9319c2433,"{""brake"": false, ""labels"": [""C"", ""D"", ""E"", ""TSMOM""], ""scheme"": ""eqrisk"", ""vol_target"": 0.08}",0.2676,0.03222,-0.2468,18.96,4649,ef6bd10,amendment-1 search (overlay-cost fix)
2026-10-03T11:40:57+00:00,FTE,FTE_C+D+E+TSMOM|eqrisk|vt8|brake,IS,1.0,c7aae68e3f,"{""brake"": true, ""labels"": [""C"", ""D"", ""E"", ""TSMOM""], ""scheme"": ""eqrisk"", ""vol_target"": 0.08}",0.3439,0.03426,-0.1783,15.2,4649,ef6bd10,amendment-1 search (overlay-cost fix)
2026-10-03T11:40:57+00:00,FTE,FTE_C+D+E+TSMOM|eqrisk|vt10|nobrake,IS,1.0,81858a6111,"{""brake"": false, ""labels"": [""C"", ""D"", ""E"", ""TSMOM""], ""scheme"": ""eqrisk"", ""vol_target"": 0.1}",0.2113,0.02932,-0.2725,27.79,4649,ef6bd10,amendment-1 search (overlay-cost fix)
2026-10-03T11:40:57+00:00,FTE,FTE_C+D+E+TSMOM|eqrisk|vt10|brake,IS,1.0,f9aa05c2f1,"{""brake"": true, ""labels"": [""C"", ""D"", ""E"", ""TSMOM""], ""scheme"": ""eqrisk"", ""vol_target"": 0.1}",0.2722,0.03118,-0.1904,19.97,4649,ef6bd10,amendment-1 search (overlay-cost fix)
2026-10-03T11:40:57+00:00,FTE,FTE_C+D+E+TSMOM|invvol_shrunk|vt6|nobrake,IS,1.0,26500dd36f,"{""brake"": false, ""labels"": [""C"", ""D"", ""E"", ""TSMOM""], ""scheme"": ""invvol_shrunk"", ""vol_target"": 0.06}",0.3508,0.03485,-0.1875,9.38,4649,ef6bd10,amendment-1 search (overlay-cost fix)
2026-10-03T11:40:57+00:00,FTE,FTE_C+D+E+TSMOM|invvol_shrunk|vt6|brake,IS,1.0,4834804cdd,"{""brake"": true, ""labels"": [""C"", ""D"", ""E"", ""TSMOM""], ""scheme"": ""invvol_shrunk"", ""vol_target"": 0.06}",0.366,0.03321,-0.1505,9.21,4649,ef6bd10,amendment-1 search (overlay-cost fix)
2026-10-03T11:40:57+00:00,FTE,FTE_C+D+E+TSMOM|invvol_shrunk|vt8|nobrake,IS,1.0,c73a9b17aa,"{""brake"": false, ""labels"": [""C"", ""D"", ""E"", ""TSMOM""], ""scheme"": ""invvol_shrunk"", ""vol_target"": 0.08}",0.3023,0.03577,-0.2311,16.39,4649,ef6bd10,amendment-1 search (overlay-cost fix)
2026-10-03T11:40:57+00:00,FTE,FTE_C+D+E+TSMOM|invvol_shrunk|vt8|brake,IS,1.0,ad9fda8e4c,"{""brake"": true, ""labels"": [""C"", ""D"", ""E"", ""TSMOM""], ""scheme"": ""invvol_shrunk"", ""vol_target"": 0.08}",0.3686,0.03635,-0.1732,13.2,4649,ef6bd10,amendment-1 search (overlay-cost fix)
2026-10-03T11:40:57+00:00,FTE,FTE_C+D+E+TSMOM|invvol_shrunk|vt10|nobrake,IS,1.0,55d1c7f649,"{""brake"": false, ""labels"": [""C"", ""D"", ""E"", ""TSMOM""], ""scheme"": ""invvol_shrunk"", ""vol_target"": 0.1}",0.2462,0.03358,-0.2666,25.39,4649,ef6bd10,amendment-1 search (overlay-cost fix)
2026-10-03T11:40:57+00:00,FTE,FTE_C+D+E+TSMOM|invvol_shrunk|vt10|brake,IS,1.0,56cd2942f7,"{""brake"": true, ""labels"": [""C"", ""D"", ""E"", ""TSMOM""], ""scheme"": ""invvol_shrunk"", ""vol_target"": 0.1}",0.3119,0.03518,-0.1857,18.71,4649,ef6bd10,amendment-1 search (overlay-cost fix)
2026-10-03T11:40:57+00:00,FTE,FTE_C+D+E+TSMOM|minvar_lw|vt6|nobrake,IS,1.0,ca26e1f669,"{""brake"": false, ""labels"": [""C"", ""D"", ""E"", ""TSMOM""], ""scheme"": ""minvar_lw"", ""vol_target"": 0.06}",0.0237,0.01379,-0.3044,8.24,4633,ef6bd10,amendment-1 search (overlay-cost fix)
2026-10-03T11:40:57+00:00,FTE,FTE_C+D+E+TSMOM|minvar_lw|vt6|brake,IS,1.0,5b2eb5d18f,"{""brake"": true, ""labels"": [""C"", ""D"", ""E"", ""TSMOM""], ""scheme"": ""minvar_lw"", ""vol_target"": 0.06}",0.1864,0.02213,-0.2184,5.64,4633,ef6bd10,amendment-1 search (overlay-cost fix)
2026-10-03T11:40:57+00:00,FTE,FTE_C+D+E+TSMOM|minvar_lw|vt8|nobrake,IS,1.0,604a81c914,"{""brake"": false, ""labels"": [""C"", ""D"", ""E"", ""TSMOM""], ""scheme"": ""minvar_lw"", ""vol_target"": 0.08}",0.0135,0.01275,-0.3292,13.79,4633,ef6bd10,amendment-1 search (overlay-cost fix)
2026-10-03T11:40:57+00:00,FTE,FTE_C+D+E+TSMOM|minvar_lw|vt8|brake,IS,1.0,6c24823498,"{""brake"": true, ""labels"": [""C"", ""D"", ""E"", ""TSMOM""], ""scheme"": ""minvar_lw"", ""vol_target"": 0.08}",0.1786,0.02239,-0.2326,8.7,4633,ef6bd10,amendment-1 search (overlay-cost fix)
2026-10-03T11:40:57+00:00,FTE,FTE_C+D+E+TSMOM|minvar_lw|vt10|nobrake,IS,1.0,d718769fe7,"{""brake"": false, ""labels"": [""C"", ""D"", ""E"", ""TSMOM""], ""scheme"": ""minvar_lw"", ""vol_target"": 0.1}",0.0108,0.01231,-0.3366,19.12,4633,ef6bd10,amendment-1 search (overlay-cost fix)
2026-10-03T11:40:57+00:00,FTE,FTE_C+D+E+TSMOM|minvar_lw|vt10|brake,IS,1.0,8fb9322117,"{""brake"": true, ""labels"": [""C"", ""D"", ""E"", ""TSMOM""], ""scheme"": ""minvar_lw"", ""vol_target"": 0.1}",0.1533,0.02124,-0.2439,12.05,4633,ef6bd10,amendment-1 search (overlay-cost fix)
2026-10-03T11:40:57+00:00,FTE,FTE_A+B+C+D|eqrisk|vt6|nobrake,IS,1.0,17a98777ae,"{""brake"": false, ""labels"": [""A"", ""B"", ""C"", ""D""], ""scheme"": ""eqrisk"", ""vol_target"": 0.06}",0.399,0.03847,-0.1736,9.12,4645,ef6bd10,amendment-1 search (overlay-cost fix)
2026-10-03T11:40:57+00:00,FTE,FTE_A+B+C+D|eqrisk|vt6|brake,IS,1.0,2dde9a8907,"{""brake"": true, ""labels"": [""A"", ""B"", ""C"", ""D""], ""scheme"": ""eqrisk"", ""vol_target"": 0.06}",0.4114,0.03741,-0.1509,8.6,4645,ef6bd10,amendment-1 search (overlay-cost fix)
2026-10-03T11:40:57+00:00,FTE,FTE_A+B+C+D|eqrisk|vt8|nobrake,IS,1.0,1871ba0b0f,"{""brake"": false, ""labels"": [""A"", ""B"", ""C"", ""D""], ""scheme"": ""eqrisk"", ""vol_target"": 0.08}",0.3685,0.04062,-0.2273,15.51,4645,ef6bd10,amendment-1 search (overlay-cost fix)
2026-10-03T11:40:57+00:00,FTE,FTE_A+B+C+D|eqrisk|vt8|brake,IS,1.0,d4335b2b59,"{""brake"": true, ""labels"": [""A"", ""B"", ""C"", ""D""], ""scheme"": ""eqrisk"", ""vol_target"": 0.08}",0.3438,0.03596,-0.1822,13.94,4645,ef6bd10,amendment-1 search (overlay-cost fix)
2026-10-03T11:40:57+00:00,FTE,FTE_A+B+C+D|eqrisk|vt10|nobrake,IS,1.0,c7c27a48fd,"{""brake"": false, ""labels"": [""A"", ""B"", ""C"", ""D""], ""scheme"": ""eqrisk"", ""vol_target"": 0.1}",0.3365,0.04093,-0.2652,21.8,4645,ef6bd10,amendment-1 search (overlay-cost fix)
2026-10-03T11:40:57+00:00,FTE,FTE_A+B+C+D|eqrisk|vt10|brake,IS,1.0,a17c101f62,"{""brake"": true, ""labels"": [""A"", ""B"", ""C"", ""D""], ""scheme"": ""eqrisk"", ""vol_target"": 0.1}",0.3752,0.04105,-0.1985,18.01,4645,ef6bd10,amendment-1 search (overlay-cost fix)
2026-10-03T11:40:57+00:00,FTE,FTE_A+B+C+D|invvol_shrunk|vt6|nobrake,IS,1.0,ab94eb2af5,"{""brake"": false, ""labels"": [""A"", ""B"", ""C"", ""D""], ""scheme"": ""invvol_shrunk"", ""vol_target"": 0.06}",0.455,0.04258,-0.1567,6.53,4645,ef6bd10,amendment-1 search (overlay-cost fix)
2026-10-03T11:40:57+00:00,FTE,FTE_A+B+C+D|invvol_shrunk|vt6|brake,IS,1.0,0dc9e96519,"{""brake"": true, ""labels"": [""A"", ""B"", ""C"", ""D""], ""scheme"": ""invvol_shrunk"", ""vol_target"": 0.06}",0.4271,0.03875,-0.1565,6.14,4645,ef6bd10,amendment-1 search (overlay-cost fix)
2026-10-03T11:40:57+00:00,FTE,FTE_A+B+C+D|invvol_shrunk|vt8|nobrake,IS,1.0,26dff1b51b,"{""brake"": false, ""labels"": [""A"", ""B"", ""C"", ""D""], ""scheme"": ""invvol_shrunk"", ""vol_target"": 0.08}",0.4261,0.04687,-0.217,12.35,4645,ef6bd10,amendment-1 search (overlay-cost fix)
2026-10-03T11:40:57+00:00,FTE,FTE_A+B+C+D|invvol_shrunk|vt8|brake,IS,1.0,4be84c55f8,"{""brake"": true, ""labels"": [""A"", ""B"", ""C"", ""D""], ""scheme"": ""invvol_shrunk"", ""vol_target"": 0.08}",0.4153,0.0421,-0.176,11.27,4645,ef6bd10,amendment-1 search (overlay-cost fix)
2026-10-03T11:40:57+00:00,FTE,FTE_A+B+C+D|invvol_shrunk|vt10|nobrake,IS,1.0,2e93a7ab28,"{""brake"": false, ""labels"": [""A"", ""B"", ""C"", ""D""], ""scheme"": ""invvol_shrunk"", ""vol_target"": 0.1}",0.3772,0.04719,-0.2654,18.54,4645,ef6bd10,amendment-1 search (overlay-cost fix)
2026-10-03T11:40:57+00:00,FTE,FTE_A+B+C+D|invvol_shrunk|vt10|brake,IS,1.0,63afea719c,"{""brake"": true, ""labels"": [""A"", ""B"", ""C"", ""D""], ""scheme"": ""invvol_shrunk"", ""vol_target"": 0.1}",0.4068,0.04532,-0.2039,14.99,4645,ef6bd10,amendment-1 search (overlay-cost fix)
2026-10-03T11:40:57+00:00,FTE,FTE_A+B+C+D|minvar_lw|vt6|nobrake,IS,1.0,f723996da3,"{""brake"": false, ""labels"": [""A"", ""B"", ""C"", ""D""], ""scheme"": ""minvar_lw"", ""vol_target"": 0.06}",0.3149,0.03251,-0.1934,9.39,4633,ef6bd10,amendment-1 search (overlay-cost fix)
2026-10-03T11:40:57+00:00,FTE,FTE_A+B+C+D|minvar_lw|vt6|brake,IS,1.0,5b65774546,"{""brake"": true, ""labels"": [""A"", ""B"", ""C"", ""D""], ""scheme"": ""minvar_lw"", ""vol_target"": 0.06}",0.2877,0.02901,-0.1613,8.55,4633,ef6bd10,amendment-1 search (overlay-cost fix)
2026-10-03T11:40:57+00:00,FTE,FTE_A+B+C+D|minvar_lw|vt8|nobrake,IS,1.0,8378d7618c,"{""brake"": false, ""labels"": [""A"", ""B"", ""C"", ""D""], ""scheme"": ""minvar_lw"", ""vol_target"": 0.08}",0.299,0.03401,-0.2242,15.39,4633,ef6bd10,amendment-1 search (overlay-cost fix)
2026-10-03T11:40:57+00:00,FTE,FTE_A+B+C+D|minvar_lw|vt8|brake,IS,1.0,5b1b2deb04,"{""brake"": true, ""labels"": [""A"", ""B"", ""C"", ""D""], ""scheme"": ""minvar_lw"", ""vol_target"": 0.08}",0.2817,0.03025,-0.1712,13.73,4633,ef6bd10,amendment-1 search (overlay-cost fix)
2026-10-03T11:40:57+00:00,FTE,FTE_A+B+C+D|minvar_lw|vt10|nobrake,IS,1.0,6592472ee0,"{""brake"": false, ""labels"": [""A"", ""B"", ""C"", ""D""], ""scheme"": ""minvar_lw"", ""vol_target"": 0.1}",0.2937,0.03525,-0.2401,20.97,4633,ef6bd10,amendment-1 search (overlay-cost fix)
2026-10-03T11:40:57+00:00,FTE,FTE_A+B+C+D|minvar_lw|vt10|brake,IS,1.0,dbf332c730,"{""brake"": true, ""labels"": [""A"", ""B"", ""C"", ""D""], ""scheme"": ""minvar_lw"", ""vol_target"": 0.1}",0.3026,0.03371,-0.1837,17.92,4633,ef6bd10,amendment-1 search (overlay-cost fix)
2026-10-03T11:40:57+00:00,FTE,FTE_A+B+C+D+PCT|eqrisk|vt6|nobrake,IS,1.0,b9ae158ad7,"{""brake"": false, ""labels"": [""A"", ""B"", ""C"", ""D"", ""PCT""], ""scheme"": ""eqrisk"", ""vol_target"": 0.06}",0.5073,0.04499,-0.1853,11.48,4645,ef6bd10,amendment-1 search (overlay-cost fix)
2026-10-03T11:40:57+00:00,FTE,FTE_A+B+C+D+PCT|eqrisk|vt6|brake,IS,1.0,8bbb5a5c06,"{""brake"": true, ""labels"": [""A"", ""B"", ""C"", ""D"", ""PCT""], ""scheme"": ""eqrisk"", ""vol_target"": 0.06}",0.539,0.04485,-0.1486,11.08,4645,ef6bd10,amendment-1 search (overlay-cost fix)
2026-10-03T11:40:57+00:00,FTE,FTE_A+B+C+D+PCT|eqrisk|vt8|nobrake,IS,1.0,8c28eb1d5d,"{""brake"": false, ""labels"": [""A"", ""B"", ""C"", ""D"", ""PCT""], ""scheme"": ""eqrisk"", ""vol_target"": 0.08}",0.4327,0.04532,-0.2327,20.35,4645,ef6bd10,amendment-1 search (overlay-cost fix)
2026-10-03T11:40:57+00:00,FTE,FTE_A+B+C+D+PCT|eqrisk|vt8|brake,IS,1.0,8f1e66862e,"{""brake"": true, ""labels"": [""A"", ""B"", ""C"", ""D"", ""PCT""], ""scheme"": ""eqrisk"", ""vol_target"": 0.08}",0.4952,0.04685,-0.1647,17.56,4645,ef6bd10,amendment-1 search (overlay-cost fix)
2026-10-03T11:40:57+00:00,FTE,FTE_A+B+C+D+PCT|eqrisk|vt10|nobrake,IS,1.0,7c4e0bdd82,"{""brake"": false, ""labels"": [""A"", ""B"", ""C"", ""D"", ""PCT""], ""scheme"": ""eqrisk"", ""vol_target"": 0.1}",0.3684,0.04372,-0.2765,29.67,4645,ef6bd10,amendment-1 search (overlay-cost fix)
2026-10-03T11:40:57+00:00,FTE,FTE_A+B+C+D+PCT|eqrisk|vt10|brake,IS,1.0,aa85467ba6,"{""brake"": true, ""labels"": [""A"", ""B"", ""C"", ""D"", ""PCT""], ""scheme"": ""eqrisk"", ""vol_target"": 0.1}",0.3695,0.04062,-0.1865,24.85,4645,ef6bd10,amendment-1 search (overlay-cost fix)
2026-10-03T11:40:57+00:00,FTE,FTE_A+B+C+D+PCT|invvol_shrunk|vt6|nobrake,IS,1.0,d6741a0568,"{""brake"": false, ""labels"": [""A"", ""B"", ""C"", ""D"", ""PCT""], ""scheme"": ""invvol_shrunk"", ""vol_target"": 0.06}",0.543,0.0478,-0.1755,8.76,4645,ef6bd10,amendment-1 search (overlay-cost fix)
2026-10-03T11:40:57+00:00,FTE,FTE_A+B+C+D+PCT|invvol_shrunk|vt6|brake,IS,1.0,9a316ed128,"{""brake"": true, ""labels"": [""A"", ""B"", ""C"", ""D"", ""PCT""], ""scheme"": ""invvol_shrunk"", ""vol_target"": 0.06}",0.5391,0.04458,-0.1397,8.66,4645,ef6bd10,amendment-1 search (overlay-cost fix)
2026-10-03T11:40:57+00:00,FTE,FTE_A+B+C+D+PCT|invvol_shrunk|vt8|nobrake,IS,1.0,b0c7409e32,"{""brake"": false, ""labels"": [""A"", ""B"", ""C"", ""D"", ""PCT""], ""scheme"": ""invvol_shrunk"", ""vol_target"": 0.08}",0.484,0.05113,-0.2293,16.96,4645,ef6bd10,amendment-1 search (overlay-cost fix)
2026-10-03T11:40:57+00:00,FTE,FTE_A+B+C+D+PCT|invvol_shrunk|vt8|brake,IS,1.0,ba3a53f5c3,"{""brake"": true, ""labels"": [""A"", ""B"", ""C"", ""D"", ""PCT""], ""scheme"": ""invvol_shrunk"", ""vol_target"": 0.08}",0.5446,0.05206,-0.1698,14.35,4645,ef6bd10,amendment-1 search (overlay-cost fix)
2026-10-03T11:40:57+00:00,FTE,FTE_A+B+C+D+PCT|invvol_shrunk|vt10|nobrake,IS,1.0,3f9c5665a9,"{""brake"": false, ""labels"": [""A"", ""B"", ""C"", ""D"", ""PCT""], ""scheme"": ""invvol_shrunk"", ""vol_target"": 0.1}",0.3937,0.04825,-0.2909,26.7,4645,ef6bd10,amendment-1 search (overlay-cost fix)
2026-10-03T11:40:57+00:00,FTE,FTE_A+B+C+D+PCT|invvol_shrunk|vt10|brake,IS,1.0,defbc5a3f9,"{""brake"": true, ""labels"": [""A"", ""B"", ""C"", ""D"", ""PCT""], ""scheme"": ""invvol_shrunk"", ""vol_target"": 0.1}",0.414,0.04557,-0.1933,22.8,4645,ef6bd10,amendment-1 search (overlay-cost fix)
2026-10-03T11:40:57+00:00,FTE,FTE_A+B+C+D+PCT|minvar_lw|vt6|nobrake,IS,1.0,3d31cc21ea,"{""brake"": false, ""labels"": [""A"", ""B"", ""C"", ""D"", ""PCT""], ""scheme"": ""minvar_lw"", ""vol_target"": 0.06}",0.3663,0.03558,-0.1943,10.74,4633,ef6bd10,amendment-1 search (overlay-cost fix)
2026-10-03T11:40:57+00:00,FTE,FTE_A+B+C+D+PCT|minvar_lw|vt6|brake,IS,1.0,d1cf823ff6,"{""brake"": true, ""labels"": [""A"", ""B"", ""C"", ""D"", ""PCT""], ""scheme"": ""minvar_lw"", ""vol_target"": 0.06}",0.3611,0.03383,-0.1562,10.01,4633,ef6bd10,amendment-1 search (overlay-cost fix)
2026-10-03T11:40:57+00:00,FTE,FTE_A+B+C+D+PCT|minvar_lw|vt8|nobrake,IS,1.0,b6686bcbc6,"{""brake"": false, ""labels"": [""A"", ""B"", ""C"", ""D"", ""PCT""], ""scheme"": ""minvar_lw"", ""vol_target"": 0.08}",0.3449,0.03701,-0.2217,17.74,4633,ef6bd10,amendment-1 search (overlay-cost fix)
2026-10-03T11:40:57+00:00,FTE,FTE_A+B+C+D+PCT|minvar_lw|vt8|brake,IS,1.0,a7b1de749c,"{""brake"": true, ""labels"": [""A"", ""B"", ""C"", ""D"", ""PCT""], ""scheme"": ""minvar_lw"", ""vol_target"": 0.08}",0.281,0.03035,-0.1793,15.5,4633,ef6bd10,amendment-1 search (overlay-cost fix)
2026-10-03T11:40:57+00:00,FTE,FTE_A+B+C+D+PCT|minvar_lw|vt10|nobrake,IS,1.0,7a8ef54467,"{""brake"": false, ""labels"": [""A"", ""B"", ""C"", ""D"", ""PCT""], ""scheme"": ""minvar_lw"", ""vol_target"": 0.1}",0.333,0.03814,-0.2384,24.5,4633,ef6bd10,amendment-1 search (overlay-cost fix)
2026-10-03T11:40:57+00:00,FTE,FTE_A+B+C+D+PCT|minvar_lw|vt10|brake,IS,1.0,374cac1a1d,"{""brake"": true, ""labels"": [""A"", ""B"", ""C"", ""D"", ""PCT""], ""scheme"": ""minvar_lw"", ""vol_target"": 0.1}",0.2867,0.03197,-0.184,21.12,4633,ef6bd10,amendment-1 search (overlay-cost fix)
2026-10-03T11:40:57+00:00,FTE,FTE_A+B+C+D+TSMOM|eqrisk|vt6|nobrake,IS,1.0,08587d1c67,"{""brake"": false, ""labels"": [""A"", ""B"", ""C"", ""D"", ""TSMOM""], ""scheme"": ""eqrisk"", ""vol_target"": 0.06}",0.5818,0.0496,-0.1619,12.26,4645,ef6bd10,amendment-1 search (overlay-cost fix)
2026-10-03T11:40:57+00:00,FTE,FTE_A+B+C+D+TSMOM|eqrisk|vt6|brake,IS,1.0,d0c37981d6,"{""brake"": true, ""labels"": [""A"", ""B"", ""C"", ""D"", ""TSMOM""], ""scheme"": ""eqrisk"", ""vol_target"": 0.06}",0.5824,0.0482,-0.1337,12.46,4645,ef6bd10,amendment-1 search (overlay-cost fix)
2026-10-03T11:40:57+00:00,FTE,FTE_A+B+C+D+TSMOM|eqrisk|vt8|nobrake,IS,1.0,8fbc052301,"{""brake"": false, ""labels"": [""A"", ""B"", ""C"", ""D"", ""TSMOM""], ""scheme"": ""eqrisk"", ""vol_target"": 0.08}",0.5167,0.05164,-0.187,21.31,4645,ef6bd10,amendment-1 search (overlay-cost fix)
2026-10-03T11:40:57+00:00,FTE,FTE_A+B+C+D+TSMOM|eqrisk|vt8|brake,IS,1.0,635476e39b,"{""brake"": true, ""labels"": [""A"", ""B"", ""C"", ""D"", ""TSMOM""], ""scheme"": ""eqrisk"", ""vol_target"": 0.08}",0.4914,0.0472,-0.156,19.93,4645,ef6bd10,amendment-1 search (overlay-cost fix)
2026-10-03T11:40:57+00:00,FTE,FTE_A+B+C+D+TSMOM|eqrisk|vt10|nobrake,IS,1.0,12950103d0,"{""brake"": false, ""labels"": [""A"", ""B"", ""C"", ""D"", ""TSMOM""], ""scheme"": ""eqrisk"", ""vol_target"": 0.1}",0.4638,0.05202,-0.2208,30.82,4645,ef6bd10,amendment-1 search (overlay-cost fix)
2026-10-03T11:40:57+00:00,FTE,FTE_A+B+C+D+TSMOM|eqrisk|vt10|brake,IS,1.0,49a0ff69ae,"{""brake"": true, ""labels"": [""A"", ""B"", ""C"", ""D"", ""TSMOM""], ""scheme"": ""eqrisk"", ""vol_target"": 0.1}",0.4624,0.04884,-0.1695,26.81,4645,ef6bd10,amendment-1 search (overlay-cost fix)
2026-10-03T11:40:57+00:00,FTE,FTE_A+B+C+D+TSMOM|invvol_shrunk|vt6|nobrake,IS,1.0,58a940d739,"{""brake"": false, ""labels"": [""A"", ""B"", ""C"", ""D"", ""TSMOM""], ""scheme"": ""invvol_shrunk"", ""vol_target"": 0.06}",0.646,0.05444,-0.1506,9.63,4645,ef6bd10,amendment-1 search (overlay-cost fix)
2026-10-03T11:40:57+00:00,FTE,FTE_A+B+C+D+TSMOM|invvol_shrunk|vt6|brake,IS,1.0,76f151ae9f,"{""brake"": true, ""labels"": [""A"", ""B"", ""C"", ""D"", ""TSMOM""], ""scheme"": ""invvol_shrunk"", ""vol_target"": 0.06}",0.5914,0.04891,-0.1441,10.24,4645,ef6bd10,amendment-1 search (overlay-cost fix)
2026-10-03T11:40:57+00:00,FTE,FTE_A+B+C+D+TSMOM|invvol_shrunk|vt8|nobrake,IS,1.0,bf65d931bc,"{""brake"": false, ""labels"": [""A"", ""B"", ""C"", ""D"", ""TSMOM""], ""scheme"": ""invvol_shrunk"", ""vol_target"": 0.08}",0.5955,0.06002,-0.1835,18.57,4645,ef6bd10,amendment-1 search (overlay-cost fix)
2026-10-03T11:40:57+00:00,FTE,FTE_A+B+C+D+TSMOM|invvol_shrunk|vt8|brake,IS,1.0,27ae71c6b0,"{""brake"": true, ""labels"": [""A"", ""B"", ""C"", ""D"", ""TSMOM""], ""scheme"": ""invvol_shrunk"", ""vol_target"": 0.08}",0.5871,0.05595,-0.1482,17.4,4645,ef6bd10,amendment-1 search (overlay-cost fix)
2026-10-03T11:40:57+00:00,FTE,FTE_A+B+C+D+TSMOM|invvol_shrunk|vt10|nobrake,IS,1.0,9fd7807bd7,"{""brake"": false, ""labels"": [""A"", ""B"", ""C"", ""D"", ""TSMOM""], ""scheme"": ""invvol_shrunk"", ""vol_target"": 0.1}",0.523,0.06056,-0.214,28.45,4645,ef6bd10,amendment-1 search (overlay-cost fix)
2026-10-03T11:40:57+00:00,FTE,FTE_A+B+C+D+TSMOM|invvol_shrunk|vt10|brake,IS,1.0,6ae3f06423,"{""brake"": true, ""labels"": [""A"", ""B"", ""C"", ""D"", ""TSMOM""], ""scheme"": ""invvol_shrunk"", ""vol_target"": 0.1}",0.5324,0.05744,-0.1627,25.5,4645,ef6bd10,amendment-1 search (overlay-cost fix)
2026-10-03T11:40:57+00:00,FTE,FTE_A+B+C+D+TSMOM|minvar_lw|vt6|nobrake,IS,1.0,737587012f,"{""brake"": false, ""labels"": [""A"", ""B"", ""C"", ""D"", ""TSMOM""], ""scheme"": ""minvar_lw"", ""vol_target"": 0.06}",0.3833,0.03671,-0.1875,10.76,4633,ef6bd10,amendment-1 search (overlay-cost fix)
2026-10-03T11:40:57+00:00,FTE,FTE_A+B+C+D+TSMOM|minvar_lw|vt6|brake,IS,1.0,88bc8213f0,"{""brake"": true, ""labels"": [""A"", ""B"", ""C"", ""D"", ""TSMOM""], ""scheme"": ""minvar_lw"", ""vol_target"": 0.06}",0.3388,0.03253,-0.1571,10.65,4633,ef6bd10,amendment-1 search (overlay-cost fix)
2026-10-03T11:40:57+00:00,FTE,FTE_A+B+C+D+TSMOM|minvar_lw|vt8|nobrake,IS,1.0,844ef6cbf4,"{""brake"": false, ""labels"": [""A"", ""B"", ""C"", ""D"", ""TSMOM""], ""scheme"": ""minvar_lw"", ""vol_target"": 0.08}",0.3691,0.03889,-0.2114,17.64,4633,ef6bd10,amendment-1 search (overlay-cost fix)
2026-10-03T11:40:57+00:00,FTE,FTE_A+B+C+D+TSMOM|minvar_lw|vt8|brake,IS,1.0,afbab42e07,"{""brake"": true, ""labels"": [""A"", ""B"", ""C"", ""D"", ""TSMOM""], ""scheme"": ""minvar_lw"", ""vol_target"": 0.08}",0.2907,0.0313,-0.1777,16.09,4633,ef6bd10,amendment-1 search (overlay-cost fix)
2026-10-03T11:40:57+00:00,FTE,FTE_A+B+C+D+TSMOM|minvar_lw|vt10|nobrake,IS,1.0,9e859484e2,"{""brake"": false, ""labels"": [""A"", ""B"", ""C"", ""D"", ""TSMOM""], ""scheme"": ""minvar_lw"", ""vol_target"": 0.1}",0.3576,0.04014,-0.2269,24.3,4633,ef6bd10,amendment-1 search (overlay-cost fix)
2026-10-03T11:40:57+00:00,FTE,FTE_A+B+C+D+TSMOM|minvar_lw|vt10|brake,IS,1.0,f6259a289e,"{""brake"": true, ""labels"": [""A"", ""B"", ""C"", ""D"", ""TSMOM""], ""scheme"": ""minvar_lw"", ""vol_target"": 0.1}",0.327,0.03548,-0.1788,21.46,4633,ef6bd10,amendment-1 search (overlay-cost fix)
2026-10-03T11:40:57+00:00,FTE,FTE_A+B+C+E|eqrisk|vt6|nobrake,IS,1.0,e354954008,"{""brake"": false, ""labels"": [""A"", ""B"", ""C"", ""E""], ""scheme"": ""eqrisk"", ""vol_target"": 0.06}",0.6316,0.05439,-0.2263,6.3,4649,ef6bd10,amendment-1 search (overlay-cost fix)
2026-10-03T11:40:57+00:00,FTE,FTE_A+B+C+E|eqrisk|vt6|brake,IS,1.0,d42cb488ae,"{""brake"": true, ""labels"": [""A"", ""B"", ""C"", ""E""], ""scheme"": ""eqrisk"", ""vol_target"": 0.06}",0.7057,0.05467,-0.1697,5.75,4649,ef6bd10,amendment-1 search (overlay-cost fix)
2026-10-03T11:40:57+00:00,FTE,FTE_A+B+C+E|eqrisk|vt8|nobrake,IS,1.0,589434b80f,"{""brake"": false, ""labels"": [""A"", ""B"", ""C"", ""E""], ""scheme"": ""eqrisk"", ""vol_target"": 0.08}",0.6126,0.06222,-0.2824,10.06,4649,ef6bd10,amendment-1 search (overlay-cost fix)
2026-10-03T11:40:57+00:00,FTE,FTE_A+B+C+E|eqrisk|vt8|brake,IS,1.0,01b774cbf1,"{""brake"": true, ""labels"": [""A"", ""B"", ""C"", ""E""], ""scheme"": ""eqrisk"", ""vol_target"": 0.08}",0.6826,0.0622,-0.1955,8.72,4649,ef6bd10,amendment-1 search (overlay-cost fix)
2026-10-03T11:40:57+00:00,FTE,FTE_A+B+C+E|eqrisk|vt10|nobrake,IS,1.0,4ef13aae30,"{""brake"": false, ""labels"": [""A"", ""B"", ""C"", ""E""], ""scheme"": ""eqrisk"", ""vol_target"": 0.1}",0.5486,0.06384,-0.3362,15.41,4649,ef6bd10,amendment-1 search (overlay-cost fix)
2026-10-03T11:40:57+00:00,FTE,FTE_A+B+C+E|eqrisk|vt10|brake,IS,1.0,33a7789806,"{""brake"": true, ""labels"": [""A"", ""B"", ""C"", ""E""], ""scheme"": ""eqrisk"", ""vol_target"": 0.1}",0.5947,0.06031,-0.2277,12.58,4649,ef6bd10,amendment-1 search (overlay-cost fix)
2026-10-03T11:40:57+00:00,FTE,FTE_A+B+C+E|invvol_shrunk|vt6|nobrake,IS,1.0,84ed5505a3,"{""brake"": false, ""labels"": [""A"", ""B"", ""C"", ""E""], ""scheme"": ""invvol_shrunk"", ""vol_target"": 0.06}",0.5088,0.04597,-0.253,5.64,4649,ef6bd10,amendment-1 search (overlay-cost fix)
2026-10-03T11:40:57+00:00,FTE,FTE_A+B+C+E|invvol_shrunk|vt6|brake,IS,1.0,eaa15a18f3,"{""brake"": true, ""labels"": [""A"", ""B"", ""C"", ""E""], ""scheme"": ""invvol_shrunk"", ""vol_target"": 0.06}",0.5498,0.04474,-0.1849,5.39,4649,ef6bd10,amendment-1 search (overlay-cost fix)
2026-10-03T11:40:57+00:00,FTE,FTE_A+B+C+E|invvol_shrunk|vt8|nobrake,IS,1.0,d1024c4eed,"{""brake"": false, ""labels"": [""A"", ""B"", ""C"", ""E""], ""scheme"": ""invvol_shrunk"", ""vol_target"": 0.08}",0.5019,0.05365,-0.3178,8.62,4649,ef6bd10,amendment-1 search (overlay-cost fix)
2026-10-03T11:40:57+00:00,FTE,FTE_A+B+C+E|invvol_shrunk|vt8|brake,IS,1.0,0362d59345,"{""brake"": true, ""labels"": [""A"", ""B"", ""C"", ""E""], ""scheme"": ""invvol_shrunk"", ""vol_target"": 0.08}",0.5529,0.05129,-0.2176,7.52,4649,ef6bd10,amendment-1 search (overlay-cost fix)
2026-10-03T11:40:57+00:00,FTE,FTE_A+B+C+E|invvol_shrunk|vt10|nobrake,IS,1.0,e8099c8459,"{""brake"": false, ""labels"": [""A"", ""B"", ""C"", ""E""], ""scheme"": ""invvol_shrunk"", ""vol_target"": 0.1}",0.4543,0.05584,-0.3752,13.51,4649,ef6bd10,amendment-1 search (overlay-cost fix)
2026-10-03T11:40:57+00:00,FTE,FTE_A+B+C+E|invvol_shrunk|vt10|brake,IS,1.0,d0244f1761,"{""brake"": true, ""labels"": [""A"", ""B"", ""C"", ""E""], ""scheme"": ""invvol_shrunk"", ""vol_target"": 0.1}",0.5166,0.0542,-0.2502,11.07,4649,ef6bd10,amendment-1 search (overlay-cost fix)
2026-10-03T11:40:57+00:00,FTE,FTE_A+B+C+E|minvar_lw|vt6|nobrake,IS,1.0,be31a4f110,"{""brake"": false, ""labels"": [""A"", ""B"", ""C"", ""E""], ""scheme"": ""minvar_lw"", ""vol_target"": 0.06}",0.8509,0.07001,-0.1218,5.96,4633,ef6bd10,amendment-1 search (overlay-cost fix)
2026-10-03T11:40:57+00:00,FTE,FTE_A+B+C+E|minvar_lw|vt6|brake,IS,1.0,612997301c,"{""brake"": true, ""labels"": [""A"", ""B"", ""C"", ""E""], ""scheme"": ""minvar_lw"", ""vol_target"": 0.06}",0.8315,0.06747,-0.1199,6.05,4633,ef6bd10,amendment-1 search (overlay-cost fix)
2026-10-03T11:40:57+00:00,FTE,FTE_A+B+C+E|minvar_lw|vt8|nobrake,IS,1.0,85a2e75bec,"{""brake"": false, ""labels"": [""A"", ""B"", ""C"", ""E""], ""scheme"": ""minvar_lw"", ""vol_target"": 0.08}",0.8277,0.07885,-0.1522,9.29,4633,ef6bd10,amendment-1 search (overlay-cost fix)
2026-10-03T11:40:57+00:00,FTE,FTE_A+B+C+E|minvar_lw|vt8|brake,IS,1.0,643430fb28,"{""brake"": true, ""labels"": [""A"", ""B"", ""C"", ""E""], ""scheme"": ""minvar_lw"", ""vol_target"": 0.08}",0.8149,0.07498,-0.1366,9.79,4633,ef6bd10,amendment-1 search (overlay-cost fix)
2026-10-03T11:40:57+00:00,FTE,FTE_A+B+C+E|minvar_lw|vt10|nobrake,IS,1.0,707ea8694e,"{""brake"": false, ""labels"": [""A"", ""B"", ""C"", ""E""], ""scheme"": ""minvar_lw"", ""vol_target"": 0.1}",0.7664,0.0815,-0.1946,13.75,4633,ef6bd10,amendment-1 search (overlay-cost fix)
2026-10-03T11:40:57+00:00,FTE,FTE_A+B+C+E|minvar_lw|vt10|brake,IS,1.0,e4d4def533,"{""brake"": true, ""labels"": [""A"", ""B"", ""C"", ""E""], ""scheme"": ""minvar_lw"", ""vol_target"": 0.1}",0.7769,0.0768,-0.1617,13.25,4633,ef6bd10,amendment-1 search (overlay-cost fix)
2026-10-03T11:40:57+00:00,FTE,FTE_A+B+C+E+PCT|eqrisk|vt6|nobrake,IS,1.0,38dff0cb92,"{""brake"": false, ""labels"": [""A"", ""B"", ""C"", ""E"", ""PCT""], ""scheme"": ""eqrisk"", ""vol_target"": 0.06}",0.7111,0.05911,-0.1552,8.54,4649,ef6bd10,amendment-1 search (overlay-cost fix)
2026-10-03T11:40:57+00:00,FTE,FTE_A+B+C+E+PCT|eqrisk|vt6|brake,IS,1.0,ec22ab50a5,"{""brake"": true, ""labels"": [""A"", ""B"", ""C"", ""E"", ""PCT""], ""scheme"": ""eqrisk"", ""vol_target"": 0.06}",0.6789,0.05354,-0.1458,9.18,4649,ef6bd10,amendment-1 search (overlay-cost fix)
2026-10-03T11:40:57+00:00,FTE,FTE_A+B+C+E+PCT|eqrisk|vt8|nobrake,IS,1.0,197e73b273,"{""brake"": false, ""labels"": [""A"", ""B"", ""C"", ""E"", ""PCT""], ""scheme"": ""eqrisk"", ""vol_target"": 0.08}",0.6572,0.06524,-0.1963,14.4,4649,ef6bd10,amendment-1 search (overlay-cost fix)
2026-10-03T11:40:57+00:00,FTE,FTE_A+B+C+E+PCT|eqrisk|vt8|brake,IS,1.0,56059bfbc6,"{""brake"": true, ""labels"": [""A"", ""B"", ""C"", ""E"", ""PCT""], ""scheme"": ""eqrisk"", ""vol_target"": 0.08}",0.7081,0.06304,-0.1545,13.25,4649,ef6bd10,amendment-1 search (overlay-cost fix)
2026-10-03T11:40:57+00:00,FTE,FTE_A+B+C+E+PCT|eqrisk|vt10|nobrake,IS,1.0,0e5869a866,"{""brake"": false, ""labels"": [""A"", ""B"", ""C"", ""E"", ""PCT""], ""scheme"": ""eqrisk"", ""vol_target"": 0.1}",0.5702,0.06493,-0.258,22.5,4649,ef6bd10,amendment-1 search (overlay-cost fix)
2026-10-03T11:40:57+00:00,FTE,FTE_A+B+C+E+PCT|eqrisk|vt10|brake,IS,1.0,58ae9be3d3,"{""brake"": true, ""labels"": [""A"", ""B"", ""C"", ""E"", ""PCT""], ""scheme"": ""eqrisk"", ""vol_target"": 0.1}",0.6433,0.06467,-0.1816,18.34,4649,ef6bd10,amendment-1 search (overlay-cost fix)
2026-10-03T11:40:57+00:00,FTE,FTE_A+B+C+E+PCT|invvol_shrunk|vt6|nobrake,IS,1.0,20f6be0009,"{""brake"": false, ""labels"": [""A"", ""B"", ""C"", ""E"", ""PCT""], ""scheme"": ""invvol_shrunk"", ""vol_target"": 0.06}",0.5823,0.0506,-0.1622,7.92,4649,ef6bd10,amendment-1 search (overlay-cost fix)
2026-10-03T11:40:57+00:00,FTE,FTE_A+B+C+E+PCT|invvol_shrunk|vt6|brake,IS,1.0,5dcc5cc28b,"{""brake"": true, ""labels"": [""A"", ""B"", ""C"", ""E"", ""PCT""], ""scheme"": ""invvol_shrunk"", ""vol_target"": 0.06}",0.5934,0.04746,-0.1393,7.61,4649,ef6bd10,amendment-1 search (overlay-cost fix)
2026-10-03T11:40:57+00:00,FTE,FTE_A+B+C+E+PCT|invvol_shrunk|vt8|nobrake,IS,1.0,d9dd6932fd,"{""brake"": false, ""labels"": [""A"", ""B"", ""C"", ""E"", ""PCT""], ""scheme"": ""invvol_shrunk"", ""vol_target"": 0.08}",0.5461,0.05697,-0.2283,13.07,4649,ef6bd10,amendment-1 search (overlay-cost fix)
2026-10-03T11:40:57+00:00,FTE,FTE_A+B+C+E+PCT|invvol_shrunk|vt8|brake,IS,1.0,37d105cd91,"{""brake"": true, ""labels"": [""A"", ""B"", ""C"", ""E"", ""PCT""], ""scheme"": ""invvol_shrunk"", ""vol_target"": 0.08}",0.5622,0.05222,-0.1758,12.2,4649,ef6bd10,amendment-1 search (overlay-cost fix)
2026-10-03T11:40:57+00:00,FTE,FTE_A+B+C+E+PCT|invvol_shrunk|vt10|nobrake,IS,1.0,15842b4783,"{""brake"": false, ""labels"": [""A"", ""B"", ""C"", ""E"", ""PCT""], ""scheme"": ""invvol_shrunk"", ""vol_target"": 0.1}",0.4829,0.05784,-0.2879,21.04,4649,ef6bd10,amendment-1 search (overlay-cost fix)
2026-10-03T11:40:57+00:00,FTE,FTE_A+B+C+E+PCT|invvol_shrunk|vt10|brake,IS,1.0,ac97c46b75,"{""brake"": true, ""labels"": [""A"", ""B"", ""C"", ""E"", ""PCT""], ""scheme"": ""invvol_shrunk"", ""vol_target"": 0.1}",0.4929,0.05173,-0.2027,18.13,4649,ef6bd10,amendment-1 search (overlay-cost fix)
2026-10-03T11:40:57+00:00,FTE,FTE_A+B+C+E+PCT|minvar_lw|vt6|nobrake,IS,1.0,a99cdd24be,"{""brake"": false, ""labels"": [""A"", ""B"", ""C"", ""E"", ""PCT""], ""scheme"": ""minvar_lw"", ""vol_target"": 0.06}",0.9158,0.07322,-0.1023,7.38,4633,ef6bd10,amendment-1 search (overlay-cost fix)
2026-10-03T11:40:57+00:00,FTE,FTE_A+B+C+E+PCT|minvar_lw|vt6|brake,IS,1.0,4baea47f5c,"{""brake"": true, ""labels"": [""A"", ""B"", ""C"", ""E"", ""PCT""], ""scheme"": ""minvar_lw"", ""vol_target"": 0.06}",0.9157,0.07319,-0.1023,7.57,4633,ef6bd10,amendment-1 search (overlay-cost fix)
2026-10-03T11:40:57+00:00,FTE,FTE_A+B+C+E+PCT|minvar_lw|vt8|nobrake,IS,1.0,d16d7c34d0,"{""brake"": false, ""labels"": [""A"", ""B"", ""C"", ""E"", ""PCT""], ""scheme"": ""minvar_lw"", ""vol_target"": 0.08}",0.8668,0.08037,-0.1297,12.27,4633,ef6bd10,amendment-1 search (overlay-cost fix)
2026-10-03T11:40:57+00:00,FTE,FTE_A+B+C+E+PCT|minvar_lw|vt8|brake,IS,1.0,eb0ba060c1,"{""brake"": true, ""labels"": [""A"", ""B"", ""C"", ""E"", ""PCT""], ""scheme"": ""minvar_lw"", ""vol_target"": 0.08}",0.8164,0.07389,-0.1283,13.5,4633,ef6bd10,amendment-1 search (overlay-cost fix)
2026-10-03T11:40:57+00:00,FTE,FTE_A+B+C+E+PCT|minvar_lw|vt10|nobrake,IS,1.0,768033ec67,"{""brake"": false, ""labels"": [""A"", ""B"", ""C"", ""E"", ""PCT""], ""scheme"": ""minvar_lw"", ""vol_target"": 0.1}",0.7941,0.08249,-0.159,18.33,4633,ef6bd10,amendment-1 search (overlay-cost fix)
2026-10-03T11:40:57+00:00,FTE,FTE_A+B+C+E+PCT|minvar_lw|vt10|brake,IS,1.0,56dff8784f,"{""brake"": true, ""labels"": [""A"", ""B"", ""C"", ""E"", ""PCT""], ""scheme"": ""minvar_lw"", ""vol_target"": 0.1}",0.7827,0.07695,-0.1588,17.35,4633,ef6bd10,amendment-1 search (overlay-cost fix)
2026-10-03T11:40:57+00:00,FTE,FTE_A+B+C+E+TSMOM|eqrisk|vt6|nobrake,IS,1.0,bf3008ea89,"{""brake"": false, ""labels"": [""A"", ""B"", ""C"", ""E"", ""TSMOM""], ""scheme"": ""eqrisk"", ""vol_target"": 0.06}",0.7798,0.06369,-0.1476,8.82,4649,ef6bd10,amendment-1 search (overlay-cost fix)
2026-10-03T11:40:57+00:00,FTE,FTE_A+B+C+E+TSMOM|eqrisk|vt6|brake,IS,1.0,68bba639c3,"{""brake"": true, ""labels"": [""A"", ""B"", ""C"", ""E"", ""TSMOM""], ""scheme"": ""eqrisk"", ""vol_target"": 0.06}",0.767,0.05926,-0.1356,9.27,4649,ef6bd10,amendment-1 search (overlay-cost fix)
2026-10-03T11:40:57+00:00,FTE,FTE_A+B+C+E+TSMOM|eqrisk|vt8|nobrake,IS,1.0,23c93a3935,"{""brake"": false, ""labels"": [""A"", ""B"", ""C"", ""E"", ""TSMOM""], ""scheme"": ""eqrisk"", ""vol_target"": 0.08}",0.7274,0.0709,-0.1873,14.74,4649,ef6bd10,amendment-1 search (overlay-cost fix)
2026-10-03T11:40:57+00:00,FTE,FTE_A+B+C+E+TSMOM|eqrisk|vt8|brake,IS,1.0,2aacee3c12,"{""brake"": true, ""labels"": [""A"", ""B"", ""C"", ""E"", ""TSMOM""], ""scheme"": ""eqrisk"", ""vol_target"": 0.08}",0.7188,0.06538,-0.1483,14.38,4649,ef6bd10,amendment-1 search (overlay-cost fix)
2026-10-03T11:40:57+00:00,FTE,FTE_A+B+C+E+TSMOM|eqrisk|vt10|nobrake,IS,1.0,153348f294,"{""brake"": false, ""labels"": [""A"", ""B"", ""C"", ""E"", ""TSMOM""], ""scheme"": ""eqrisk"", ""vol_target"": 0.1}",0.646,0.07213,-0.2268,23.01,4649,ef6bd10,amendment-1 search (overlay-cost fix)
2026-10-03T11:40:57+00:00,FTE,FTE_A+B+C+E+TSMOM|eqrisk|vt10|brake,IS,1.0,e0761638d1,"{""brake"": true, ""labels"": [""A"", ""B"", ""C"", ""E"", ""TSMOM""], ""scheme"": ""eqrisk"", ""vol_target"": 0.1}",0.6499,0.06544,-0.1754,20.4,4649,ef6bd10,amendment-1 search (overlay-cost fix)
2026-10-03T11:40:57+00:00,FTE,FTE_A+B+C+E+TSMOM|invvol_shrunk|vt6|nobrake,IS,1.0,6d33acc77f,"{""brake"": false, ""labels"": [""A"", ""B"", ""C"", ""E"", ""TSMOM""], ""scheme"": ""invvol_shrunk"", ""vol_target"": 0.06}",0.668,0.0563,-0.1538,8.31,4649,ef6bd10,amendment-1 search (overlay-cost fix)
2026-10-03T11:40:57+00:00,FTE,FTE_A+B+C+E+TSMOM|invvol_shrunk|vt6|brake,IS,1.0,639eb53ddc,"{""brake"": true, ""labels"": [""A"", ""B"", ""C"", ""E"", ""TSMOM""], ""scheme"": ""invvol_shrunk"", ""vol_target"": 0.06}",0.6748,0.05379,-0.1411,9.17,4649,ef6bd10,amendment-1 search (overlay-cost fix)
2026-10-03T11:40:57+00:00,FTE,FTE_A+B+C+E+TSMOM|invvol_shrunk|vt8|nobrake,IS,1.0,c61a3c284c,"{""brake"": false, ""labels"": [""A"", ""B"", ""C"", ""E"", ""TSMOM""], ""scheme"": ""invvol_shrunk"", ""vol_target"": 0.08}",0.638,0.0647,-0.1966,13.59,4649,ef6bd10,amendment-1 search (overlay-cost fix)
2026-10-03T11:40:57+00:00,FTE,FTE_A+B+C+E+TSMOM|invvol_shrunk|vt8|brake,IS,1.0,1d7147b474,"{""brake"": true, ""labels"": [""A"", ""B"", ""C"", ""E"", ""TSMOM""], ""scheme"": ""invvol_shrunk"", ""vol_target"": 0.08}",0.6397,0.0597,-0.1539,13.53,4649,ef6bd10,amendment-1 search (overlay-cost fix)
2026-10-03T11:40:57+00:00,FTE,FTE_A+B+C+E+TSMOM|invvol_shrunk|vt10|nobrake,IS,1.0,879114ca0e,"{""brake"": false, ""labels"": [""A"", ""B"", ""C"", ""E"", ""TSMOM""], ""scheme"": ""invvol_shrunk"", ""vol_target"": 0.1}",0.5757,0.06705,-0.2322,21.88,4649,ef6bd10,amendment-1 search (overlay-cost fix)
2026-10-03T11:40:57+00:00,FTE,FTE_A+B+C+E+TSMOM|invvol_shrunk|vt10|brake,IS,1.0,2f5ec0c270,"{""brake"": true, ""labels"": [""A"", ""B"", ""C"", ""E"", ""TSMOM""], ""scheme"": ""invvol_shrunk"", ""vol_target"": 0.1}",0.5352,0.056,-0.1791,20.89,4649,ef6bd10,amendment-1 search (overlay-cost fix)
2026-10-03T11:40:57+00:00,FTE,FTE_A+B+C+E+TSMOM|minvar_lw|vt6|nobrake,IS,1.0,eee4d1f304,"{""brake"": false, ""labels"": [""A"", ""B"", ""C"", ""E"", ""TSMOM""], ""scheme"": ""minvar_lw"", ""vol_target"": 0.06}",0.9315,0.07453,-0.0989,7.37,4633,ef6bd10,amendment-1 search (overlay-cost fix)
2026-10-03T11:40:57+00:00,FTE,FTE_A+B+C+E+TSMOM|minvar_lw|vt6|brake,IS,1.0,4827acf3ac,"{""brake"": true, ""labels"": [""A"", ""B"", ""C"", ""E"", ""TSMOM""], ""scheme"": ""minvar_lw"", ""vol_target"": 0.06}",0.9315,0.07453,-0.0989,7.37,4633,ef6bd10,amendment-1 search (overlay-cost fix)
2026-10-03T11:40:57+00:00,FTE,FTE_A+B+C+E+TSMOM|minvar_lw|vt8|nobrake,IS,1.0,11f01cc323,"{""brake"": false, ""labels"": [""A"", ""B"", ""C"", ""E"", ""TSMOM""], ""scheme"": ""minvar_lw"", ""vol_target"": 0.08}",0.8938,0.0826,-0.1264,12.06,4633,ef6bd10,amendment-1 search (overlay-cost fix)
2026-10-03T11:40:57+00:00,FTE,FTE_A+B+C+E+TSMOM|minvar_lw|vt8|brake,IS,1.0,77bb697f5a,"{""brake"": true, ""labels"": [""A"", ""B"", ""C"", ""E"", ""TSMOM""], ""scheme"": ""minvar_lw"", ""vol_target"": 0.08}",0.8738,0.07942,-0.122,12.75,4633,ef6bd10,amendment-1 search (overlay-cost fix)
2026-10-03T11:40:57+00:00,FTE,FTE_A+B+C+E+TSMOM|minvar_lw|vt10|nobrake,IS,1.0,d362339248,"{""brake"": false, ""labels"": [""A"", ""B"", ""C"", ""E"", ""TSMOM""], ""scheme"": ""minvar_lw"", ""vol_target"": 0.1}",0.822,0.08485,-0.1599,18.08,4633,ef6bd10,amendment-1 search (overlay-cost fix)
2026-10-03T11:40:57+00:00,FTE,FTE_A+B+C+E+TSMOM|minvar_lw|vt10|brake,IS,1.0,d200c4fd1f,"{""brake"": true, ""labels"": [""A"", ""B"", ""C"", ""E"", ""TSMOM""], ""scheme"": ""minvar_lw"", ""vol_target"": 0.1}",0.8016,0.08009,-0.1425,17.15,4633,ef6bd10,amendment-1 search (overlay-cost fix)
2026-10-03T11:40:57+00:00,FTE,FTE_A+B+D+E|eqrisk|vt6|nobrake,IS,1.0,946248eb91,"{""brake"": false, ""labels"": [""A"", ""B"", ""D"", ""E""], ""scheme"": ""eqrisk"", ""vol_target"": 0.06}",-0.0201,0.01098,-0.2925,5.7,4649,ef6bd10,amendment-1 search (overlay-cost fix)
2026-10-03T11:40:57+00:00,FTE,FTE_A+B+D+E|eqrisk|vt6|brake,IS,1.0,bba67d83b0,"{""brake"": true, ""labels"": [""A"", ""B"", ""D"", ""E""], ""scheme"": ""eqrisk"", ""vol_target"": 0.06}",0.1043,0.01836,-0.2106,4.21,4649,ef6bd10,amendment-1 search (overlay-cost fix)
2026-10-03T11:40:57+00:00,FTE,FTE_A+B+D+E|eqrisk|vt8|nobrake,IS,1.0,9d5b7a4745,"{""brake"": false, ""labels"": [""A"", ""B"", ""D"", ""E""], ""scheme"": ""eqrisk"", ""vol_target"": 0.08}",-0.0277,0.00877,-0.3714,9.85,4649,ef6bd10,amendment-1 search (overlay-cost fix)
2026-10-03T11:40:57+00:00,FTE,FTE_A+B+D+E|eqrisk|vt8|brake,IS,1.0,ba4b68fb14,"{""brake"": true, ""labels"": [""A"", ""B"", ""D"", ""E""], ""scheme"": ""eqrisk"", ""vol_target"": 0.08}",0.1314,0.02074,-0.235,6.9,4649,ef6bd10,amendment-1 search (overlay-cost fix)
2026-10-03T11:40:57+00:00,FTE,FTE_A+B+D+E|eqrisk|vt10|nobrake,IS,1.0,4f31453da0,"{""brake"": false, ""labels"": [""A"", ""B"", ""D"", ""E""], ""scheme"": ""eqrisk"", ""vol_target"": 0.1}",-0.0363,0.00622,-0.4372,15.5,4649,ef6bd10,amendment-1 search (overlay-cost fix)
2026-10-03T11:40:57+00:00,FTE,FTE_A+B+D+E|eqrisk|vt10|brake,IS,1.0,9fc569efaa,"{""brake"": true, ""labels"": [""A"", ""B"", ""D"", ""E""], ""scheme"": ""eqrisk"", ""vol_target"": 0.1}",0.1065,0.01957,-0.2714,10.95,4649,ef6bd10,amendment-1 search (overlay-cost fix)
2026-10-03T11:40:57+00:00,FTE,FTE_A+B+D+E|invvol_shrunk|vt6|nobrake,IS,1.0,3e276a6337,"{""brake"": false, ""labels"": [""A"", ""B"", ""D"", ""E""], ""scheme"": ""invvol_shrunk"", ""vol_target"": 0.06}",0.0416,0.01501,-0.298,5.1,4649,ef6bd10,amendment-1 search (overlay-cost fix)
2026-10-03T11:40:57+00:00,FTE,FTE_A+B+D+E|invvol_shrunk|vt6|brake,IS,1.0,1f3902b189,"{""brake"": true, ""labels"": [""A"", ""B"", ""D"", ""E""], ""scheme"": ""invvol_shrunk"", ""vol_target"": 0.06}",0.1706,0.02164,-0.2049,4.08,4649,ef6bd10,amendment-1 search (overlay-cost fix)
2026-10-03T11:40:57+00:00,FTE,FTE_A+B+D+E|invvol_shrunk|vt8|nobrake,IS,1.0,92dff13c2f,"{""brake"": false, ""labels"": [""A"", ""B"", ""D"", ""E""], ""scheme"": ""invvol_shrunk"", ""vol_target"": 0.08}",0.0466,0.01482,-0.3777,8.35,4649,ef6bd10,amendment-1 search (overlay-cost fix)
2026-10-03T11:40:57+00:00,FTE,FTE_A+B+D+E|invvol_shrunk|vt8|brake,IS,1.0,682671874d,"{""brake"": true, ""labels"": [""A"", ""B"", ""D"", ""E""], ""scheme"": ""invvol_shrunk"", ""vol_target"": 0.08}",0.1678,0.02301,-0.2422,5.88,4649,ef6bd10,amendment-1 search (overlay-cost fix)
2026-10-03T11:40:57+00:00,FTE,FTE_A+B+D+E|invvol_shrunk|vt10|nobrake,IS,1.0,c056e8e173,"{""brake"": false, ""labels"": [""A"", ""B"", ""D"", ""E""], ""scheme"": ""invvol_shrunk"", ""vol_target"": 0.1}",0.0383,0.01315,-0.4463,13.15,4649,ef6bd10,amendment-1 search (overlay-cost fix)
2026-10-03T11:40:57+00:00,FTE,FTE_A+B+D+E|invvol_shrunk|vt10|brake,IS,1.0,865e268fd6,"{""brake"": true, ""labels"": [""A"", ""B"", ""D"", ""E""], ""scheme"": ""invvol_shrunk"", ""vol_target"": 0.1}",0.1807,0.02534,-0.2837,8.86,4649,ef6bd10,amendment-1 search (overlay-cost fix)
2026-10-03T11:40:57+00:00,FTE,FTE_A+B+D+E|minvar_lw|vt6|nobrake,IS,1.0,4861a10cc4,"{""brake"": false, ""labels"": [""A"", ""B"", ""D"", ""E""], ""scheme"": ""minvar_lw"", ""vol_target"": 0.06}",-0.1828,-3e-05,-0.3829,4.56,4633,ef6bd10,amendment-1 search (overlay-cost fix)
2026-10-03T11:40:57+00:00,FTE,FTE_A+B+D+E|minvar_lw|vt6|brake,IS,1.0,def242b328,"{""brake"": true, ""labels"": [""A"", ""B"", ""D"", ""E""], ""scheme"": ""minvar_lw"", ""vol_target"": 0.06}",-0.0214,0.01198,-0.2391,3.35,4633,ef6bd10,amendment-1 search (overlay-cost fix)
2026-10-03T11:40:57+00:00,FTE,FTE_A+B+D+E|minvar_lw|vt8|nobrake,IS,1.0,6844ea4b47,"{""brake"": false, ""labels"": [""A"", ""B"", ""D"", ""E""], ""scheme"": ""minvar_lw"", ""vol_target"": 0.08}",-0.1734,-0.00224,-0.4295,7.96,4633,ef6bd10,amendment-1 search (overlay-cost fix)
2026-10-03T11:40:57+00:00,FTE,FTE_A+B+D+E|minvar_lw|vt8|brake,IS,1.0,9e84f5d723,"{""brake"": true, ""labels"": [""A"", ""B"", ""D"", ""E""], ""scheme"": ""minvar_lw"", ""vol_target"": 0.08}",-0.0143,0.01175,-0.2599,5.22,4633,ef6bd10,amendment-1 search (overlay-cost fix)
2026-10-03T11:40:57+00:00,FTE,FTE_A+B+D+E|minvar_lw|vt10|nobrake,IS,1.0,139d6596c6,"{""brake"": false, ""labels"": [""A"", ""B"", ""D"", ""E""], ""scheme"": ""minvar_lw"", ""vol_target"": 0.1}",-0.1358,-0.00117,-0.4398,12.11,4633,ef6bd10,amendment-1 search (overlay-cost fix)
2026-10-03T11:40:57+00:00,FTE,FTE_A+B+D+E|minvar_lw|vt10|brake,IS,1.0,2c889cc4fe,"{""brake"": true, ""labels"": [""A"", ""B"", ""D"", ""E""], ""scheme"": ""minvar_lw"", ""vol_target"": 0.1}",0.0143,0.01307,-0.27,7.77,4633,ef6bd10,amendment-1 search (overlay-cost fix)
2026-10-03T11:40:57+00:00,FTE,FTE_A+B+D+E+PCT|eqrisk|vt6|nobrake,IS,1.0,f2a1c4e424,"{""brake"": false, ""labels"": [""A"", ""B"", ""D"", ""E"", ""PCT""], ""scheme"": ""eqrisk"", ""vol_target"": 0.06}",0.1171,0.01991,-0.2444,8.24,4649,ef6bd10,amendment-1 search (overlay-cost fix)
2026-10-03T11:40:57+00:00,FTE,FTE_A+B+D+E+PCT|eqrisk|vt6|brake,IS,1.0,68b0ff45b8,"{""brake"": true, ""labels"": [""A"", ""B"", ""D"", ""E"", ""PCT""], ""scheme"": ""eqrisk"", ""vol_target"": 0.06}",0.221,0.02442,-0.1816,6.74,4649,ef6bd10,amendment-1 search (overlay-cost fix)
2026-10-03T11:40:57+00:00,FTE,FTE_A+B+D+E+PCT|eqrisk|vt8|nobrake,IS,1.0,b3d67ace1e,"{""brake"": false, ""labels"": [""A"", ""B"", ""D"", ""E"", ""PCT""], ""scheme"": ""eqrisk"", ""vol_target"": 0.08}",0.0863,0.01815,-0.3262,15.05,4649,ef6bd10,amendment-1 search (overlay-cost fix)
2026-10-03T11:40:57+00:00,FTE,FTE_A+B+D+E+PCT|eqrisk|vt8|brake,IS,1.0,ec91d263c3,"{""brake"": true, ""labels"": [""A"", ""B"", ""D"", ""E"", ""PCT""], ""scheme"": ""eqrisk"", ""vol_target"": 0.08}",0.2086,0.02558,-0.2156,10.71,4649,ef6bd10,amendment-1 search (overlay-cost fix)
2026-10-03T11:40:57+00:00,FTE,FTE_A+B+D+E+PCT|eqrisk|vt10|nobrake,IS,1.0,03c747c464,"{""brake"": false, ""labels"": [""A"", ""B"", ""D"", ""E"", ""PCT""], ""scheme"": ""eqrisk"", ""vol_target"": 0.1}",0.0565,0.01529,-0.4017,23.77,4649,ef6bd10,amendment-1 search (overlay-cost fix)
2026-10-03T11:40:57+00:00,FTE,FTE_A+B+D+E+PCT|eqrisk|vt10|brake,IS,1.0,63c69ec52f,"{""brake"": true, ""labels"": [""A"", ""B"", ""D"", ""E"", ""PCT""], ""scheme"": ""eqrisk"", ""vol_target"": 0.1}",0.1976,0.02628,-0.2455,17.04,4649,ef6bd10,amendment-1 search (overlay-cost fix)
2026-10-03T11:40:57+00:00,FTE,FTE_A+B+D+E+PCT|invvol_shrunk|vt6|nobrake,IS,1.0,ae3c27fe8d,"{""brake"": false, ""labels"": [""A"", ""B"", ""D"", ""E"", ""PCT""], ""scheme"": ""invvol_shrunk"", ""vol_target"": 0.06}",0.1935,0.02488,-0.2255,7.48,4649,ef6bd10,amendment-1 search (overlay-cost fix)
2026-10-03T11:40:57+00:00,FTE,FTE_A+B+D+E+PCT|invvol_shrunk|vt6|brake,IS,1.0,bdb014bd49,"{""brake"": true, ""labels"": [""A"", ""B"", ""D"", ""E"", ""PCT""], ""scheme"": ""invvol_shrunk"", ""vol_target"": 0.06}",0.2694,0.02715,-0.1706,6.34,4649,ef6bd10,amendment-1 search (overlay-cost fix)
2026-10-03T11:40:57+00:00,FTE,FTE_A+B+D+E+PCT|invvol_shrunk|vt8|nobrake,IS,1.0,77e65a6466,"{""brake"": false, ""labels"": [""A"", ""B"", ""D"", ""E"", ""PCT""], ""scheme"": ""invvol_shrunk"", ""vol_target"": 0.08}",0.1694,0.02516,-0.3184,13.23,4649,ef6bd10,amendment-1 search (overlay-cost fix)
2026-10-03T11:40:57+00:00,FTE,FTE_A+B+D+E+PCT|invvol_shrunk|vt8|brake,IS,1.0,a0bafc2665,"{""brake"": true, ""labels"": [""A"", ""B"", ""D"", ""E"", ""PCT""], ""scheme"": ""invvol_shrunk"", ""vol_target"": 0.08}",0.3121,0.03262,-0.2114,9.23,4649,ef6bd10,amendment-1 search (overlay-cost fix)
2026-10-03T11:40:57+00:00,FTE,FTE_A+B+D+E+PCT|invvol_shrunk|vt10|nobrake,IS,1.0,650172637c,"{""brake"": false, ""labels"": [""A"", ""B"", ""D"", ""E"", ""PCT""], ""scheme"": ""invvol_shrunk"", ""vol_target"": 0.1}",0.1359,0.02307,-0.4045,21.69,4649,ef6bd10,amendment-1 search (overlay-cost fix)
2026-10-03T11:40:57+00:00,FTE,FTE_A+B+D+E+PCT|invvol_shrunk|vt10|brake,IS,1.0,c84bf112f5,"{""brake"": true, ""labels"": [""A"", ""B"", ""D"", ""E"", ""PCT""], ""scheme"": ""invvol_shrunk"", ""vol_target"": 0.1}",0.2456,0.0301,-0.2531,15.64,4649,ef6bd10,amendment-1 search (overlay-cost fix)
2026-10-03T11:40:57+00:00,FTE,FTE_A+B+D+E+PCT|minvar_lw|vt6|nobrake,IS,1.0,91c3ed13db,"{""brake"": false, ""labels"": [""A"", ""B"", ""D"", ""E"", ""PCT""], ""scheme"": ""minvar_lw"", ""vol_target"": 0.06}",-0.0792,0.00705,-0.3223,6.53,4633,ef6bd10,amendment-1 search (overlay-cost fix)
2026-10-03T11:40:57+00:00,FTE,FTE_A+B+D+E+PCT|minvar_lw|vt6|brake,IS,1.0,78fb40b199,"{""brake"": true, ""labels"": [""A"", ""B"", ""D"", ""E"", ""PCT""], ""scheme"": ""minvar_lw"", ""vol_target"": 0.06}",0.0745,0.01675,-0.2025,4.63,4633,ef6bd10,amendment-1 search (overlay-cost fix)
2026-10-03T11:40:57+00:00,FTE,FTE_A+B+D+E+PCT|minvar_lw|vt8|nobrake,IS,1.0,5ddf62afc5,"{""brake"": false, ""labels"": [""A"", ""B"", ""D"", ""E"", ""PCT""], ""scheme"": ""minvar_lw"", ""vol_target"": 0.08}",-0.0661,0.00635,-0.3668,11.82,4633,ef6bd10,amendment-1 search (overlay-cost fix)
2026-10-03T11:40:57+00:00,FTE,FTE_A+B+D+E+PCT|minvar_lw|vt8|brake,IS,1.0,944cab9f0b,"{""brake"": true, ""labels"": [""A"", ""B"", ""D"", ""E"", ""PCT""], ""scheme"": ""minvar_lw"", ""vol_target"": 0.08}",0.0768,0.01708,-0.2183,8.14,4633,ef6bd10,amendment-1 search (overlay-cost fix)
2026-10-03T11:40:57+00:00,FTE,FTE_A+B+D+E+PCT|minvar_lw|vt10|nobrake,IS,1.0,c4cfe0a29b,"{""brake"": false, ""labels"": [""A"", ""B"", ""D"", ""E"", ""PCT""], ""scheme"": ""minvar_lw"", ""vol_target"": 0.1}",-0.0415,0.00716,-0.3903,17.77,4633,ef6bd10,amendment-1 search (overlay-cost fix)
2026-10-03T11:40:57+00:00,FTE,FTE_A+B+D+E+PCT|minvar_lw|vt10|brake,IS,1.0,587be2cd97,"{""brake"": true, ""labels"": [""A"", ""B"", ""D"", ""E"", ""PCT""], ""scheme"": ""minvar_lw"", ""vol_target"": 0.1}",0.0758,0.01713,-0.2371,12.55,4633,ef6bd10,amendment-1 search (overlay-cost fix)
2026-10-03T11:40:57+00:00,FTE,FTE_A+B+D+E+TSMOM|eqrisk|vt6|nobrake,IS,1.0,6c5752d29f,"{""brake"": false, ""labels"": [""A"", ""B"", ""D"", ""E"", ""TSMOM""], ""scheme"": ""eqrisk"", ""vol_target"": 0.06}",0.1808,0.02402,-0.2291,8.71,4649,ef6bd10,amendment-1 search (overlay-cost fix)
2026-10-03T11:40:57+00:00,FTE,FTE_A+B+D+E+TSMOM|eqrisk|vt6|brake,IS,1.0,4a15cc8bb4,"{""brake"": true, ""labels"": [""A"", ""B"", ""D"", ""E"", ""TSMOM""], ""scheme"": ""eqrisk"", ""vol_target"": 0.06}",0.2443,0.02617,-0.173,7.75,4649,ef6bd10,amendment-1 search (overlay-cost fix)
2026-10-03T11:40:57+00:00,FTE,FTE_A+B+D+E+TSMOM|eqrisk|vt8|nobrake,IS,1.0,0dab813576,"{""brake"": false, ""labels"": [""A"", ""B"", ""D"", ""E"", ""TSMOM""], ""scheme"": ""eqrisk"", ""vol_target"": 0.08}",0.1602,0.02416,-0.2721,15.82,4649,ef6bd10,amendment-1 search (overlay-cost fix)
2026-10-03T11:40:57+00:00,FTE,FTE_A+B+D+E+TSMOM|eqrisk|vt8|brake,IS,1.0,e141dcd6cd,"{""brake"": true, ""labels"": [""A"", ""B"", ""D"", ""E"", ""TSMOM""], ""scheme"": ""eqrisk"", ""vol_target"": 0.08}",0.2523,0.02851,-0.199,11.89,4649,ef6bd10,amendment-1 search (overlay-cost fix)
2026-10-03T11:40:57+00:00,FTE,FTE_A+B+D+E+TSMOM|eqrisk|vt10|nobrake,IS,1.0,a3347fac48,"{""brake"": false, ""labels"": [""A"", ""B"", ""D"", ""E"", ""TSMOM""], ""scheme"": ""eqrisk"", ""vol_target"": 0.1}",0.136,0.02288,-0.3327,24.89,4649,ef6bd10,amendment-1 search (overlay-cost fix)
2026-10-03T11:40:57+00:00,FTE,FTE_A+B+D+E+TSMOM|eqrisk|vt10|brake,IS,1.0,b5fad90ac5,"{""brake"": true, ""labels"": [""A"", ""B"", ""D"", ""E"", ""TSMOM""], ""scheme"": ""eqrisk"", ""vol_target"": 0.1}",0.2096,0.02725,-0.2127,17.97,4649,ef6bd10,amendment-1 search (overlay-cost fix)
2026-10-03T11:40:57+00:00,FTE,FTE_A+B+D+E+TSMOM|invvol_shrunk|vt6|nobrake,IS,1.0,1d0338801a,"{""brake"": false, ""labels"": [""A"", ""B"", ""D"", ""E"", ""TSMOM""], ""scheme"": ""invvol_shrunk"", ""vol_target"": 0.06}",0.2756,0.03022,-0.1994,8.08,4649,ef6bd10,amendment-1 search (overlay-cost fix)
2026-10-03T11:40:57+00:00,FTE,FTE_A+B+D+E+TSMOM|invvol_shrunk|vt6|brake,IS,1.0,bc7af9ea2c,"{""brake"": true, ""labels"": [""A"", ""B"", ""D"", ""E"", ""TSMOM""], ""scheme"": ""invvol_shrunk"", ""vol_target"": 0.06}",0.2793,0.02842,-0.1544,7.6,4649,ef6bd10,amendment-1 search (overlay-cost fix)
2026-10-03T11:40:57+00:00,FTE,FTE_A+B+D+E+TSMOM|invvol_shrunk|vt8|nobrake,IS,1.0,f5b3447c92,"{""brake"": false, ""labels"": [""A"", ""B"", ""D"", ""E"", ""TSMOM""], ""scheme"": ""invvol_shrunk"", ""vol_target"": 0.08}",0.2613,0.03286,-0.2542,14.28,4649,ef6bd10,amendment-1 search (overlay-cost fix)
2026-10-03T11:40:57+00:00,FTE,FTE_A+B+D+E+TSMOM|invvol_shrunk|vt8|brake,IS,1.0,f09404a530,"{""brake"": true, ""labels"": [""A"", ""B"", ""D"", ""E"", ""TSMOM""], ""scheme"": ""invvol_shrunk"", ""vol_target"": 0.08}",0.3272,0.0338,-0.1903,11.74,4649,ef6bd10,amendment-1 search (overlay-cost fix)
2026-10-03T11:40:57+00:00,FTE,FTE_A+B+D+E+TSMOM|invvol_shrunk|vt10|nobrake,IS,1.0,b5428e8564,"{""brake"": false, ""labels"": [""A"", ""B"", ""D"", ""E"", ""TSMOM""], ""scheme"": ""invvol_shrunk"", ""vol_target"": 0.1}",0.2347,0.03298,-0.3132,22.98,4649,ef6bd10,amendment-1 search (overlay-cost fix)
2026-10-03T11:40:57+00:00,FTE,FTE_A+B+D+E+TSMOM|invvol_shrunk|vt10|brake,IS,1.0,5d71a24bf5,"{""brake"": true, ""labels"": [""A"", ""B"", ""D"", ""E"", ""TSMOM""], ""scheme"": ""invvol_shrunk"", ""vol_target"": 0.1}",0.2584,0.03128,-0.2076,17.92,4649,ef6bd10,amendment-1 search (overlay-cost fix)
2026-10-03T11:40:57+00:00,FTE,FTE_A+B+D+E+TSMOM|minvar_lw|vt6|nobrake,IS,1.0,3a398fa686,"{""brake"": false, ""labels"": [""A"", ""B"", ""D"", ""E"", ""TSMOM""], ""scheme"": ""minvar_lw"", ""vol_target"": 0.06}",-0.0498,0.00896,-0.3005,6.71,4633,ef6bd10,amendment-1 search (overlay-cost fix)
2026-10-03T11:40:57+00:00,FTE,FTE_A+B+D+E+TSMOM|minvar_lw|vt6|brake,IS,1.0,bc57723fc3,"{""brake"": true, ""labels"": [""A"", ""B"", ""D"", ""E"", ""TSMOM""], ""scheme"": ""minvar_lw"", ""vol_target"": 0.06}",0.0949,0.01778,-0.2006,4.79,4633,ef6bd10,amendment-1 search (overlay-cost fix)
2026-10-03T11:40:57+00:00,FTE,FTE_A+B+D+E+TSMOM|minvar_lw|vt8|nobrake,IS,1.0,3d9cc0955c,"{""brake"": false, ""labels"": [""A"", ""B"", ""D"", ""E"", ""TSMOM""], ""scheme"": ""minvar_lw"", ""vol_target"": 0.08}",-0.0349,0.00872,-0.3391,11.99,4633,ef6bd10,amendment-1 search (overlay-cost fix)
2026-10-03T11:40:57+00:00,FTE,FTE_A+B+D+E+TSMOM|minvar_lw|vt8|brake,IS,1.0,1ac10e01b9,"{""brake"": true, ""labels"": [""A"", ""B"", ""D"", ""E"", ""TSMOM""], ""scheme"": ""minvar_lw"", ""vol_target"": 0.08}",0.0887,0.0178,-0.2134,8.08,4633,ef6bd10,amendment-1 search (overlay-cost fix)
2026-10-03T11:40:57+00:00,FTE,FTE_A+B+D+E+TSMOM|minvar_lw|vt10|nobrake,IS,1.0,def2b33e6d,"{""brake"": false, ""labels"": [""A"", ""B"", ""D"", ""E"", ""TSMOM""], ""scheme"": ""minvar_lw"", ""vol_target"": 0.1}",-0.0042,0.01033,-0.3535,18.03,4633,ef6bd10,amendment-1 search (overlay-cost fix)
2026-10-03T11:40:57+00:00,FTE,FTE_A+B+D+E+TSMOM|minvar_lw|vt10|brake,IS,1.0,2242d1deae,"{""brake"": true, ""labels"": [""A"", ""B"", ""D"", ""E"", ""TSMOM""], ""scheme"": ""minvar_lw"", ""vol_target"": 0.1}",0.1074,0.01926,-0.2305,12.54,4633,ef6bd10,amendment-1 search (overlay-cost fix)
2026-10-03T11:40:57+00:00,FTE,FTE_A+C+D+E|eqrisk|vt6|nobrake,IS,1.0,25c043d306,"{""brake"": false, ""labels"": [""A"", ""C"", ""D"", ""E""], ""scheme"": ""eqrisk"", ""vol_target"": 0.06}",0.2663,0.02945,-0.2363,9.49,4649,ef6bd10,amendment-1 search (overlay-cost fix)
2026-10-03T11:40:57+00:00,FTE,FTE_A+C+D+E|eqrisk|vt6|brake,IS,1.0,70b65d864b,"{""brake"": true, ""labels"": [""A"", ""C"", ""D"", ""E""], ""scheme"": ""eqrisk"", ""vol_target"": 0.06}",0.3078,0.02944,-0.1724,8.16,4649,ef6bd10,amendment-1 search (overlay-cost fix)
2026-10-03T11:40:57+00:00,FTE,FTE_A+C+D+E|eqrisk|vt8|nobrake,IS,1.0,1bb911f94b,"{""brake"": false, ""labels"": [""A"", ""C"", ""D"", ""E""], ""scheme"": ""eqrisk"", ""vol_target"": 0.08}",0.2426,0.03002,-0.2623,15.05,4649,ef6bd10,amendment-1 search (overlay-cost fix)
2026-10-03T11:40:57+00:00,FTE,FTE_A+C+D+E|eqrisk|vt8|brake,IS,1.0,cc5b82e242,"{""brake"": true, ""labels"": [""A"", ""C"", ""D"", ""E""], ""scheme"": ""eqrisk"", ""vol_target"": 0.08}",0.2845,0.03036,-0.1915,12.27,4649,ef6bd10,amendment-1 search (overlay-cost fix)
2026-10-03T11:40:57+00:00,FTE,FTE_A+C+D+E|eqrisk|vt10|nobrake,IS,1.0,9c5e036739,"{""brake"": false, ""labels"": [""A"", ""C"", ""D"", ""E""], ""scheme"": ""eqrisk"", ""vol_target"": 0.1}",0.2122,0.02907,-0.2843,21.23,4649,ef6bd10,amendment-1 search (overlay-cost fix)
2026-10-03T11:40:57+00:00,FTE,FTE_A+C+D+E|eqrisk|vt10|brake,IS,1.0,462cf3489c,"{""brake"": true, ""labels"": [""A"", ""C"", ""D"", ""E""], ""scheme"": ""eqrisk"", ""vol_target"": 0.1}",0.2699,0.03108,-0.1978,16.57,4649,ef6bd10,amendment-1 search (overlay-cost fix)
2026-10-03T11:40:57+00:00,FTE,FTE_A+C+D+E|invvol_shrunk|vt6|nobrake,IS,1.0,c14e2e804c,"{""brake"": false, ""labels"": [""A"", ""C"", ""D"", ""E""], ""scheme"": ""invvol_shrunk"", ""vol_target"": 0.06}",0.263,0.02938,-0.2356,7.24,4649,ef6bd10,amendment-1 search (overlay-cost fix)
2026-10-03T11:40:57+00:00,FTE,FTE_A+C+D+E|invvol_shrunk|vt6|brake,IS,1.0,2a5a8480e2,"{""brake"": true, ""labels"": [""A"", ""C"", ""D"", ""E""], ""scheme"": ""invvol_shrunk"", ""vol_target"": 0.06}",0.31,0.02955,-0.1763,6.35,4649,ef6bd10,amendment-1 search (overlay-cost fix)
2026-10-03T11:40:57+00:00,FTE,FTE_A+C+D+E|invvol_shrunk|vt8|nobrake,IS,1.0,005be17795,"{""brake"": false, ""labels"": [""A"", ""C"", ""D"", ""E""], ""scheme"": ""invvol_shrunk"", ""vol_target"": 0.08}",0.2323,0.02994,-0.2882,12.31,4649,ef6bd10,amendment-1 search (overlay-cost fix)
2026-10-03T11:40:57+00:00,FTE,FTE_A+C+D+E|invvol_shrunk|vt8|brake,IS,1.0,5e6ed06faf,"{""brake"": true, ""labels"": [""A"", ""C"", ""D"", ""E""], ""scheme"": ""invvol_shrunk"", ""vol_target"": 0.08}",0.3096,0.03274,-0.1972,9.86,4649,ef6bd10,amendment-1 search (overlay-cost fix)
2026-10-03T11:40:57+00:00,FTE,FTE_A+C+D+E|invvol_shrunk|vt10|nobrake,IS,1.0,ede7e0545d,"{""brake"": false, ""labels"": [""A"", ""C"", ""D"", ""E""], ""scheme"": ""invvol_shrunk"", ""vol_target"": 0.1}",0.1953,0.02847,-0.3248,18.08,4649,ef6bd10,amendment-1 search (overlay-cost fix)
2026-10-03T11:40:57+00:00,FTE,FTE_A+C+D+E|invvol_shrunk|vt10|brake,IS,1.0,f9f1b8902d,"{""brake"": true, ""labels"": [""A"", ""C"", ""D"", ""E""], ""scheme"": ""invvol_shrunk"", ""vol_target"": 0.1}",0.2951,0.03313,-0.2263,13.16,4649,ef6bd10,amendment-1 search (overlay-cost fix)
2026-10-03T11:40:57+00:00,FTE,FTE_A+C+D+E|minvar_lw|vt6|nobrake,IS,1.0,730e705c27,"{""brake"": false, ""labels"": [""A"", ""C"", ""D"", ""E""], ""scheme"": ""minvar_lw"", ""vol_target"": 0.06}",0.1942,0.02467,-0.2293,8.77,4633,ef6bd10,amendment-1 search (overlay-cost fix)
2026-10-03T11:40:57+00:00,FTE,FTE_A+C+D+E|minvar_lw|vt6|brake,IS,1.0,73268cb66c,"{""brake"": true, ""labels"": [""A"", ""C"", ""D"", ""E""], ""scheme"": ""minvar_lw"", ""vol_target"": 0.06}",0.2142,0.0242,-0.185,7.28,4633,ef6bd10,amendment-1 search (overlay-cost fix)
2026-10-03T11:40:57+00:00,FTE,FTE_A+C+D+E|minvar_lw|vt8|nobrake,IS,1.0,7de616f126,"{""brake"": false, ""labels"": [""A"", ""C"", ""D"", ""E""], ""scheme"": ""minvar_lw"", ""vol_target"": 0.08}",0.1869,0.02527,-0.2548,14.3,4633,ef6bd10,amendment-1 search (overlay-cost fix)
2026-10-03T11:40:57+00:00,FTE,FTE_A+C+D+E|minvar_lw|vt8|brake,IS,1.0,bd80b325b7,"{""brake"": true, ""labels"": [""A"", ""C"", ""D"", ""E""], ""scheme"": ""minvar_lw"", ""vol_target"": 0.08}",0.2054,0.02472,-0.2111,11.75,4633,ef6bd10,amendment-1 search (overlay-cost fix)
2026-10-03T11:40:57+00:00,FTE,FTE_A+C+D+E|minvar_lw|vt10|nobrake,IS,1.0,f0d3007c6f,"{""brake"": false, ""labels"": [""A"", ""C"", ""D"", ""E""], ""scheme"": ""minvar_lw"", ""vol_target"": 0.1}",0.2037,0.02725,-0.2553,19.57,4633,ef6bd10,amendment-1 search (overlay-cost fix)
2026-10-03T11:40:57+00:00,FTE,FTE_A+C+D+E|minvar_lw|vt10|brake,IS,1.0,ffdd9dd558,"{""brake"": true, ""labels"": [""A"", ""C"", ""D"", ""E""], ""scheme"": ""minvar_lw"", ""vol_target"": 0.1}",0.1918,0.0248,-0.1985,15.69,4633,ef6bd10,amendment-1 search (overlay-cost fix)
2026-10-03T11:40:57+00:00,FTE,FTE_A+C+D+E+PCT|eqrisk|vt6|nobrake,IS,1.0,1233a6ac68,"{""brake"": false, ""labels"": [""A"", ""C"", ""D"", ""E"", ""PCT""], ""scheme"": ""eqrisk"", ""vol_target"": 0.06}",0.3848,0.03676,-0.2011,11.78,4649,ef6bd10,amendment-1 search (overlay-cost fix)
2026-10-03T11:40:57+00:00,FTE,FTE_A+C+D+E+PCT|eqrisk|vt6|brake,IS,1.0,8d9dc29d6c,"{""brake"": true, ""labels"": [""A"", ""C"", ""D"", ""E"", ""PCT""], ""scheme"": ""eqrisk"", ""vol_target"": 0.06}",0.3892,0.03414,-0.177,11.81,4649,ef6bd10,amendment-1 search (overlay-cost fix)
2026-10-03T11:40:57+00:00,FTE,FTE_A+C+D+E+PCT|eqrisk|vt8|nobrake,IS,1.0,794781d4ea,"{""brake"": false, ""labels"": [""A"", ""C"", ""D"", ""E"", ""PCT""], ""scheme"": ""eqrisk"", ""vol_target"": 0.08}",0.3445,0.03795,-0.234,19.95,4649,ef6bd10,amendment-1 search (overlay-cost fix)
2026-10-03T11:40:57+00:00,FTE,FTE_A+C+D+E+PCT|eqrisk|vt8|brake,IS,1.0,bef449e9cf,"{""brake"": true, ""labels"": [""A"", ""C"", ""D"", ""E"", ""PCT""], ""scheme"": ""eqrisk"", ""vol_target"": 0.08}",0.3595,0.03525,-0.1931,17.31,4649,ef6bd10,amendment-1 search (overlay-cost fix)
2026-10-03T11:40:57+00:00,FTE,FTE_A+C+D+E+PCT|eqrisk|vt10|nobrake,IS,1.0,bbc7fd7731,"{""brake"": false, ""labels"": [""A"", ""C"", ""D"", ""E"", ""PCT""], ""scheme"": ""eqrisk"", ""vol_target"": 0.1}",0.2925,0.03629,-0.2624,28.95,4649,ef6bd10,amendment-1 search (overlay-cost fix)
2026-10-03T11:40:57+00:00,FTE,FTE_A+C+D+E+PCT|eqrisk|vt10|brake,IS,1.0,bf85c17ca7,"{""brake"": true, ""labels"": [""A"", ""C"", ""D"", ""E"", ""PCT""], ""scheme"": ""eqrisk"", ""vol_target"": 0.1}",0.3543,0.0371,-0.206,22.33,4649,ef6bd10,amendment-1 search (overlay-cost fix)
2026-10-03T11:40:57+00:00,FTE,FTE_A+C+D+E+PCT|invvol_shrunk|vt6|nobrake,IS,1.0,0c36b9ddc7,"{""brake"": false, ""labels"": [""A"", ""C"", ""D"", ""E"", ""PCT""], ""scheme"": ""invvol_shrunk"", ""vol_target"": 0.06}",0.3776,0.03654,-0.1905,9.56,4649,ef6bd10,amendment-1 search (overlay-cost fix)
2026-10-03T11:40:57+00:00,FTE,FTE_A+C+D+E+PCT|invvol_shrunk|vt6|brake,IS,1.0,e4409a059f,"{""brake"": true, ""labels"": [""A"", ""C"", ""D"", ""E"", ""PCT""], ""scheme"": ""invvol_shrunk"", ""vol_target"": 0.06}",0.4002,0.03429,-0.1748,9.13,4649,ef6bd10,amendment-1 search (overlay-cost fix)
2026-10-03T11:40:57+00:00,FTE,FTE_A+C+D+E+PCT|invvol_shrunk|vt8|nobrake,IS,1.0,512ac10922,"{""brake"": false, ""labels"": [""A"", ""C"", ""D"", ""E"", ""PCT""], ""scheme"": ""invvol_shrunk"", ""vol_target"": 0.08}",0.3289,0.03778,-0.243,17.56,4649,ef6bd10,amendment-1 search (overlay-cost fix)
2026-10-03T11:40:57+00:00,FTE,FTE_A+C+D+E+PCT|invvol_shrunk|vt8|brake,IS,1.0,38944b1640,"{""brake"": true, ""labels"": [""A"", ""C"", ""D"", ""E"", ""PCT""], ""scheme"": ""invvol_shrunk"", ""vol_target"": 0.08}",0.4003,0.03792,-0.1948,14.14,4649,ef6bd10,amendment-1 search (overlay-cost fix)
2026-10-03T11:40:57+00:00,FTE,FTE_A+C+D+E+PCT|invvol_shrunk|vt10|nobrake,IS,1.0,570a830eb2,"{""brake"": false, ""labels"": [""A"", ""C"", ""D"", ""E"", ""PCT""], ""scheme"": ""invvol_shrunk"", ""vol_target"": 0.1}",0.2634,0.03507,-0.281,26.64,4649,ef6bd10,amendment-1 search (overlay-cost fix)
2026-10-03T11:40:57+00:00,FTE,FTE_A+C+D+E+PCT|invvol_shrunk|vt10|brake,IS,1.0,ed8e50f0ff,"{""brake"": true, ""labels"": [""A"", ""C"", ""D"", ""E"", ""PCT""], ""scheme"": ""invvol_shrunk"", ""vol_target"": 0.1}",0.3721,0.0393,-0.2093,19.62,4649,ef6bd10,amendment-1 search (overlay-cost fix)
2026-10-03T11:40:57+00:00,FTE,FTE_A+C+D+E+PCT|minvar_lw|vt6|nobrake,IS,1.0,c3fef6b0d5,"{""brake"": false, ""labels"": [""A"", ""C"", ""D"", ""E"", ""PCT""], ""scheme"": ""minvar_lw"", ""vol_target"": 0.06}",0.2871,0.03032,-0.2041,10.31,4633,ef6bd10,amendment-1 search (overlay-cost fix)
2026-10-03T11:40:57+00:00,FTE,FTE_A+C+D+E+PCT|minvar_lw|vt6|brake,IS,1.0,0745fc95a1,"{""brake"": true, ""labels"": [""A"", ""C"", ""D"", ""E"", ""PCT""], ""scheme"": ""minvar_lw"", ""vol_target"": 0.06}",0.294,0.02963,-0.168,10.07,4633,ef6bd10,amendment-1 search (overlay-cost fix)
2026-10-03T11:40:57+00:00,FTE,FTE_A+C+D+E+PCT|minvar_lw|vt8|nobrake,IS,1.0,9719eb7903,"{""brake"": false, ""labels"": [""A"", ""C"", ""D"", ""E"", ""PCT""], ""scheme"": ""minvar_lw"", ""vol_target"": 0.08}",0.2841,0.03198,-0.227,17.04,4633,ef6bd10,amendment-1 search (overlay-cost fix)
2026-10-03T11:40:57+00:00,FTE,FTE_A+C+D+E+PCT|minvar_lw|vt8|brake,IS,1.0,0bbd26c82c,"{""brake"": true, ""labels"": [""A"", ""C"", ""D"", ""E"", ""PCT""], ""scheme"": ""minvar_lw"", ""vol_target"": 0.08}",0.2852,0.03062,-0.1848,15.38,4633,ef6bd10,amendment-1 search (overlay-cost fix)
2026-10-03T11:40:57+00:00,FTE,FTE_A+C+D+E+PCT|minvar_lw|vt10|nobrake,IS,1.0,fb1cc2d9e0,"{""brake"": false, ""labels"": [""A"", ""C"", ""D"", ""E"", ""PCT""], ""scheme"": ""minvar_lw"", ""vol_target"": 0.1}",0.29,0.03374,-0.2321,23.56,4633,ef6bd10,amendment-1 search (overlay-cost fix)
2026-10-03T11:40:57+00:00,FTE,FTE_A+C+D+E+PCT|minvar_lw|vt10|brake,IS,1.0,e837ad31ec,"{""brake"": true, ""labels"": [""A"", ""C"", ""D"", ""E"", ""PCT""], ""scheme"": ""minvar_lw"", ""vol_target"": 0.1}",0.2746,0.031,-0.1882,21.51,4633,ef6bd10,amendment-1 search (overlay-cost fix)
2026-10-03T11:40:57+00:00,FTE,FTE_A+C+D+E+TSMOM|eqrisk|vt6|nobrake,IS,1.0,1c031c3127,"{""brake"": false, ""labels"": [""A"", ""C"", ""D"", ""E"", ""TSMOM""], ""scheme"": ""eqrisk"", ""vol_target"": 0.06}",0.4345,0.0399,-0.1882,12.22,4649,ef6bd10,amendment-1 search (overlay-cost fix)
2026-10-03T11:40:57+00:00,FTE,FTE_A+C+D+E+TSMOM|eqrisk|vt6|brake,IS,1.0,87f26f6963,"{""brake"": true, ""labels"": [""A"", ""C"", ""D"", ""E"", ""TSMOM""], ""scheme"": ""eqrisk"", ""vol_target"": 0.06}",0.4091,0.03583,-0.1687,12.16,4649,ef6bd10,amendment-1 search (overlay-cost fix)
2026-10-03T11:40:57+00:00,FTE,FTE_A+C+D+E+TSMOM|eqrisk|vt8|nobrake,IS,1.0,dd3b78e6fc,"{""brake"": false, ""labels"": [""A"", ""C"", ""D"", ""E"", ""TSMOM""], ""scheme"": ""eqrisk"", ""vol_target"": 0.08}",0.4001,0.04214,-0.2114,20.53,4649,ef6bd10,amendment-1 search (overlay-cost fix)
2026-10-03T11:40:57+00:00,FTE,FTE_A+C+D+E+TSMOM|eqrisk|vt8|brake,IS,1.0,0b7d337e17,"{""brake"": true, ""labels"": [""A"", ""C"", ""D"", ""E"", ""TSMOM""], ""scheme"": ""eqrisk"", ""vol_target"": 0.08}",0.379,0.03699,-0.1779,17.57,4649,ef6bd10,amendment-1 search (overlay-cost fix)
2026-10-03T11:40:57+00:00,FTE,FTE_A+C+D+E+TSMOM|eqrisk|vt10|nobrake,IS,1.0,a899e8169a,"{""brake"": false, ""labels"": [""A"", ""C"", ""D"", ""E"", ""TSMOM""], ""scheme"": ""eqrisk"", ""vol_target"": 0.1}",0.3537,0.04159,-0.2312,29.9,4649,ef6bd10,amendment-1 search (overlay-cost fix)
2026-10-03T11:40:57+00:00,FTE,FTE_A+C+D+E+TSMOM|eqrisk|vt10|brake,IS,1.0,694ff10a36,"{""brake"": true, ""labels"": [""A"", ""C"", ""D"", ""E"", ""TSMOM""], ""scheme"": ""eqrisk"", ""vol_target"": 0.1}",0.3432,0.03699,-0.1851,25.17,4649,ef6bd10,amendment-1 search (overlay-cost fix)
2026-10-03T11:40:57+00:00,FTE,FTE_A+C+D+E+TSMOM|invvol_shrunk|vt6|nobrake,IS,1.0,5edb52dfb9,"{""brake"": false, ""labels"": [""A"", ""C"", ""D"", ""E"", ""TSMOM""], ""scheme"": ""invvol_shrunk"", ""vol_target"": 0.06}",0.4514,0.04123,-0.1682,10.16,4649,ef6bd10,amendment-1 search (overlay-cost fix)
2026-10-03T11:40:57+00:00,FTE,FTE_A+C+D+E+TSMOM|invvol_shrunk|vt6|brake,IS,1.0,b8a6fc955c,"{""brake"": true, ""labels"": [""A"", ""C"", ""D"", ""E"", ""TSMOM""], ""scheme"": ""invvol_shrunk"", ""vol_target"": 0.06}",0.4175,0.03617,-0.1587,10.82,4649,ef6bd10,amendment-1 search (overlay-cost fix)
2026-10-03T11:40:57+00:00,FTE,FTE_A+C+D+E+TSMOM|invvol_shrunk|vt8|nobrake,IS,1.0,2e712e8a02,"{""brake"": false, ""labels"": [""A"", ""C"", ""D"", ""E"", ""TSMOM""], ""scheme"": ""invvol_shrunk"", ""vol_target"": 0.08}",0.4073,0.04405,-0.208,18.05,4649,ef6bd10,amendment-1 search (overlay-cost fix)
2026-10-03T11:40:57+00:00,FTE,FTE_A+C+D+E+TSMOM|invvol_shrunk|vt8|brake,IS,1.0,f92bd7efd8,"{""brake"": true, ""labels"": [""A"", ""C"", ""D"", ""E"", ""TSMOM""], ""scheme"": ""invvol_shrunk"", ""vol_target"": 0.08}",0.4089,0.04008,-0.1739,16.42,4649,ef6bd10,amendment-1 search (overlay-cost fix)
2026-10-03T11:40:57+00:00,FTE,FTE_A+C+D+E+TSMOM|invvol_shrunk|vt10|nobrake,IS,1.0,7e5f053eb1,"{""brake"": false, ""labels"": [""A"", ""C"", ""D"", ""E"", ""TSMOM""], ""scheme"": ""invvol_shrunk"", ""vol_target"": 0.1}",0.3508,0.04333,-0.2365,27.62,4649,ef6bd10,amendment-1 search (overlay-cost fix)
2026-10-03T11:40:57+00:00,FTE,FTE_A+C+D+E+TSMOM|invvol_shrunk|vt10|brake,IS,1.0,5ddbc9ca17,"{""brake"": true, ""labels"": [""A"", ""C"", ""D"", ""E"", ""TSMOM""], ""scheme"": ""invvol_shrunk"", ""vol_target"": 0.1}",0.3711,0.04033,-0.1815,22.53,4649,ef6bd10,amendment-1 search (overlay-cost fix)
2026-10-03T11:40:57+00:00,FTE,FTE_A+C+D+E+TSMOM|minvar_lw|vt6|nobrake,IS,1.0,853bdaa1c1,"{""brake"": false, ""labels"": [""A"", ""C"", ""D"", ""E"", ""TSMOM""], ""scheme"": ""minvar_lw"", ""vol_target"": 0.06}",0.2952,0.03084,-0.2063,10.31,4633,ef6bd10,amendment-1 search (overlay-cost fix)
2026-10-03T11:40:57+00:00,FTE,FTE_A+C+D+E+TSMOM|minvar_lw|vt6|brake,IS,1.0,9f7d6d57ab,"{""brake"": true, ""labels"": [""A"", ""C"", ""D"", ""E"", ""TSMOM""], ""scheme"": ""minvar_lw"", ""vol_target"": 0.06}",0.313,0.03103,-0.1655,9.7,4633,ef6bd10,amendment-1 search (overlay-cost fix)
2026-10-03T11:40:57+00:00,FTE,FTE_A+C+D+E+TSMOM|minvar_lw|vt8|nobrake,IS,1.0,fc965e9b87,"{""brake"": false, ""labels"": [""A"", ""C"", ""D"", ""E"", ""TSMOM""], ""scheme"": ""minvar_lw"", ""vol_target"": 0.08}",0.2986,0.03305,-0.2237,16.85,4633,ef6bd10,amendment-1 search (overlay-cost fix)
2026-10-03T11:40:57+00:00,FTE,FTE_A+C+D+E+TSMOM|minvar_lw|vt8|brake,IS,1.0,57c79afe1f,"{""brake"": true, ""labels"": [""A"", ""C"", ""D"", ""E"", ""TSMOM""], ""scheme"": ""minvar_lw"", ""vol_target"": 0.08}",0.2835,0.03,-0.1925,15.06,4633,ef6bd10,amendment-1 search (overlay-cost fix)
2026-10-03T11:40:57+00:00,FTE,FTE_A+C+D+E+TSMOM|minvar_lw|vt10|nobrake,IS,1.0,c51c03cfed,"{""brake"": false, ""labels"": [""A"", ""C"", ""D"", ""E"", ""TSMOM""], ""scheme"": ""minvar_lw"", ""vol_target"": 0.1}",0.3028,0.03474,-0.2214,23.26,4633,ef6bd10,amendment-1 search (overlay-cost fix)
2026-10-03T11:40:57+00:00,FTE,FTE_A+C+D+E+TSMOM|minvar_lw|vt10|brake,IS,1.0,f9f09d2eee,"{""brake"": true, ""labels"": [""A"", ""C"", ""D"", ""E"", ""TSMOM""], ""scheme"": ""minvar_lw"", ""vol_target"": 0.1}",0.2254,0.02726,-0.1927,21.08,4633,ef6bd10,amendment-1 search (overlay-cost fix)
2026-10-03T11:40:57+00:00,FTE,FTE_B+C+D+E|eqrisk|vt6|nobrake,IS,1.0,d2c9d8204d,"{""brake"": false, ""labels"": [""B"", ""C"", ""D"", ""E""], ""scheme"": ""eqrisk"", ""vol_target"": 0.06}",0.1975,0.02508,-0.2844,8.23,4649,ef6bd10,amendment-1 search (overlay-cost fix)
2026-10-03T11:40:57+00:00,FTE,FTE_B+C+D+E|eqrisk|vt6|brake,IS,1.0,ff64b3bbee,"{""brake"": true, ""labels"": [""B"", ""C"", ""D"", ""E""], ""scheme"": ""eqrisk"", ""vol_target"": 0.06}",0.3251,0.02977,-0.1904,6.09,4649,ef6bd10,amendment-1 search (overlay-cost fix)
2026-10-03T11:40:57+00:00,FTE,FTE_B+C+D+E|eqrisk|vt8|nobrake,IS,1.0,755400c909,"{""brake"": false, ""labels"": [""B"", ""C"", ""D"", ""E""], ""scheme"": ""eqrisk"", ""vol_target"": 0.08}",0.1451,0.02281,-0.3487,14.08,4649,ef6bd10,amendment-1 search (overlay-cost fix)
2026-10-03T11:40:57+00:00,FTE,FTE_B+C+D+E|eqrisk|vt8|brake,IS,1.0,acd12c2c3d,"{""brake"": true, ""labels"": [""B"", ""C"", ""D"", ""E""], ""scheme"": ""eqrisk"", ""vol_target"": 0.08}",0.3025,0.03121,-0.2283,9.75,4649,ef6bd10,amendment-1 search (overlay-cost fix)
2026-10-03T11:40:57+00:00,FTE,FTE_B+C+D+E|eqrisk|vt10|nobrake,IS,1.0,b7e11f4393,"{""brake"": false, ""labels"": [""B"", ""C"", ""D"", ""E""], ""scheme"": ""eqrisk"", ""vol_target"": 0.1}",0.0844,0.01798,-0.3998,20.65,4649,ef6bd10,amendment-1 search (overlay-cost fix)
2026-10-03T11:40:57+00:00,FTE,FTE_B+C+D+E|eqrisk|vt10|brake,IS,1.0,d2a0dece56,"{""brake"": true, ""labels"": [""B"", ""C"", ""D"", ""E""], ""scheme"": ""eqrisk"", ""vol_target"": 0.1}",0.2491,0.02947,-0.259,14.19,4649,ef6bd10,amendment-1 search (overlay-cost fix)
2026-10-03T11:40:57+00:00,FTE,FTE_B+C+D+E|invvol_shrunk|vt6|nobrake,IS,1.0,e18d1f7eec,"{""brake"": false, ""labels"": [""B"", ""C"", ""D"", ""E""], ""scheme"": ""invvol_shrunk"", ""vol_target"": 0.06}",0.2102,0.02596,-0.2921,6.17,4649,ef6bd10,amendment-1 search (overlay-cost fix)
2026-10-03T11:40:57+00:00,FTE,FTE_B+C+D+E|invvol_shrunk|vt6|brake,IS,1.0,c1b3646e83,"{""brake"": true, ""labels"": [""B"", ""C"", ""D"", ""E""], ""scheme"": ""invvol_shrunk"", ""vol_target"": 0.06}",0.3215,0.02932,-0.199,4.91,4649,ef6bd10,amendment-1 search (overlay-cost fix)
2026-10-03T11:40:57+00:00,FTE,FTE_B+C+D+E|invvol_shrunk|vt8|nobrake,IS,1.0,b4d5c0a879,"{""brake"": false, ""labels"": [""B"", ""C"", ""D"", ""E""], ""scheme"": ""invvol_shrunk"", ""vol_target"": 0.08}",0.1831,0.02624,-0.3672,10.83,4649,ef6bd10,amendment-1 search (overlay-cost fix)
2026-10-03T11:40:57+00:00,FTE,FTE_B+C+D+E|invvol_shrunk|vt8|brake,IS,1.0,313129aaf5,"{""brake"": true, ""labels"": [""B"", ""C"", ""D"", ""E""], ""scheme"": ""invvol_shrunk"", ""vol_target"": 0.08}",0.3495,0.03472,-0.2392,7.28,4649,ef6bd10,amendment-1 search (overlay-cost fix)
2026-10-03T11:40:57+00:00,FTE,FTE_B+C+D+E|invvol_shrunk|vt10|nobrake,IS,1.0,7f6ae9825c,"{""brake"": false, ""labels"": [""B"", ""C"", ""D"", ""E""], ""scheme"": ""invvol_shrunk"", ""vol_target"": 0.1}",0.1281,0.02228,-0.4347,17.03,4649,ef6bd10,amendment-1 search (overlay-cost fix)
2026-10-03T11:40:57+00:00,FTE,FTE_B+C+D+E|invvol_shrunk|vt10|brake,IS,1.0,f891210e9f,"{""brake"": true, ""labels"": [""B"", ""C"", ""D"", ""E""], ""scheme"": ""invvol_shrunk"", ""vol_target"": 0.1}",0.2738,0.03214,-0.2813,11.79,4649,ef6bd10,amendment-1 search (overlay-cost fix)
2026-10-03T11:40:57+00:00,FTE,FTE_B+C+D+E|minvar_lw|vt6|nobrake,IS,1.0,1feaa4ef77,"{""brake"": false, ""labels"": [""B"", ""C"", ""D"", ""E""], ""scheme"": ""minvar_lw"", ""vol_target"": 0.06}",0.0917,0.01814,-0.2742,7.52,4633,ef6bd10,amendment-1 search (overlay-cost fix)
2026-10-03T11:40:57+00:00,FTE,FTE_B+C+D+E|minvar_lw|vt6|brake,IS,1.0,b7c0af94ad,"{""brake"": true, ""labels"": [""B"", ""C"", ""D"", ""E""], ""scheme"": ""minvar_lw"", ""vol_target"": 0.06}",0.2134,0.02359,-0.1977,5.34,4633,ef6bd10,amendment-1 search (overlay-cost fix)
2026-10-03T11:40:57+00:00,FTE,FTE_B+C+D+E|minvar_lw|vt8|nobrake,IS,1.0,a83d6c9823,"{""brake"": false, ""labels"": [""B"", ""C"", ""D"", ""E""], ""scheme"": ""minvar_lw"", ""vol_target"": 0.08}",0.0599,0.01599,-0.3139,13.28,4633,ef6bd10,amendment-1 search (overlay-cost fix)
2026-10-03T11:40:57+00:00,FTE,FTE_B+C+D+E|minvar_lw|vt8|brake,IS,1.0,f7209a0734,"{""brake"": true, ""labels"": [""B"", ""C"", ""D"", ""E""], ""scheme"": ""minvar_lw"", ""vol_target"": 0.08}",0.2135,0.02449,-0.2234,8.47,4633,ef6bd10,amendment-1 search (overlay-cost fix)
2026-10-03T11:40:57+00:00,FTE,FTE_B+C+D+E|minvar_lw|vt10|nobrake,IS,1.0,18d9de3bc4,"{""brake"": false, ""labels"": [""B"", ""C"", ""D"", ""E""], ""scheme"": ""minvar_lw"", ""vol_target"": 0.1}",0.05,0.01506,-0.3261,18.9,4633,ef6bd10,amendment-1 search (overlay-cost fix)
2026-10-03T11:40:57+00:00,FTE,FTE_B+C+D+E|minvar_lw|vt10|brake,IS,1.0,6d261b66df,"{""brake"": true, ""labels"": [""B"", ""C"", ""D"", ""E""], ""scheme"": ""minvar_lw"", ""vol_target"": 0.1}",0.2,0.02465,-0.2223,12.67,4633,ef6bd10,amendment-1 search (overlay-cost fix)
2026-10-03T11:40:57+00:00,FTE,FTE_B+C+D+E+PCT|eqrisk|vt6|nobrake,IS,1.0,a91dfaa369,"{""brake"": false, ""labels"": [""B"", ""C"", ""D"", ""E"", ""PCT""], ""scheme"": ""eqrisk"", ""vol_target"": 0.06}",0.259,0.0289,-0.2361,10.94,4649,ef6bd10,amendment-1 search (overlay-cost fix)
2026-10-03T11:40:57+00:00,FTE,FTE_B+C+D+E+PCT|eqrisk|vt6|brake,IS,1.0,71c3331762,"{""brake"": true, ""labels"": [""B"", ""C"", ""D"", ""E"", ""PCT""], ""scheme"": ""eqrisk"", ""vol_target"": 0.06}",0.3673,0.03202,-0.1778,9.02,4649,ef6bd10,amendment-1 search (overlay-cost fix)
2026-10-03T11:40:57+00:00,FTE,FTE_B+C+D+E+PCT|eqrisk|vt8|nobrake,IS,1.0,d81bf652c4,"{""brake"": false, ""labels"": [""B"", ""C"", ""D"", ""E"", ""PCT""], ""scheme"": ""eqrisk"", ""vol_target"": 0.08}",0.1881,0.02616,-0.297,19.3,4649,ef6bd10,amendment-1 search (overlay-cost fix)
2026-10-03T11:40:57+00:00,FTE,FTE_B+C+D+E+PCT|eqrisk|vt8|brake,IS,1.0,8186a0263f,"{""brake"": true, ""labels"": [""B"", ""C"", ""D"", ""E"", ""PCT""], ""scheme"": ""eqrisk"", ""vol_target"": 0.08}",0.3335,0.03317,-0.1986,13.96,4649,ef6bd10,amendment-1 search (overlay-cost fix)
2026-10-03T11:40:57+00:00,FTE,FTE_B+C+D+E+PCT|eqrisk|vt10|nobrake,IS,1.0,ddf2c0fad6,"{""brake"": false, ""labels"": [""B"", ""C"", ""D"", ""E"", ""PCT""], ""scheme"": ""eqrisk"", ""vol_target"": 0.1}",0.1164,0.02092,-0.3597,29.03,4649,ef6bd10,amendment-1 search (overlay-cost fix)
2026-10-03T11:40:57+00:00,FTE,FTE_B+C+D+E+PCT|eqrisk|vt10|brake,IS,1.0,960e4b74f7,"{""brake"": true, ""labels"": [""B"", ""C"", ""D"", ""E"", ""PCT""], ""scheme"": ""eqrisk"", ""vol_target"": 0.1}",0.2496,0.02964,-0.2331,20.67,4649,ef6bd10,amendment-1 search (overlay-cost fix)
2026-10-03T11:40:57+00:00,FTE,FTE_B+C+D+E+PCT|invvol_shrunk|vt6|nobrake,IS,1.0,40f1b5082d,"{""brake"": false, ""labels"": [""B"", ""C"", ""D"", ""E"", ""PCT""], ""scheme"": ""invvol_shrunk"", ""vol_target"": 0.06}",0.2758,0.03017,-0.2272,9.06,4649,ef6bd10,amendment-1 search (overlay-cost fix)
2026-10-03T11:40:57+00:00,FTE,FTE_B+C+D+E+PCT|invvol_shrunk|vt6|brake,IS,1.0,b1b15b2475,"{""brake"": true, ""labels"": [""B"", ""C"", ""D"", ""E"", ""PCT""], ""scheme"": ""invvol_shrunk"", ""vol_target"": 0.06}",0.3488,0.03122,-0.1715,7.36,4649,ef6bd10,amendment-1 search (overlay-cost fix)
2026-10-03T11:40:57+00:00,FTE,FTE_B+C+D+E+PCT|invvol_shrunk|vt8|nobrake,IS,1.0,9aeca9ac4f,"{""brake"": false, ""labels"": [""B"", ""C"", ""D"", ""E"", ""PCT""], ""scheme"": ""invvol_shrunk"", ""vol_target"": 0.08}",0.2256,0.02965,-0.3098,16.18,4649,ef6bd10,amendment-1 search (overlay-cost fix)
2026-10-03T11:40:57+00:00,FTE,FTE_B+C+D+E+PCT|invvol_shrunk|vt8|brake,IS,1.0,51e0bf2a05,"{""brake"": true, ""labels"": [""B"", ""C"", ""D"", ""E"", ""PCT""], ""scheme"": ""invvol_shrunk"", ""vol_target"": 0.08}",0.3506,0.03484,-0.1984,12.57,4649,ef6bd10,amendment-1 search (overlay-cost fix)
2026-10-03T11:40:57+00:00,FTE,FTE_B+C+D+E+PCT|invvol_shrunk|vt10|nobrake,IS,1.0,1dbd582204,"{""brake"": false, ""labels"": [""B"", ""C"", ""D"", ""E"", ""PCT""], ""scheme"": ""invvol_shrunk"", ""vol_target"": 0.1}",0.1643,0.02577,-0.3786,25.83,4649,ef6bd10,amendment-1 search (overlay-cost fix)
2026-10-03T11:40:57+00:00,FTE,FTE_B+C+D+E+PCT|invvol_shrunk|vt10|brake,IS,1.0,c036bd1e94,"{""brake"": true, ""labels"": [""B"", ""C"", ""D"", ""E"", ""PCT""], ""scheme"": ""invvol_shrunk"", ""vol_target"": 0.1}",0.2564,0.03073,-0.2452,18.99,4649,ef6bd10,amendment-1 search (overlay-cost fix)
2026-10-03T11:40:57+00:00,FTE,FTE_B+C+D+E+PCT|minvar_lw|vt6|nobrake,IS,1.0,5fff500ecf,"{""brake"": false, ""labels"": [""B"", ""C"", ""D"", ""E"", ""PCT""], ""scheme"": ""minvar_lw"", ""vol_target"": 0.06}",0.114,0.01954,-0.2482,9.0,4633,ef6bd10,amendment-1 search (overlay-cost fix)
2026-10-03T11:40:57+00:00,FTE,FTE_B+C+D+E+PCT|minvar_lw|vt6|brake,IS,1.0,a67b2539d0,"{""brake"": true, ""labels"": [""B"", ""C"", ""D"", ""E"", ""PCT""], ""scheme"": ""minvar_lw"", ""vol_target"": 0.06}",0.2271,0.02424,-0.2037,5.93,4633,ef6bd10,amendment-1 search (overlay-cost fix)
2026-10-03T11:40:57+00:00,FTE,FTE_B+C+D+E+PCT|minvar_lw|vt8|nobrake,IS,1.0,42711726d2,"{""brake"": false, ""labels"": [""B"", ""C"", ""D"", ""E"", ""PCT""], ""scheme"": ""minvar_lw"", ""vol_target"": 0.08}",0.0946,0.01857,-0.2831,15.78,4633,ef6bd10,amendment-1 search (overlay-cost fix)
2026-10-03T11:40:57+00:00,FTE,FTE_B+C+D+E+PCT|minvar_lw|vt8|brake,IS,1.0,e40cd3fca8,"{""brake"": true, ""labels"": [""B"", ""C"", ""D"", ""E"", ""PCT""], ""scheme"": ""minvar_lw"", ""vol_target"": 0.08}",0.2231,0.02539,-0.2045,11.21,4633,ef6bd10,amendment-1 search (overlay-cost fix)
2026-10-03T11:40:57+00:00,FTE,FTE_B+C+D+E+PCT|minvar_lw|vt10|nobrake,IS,1.0,ea0ee7e0f8,"{""brake"": false, ""labels"": [""B"", ""C"", ""D"", ""E"", ""PCT""], ""scheme"": ""minvar_lw"", ""vol_target"": 0.1}",0.0771,0.01728,-0.2976,22.5,4633,ef6bd10,amendment-1 search (overlay-cost fix)
2026-10-03T11:40:57+00:00,FTE,FTE_B+C+D+E+PCT|minvar_lw|vt10|brake,IS,1.0,f78967de93,"{""brake"": true, ""labels"": [""B"", ""C"", ""D"", ""E"", ""PCT""], ""scheme"": ""minvar_lw"", ""vol_target"": 0.1}",0.1851,0.02384,-0.2192,15.44,4633,ef6bd10,amendment-1 search (overlay-cost fix)
2026-10-03T11:40:57+00:00,FTE,FTE_B+C+D+E+TSMOM|eqrisk|vt6|nobrake,IS,1.0,50511cf4ef,"{""brake"": false, ""labels"": [""B"", ""C"", ""D"", ""E"", ""TSMOM""], ""scheme"": ""eqrisk"", ""vol_target"": 0.06}",0.3463,0.03447,-0.2121,11.53,4649,ef6bd10,amendment-1 search (overlay-cost fix)
2026-10-03T11:40:57+00:00,FTE,FTE_B+C+D+E+TSMOM|eqrisk|vt6|brake,IS,1.0,2a7f47d032,"{""brake"": true, ""labels"": [""B"", ""C"", ""D"", ""E"", ""TSMOM""], ""scheme"": ""eqrisk"", ""vol_target"": 0.06}",0.3819,0.03362,-0.1702,10.08,4649,ef6bd10,amendment-1 search (overlay-cost fix)
2026-10-03T11:40:57+00:00,FTE,FTE_B+C+D+E+TSMOM|eqrisk|vt8|nobrake,IS,1.0,2e7ef20411,"{""brake"": false, ""labels"": [""B"", ""C"", ""D"", ""E"", ""TSMOM""], ""scheme"": ""eqrisk"", ""vol_target"": 0.08}",0.2825,0.03356,-0.252,20.1,4649,ef6bd10,amendment-1 search (overlay-cost fix)
2026-10-03T11:40:57+00:00,FTE,FTE_B+C+D+E+TSMOM|eqrisk|vt8|brake,IS,1.0,4573db92a8,"{""brake"": true, ""labels"": [""B"", ""C"", ""D"", ""E"", ""TSMOM""], ""scheme"": ""eqrisk"", ""vol_target"": 0.08}",0.3506,0.03482,-0.1767,15.7,4649,ef6bd10,amendment-1 search (overlay-cost fix)
2026-10-03T11:40:57+00:00,FTE,FTE_B+C+D+E+TSMOM|eqrisk|vt10|nobrake,IS,1.0,5104f2ae7b,"{""brake"": false, ""labels"": [""B"", ""C"", ""D"", ""E"", ""TSMOM""], ""scheme"": ""eqrisk"", ""vol_target"": 0.1}",0.2107,0.0295,-0.298,30.01,4649,ef6bd10,amendment-1 search (overlay-cost fix)
2026-10-03T11:40:57+00:00,FTE,FTE_B+C+D+E+TSMOM|eqrisk|vt10|brake,IS,1.0,76c50c6aac,"{""brake"": true, ""labels"": [""B"", ""C"", ""D"", ""E"", ""TSMOM""], ""scheme"": ""eqrisk"", ""vol_target"": 0.1}",0.3184,0.03477,-0.2036,22.28,4649,ef6bd10,amendment-1 search (overlay-cost fix)
2026-10-03T11:40:57+00:00,FTE,FTE_B+C+D+E+TSMOM|invvol_shrunk|vt6|nobrake,IS,1.0,7782c56bb6,"{""brake"": false, ""labels"": [""B"", ""C"", ""D"", ""E"", ""TSMOM""], ""scheme"": ""invvol_shrunk"", ""vol_target"": 0.06}",0.3756,0.03671,-0.189,9.74,4649,ef6bd10,amendment-1 search (overlay-cost fix)
2026-10-03T11:40:57+00:00,FTE,FTE_B+C+D+E+TSMOM|invvol_shrunk|vt6|brake,IS,1.0,2954799bd7,"{""brake"": true, ""labels"": [""B"", ""C"", ""D"", ""E"", ""TSMOM""], ""scheme"": ""invvol_shrunk"", ""vol_target"": 0.06}",0.353,0.03242,-0.1556,10.12,4649,ef6bd10,amendment-1 search (overlay-cost fix)
2026-10-03T11:40:57+00:00,FTE,FTE_B+C+D+E+TSMOM|invvol_shrunk|vt8|nobrake,IS,1.0,44db6d3d31,"{""brake"": false, ""labels"": [""B"", ""C"", ""D"", ""E"", ""TSMOM""], ""scheme"": ""invvol_shrunk"", ""vol_target"": 0.08}",0.3308,0.03833,-0.2385,17.26,4649,ef6bd10,amendment-1 search (overlay-cost fix)
2026-10-03T11:40:57+00:00,FTE,FTE_B+C+D+E+TSMOM|invvol_shrunk|vt8|brake,IS,1.0,6a2b61faf7,"{""brake"": true, ""labels"": [""B"", ""C"", ""D"", ""E"", ""TSMOM""], ""scheme"": ""invvol_shrunk"", ""vol_target"": 0.08}",0.3923,0.0385,-0.1769,12.92,4649,ef6bd10,amendment-1 search (overlay-cost fix)
2026-10-03T11:40:57+00:00,FTE,FTE_B+C+D+E+TSMOM|invvol_shrunk|vt10|nobrake,IS,1.0,f266fe0868,"{""brake"": false, ""labels"": [""B"", ""C"", ""D"", ""E"", ""TSMOM""], ""scheme"": ""invvol_shrunk"", ""vol_target"": 0.1}",0.2711,0.0362,-0.2977,27.14,4649,ef6bd10,amendment-1 search (overlay-cost fix)
2026-10-03T11:40:57+00:00,FTE,FTE_B+C+D+E+TSMOM|invvol_shrunk|vt10|brake,IS,1.0,385c99bc5a,"{""brake"": true, ""labels"": [""B"", ""C"", ""D"", ""E"", ""TSMOM""], ""scheme"": ""invvol_shrunk"", ""vol_target"": 0.1}",0.3401,0.03761,-0.1999,20.8,4649,ef6bd10,amendment-1 search (overlay-cost fix)
2026-10-03T11:40:57+00:00,FTE,FTE_B+C+D+E+TSMOM|minvar_lw|vt6|nobrake,IS,1.0,9ed8877396,"{""brake"": false, ""labels"": [""B"", ""C"", ""D"", ""E"", ""TSMOM""], ""scheme"": ""minvar_lw"", ""vol_target"": 0.06}",0.1455,0.02157,-0.2432,8.95,4633,ef6bd10,amendment-1 search (overlay-cost fix)
2026-10-03T11:40:57+00:00,FTE,FTE_B+C+D+E+TSMOM|minvar_lw|vt6|brake,IS,1.0,978d5fa1f1,"{""brake"": true, ""labels"": [""B"", ""C"", ""D"", ""E"", ""TSMOM""], ""scheme"": ""minvar_lw"", ""vol_target"": 0.06}",0.2481,0.02556,-0.1929,6.6,4633,ef6bd10,amendment-1 search (overlay-cost fix)
2026-10-03T11:40:57+00:00,FTE,FTE_B+C+D+E+TSMOM|minvar_lw|vt8|nobrake,IS,1.0,0f0ad8e2f3,"{""brake"": false, ""labels"": [""B"", ""C"", ""D"", ""E"", ""TSMOM""], ""scheme"": ""minvar_lw"", ""vol_target"": 0.08}",0.1254,0.02084,-0.2749,15.57,4633,ef6bd10,amendment-1 search (overlay-cost fix)
2026-10-03T11:40:57+00:00,FTE,FTE_B+C+D+E+TSMOM|minvar_lw|vt8|brake,IS,1.0,128decb2e0,"{""brake"": true, ""labels"": [""B"", ""C"", ""D"", ""E"", ""TSMOM""], ""scheme"": ""minvar_lw"", ""vol_target"": 0.08}",0.2307,0.02577,-0.201,10.89,4633,ef6bd10,amendment-1 search (overlay-cost fix)
2026-10-03T11:40:57+00:00,FTE,FTE_B+C+D+E+TSMOM|minvar_lw|vt10|nobrake,IS,1.0,b02013c6d9,"{""brake"": false, ""labels"": [""B"", ""C"", ""D"", ""E"", ""TSMOM""], ""scheme"": ""minvar_lw"", ""vol_target"": 0.1}",0.107,0.01971,-0.288,22.19,4633,ef6bd10,amendment-1 search (overlay-cost fix)
2026-10-03T11:40:57+00:00,FTE,FTE_B+C+D+E+TSMOM|minvar_lw|vt10|brake,IS,1.0,6aa427b81b,"{""brake"": true, ""labels"": [""B"", ""C"", ""D"", ""E"", ""TSMOM""], ""scheme"": ""minvar_lw"", ""vol_target"": 0.1}",0.2174,0.0259,-0.2113,15.69,4633,ef6bd10,amendment-1 search (overlay-cost fix)
2026-10-03T11:40:57+00:00,FTE,FTE_A+B+C+D+E|eqrisk|vt6|nobrake,IS,1.0,ad78899244,"{""brake"": false, ""labels"": [""A"", ""B"", ""C"", ""D"", ""E""], ""scheme"": ""eqrisk"", ""vol_target"": 0.06}",0.3417,0.03413,-0.2476,9.88,4649,ef6bd10,amendment-1 search (overlay-cost fix)
2026-10-03T11:40:57+00:00,FTE,FTE_A+B+C+D+E|eqrisk|vt6|brake,IS,1.0,bfe5341d6c,"{""brake"": true, ""labels"": [""A"", ""B"", ""C"", ""D"", ""E""], ""scheme"": ""eqrisk"", ""vol_target"": 0.06}",0.3704,0.03333,-0.1692,8.45,4649,ef6bd10,amendment-1 search (overlay-cost fix)
2026-10-03T11:40:57+00:00,FTE,FTE_A+B+C+D+E|eqrisk|vt8|nobrake,IS,1.0,02a2dc8352,"{""brake"": false, ""labels"": [""A"", ""B"", ""C"", ""D"", ""E""], ""scheme"": ""eqrisk"", ""vol_target"": 0.08}",0.2868,0.03373,-0.3012,16.64,4649,ef6bd10,amendment-1 search (overlay-cost fix)
2026-10-03T11:40:57+00:00,FTE,FTE_A+B+C+D+E|eqrisk|vt8|brake,IS,1.0,911f26dffe,"{""brake"": true, ""labels"": [""A"", ""B"", ""C"", ""D"", ""E""], ""scheme"": ""eqrisk"", ""vol_target"": 0.08}",0.3656,0.0357,-0.2054,12.8,4649,ef6bd10,amendment-1 search (overlay-cost fix)
2026-10-03T11:40:57+00:00,FTE,FTE_A+B+C+D+E|eqrisk|vt10|nobrake,IS,1.0,cfaaca8f94,"{""brake"": false, ""labels"": [""A"", ""B"", ""C"", ""D"", ""E""], ""scheme"": ""eqrisk"", ""vol_target"": 0.1}",0.2193,0.03016,-0.3512,24.1,4649,ef6bd10,amendment-1 search (overlay-cost fix)
2026-10-03T11:40:57+00:00,FTE,FTE_A+B+C+D+E|eqrisk|vt10|brake,IS,1.0,d759676b15,"{""brake"": true, ""labels"": [""A"", ""B"", ""C"", ""D"", ""E""], ""scheme"": ""eqrisk"", ""vol_target"": 0.1}",0.3176,0.03434,-0.2294,17.75,4649,ef6bd10,amendment-1 search (overlay-cost fix)
2026-10-03T11:40:57+00:00,FTE,FTE_A+B+C+D+E|invvol_shrunk|vt6|nobrake,IS,1.0,e7d5a72195,"{""brake"": false, ""labels"": [""A"", ""B"", ""C"", ""D"", ""E""], ""scheme"": ""invvol_shrunk"", ""vol_target"": 0.06}",0.3326,0.03376,-0.2678,7.47,4649,ef6bd10,amendment-1 search (overlay-cost fix)
2026-10-03T11:40:57+00:00,FTE,FTE_A+B+C+D+E|invvol_shrunk|vt6|brake,IS,1.0,646dfeb2bb,"{""brake"": true, ""labels"": [""A"", ""B"", ""C"", ""D"", ""E""], ""scheme"": ""invvol_shrunk"", ""vol_target"": 0.06}",0.3793,0.03324,-0.1876,6.47,4649,ef6bd10,amendment-1 search (overlay-cost fix)
2026-10-03T11:40:57+00:00,FTE,FTE_A+B+C+D+E|invvol_shrunk|vt8|nobrake,IS,1.0,3c3407a5d0,"{""brake"": false, ""labels"": [""A"", ""B"", ""C"", ""D"", ""E""], ""scheme"": ""invvol_shrunk"", ""vol_target"": 0.08}",0.2953,0.03529,-0.3385,13.29,4649,ef6bd10,amendment-1 search (overlay-cost fix)
2026-10-03T11:40:57+00:00,FTE,FTE_A+B+C+D+E|invvol_shrunk|vt8|brake,IS,1.0,af14c703fb,"{""brake"": true, ""labels"": [""A"", ""B"", ""C"", ""D"", ""E""], ""scheme"": ""invvol_shrunk"", ""vol_target"": 0.08}",0.375,0.03675,-0.2218,10.07,4649,ef6bd10,amendment-1 search (overlay-cost fix)
2026-10-03T11:40:57+00:00,FTE,FTE_A+B+C+D+E|invvol_shrunk|vt10|nobrake,IS,1.0,e126df05f8,"{""brake"": false, ""labels"": [""A"", ""B"", ""C"", ""D"", ""E""], ""scheme"": ""invvol_shrunk"", ""vol_target"": 0.1}",0.2248,0.03164,-0.3979,20.18,4649,ef6bd10,amendment-1 search (overlay-cost fix)
2026-10-03T11:40:57+00:00,FTE,FTE_A+B+C+D+E|invvol_shrunk|vt10|brake,IS,1.0,2e275b7352,"{""brake"": true, ""labels"": [""A"", ""B"", ""C"", ""D"", ""E""], ""scheme"": ""invvol_shrunk"", ""vol_target"": 0.1}",0.357,0.03839,-0.2603,14.39,4649,ef6bd10,amendment-1 search (overlay-cost fix)
2026-10-03T11:40:57+00:00,FTE,FTE_A+B+C+D+E|minvar_lw|vt6|nobrake,IS,1.0,02e869fd9d,"{""brake"": false, ""labels"": [""A"", ""B"", ""C"", ""D"", ""E""], ""scheme"": ""minvar_lw"", ""vol_target"": 0.06}",0.2885,0.03052,-0.2126,9.89,4633,ef6bd10,amendment-1 search (overlay-cost fix)
2026-10-03T11:40:57+00:00,FTE,FTE_A+B+C+D+E|minvar_lw|vt6|brake,IS,1.0,0acbb5e5d9,"{""brake"": true, ""labels"": [""A"", ""B"", ""C"", ""D"", ""E""], ""scheme"": ""minvar_lw"", ""vol_target"": 0.06}",0.287,0.02825,-0.1791,8.79,4633,ef6bd10,amendment-1 search (overlay-cost fix)
2026-10-03T11:40:57+00:00,FTE,FTE_A+B+C+D+E|minvar_lw|vt8|nobrake,IS,1.0,748fd078c6,"{""brake"": false, ""labels"": [""A"", ""B"", ""C"", ""D"", ""E""], ""scheme"": ""minvar_lw"", ""vol_target"": 0.08}",0.2702,0.03149,-0.242,16.35,4633,ef6bd10,amendment-1 search (overlay-cost fix)
2026-10-03T11:40:57+00:00,FTE,FTE_A+B+C+D+E|minvar_lw|vt8|brake,IS,1.0,3858a71011,"{""brake"": true, ""labels"": [""A"", ""B"", ""C"", ""D"", ""E""], ""scheme"": ""minvar_lw"", ""vol_target"": 0.08}",0.27,0.02894,-0.1844,13.97,4633,ef6bd10,amendment-1 search (overlay-cost fix)
2026-10-03T11:40:57+00:00,FTE,FTE_A+B+C+D+E|minvar_lw|vt10|nobrake,IS,1.0,0217bd9953,"{""brake"": false, ""labels"": [""A"", ""B"", ""C"", ""D"", ""E""], ""scheme"": ""minvar_lw"", ""vol_target"": 0.1}",0.2558,0.03181,-0.2582,22.62,4633,ef6bd10,amendment-1 search (overlay-cost fix)
2026-10-03T11:40:57+00:00,FTE,FTE_A+B+C+D+E|minvar_lw|vt10|brake,IS,1.0,97db45e20e,"{""brake"": true, ""labels"": [""A"", ""B"", ""C"", ""D"", ""E""], ""scheme"": ""minvar_lw"", ""vol_target"": 0.1}",0.2381,0.02802,-0.1954,17.45,4633,ef6bd10,amendment-1 search (overlay-cost fix)
2026-10-03T11:40:57+00:00,FTE,FTE_A+B+C+D+E+PCT|eqrisk|vt6|nobrake,IS,1.0,c2968a936b,"{""brake"": false, ""labels"": [""A"", ""B"", ""C"", ""D"", ""E"", ""PCT""], ""scheme"": ""eqrisk"", ""vol_target"": 0.06}",0.4276,0.03946,-0.2016,12.35,4649,ef6bd10,amendment-1 search (overlay-cost fix)
2026-10-03T11:40:57+00:00,FTE,FTE_A+B+C+D+E+PCT|eqrisk|vt6|brake,IS,1.0,0f66748196,"{""brake"": true, ""labels"": [""A"", ""B"", ""C"", ""D"", ""E"", ""PCT""], ""scheme"": ""eqrisk"", ""vol_target"": 0.06}",0.4852,0.04013,-0.1625,10.76,4649,ef6bd10,amendment-1 search (overlay-cost fix)
2026-10-03T11:40:57+00:00,FTE,FTE_A+B+C+D+E+PCT|eqrisk|vt8|nobrake,IS,1.0,7fc3e72559,"{""brake"": false, ""labels"": [""A"", ""B"", ""C"", ""D"", ""E"", ""PCT""], ""scheme"": ""eqrisk"", ""vol_target"": 0.08}",0.3435,0.03807,-0.2547,21.38,4649,ef6bd10,amendment-1 search (overlay-cost fix)
2026-10-03T11:40:57+00:00,FTE,FTE_A+B+C+D+E+PCT|eqrisk|vt8|brake,IS,1.0,07f38f7eea,"{""brake"": true, ""labels"": [""A"", ""B"", ""C"", ""D"", ""E"", ""PCT""], ""scheme"": ""eqrisk"", ""vol_target"": 0.08}",0.4065,0.038,-0.1937,16.53,4649,ef6bd10,amendment-1 search (overlay-cost fix)
2026-10-03T11:40:57+00:00,FTE,FTE_A+B+C+D+E+PCT|eqrisk|vt10|nobrake,IS,1.0,aa270baf1c,"{""brake"": false, ""labels"": [""A"", ""B"", ""C"", ""D"", ""E"", ""PCT""], ""scheme"": ""eqrisk"", ""vol_target"": 0.1}",0.2642,0.03416,-0.3072,31.53,4649,ef6bd10,amendment-1 search (overlay-cost fix)
2026-10-03T11:40:57+00:00,FTE,FTE_A+B+C+D+E+PCT|eqrisk|vt10|brake,IS,1.0,408027236b,"{""brake"": true, ""labels"": [""A"", ""B"", ""C"", ""D"", ""E"", ""PCT""], ""scheme"": ""eqrisk"", ""vol_target"": 0.1}",0.3465,0.03643,-0.2116,23.87,4649,ef6bd10,amendment-1 search (overlay-cost fix)
2026-10-03T11:40:57+00:00,FTE,FTE_A+B+C+D+E+PCT|invvol_shrunk|vt6|nobrake,IS,1.0,6bccae4b3a,"{""brake"": false, ""labels"": [""A"", ""B"", ""C"", ""D"", ""E"", ""PCT""], ""scheme"": ""invvol_shrunk"", ""vol_target"": 0.06}",0.4118,0.03885,-0.2027,10.01,4649,ef6bd10,amendment-1 search (overlay-cost fix)
2026-10-03T11:40:57+00:00,FTE,FTE_A+B+C+D+E+PCT|invvol_shrunk|vt6|brake,IS,1.0,fa88711348,"{""brake"": true, ""labels"": [""A"", ""B"", ""C"", ""D"", ""E"", ""PCT""], ""scheme"": ""invvol_shrunk"", ""vol_target"": 0.06}",0.4772,0.03979,-0.1589,8.43,4649,ef6bd10,amendment-1 search (overlay-cost fix)
2026-10-03T11:40:57+00:00,FTE,FTE_A+B+C+D+E+PCT|invvol_shrunk|vt8|nobrake,IS,1.0,0ec9557a2c,"{""brake"": false, ""labels"": [""A"", ""B"", ""C"", ""D"", ""E"", ""PCT""], ""scheme"": ""invvol_shrunk"", ""vol_target"": 0.08}",0.3493,0.03958,-0.2747,18.35,4649,ef6bd10,amendment-1 search (overlay-cost fix)
2026-10-03T11:40:57+00:00,FTE,FTE_A+B+C+D+E+PCT|invvol_shrunk|vt8|brake,IS,1.0,a3171c4489,"{""brake"": true, ""labels"": [""A"", ""B"", ""C"", ""D"", ""E"", ""PCT""], ""scheme"": ""invvol_shrunk"", ""vol_target"": 0.08}",0.4276,0.04024,-0.1924,14.5,4649,ef6bd10,amendment-1 search (overlay-cost fix)
2026-10-03T11:40:57+00:00,FTE,FTE_A+B+C+D+E+PCT|invvol_shrunk|vt10|nobrake,IS,1.0,c393877d9e,"{""brake"": false, ""labels"": [""A"", ""B"", ""C"", ""D"", ""E"", ""PCT""], ""scheme"": ""invvol_shrunk"", ""vol_target"": 0.1}",0.2643,0.03529,-0.3425,28.54,4649,ef6bd10,amendment-1 search (overlay-cost fix)
2026-10-03T11:40:57+00:00,FTE,FTE_A+B+C+D+E+PCT|invvol_shrunk|vt10|brake,IS,1.0,adb23a84bf,"{""brake"": true, ""labels"": [""A"", ""B"", ""C"", ""D"", ""E"", ""PCT""], ""scheme"": ""invvol_shrunk"", ""vol_target"": 0.1}",0.3837,0.04027,-0.2266,21.48,4649,ef6bd10,amendment-1 search (overlay-cost fix)
2026-10-03T11:40:57+00:00,FTE,FTE_A+B+C+D+E+PCT|minvar_lw|vt6|nobrake,IS,1.0,af7590af1b,"{""brake"": false, ""labels"": [""A"", ""B"", ""C"", ""D"", ""E"", ""PCT""], ""scheme"": ""minvar_lw"", ""vol_target"": 0.06}",0.3502,0.0342,-0.19,11.37,4633,ef6bd10,amendment-1 search (overlay-cost fix)
2026-10-03T11:40:57+00:00,FTE,FTE_A+B+C+D+E+PCT|minvar_lw|vt6|brake,IS,1.0,3ed0a7ec69,"{""brake"": true, ""labels"": [""A"", ""B"", ""C"", ""D"", ""E"", ""PCT""], ""scheme"": ""minvar_lw"", ""vol_target"": 0.06}",0.3399,0.03111,-0.1664,10.57,4633,ef6bd10,amendment-1 search (overlay-cost fix)
2026-10-03T11:40:57+00:00,FTE,FTE_A+B+C+D+E+PCT|minvar_lw|vt8|nobrake,IS,1.0,152b2d8a3d,"{""brake"": false, ""labels"": [""A"", ""B"", ""C"", ""D"", ""E"", ""PCT""], ""scheme"": ""minvar_lw"", ""vol_target"": 0.08}",0.3233,0.03508,-0.2165,18.9,4633,ef6bd10,amendment-1 search (overlay-cost fix)
2026-10-03T11:40:57+00:00,FTE,FTE_A+B+C+D+E+PCT|minvar_lw|vt8|brake,IS,1.0,c087419515,"{""brake"": true, ""labels"": [""A"", ""B"", ""C"", ""D"", ""E"", ""PCT""], ""scheme"": ""minvar_lw"", ""vol_target"": 0.08}",0.3176,0.03232,-0.1784,16.56,4633,ef6bd10,amendment-1 search (overlay-cost fix)
2026-10-03T11:40:57+00:00,FTE,FTE_A+B+C+D+E+PCT|minvar_lw|vt10|nobrake,IS,1.0,4e490270e5,"{""brake"": false, ""labels"": [""A"", ""B"", ""C"", ""D"", ""E"", ""PCT""], ""scheme"": ""minvar_lw"", ""vol_target"": 0.1}",0.304,0.03552,-0.2359,26.37,4633,ef6bd10,amendment-1 search (overlay-cost fix)
2026-10-03T11:40:57+00:00,FTE,FTE_A+B+C+D+E+PCT|minvar_lw|vt10|brake,IS,1.0,2cd322df1c,"{""brake"": true, ""labels"": [""A"", ""B"", ""C"", ""D"", ""E"", ""PCT""], ""scheme"": ""minvar_lw"", ""vol_target"": 0.1}",0.2917,0.03211,-0.1703,22.3,4633,ef6bd10,amendment-1 search (overlay-cost fix)
2026-10-03T11:40:57+00:00,FTE,FTE_A+B+C+D+E+TSMOM|eqrisk|vt6|nobrake,IS,1.0,cdfef11e80,"{""brake"": false, ""labels"": [""A"", ""B"", ""C"", ""D"", ""E"", ""TSMOM""], ""scheme"": ""eqrisk"", ""vol_target"": 0.06}",0.4842,0.04297,-0.1787,12.87,4649,ef6bd10,amendment-1 search (overlay-cost fix)
2026-10-03T11:40:57+00:00,FTE,FTE_A+B+C+D+E+TSMOM|eqrisk|vt6|brake,IS,1.0,166ed438b0,"{""brake"": true, ""labels"": [""A"", ""B"", ""C"", ""D"", ""E"", ""TSMOM""], ""scheme"": ""eqrisk"", ""vol_target"": 0.06}",0.4921,0.04066,-0.1556,12.27,4649,ef6bd10,amendment-1 search (overlay-cost fix)
2026-10-03T11:40:57+00:00,FTE,FTE_A+B+C+D+E+TSMOM|eqrisk|vt8|nobrake,IS,1.0,b5bebe9bed,"{""brake"": false, ""labels"": [""A"", ""B"", ""C"", ""D"", ""E"", ""TSMOM""], ""scheme"": ""eqrisk"", ""vol_target"": 0.08}",0.4093,0.04304,-0.2108,22.04,4649,ef6bd10,amendment-1 search (overlay-cost fix)
2026-10-03T11:40:57+00:00,FTE,FTE_A+B+C+D+E+TSMOM|eqrisk|vt8|brake,IS,1.0,c86594a022,"{""brake"": true, ""labels"": [""A"", ""B"", ""C"", ""D"", ""E"", ""TSMOM""], ""scheme"": ""eqrisk"", ""vol_target"": 0.08}",0.3966,0.03843,-0.1621,19.47,4649,ef6bd10,amendment-1 search (overlay-cost fix)
2026-10-03T11:40:57+00:00,FTE,FTE_A+B+C+D+E+TSMOM|eqrisk|vt10|nobrake,IS,1.0,b2fa30195d,"{""brake"": false, ""labels"": [""A"", ""B"", ""C"", ""D"", ""E"", ""TSMOM""], ""scheme"": ""eqrisk"", ""vol_target"": 0.1}",0.3349,0.04038,-0.2558,32.46,4649,ef6bd10,amendment-1 search (overlay-cost fix)
2026-10-03T11:40:57+00:00,FTE,FTE_A+B+C+D+E+TSMOM|eqrisk|vt10|brake,IS,1.0,acfb606bbb,"{""brake"": true, ""labels"": [""A"", ""B"", ""C"", ""D"", ""E"", ""TSMOM""], ""scheme"": ""eqrisk"", ""vol_target"": 0.1}",0.3636,0.03868,-0.1905,25.57,4649,ef6bd10,amendment-1 search (overlay-cost fix)
2026-10-03T11:40:57+00:00,FTE,FTE_A+B+C+D+E+TSMOM|invvol_shrunk|vt6|nobrake,IS,1.0,5106c060e3,"{""brake"": false, ""labels"": [""A"", ""B"", ""C"", ""D"", ""E"", ""TSMOM""], ""scheme"": ""invvol_shrunk"", ""vol_target"": 0.06}",0.4921,0.04399,-0.1685,10.67,4649,ef6bd10,amendment-1 search (overlay-cost fix)
2026-10-03T11:40:57+00:00,FTE,FTE_A+B+C+D+E+TSMOM|invvol_shrunk|vt6|brake,IS,1.0,5cda5af0f6,"{""brake"": true, ""labels"": [""A"", ""B"", ""C"", ""D"", ""E"", ""TSMOM""], ""scheme"": ""invvol_shrunk"", ""vol_target"": 0.06}",0.493,0.04109,-0.144,9.97,4649,ef6bd10,amendment-1 search (overlay-cost fix)
2026-10-03T11:40:57+00:00,FTE,FTE_A+B+C+D+E+TSMOM|invvol_shrunk|vt8|nobrake,IS,1.0,77c399a5f1,"{""brake"": false, ""labels"": [""A"", ""B"", ""C"", ""D"", ""E"", ""TSMOM""], ""scheme"": ""invvol_shrunk"", ""vol_target"": 0.08}",0.4379,0.0467,-0.2055,19.25,4649,ef6bd10,amendment-1 search (overlay-cost fix)
2026-10-03T11:40:57+00:00,FTE,FTE_A+B+C+D+E+TSMOM|invvol_shrunk|vt8|brake,IS,1.0,5ff090509d,"{""brake"": true, ""labels"": [""A"", ""B"", ""C"", ""D"", ""E"", ""TSMOM""], ""scheme"": ""invvol_shrunk"", ""vol_target"": 0.08}",0.428,0.04147,-0.1741,16.55,4649,ef6bd10,amendment-1 search (overlay-cost fix)
2026-10-03T11:40:57+00:00,FTE,FTE_A+B+C+D+E+TSMOM|invvol_shrunk|vt10|nobrake,IS,1.0,482274af39,"{""brake"": false, ""labels"": [""A"", ""B"", ""C"", ""D"", ""E"", ""TSMOM""], ""scheme"": ""invvol_shrunk"", ""vol_target"": 0.1}",0.3589,0.04431,-0.2645,29.7,4649,ef6bd10,amendment-1 search (overlay-cost fix)
2026-10-03T11:40:57+00:00,FTE,FTE_A+B+C+D+E+TSMOM|invvol_shrunk|vt10|brake,IS,1.0,21e60c4b94,"{""brake"": true, ""labels"": [""A"", ""B"", ""C"", ""D"", ""E"", ""TSMOM""], ""scheme"": ""invvol_shrunk"", ""vol_target"": 0.1}",0.3694,0.04054,-0.1836,24.12,4649,ef6bd10,amendment-1 search (overlay-cost fix)
2026-10-03T11:40:57+00:00,FTE,FTE_A+B+C+D+E+TSMOM|minvar_lw|vt6|nobrake,IS,1.0,7aa9427451,"{""brake"": false, ""labels"": [""A"", ""B"", ""C"", ""D"", ""E"", ""TSMOM""], ""scheme"": ""minvar_lw"", ""vol_target"": 0.06}",0.3626,0.035,-0.1915,11.37,4633,ef6bd10,amendment-1 search (overlay-cost fix)
2026-10-03T11:40:57+00:00,FTE,FTE_A+B+C+D+E+TSMOM|minvar_lw|vt6|brake,IS,1.0,fe02f934f5,"{""brake"": true, ""labels"": [""A"", ""B"", ""C"", ""D"", ""E"", ""TSMOM""], ""scheme"": ""minvar_lw"", ""vol_target"": 0.06}",0.3683,0.0336,-0.1613,10.69,4633,ef6bd10,amendment-1 search (overlay-cost fix)
2026-10-03T11:40:57+00:00,FTE,FTE_A+B+C+D+E+TSMOM|minvar_lw|vt8|nobrake,IS,1.0,d7ae39eb40,"{""brake"": false, ""labels"": [""A"", ""B"", ""C"", ""D"", ""E"", ""TSMOM""], ""scheme"": ""minvar_lw"", ""vol_target"": 0.08}",0.3415,0.03646,-0.208,18.73,4633,ef6bd10,amendment-1 search (overlay-cost fix)
2026-10-03T11:40:57+00:00,FTE,FTE_A+B+C+D+E+TSMOM|minvar_lw|vt8|brake,IS,1.0,7a6f3a8b21,"{""brake"": true, ""labels"": [""A"", ""B"", ""C"", ""D"", ""E"", ""TSMOM""], ""scheme"": ""minvar_lw"", ""vol_target"": 0.08}",0.3168,0.03271,-0.1634,16.82,4633,ef6bd10,amendment-1 search (overlay-cost fix)
2026-10-03T11:40:57+00:00,FTE,FTE_A+B+C+D+E+TSMOM|minvar_lw|vt10|nobrake,IS,1.0,ebfd72c88b,"{""brake"": false, ""labels"": [""A"", ""B"", ""C"", ""D"", ""E"", ""TSMOM""], ""scheme"": ""minvar_lw"", ""vol_target"": 0.1}",0.3225,0.03699,-0.225,26.15,4633,ef6bd10,amendment-1 search (overlay-cost fix)
2026-10-03T11:40:57+00:00,FTE,FTE_A+B+C+D+E+TSMOM|minvar_lw|vt10|brake,IS,1.0,4a5bfd4999,"{""brake"": true, ""labels"": [""A"", ""B"", ""C"", ""D"", ""E"", ""TSMOM""], ""scheme"": ""minvar_lw"", ""vol_target"": 0.1}",0.3504,0.0367,-0.1756,22.2,4633,ef6bd10,amendment-1 search (overlay-cost fix)
2026-10-03T11:41:12+00:00,FTE,FTE_A+C+TSMOM|minvar_lw|vt8|nobrake,IS,2.0,43bbf4e1b4,"{""brake"": false, ""labels"": [""A"", ""C"", ""TSMOM""], ""scheme"": ""minvar_lw"", ""vol_target"": 0.08}",0.6184,0.06,-0.1238,9.38,4633,ef6bd10,amendment-1 G1 check
2026-10-03T11:41:12+00:00,FTE,FTE_A+C+TSMOM|eqrisk|vt6|brake,IS,2.0,b86dfd6155,"{""brake"": true, ""labels"": [""A"", ""C"", ""TSMOM""], ""scheme"": ""eqrisk"", ""vol_target"": 0.06}",0.6504,0.05544,-0.0937,7.15,4639,ef6bd10,amendment-1 G1 check
2026-10-03T11:41:12+00:00,FTE,FTE_A+C+TSMOM|eqrisk|vt6|nobrake,IS,2.0,62177d28f2,"{""brake"": false, ""labels"": [""A"", ""C"", ""TSMOM""], ""scheme"": ""eqrisk"", ""vol_target"": 0.06}",0.6504,0.05544,-0.0937,7.15,4639,ef6bd10,amendment-1 G1 check
2026-10-03T11:41:12+00:00,FTE,FTE_A+C+TSMOM|minvar_lw|vt8|brake,IS,2.0,894c8b1eba,"{""brake"": true, ""labels"": [""A"", ""C"", ""TSMOM""], ""scheme"": ""minvar_lw"", ""vol_target"": 0.08}",0.5889,0.05727,-0.1238,9.68,4633,ef6bd10,amendment-1 G1 check
2026-10-03T11:41:12+00:00,FTE,FTE_A+C+TSMOM|eqrisk|vt8|nobrake,IS,2.0,cbb9ff60d4,"{""brake"": false, ""labels"": [""A"", ""C"", ""TSMOM""], ""scheme"": ""eqrisk"", ""vol_target"": 0.08}",0.6243,0.06138,-0.123,11.85,4639,ef6bd10,amendment-1 G1 check
2026-10-03T11:41:12+00:00,FTE,FTE_A+B+C+TSMOM|minvar_lw|vt6|brake,IS,2.0,6fbaffdc87,"{""brake"": true, ""labels"": [""A"", ""B"", ""C"", ""TSMOM""], ""scheme"": ""minvar_lw"", ""vol_target"": 0.06}",0.4861,0.04195,-0.1613,7.69,4633,ef6bd10,amendment-1 G1 check
2026-10-03T11:41:12+00:00,FTE,FTE_A+B+C+TSMOM|minvar_lw|vt6|nobrake,IS,2.0,2e55a5345f,"{""brake"": false, ""labels"": [""A"", ""B"", ""C"", ""TSMOM""], ""scheme"": ""minvar_lw"", ""vol_target"": 0.06}",0.5603,0.04998,-0.1459,6.72,4633,ef6bd10,amendment-1 G1 check
2026-10-03T11:41:12+00:00,FTE,FTE_A+C+TSMOM|minvar_lw|vt10|nobrake,IS,2.0,75cb04882b,"{""brake"": false, ""labels"": [""A"", ""C"", ""TSMOM""], ""scheme"": ""minvar_lw"", ""vol_target"": 0.1}",0.5872,0.0619,-0.153,13.32,4633,ef6bd10,amendment-1 G1 check
2026-10-03T11:41:12+00:00,FTE,FTE_A+C+TSMOM|minvar_lw|vt6|brake,IS,2.0,8425a08b42,"{""brake"": true, ""labels"": [""A"", ""C"", ""TSMOM""], ""scheme"": ""minvar_lw"", ""vol_target"": 0.06}",0.6032,0.05276,-0.1049,6.47,4633,ef6bd10,amendment-1 G1 check
2026-10-03T11:41:12+00:00,FTE,FTE_A+C+TSMOM|minvar_lw|vt6|nobrake,IS,2.0,8ca065d939,"{""brake"": false, ""labels"": [""A"", ""C"", ""TSMOM""], ""scheme"": ""minvar_lw"", ""vol_target"": 0.06}",0.6037,0.05284,-0.1086,6.34,4633,ef6bd10,amendment-1 G1 check
2026-10-03T11:41:12+00:00,FTE,FTE_A+C+TSMOM|minvar_lw|vt10|brake,IS,2.0,efde1a5900,"{""brake"": true, ""labels"": [""A"", ""C"", ""TSMOM""], ""scheme"": ""minvar_lw"", ""vol_target"": 0.1}",0.5268,0.05467,-0.1323,14.63,4633,ef6bd10,amendment-1 G1 check
2026-10-03T11:41:12+00:00,FTE,FTE_A+C+TSMOM|eqrisk|vt8|brake,IS,2.0,b6fdeaa759,"{""brake"": true, ""labels"": [""A"", ""C"", ""TSMOM""], ""scheme"": ""eqrisk"", ""vol_target"": 0.08}",0.5671,0.05483,-0.1357,12.66,4639,ef6bd10,amendment-1 G1 check
2026-10-03T11:41:12+00:00,FTE,FTE_A+C+E+TSMOM|minvar_lw|vt8|nobrake,IS,2.0,78ee8f2518,"{""brake"": false, ""labels"": [""A"", ""C"", ""E"", ""TSMOM""], ""scheme"": ""minvar_lw"", ""vol_target"": 0.08}",0.471,0.04807,-0.1386,10.89,4633,ef6bd10,amendment-1 G1 check
2026-10-03T11:41:12+00:00,FTE,FTE_A+C+E+TSMOM|minvar_lw|vt8|brake,IS,2.0,ee851a2524,"{""brake"": true, ""labels"": [""A"", ""C"", ""E"", ""TSMOM""], ""scheme"": ""minvar_lw"", ""vol_target"": 0.08}",0.4487,0.04528,-0.1222,10.89,4633,ef6bd10,amendment-1 G1 check
2026-10-03T11:41:12+00:00,FTE,FTE_A+C+PCT|minvar_lw|vt8|nobrake,IS,2.0,e79ceb599c,"{""brake"": false, ""labels"": [""A"", ""C"", ""PCT""], ""scheme"": ""minvar_lw"", ""vol_target"": 0.08}",0.5696,0.05626,-0.1406,9.35,4633,ef6bd10,amendment-1 G1 check
2026-10-03T11:41:12+00:00,FTE,FTE_A+B+C+PCT|minvar_lw|vt6|nobrake,IS,2.0,f78299d07e,"{""brake"": false, ""labels"": [""A"", ""B"", ""C"", ""PCT""], ""scheme"": ""minvar_lw"", ""vol_target"": 0.06}",0.5317,0.04789,-0.1632,6.71,4633,ef6bd10,amendment-1 G1 check
2026-10-03T11:41:12+00:00,FTE,FTE_A+B+C+TSMOM|minvar_lw|vt8|nobrake,IS,2.0,fc689be11e,"{""brake"": false, ""labels"": [""A"", ""B"", ""C"", ""TSMOM""], ""scheme"": ""minvar_lw"", ""vol_target"": 0.08}",0.5276,0.05359,-0.1848,10.66,4633,ef6bd10,amendment-1 G1 check
2026-10-03T11:41:12+00:00,FTE,FTE_A+B+C+TSMOM|eqrisk|vt6|nobrake,IS,2.0,dfbe783828,"{""brake"": false, ""labels"": [""A"", ""B"", ""C"", ""TSMOM""], ""scheme"": ""eqrisk"", ""vol_target"": 0.06}",0.5591,0.04954,-0.1333,7.99,4645,ef6bd10,amendment-1 G1 check
2026-10-03T11:41:12+00:00,FTE,FTE_A+B+C+TSMOM|eqrisk|vt6|brake,IS,2.0,e9ca12bfc7,"{""brake"": true, ""labels"": [""A"", ""B"", ""C"", ""TSMOM""], ""scheme"": ""eqrisk"", ""vol_target"": 0.06}",0.5348,0.04674,-0.1391,8.28,4645,ef6bd10,amendment-1 G1 check
2026-10-03T11:41:12+00:00,FTE,FTE_A+B+C+PCT|minvar_lw|vt6|brake,IS,2.0,eab3cbf4fc,"{""brake"": true, ""labels"": [""A"", ""B"", ""C"", ""PCT""], ""scheme"": ""minvar_lw"", ""vol_target"": 0.06}",0.5287,0.04652,-0.1332,6.69,4633,ef6bd10,amendment-1 G1 check
2026-10-03T11:41:12+00:00,FTE,FTE_A+C+PCT|minvar_lw|vt8|brake,IS,2.0,dfde2cc1f7,"{""brake"": true, ""labels"": [""A"", ""C"", ""PCT""], ""scheme"": ""minvar_lw"", ""vol_target"": 0.08}",0.5131,0.04984,-0.1271,10.0,4633,ef6bd10,amendment-1 G1 check
2026-10-03T11:41:12+00:00,FTE,FTE_A+C+PCT|minvar_lw|vt6|brake,IS,2.0,1cecd8d314,"{""brake"": true, ""labels"": [""A"", ""C"", ""PCT""], ""scheme"": ""minvar_lw"", ""vol_target"": 0.06}",0.537,0.04697,-0.1264,6.72,4633,ef6bd10,amendment-1 G1 check
2026-10-03T11:41:12+00:00,FTE,FTE_A+C+PCT|minvar_lw|vt6|nobrake,IS,2.0,312f458bb4,"{""brake"": false, ""labels"": [""A"", ""C"", ""PCT""], ""scheme"": ""minvar_lw"", ""vol_target"": 0.06}",0.569,0.05042,-0.1321,6.3,4633,ef6bd10,amendment-1 G1 check
2026-10-03T11:41:12+00:00,FTE,FTE_A+B+C+E+TSMOM|minvar_lw|vt6|brake,IS,2.0,4827acf3ac,"{""brake"": true, ""labels"": [""A"", ""B"", ""C"", ""E"", ""TSMOM""], ""scheme"": ""minvar_lw"", ""vol_target"": 0.06}",0.4289,0.03743,-0.164,7.09,4633,ef6bd10,amendment-1 G1 check
2026-10-03T11:41:12+00:00,FTE,FTE_A+B+C+E+TSMOM|minvar_lw|vt6|nobrake,IS,2.0,eee4d1f304,"{""brake"": false, ""labels"": [""A"", ""B"", ""C"", ""E"", ""TSMOM""], ""scheme"": ""minvar_lw"", ""vol_target"": 0.06}",0.4235,0.0401,-0.2082,7.34,4633,ef6bd10,amendment-1 G1 check
2026-10-03T11:41:12+00:00,FTE,FTE_A+C+E+TSMOM|minvar_lw|vt6|nobrake,IS,2.0,af84996638,"{""brake"": false, ""labels"": [""A"", ""C"", ""E"", ""TSMOM""], ""scheme"": ""minvar_lw"", ""vol_target"": 0.06}",0.4811,0.04436,-0.1221,7.08,4633,ef6bd10,amendment-1 G1 check
2026-10-03T11:41:12+00:00,FTE,FTE_A+C+E+TSMOM|minvar_lw|vt6|brake,IS,2.0,d1e962ff93,"{""brake"": true, ""labels"": [""A"", ""C"", ""E"", ""TSMOM""], ""scheme"": ""minvar_lw"", ""vol_target"": 0.06}",0.4284,0.03971,-0.1293,7.84,4633,ef6bd10,amendment-1 G1 check
2026-10-03T11:41:12+00:00,FTE,FTE_A+C+TSMOM|invvol_shrunk|vt6|nobrake,IS,2.0,b3a8fb7130,"{""brake"": false, ""labels"": [""A"", ""C"", ""TSMOM""], ""scheme"": ""invvol_shrunk"", ""vol_target"": 0.06}",0.6428,0.05407,-0.1029,6.66,4639,ef6bd10,amendment-1 G1 check
2026-10-03T11:41:12+00:00,FTE,FTE_A+C+TSMOM|invvol_shrunk|vt6|brake,IS,2.0,8b027390bc,"{""brake"": true, ""labels"": [""A"", ""C"", ""TSMOM""], ""scheme"": ""invvol_shrunk"", ""vol_target"": 0.06}",0.6346,0.05352,-0.1029,6.83,4639,ef6bd10,amendment-1 G1 check
2026-10-03T11:41:12+00:00,FTE,FTE_A+C+PCT|minvar_lw|vt10|nobrake,IS,2.0,638e5e59c1,"{""brake"": false, ""labels"": [""A"", ""C"", ""PCT""], ""scheme"": ""minvar_lw"", ""vol_target"": 0.1}",0.5426,0.05822,-0.1575,13.29,4633,ef6bd10,amendment-1 G1 check
2026-10-03T11:41:12+00:00,FTE,FTE_A+C+TSMOM|eqrisk|vt10|nobrake,IS,2.0,83aaa20442,"{""brake"": false, ""labels"": [""A"", ""C"", ""TSMOM""], ""scheme"": ""eqrisk"", ""vol_target"": 0.1}",0.5733,0.06283,-0.1541,17.98,4639,ef6bd10,amendment-1 G1 check
2026-10-03T11:41:12+00:00,FTE,FTE_A+C+E+TSMOM|minvar_lw|vt10|nobrake,IS,2.0,6c2748efc4,"{""brake"": false, ""labels"": [""A"", ""C"", ""E"", ""TSMOM""], ""scheme"": ""minvar_lw"", ""vol_target"": 0.1}",0.4243,0.04731,-0.1549,15.62,4633,ef6bd10,amendment-1 G1 check
2026-10-03T11:41:12+00:00,FTE,FTE_A+B+C+TSMOM|minvar_lw|vt8|brake,IS,2.0,f40ba09531,"{""brake"": true, ""labels"": [""A"", ""B"", ""C"", ""TSMOM""], ""scheme"": ""minvar_lw"", ""vol_target"": 0.08}",0.4699,0.04565,-0.1643,11.12,4633,ef6bd10,amendment-1 G1 check
2026-10-03T11:41:12+00:00,FTE,FTE_A+B+C+E+PCT|minvar_lw|vt6|nobrake,IS,2.0,a99cdd24be,"{""brake"": false, ""labels"": [""A"", ""B"", ""C"", ""E"", ""PCT""], ""scheme"": ""minvar_lw"", ""vol_target"": 0.06}",0.3995,0.03842,-0.2163,7.35,4633,ef6bd10,amendment-1 G1 check
2026-10-03T11:41:12+00:00,FTE,FTE_A+B+C+E+PCT|minvar_lw|vt6|brake,IS,2.0,4baea47f5c,"{""brake"": true, ""labels"": [""A"", ""B"", ""C"", ""E"", ""PCT""], ""scheme"": ""minvar_lw"", ""vol_target"": 0.06}",0.4216,0.03673,-0.168,6.67,4633,ef6bd10,amendment-1 G1 check
2026-10-03T11:41:12+00:00,FTE,FTE_A+C+E+PCT|minvar_lw|vt6|nobrake,IS,2.0,a8715f83ab,"{""brake"": false, ""labels"": [""A"", ""C"", ""E"", ""PCT""], ""scheme"": ""minvar_lw"", ""vol_target"": 0.06}",0.4533,0.04239,-0.1341,7.07,4633,ef6bd10,amendment-1 G1 check
2026-10-03T11:41:12+00:00,FTE,FTE_A+C+E+PCT|minvar_lw|vt6|brake,IS,2.0,3976d8ba4e,"{""brake"": true, ""labels"": [""A"", ""C"", ""E"", ""PCT""], ""scheme"": ""minvar_lw"", ""vol_target"": 0.06}",0.4549,0.04193,-0.119,7.19,4633,ef6bd10,amendment-1 G1 check
2026-10-03T11:41:12+00:00,FTE,FTE_A+C+E+PCT|minvar_lw|vt8|brake,IS,2.0,1e4ce86b57,"{""brake"": true, ""labels"": [""A"", ""C"", ""E"", ""PCT""], ""scheme"": ""minvar_lw"", ""vol_target"": 0.08}",0.4033,0.04117,-0.1404,11.04,4633,ef6bd10,amendment-1 G1 check
2026-10-03T11:41:12+00:00,FTE,FTE_A+C+E+PCT|minvar_lw|vt8|nobrake,IS,2.0,baadd9c853,"{""brake"": false, ""labels"": [""A"", ""C"", ""E"", ""PCT""], ""scheme"": ""minvar_lw"", ""vol_target"": 0.08}",0.4292,0.04486,-0.1475,10.98,4633,ef6bd10,amendment-1 G1 check
2026-10-03T11:41:12+00:00,FTE,FTE_A+C+E+TSMOM|minvar_lw|vt10|brake,IS,2.0,a9d16fc709,"{""brake"": true, ""labels"": [""A"", ""C"", ""E"", ""TSMOM""], ""scheme"": ""minvar_lw"", ""vol_target"": 0.1}",0.3628,0.03928,-0.1432,14.7,4633,ef6bd10,amendment-1 G1 check
2026-10-03T11:46:27+00:00,IFC,OOS_A_rebalance,OOS,1.0,acbe9d3c19,"{""bands"": null, ""bond"": ""IEF"", ""clip"": 2.0, ""cost_mult"": 1.0, ""equity"": ""SPY"", ""exec"": ""next_close"", ""extra_delay"": 0, ""hold"": null, ""min_hist"": 12, ""mode"": ""monthly"", ""obs"": -6, ""sleeve"": ""A"", ""target_vol"": 0.05, ""vol_window"": 63, ""w_equity"": 0.6, ""window"": [-4, 0]}",-0.7337,0.02681,-0.0195,16.34,501,5b62ac2,
2026-10-03T11:46:27+00:00,IFC,OOS_A_rebalance,OOS,2.0,dcba8ba481,"{""bands"": null, ""bond"": ""IEF"", ""clip"": 2.0, ""cost_mult"": 2.0, ""equity"": ""SPY"", ""exec"": ""next_close"", ""extra_delay"": 0, ""hold"": null, ""min_hist"": 12, ""mode"": ""monthly"", ""obs"": -6, ""sleeve"": ""A"", ""target_vol"": 0.05, ""vol_window"": 63, ""w_equity"": 0.6, ""window"": [-4, 0]}",-1.0055,0.02179,-0.0215,16.34,501,5b62ac2,
2026-10-03T11:46:27+00:00,IFC,OOS_B_dash,OOS,1.0,dead2e0c5d,"{""cost_mult"": 1.0, ""exec"": ""next_close"", ""extra_delay"": 0, ""k_fixed"": null, ""liq_after"": 3, ""pressure_len"": 5, ""scale"": 0.1, ""shift"": 0, ""ticker"": ""SPY"", ""vol_window"": 63}",-0.2671,0.01919,-0.14,35.92,501,5b62ac2,
2026-10-03T11:46:28+00:00,IFC,OOS_B_dash,OOS,2.0,c65d254623,"{""cost_mult"": 2.0, ""exec"": ""next_close"", ""extra_delay"": 0, ""k_fixed"": null, ""liq_after"": 3, ""pressure_len"": 5, ""scale"": 0.1, ""shift"": 0, ""ticker"": ""SPY"", ""vol_window"": 63}",-0.4234,0.00826,-0.1499,35.92,501,5b62ac2,
2026-10-03T11:46:28+00:00,IFC,OOS_C_treasury,OOS,1.0,1a151cf78a,"{""calendar"": ""ex_ante"", ""cap"": 2.0, ""cost_mult"": 1.0, ""exec"": ""next_close"", ""extra_delay"": 0, ""issuance_sizing"": true, ""median_months"": 12, ""q_clip"": [0.5, 2.0], ""scale"": 0.1, ""ticker"": ""IEF"", ""vol_window"": 63, ""window"": [-2, 0]}",-0.0919,0.03674,-0.0466,39.83,501,5b62ac2,
2026-10-03T11:46:28+00:00,IFC,OOS_C_treasury,OOS,2.0,c9db8341e6,"{""calendar"": ""ex_ante"", ""cap"": 2.0, ""cost_mult"": 2.0, ""exec"": ""next_close"", ""extra_delay"": 0, ""issuance_sizing"": true, ""median_months"": 12, ""q_clip"": [0.5, 2.0], ""scale"": 0.1, ""ticker"": ""IEF"", ""vol_window"": 63, ""window"": [-2, 0]}",-0.4548,0.02442,-0.0505,39.83,501,5b62ac2,
2026-10-03T11:46:28+00:00,IFC_EXPLORATORY,OOS_D_fx,OOS,1.0,c7e1ce9926,"{""cost_mult"": 1.0, ""exec"": ""next_close"", ""extra_lag"": 0, ""hold_end"": 0, ""hold_start"": -1, ""signal_offset"": -3, ""sleeve"": ""D_fx_hedge_rebalancing"", ""target_vol"": 0.05, ""vol_window"": 63}",0.2798,0.04712,-0.015,31.78,501,5b62ac2,
2026-10-03T11:46:29+00:00,IFC_EXPLORATORY,OOS_D_fx,OOS,2.0,3b9fbf1d3c,"{""cost_mult"": 2.0, ""exec"": ""next_close"", ""extra_lag"": 0, ""hold_end"": 0, ""hold_start"": -1, ""signal_offset"": -3, ""sleeve"": ""D_fx_hedge_rebalancing"", ""target_vol"": 0.05, ""vol_window"": 63}",-0.3734,0.03061,-0.0162,31.78,501,5b62ac2,
2026-10-03T11:46:29+00:00,IFC_EXPLORATORY,OOS_E_auction,OOS,1.0,9e83500124,"{""cap"": 2.0, ""cost_mult"": 1.0, ""exec"": ""next_close"", ""extra_delay"": 0, ""post"": [1, 4], ""pre"": [-4, 0], ""scale"": 0.1, ""ticker"": ""IEF"", ""trailing_months"": 12, ""vol_window"": 63}",-1.0576,-0.0577,-0.2368,224.88,501,5b62ac2,
2026-10-03T11:46:29+00:00,IFC_EXPLORATORY,OOS_E_auction,OOS,2.0,06764041b9,"{""cap"": 2.0, ""cost_mult"": 2.0, ""exec"": ""next_close"", ""extra_delay"": 0, ""post"": [1, 4], ""pre"": [-4, 0], ""scale"": 0.1, ""ticker"": ""IEF"", ""trailing_months"": 12, ""vol_window"": 63}",-1.7943,-0.11925,-0.3047,224.88,501,5b62ac2,
2026-10-03T11:46:30+00:00,PCT,OOS_PCT,OOS,1.0,80f6380444,"{""W"": 63, ""clip_hi"": 1.0, ""clip_lo"": -1.0, ""cost_mult"": 1.0, ""cov_window"": 252, ""exec"": ""next_open"", ""extra_delay"": 0, ""gross_cap"": 3.0, ""id_window"": 252, ""legs"": 4, ""measure"": ""R"", ""min_history"": 300, ""raw_scale"": 0.4, ""target_vol"": 0.1, ""trend_lb"": 252, ""vol_window"": 63}",0.7125,0.11903,-0.0896,31.8,501,5b62ac2,
2026-10-03T11:46:31+00:00,PCT,OOS_PCT,OOS,2.0,c3a4a2f0b9,"{""W"": 63, ""clip_hi"": 1.0, ""clip_lo"": -1.0, ""cost_mult"": 2.0, ""cov_window"": 252, ""exec"": ""next_open"", ""extra_delay"": 0, ""gross_cap"": 3.0, ""id_window"": 252, ""legs"": 4, ""measure"": ""R"", ""min_history"": 300, ""raw_scale"": 0.4, ""target_vol"": 0.1, ""trend_lb"": 252, ""vol_window"": 63}",0.6028,0.10558,-0.0911,31.8,501,5b62ac2,
2026-10-03T11:46:31+00:00,PCT,OOS_TSMOM_benchmark,OOS,1.0,72f2713d23,"{""W"": 63, ""clip_hi"": 1.0, ""clip_lo"": -1.0, ""cost_mult"": 1.0, ""cov_window"": 252, ""exec"": ""next_open"", ""extra_delay"": 0, ""gross_cap"": 3.0, ""id_window"": 252, ""legs"": 4, ""measure"": ""none"", ""min_history"": 300, ""raw_scale"": 0.4, ""target_vol"": 0.1, ""trend_lb"": 252, ""vol_window"": 63}",0.5537,0.09582,-0.121,17.41,501,5b62ac2,
2026-10-03T11:46:32+00:00,PCT,OOS_TSMOM_benchmark,OOS,2.0,502142abb4,"{""W"": 63, ""clip_hi"": 1.0, ""clip_lo"": -1.0, ""cost_mult"": 2.0, ""cov_window"": 252, ""exec"": ""next_open"", ""extra_delay"": 0, ""gross_cap"": 3.0, ""id_window"": 252, ""legs"": 4, ""measure"": ""none"", ""min_history"": 300, ""raw_scale"": 0.4, ""target_vol"": 0.1, ""trend_lb"": 252, ""vol_window"": 63}",0.4902,0.08866,-0.1242,17.41,501,5b62ac2,
2026-10-03T11:46:32+00:00,PCT,OOS_PCT_ID_variant,OOS,1.0,34add18eda,"{""W"": 63, ""clip_hi"": 1.0, ""clip_lo"": -1.0, ""cost_mult"": 1.0, ""cov_window"": 252, ""exec"": ""next_open"", ""extra_delay"": 0, ""gross_cap"": 3.0, ""id_window"": 252, ""legs"": 4, ""measure"": ""ID"", ""min_history"": 300, ""raw_scale"": 0.4, ""target_vol"": 0.1, ""trend_lb"": 252, ""vol_window"": 63}",0.4858,0.0901,-0.1276,16.07,501,5b62ac2,
2026-10-03T11:46:33+00:00,PCT,OOS_PCT_ID_variant,OOS,2.0,e29a8d7ad4,"{""W"": 63, ""clip_hi"": 1.0, ""clip_lo"": -1.0, ""cost_mult"": 2.0, ""cov_window"": 252, ""exec"": ""next_open"", ""extra_delay"": 0, ""gross_cap"": 3.0, ""id_window"": 252, ""legs"": 4, ""measure"": ""ID"", ""min_history"": 300, ""raw_scale"": 0.4, ""target_vol"": 0.1, ""trend_lb"": 252, ""vol_window"": 63}",0.4287,0.08341,-0.131,16.07,501,5b62ac2,
2026-10-03T11:46:33+00:00,IFC,OOS_IFC_composite,OOS,1.0,32ce00f210,"{""bond"": ""IEF"", ""cost_mult"": 1.0, ""equity"": ""SPY"", ""exec"": ""next_close""}",-0.3137,0.01549,-0.0867,100.56,501,5b62ac2,
2026-10-03T11:46:33+00:00,IFC,OOS_IFC_composite,OOS,2.0,ad39ab37f2,"{""bond"": ""IEF"", ""cost_mult"": 2.0, ""equity"": ""SPY"", ""exec"": ""next_close""}",-0.743,-0.01472,-0.1045,100.56,501,5b62ac2,
2026-10-03T11:46:34+00:00,IFC_F,OOS_IFC_F_composite,OOS,1.0,f34c51a19c,"{""bond"": ""ZN16"", ""cost_mult"": 1.0, ""equity"": ""ES16"", ""exec"": ""next_close""}",0.0053,0.03848,-0.0704,128.75,501,5b62ac2,
2026-10-03T11:46:34+00:00,IFC_F,OOS_IFC_F_composite,OOS,2.0,d24aed2882,"{""bond"": ""ZN16"", ""cost_mult"": 2.0, ""equity"": ""ES16"", ""exec"": ""next_close""}",-0.1891,0.0252,-0.0781,128.75,501,5b62ac2,
2026-10-03T11:46:35+00:00,PCT_F,OOS_PCTF_base,OOS,1.0,dd569f5acb,"{""cost_mult"": 1.0, ""exec"": ""next_close"", ""universe"": ""futures20""}",-0.1029,0.02792,-0.1029,59.13,501,5b62ac2,
2026-10-03T11:46:35+00:00,PCT_F,OOS_PCTF_tsmom_benchmark,OOS,1.0,140f1c5938,"{""cost_mult"": 1.0, ""exec"": ""next_close"", ""measure"": ""none"", ""universe"": ""futures20""}",0.14,0.04844,-0.097,45.8,501,5b62ac2,
2026-10-03T11:46:36+00:00,PCT_F,OOS_PCTF_id_variant,OOS,1.0,2fe3291e0d,"{""cost_mult"": 1.0, ""exec"": ""next_close"", ""measure"": ""ID"", ""universe"": ""futures20""}",0.0598,0.04202,-0.0908,47.41,501,5b62ac2,
2026-10-03T11:46:39+00:00,FTE,OOS_FTE_A+C+TSMOM|minvar_lw|vt8|nobrake,OOS,1.0,43bbf4e1b4,"{""brake"": false, ""labels"": [""A"", ""C"", ""TSMOM""], ""scheme"": ""minvar_lw"", ""vol_target"": 0.08}",-0.1215,0.02986,-0.0867,12.95,501,5b62ac2,OOS evaluation of the selected configuration
2026-10-03T11:46:42+00:00,FTE,OOS_FTE_A+C+TSMOM|minvar_lw|vt8|nobrake,OOS,2.0,43bbf4e1b4,"{""brake"": false, ""labels"": [""A"", ""C"", ""TSMOM""], ""scheme"": ""minvar_lw"", ""vol_target"": 0.08}",-0.6132,-0.00337,-0.1046,12.51,501,5b62ac2,OOS evaluation of the selected configuration
